"DATEOFBIRTH","LOCATION","MICROCHIPNUMBER","NAME","RECORDEDDATE","SEX","SPECIFICNEEDS","TEXT","URLNAME","WHATWEHAVENOTICED"
"2019-02-01","Western Sydney (Londonderry)","956000006676127","Daniel","2025-01-15","MALE","","If you're looking for a dog who's always up for fun, Daniel is your guy! This playful pup is a total toy & water lover, and nothing makes him happier than splashing around in his shell pool or jumping in the air for toys! While he’s great inside and can handle stairs like a champ, he’s got the kind of energy that thrives in a space where he can really run and play. A small yard with daily walkies, or a backyard would be a perfect fit. He would do well with respectful children with big dog experience who enjoy a playful canine companion, or a likeminded medium-large dog if you already have one. Daniel is a social butterfly who loves people. When it comes to alone time, Daniel prefers to be indoors and can be left for full-time hours – though when outside, he would thrive with enrichment and things to do. If you’re ready for a splash of fun, Daniel is the perfect playmate to brighten your life! Daniel is available from the Western Sydney adoption centre.","daniel-1",""
"2021-04-01","Western Sydney (Londonderry)","956000012226694","Turbo","2025-01-15","MALE","","Despite the high energy name, Turbo is incredibly polite and gentle when it comes to people & other dogs & is always respectful! He’s all about manners and will leave you impressed with how well he interacts with both humans and other greyhounds. He’s small dog friendly & passed his testing with flying colours! Turbo is quick to learn and takes training in stride, making him a highly trainable and adaptable companion. While he’d love to be an inside dog, indoor outdoor access to a backyard or small outdoor space (eg courtyard) where he can stretch his legs and avoid any accidents, would suit him best. Turbo is a polite young man who can't wait to meet you. He's available from the Western Sydney adoption centre.","turbo-7",""
"2020-12-01","Western Sydney (Londonderry)","956000012972802","Sapphire","2025-01-15","FEMALE","","Like her gemstone namesake, Sapphire is a radiant treasure, full of fun, ready to share this with her new family. Though not yet a treat-obsessed pup, she’ll still steal your heart with her joyful, wagging greetings, always showing a glimmer of affection as she interacts with those around her. She would suit a home with respectful children with dog experience who enjoy a lively natured canine companion. Sapphire shines in indoor settings, making her an ideal gem for apartment living. She's comfortable with full-time indoor hours and gracefully handles stairs, showing off her refined agility. Sapphire is open to sharing her space with other greyhounds, though her high-energy personality may be a bit too much for some to handle. If you're looking for a precious companion who’s as lively and radiant as a gemstone, Sapphire might be the perfect gem to add to your home!","sapphire-4",""
"2020-12-01","Western Sydney (Londonderry)","956000011578796","Rolly","2025-01-15","MALE","","Are you looking for an extremely affectionate boy to lean on you and join you on all of lifes adventures? Look no further than Rolly. Rolly would suit a home with a few hours alone per day, he settles well on his own and would do best in a backyard on the quieter side. He is suitable to live with other dogs and children as he has experience around both. We're sure his puppy dog eyes and his smiling face will brighten your day! Rolly is available from the Western Sydney adoption centre!","rolly",""
"2019-10-01","Central West (Bathurst/Dubbo/Coonabarabran)","956000007836854","Selena","2025-01-15","FEMALE","","Selena is just a little lady still learning about the world & new people. Selena can come across as a little shy, weary & unsure at first but in time, as she gets to know you, she'll open up & become a very loyal & loving companion. Selena needs to find her perfect home. A quiet family with the time & patience she needs to grow.","selena",""
"2019-02-01","Central West (Bathurst/Dubbo/Coonabarabran)","956000006809611","Chandler","2025-01-15","MALE","","Meet sweet & beautiful Chandler... Chandler is a gentle and polite male greyhound with a calm and relaxed demeanor. He’s a sweetheart who greets everyone warmly and enjoys a good snuggle, especially after a sunbath. Chandler has been around older kids and medium-sized dogs, and he gets along well with both. He’s also a joy to walk on a lead, making him the perfect companion for leisurely strolls. Whether lounging in the sun or curled up for some quiet time, Chandler is sure to bring a sense of calm and affection to any home.","chandler-2",""
"2023-04-01","Southern NSW/ACT (Bulli, Nowra, Goulburn, Canberra)","956000014889409","Bear","2025-01-15","MALE","","Bear is still a pup. He is vibrant young hound with energy to play and go for walks. He is a good age to mould into the hound that fits into your lifestyle. An active lifestyle would be a good outcome for this youngster.","bear-16",""
"2023-04-01","Southern NSW/ACT (Bulli, Nowra, Goulburn, Canberra)","956000014886058","Angel","2025-01-15","FEMALE","","Angel is a stunning young hound. She is good on the lead, likes to play and loves affection. She is a sweet girl who can be left alone and does adore company.","angel-6",""
"2022-05-01","Southern NSW/ACT (Bulli, Nowra, Goulburn, Canberra)","956000011364293","Curly","2025-01-15","MALE","","Curly is a handsome young hound. He is very confident and social. He gets on well with everyone, he is great on the lead, a good traveller and great company. He is looking for a new best friend.","curly-3",""
"2022-03-01","Southern NSW/ACT (Bulli, Nowra, Goulburn, Canberra)","956000011345985","Maggie","2025-01-15","FEMALE","","Maggie is a lovely hound who is great on the lead, has no problems with stairs and is social and happy around random dogs she meets. She relaxes easy on her own and would suit most homes.","maggie-14",""
"2022-03-01","Southern NSW/ACT (Bulli, Nowra, Goulburn, Canberra)","956000011306048","Kiah","2025-01-15","FEMALE","","Kiah is a quirky girl who is very funny, she will chase the ball and play and wants to be around you while your around. She will then like to crash out and be lazy afterwards. She would suit most lifestyles. She is very social and friendly.","kiah",""
"2022-03-01","Southern NSW/ACT (Bulli, Nowra, Goulburn, Canberra)","956000011347526","Maddie","2025-01-15","FEMALE","","This stunning girl is very playful and polite. She is a confident young hound who is very social and lovely to be around.","maddie-2",""
"2016-08-01","Hunter Valley (Maitland/ Muswellbrook/Newcastle/Forster)","956000005414015","Muffin","2025-01-15","FEMALE","","Meet Muffin, Our Sweet-Pea! Muffin is a gentle soul with a calm, easy-going nature. She’s incredibly responsive to her people and loves to be around them. Having had two litters in the past, Muffin is now ready to find her forever home where she can be the center of attention as an only dog. Throughout her life, Muffin has been around various breeds, including sausage dogs. While she’s comfortable with other dogs, we believe she would thrive best as the only dog in her new home, where she can soak up all the love and affection. Muffin has also met a cat and is considered cat-workable. A meet and greet with any potential feline friends would be beneficial to ensure a smooth transition.","muffin-2",""
"2021-06-01","Western Sydney (Londonderry)","956000013020640","Squirt","2025-01-15","FEMALE","","Adorable little girl Squirt is looking for a loving home! Young Squirt is a bit of shy girl who would benefit most from a quiet and relaxed home willing to take new things nice and slow as she adjusts to the wonders of pet life. With a bit of time and patience you will see Squirt’s super sweet personality start to come out and she will wiggle in close to you for a pat and a treat. You might even get to experience her hilarious playful zoomies! Squirt would love a backyard to chill out in and wouldn’t mind at all if her new humans are full-time workers. She absolutely loves other medium/large dogs and would gladly share her new home with one. In fact, we have noticed Squirt finds a lot of confidence having a canine friend to lead the way! Could you be Squirt’s special someone? She is available for foster or adoption at our Western Sydney adoption centre! *Squirt is on daily medication – ask staff for more info!","squirt-3",""
"2020-01-01","Western Sydney (Londonderry)","956000007845741","Noel","2025-01-15","MALE","","Christmas has come early and boy do we have the best gift for you! Introducing the always merry and bright Noel! Noel is a sweet and gentle boy suited to those looking for a calm natured companion. He is a low maintenance guy who is quite happy to chill at home during the day while his human parents are at work. He is friendly with other medium/large dogs and would gladly share his new home with another calm doggy friend. Noel would do best in a quieter home without young kids, but older kids/teens that respect his space are suitable. Noel has lovely lead manners and would be happy to join you on a daily stroll. The key to his heart is food! He loves his treaties making him easy to train and entertain with enrichment games. So jump on in your sleigh and come on down to the Western Sydney adoption centre to meet Noel!","noel-1",""
"2022-06-01","Western Sydney (Londonderry)","956000011346732","Reggie","2025-01-15","MALE","","Well well well who is this handsome young lad? Introducing GAP’s newest heartthrob Reggie! Not only is he supremely handsome, Reggie also has a fantastic personality to match! Reggie is a friendly and affectionate boy with a goofy and playful nature that will have you in stitches. He just loves to chase his toys around with limbs flailing around hilariously! Reggie is happy to entertain himself during the day in the backyard and is suitable for full-time working household. He would gladly share his new home with another tolerant canine companion and older kids or teens are also suitable. Reggie has shown potential to socialise with or live with smaller dogs and cats and could suit a home willing to slowly introduce him to smaller pets. So if Reggie is your man, come on down and meet him! He is available now from our Western Sydney adoption centre.","reggie-6",""
"2021-09-01","Western Sydney (Londonderry)","956000012864842","Carrie","2025-01-15","FEMALE","","3-year-old Carrie is just the cutest little thing! This adorable and tiny girl can be a little shy at first when meeting new people or going new places, but with time and patience her sweet and playful nature will come out and delight you! Carrie would best suit a quieter home with people willing to take new things slow as she adjusts. Carrie is happy to spend a few hours alone during the day, or even longer if she had another dog of any size to keep her company while you’re gone. Carrie enjoys spending time indoors and has been learning to walk up and down stiars, making her suitable for unit/apartment living. If sweet little Carrie sounds like the perfect match for you, submit your application to adopt her today!","carrie-1",""
"2018-03-01","Western Sydney (Londonderry)","956000009596412","Chino","2025-01-15","MALE","","Order up! We have one tall and fluffy Chino with extra added sweetness ready to go! Chino is looking for a quiet home where he can enjoy a calm and relaxing retirement. He has a gentle nature and only has a caffeinated playful moment here and there when the feeling strikes him. He has a very affectionate nature and loves to lean right into you to get maximum pats! Chino is friendly with dogs of all sizes and would happily share his new home with a canine companion. If he is going to be the only pet in the home, part-time workers are suitable, but with a doggy friend to hang out with longer hours alone are fine. Chino’s relaxed nature makes him suitable for respectful kids as long as he has his own space as well when he needs a break. If you think Chino and your family will be the perfect blend, apply online today to adopt!","chino",""
"2020-11-01","Western Sydney (Londonderry)","956000010911791","Milly","2025-01-15","FEMALE","","Super adorable tiny girl Milly is looking for her forever home! She may be small in size but this sweet and affectionate girl has a big heart with lots of love to give! Milly loves her people but doesn’t mind having a relaxing time at home snoozing the day away while full-time workers are away. As long as she gets lots of loving and some play time when you get home! Milly would gladly share her new home with older, respectful kids and/or another medium/large dog companion. Milly also loves spending time indoors and would be suitable for those living in an apartment as well. Milly walks beautifully on the lead and would love to get you out and about for a daily walk around the block. We have a feeling this little cutie won’t be sticking around long, so submit your application to adopt Milly today!","milly-8",""
"2020-07-01","Western Sydney (Londonderry)","956000011766314","Magic","2025-01-15","MALE","","ABRACADABRA! Uh oh… looks like Magic has put a spell on you! This enchanting young boy has a super affectionate and loving nature and would make a great family pet! His friendly nature makes him a good match for home with kids provided he has his own space to retreat to when he needs a break. Magic is suitable for full-time hours alone and would be more than happy to share his new home with a feline or dog of any size if you happen to already have one at home. Magic enjoys spending time indoors and has been mastering the stairs here at GAP HQ, so he would be suitable for apartment living as well. What kind of trickery is this – this boy can’t be this amazing! Magic can’t wait to perform his greatest trick of all time – disappearing from the adoption centre and reappearing on your lounge!","magic-3",""
"2019-12-01","Western Sydney (Londonderry)","956000011639422","Otto","2025-01-15","MALE","","Super sweet and gentle blue boy Otto will steal your heart! This adorable boy has a relaxed nature and would suit a variety of different homes. He is friendly and social with dogs of sizes, is suitable for respectful kids and would be happy to live with full-time workers. Otto loves spending time inside and would also be suitable for apartment living. Otto loves a daily stroll around the block and walks beautifully on the lead. He has been learning lots of pet skills at the GAP adoption centre and we have found that he absolutely loves his treaties making him highly trainable. If you think Otto would be the perfect addition to you family, apply online to adopt him today!","otto-2",""
"2019-05-01","Western Sydney (Londonderry)","956000006169538","Bonnie","2025-01-15","FEMALE","","Meet Bonnie – Your perfect couch companion! Bonnie is a sweet and social 5-year-old greyhound girl who gets along wonderfully with medium to large dogs but is equally happy as the only dog in the home. Bonnie is calm, cuddly, and a total dream indoors – perfect for lounging and snuggling. She’s great on leash, knows her way around stairs, and is apartment-friendly, making her an excellent fit for urban living. Suited to full-time workers and respectful children, Bonnie is the ideal low-maintenance addition to a loving home.","bonnie-4",""
"2018-11-01","Western Sydney (Londonderry)","956000006671432","Ivy","2025-01-15","FEMALE","","Leave it to Ivy to brighten your day, you won’t go wrong with this beauty! Her ideal home is going to be one where her family aren't out all of the day, where someone can be home to pamper her. Ivy would do well in a fully fenced townhouse or backyard, where she can relax during the days and would love a quiet home with less hustle and bustle to disturb this beautiful girl. She is an active girl and would enjoy spending time playing in the yard. Ivy will excel in a home where she is the only pet so she can soak up all the love you can give! If you're interested in Ivy, contact GAP Londonderry or fill out an application to meet her today!","ivy-3",""
"2018-08-01","Western Sydney (Londonderry)","956000006802659","Chicken","2025-01-15","FEMALE","","This little chicken is ready to find her forever family! She gets along well with other dogs, big or small, as long as they’re calm and friendly – just like her! Chicken is the perfect indoor companion – she settles beautifully and is happy to relax while her humans are at work full-time. But when you’re home, she’ll shower you with love and even paw at you for extra cuddles! She’s a dream on the leash, walking calmly by your side, and her love for treats makes her a joy to train. If you’re looking for a loving, low-maintenance companion who adores snuggles, Chicken is the one for you!","chicken-1",""
"2015-12-01","Western Sydney (Londonderry)","956000004389767","Lemon","2025-01-15","FEMALE","","Meet Lemon! Lemon is a sweet and gentle 9-year-old Greyhound who’s ready to steal your heart. She’s affectionate, laid-back, and loves lounging around the house, making her perfect for a relaxed lifestyle. Lemon is apartment-friendly and content spending time alone, but she’ll happily soak up all the love when you’re around. She’s great with dogs of all sizes and is suitable for respectful children who understand her calm nature. Due to her age, she’d do best in a home without too many stairs. If you’re looking for a quiet, loving companion to share your days, Lemon is the perfect match!","lemon-3",""
"2020-04-01","Western Sydney (Londonderry)","956000007467573","Sting","2025-01-15","MALE","","Get ready to feel the Sting of love from this handsome boy! With his confident personality and loving nature, Sting is ready to take on the world, whether it’s playing in the backyard or having a cuddle session. Sting would thrive with an owner who can match his energy and provide plenty of love and attention. He would be open to sharing his new home with another furry friend, pending a meet & greet with the GAP team. He also has the potential to work up to longer hours alone, but would like he family or another furry companion with him to help settle in the early stages. If you’re looking to welcome a dog who’s full of personality and ready to make your life even more exciting, Sting might be the one for you!","sting",""
"2022-06-01","Western Sydney (Londonderry)","956000011301914","Ben","2025-01-15","MALE","","Meet Ben, a gentle boy who’s looking for a loving and understanding family. Ben is still learning how to be the best pet he can be but with some time and trust, he’ll reveal his sweet and affectionate nature. He’s the perfect companion for those who enjoy quiet moments and are happy to be a home more often than not in the early stages. If you’re ready to offer this thoughtful, loving dog the home he needs, Ben will reward you with a bond that’s as deep as it is special.","ben-11",""
"2019-03-01","Western Sydney (Londonderry)","956000006671404","Tiger","2025-01-15","FEMALE","","Roaring into your heart, one paw at a time! Tiger is ready to bring excitement and joy to your life. While he may need some time to adjust, once he feels at home, Tiger will become your best companion. Scar would love a courtyard or backyard to laze around and have the occasional play in. He could suit a home with another medium/large breed dog if they can respect his more reserved nature. If you're looking for a sweet and affectionate friend, Tiger is waiting to meet you. Can you be the one to give this sweet boy the home he deserves?","tiger-11",""
"2019-03-01","Western Sydney (Londonderry)","956000006671331","Scar","2025-01-15","MALE","","Don’t let his name fool you, Scar is a softie at heart. Though he may take a little time to warm up, once he feels comfortable, Scar’s friendly and affectionate nature will shine through. Scar would thrive in a calm environment with a family who can work with him to learn how to be the best furry companion he could be. Scar is open to sharing his home with another medium/large furry friend - pending a meet & greet at our Londonderry site. With some patience and training he also has potential to be able to be built up to spending longer periods of time alone. If you’re ready to give him the time and care he needs, Scar will reward you with loyalty and love.","scar-2",""
"2017-11-01","Western Sydney (Londonderry)","956000005577982","Benji","2025-01-15","MALE","","Meet Benji, a sweet and excitable boy who’s looking for his perfect forever home! Despite Benji nearing his senior years, he'll still win your heart over with his playful antics and would love a home with a courtyard or backyard to spend his time playing and sunbaking in. Benji has been around children of all ages in his previous home and could do well in a household with experienced children who can appreciate his enthusiastic nature. If you're ready to welcome a loving, loyal friend into your life, Benji can’t wait to meet you and be a part of your family!","benji-10",""
"2021-05-01","Southern NSW/ACT (Bulli, Nowra, Goulburn, Canberra)","956000007470004","Charlie","2025-01-15","MALE","","Charlie is a playful energetic boy. He is very friendly and likes to play and be around people. He is very friendly with kids of all ages he could possilby get clumsy with little kids since he thinks he is a small dog.","charlie-12",""
"2021-05-01","Southern NSW/ACT (Bulli, Nowra, Goulburn, Canberra)","956000007438643","Banjo","2025-01-15","MALE","","Banjo is a sweet boy who is very relaxed and comfortable. He does like to play, go for walks and enjoys a swim. He would suit multiple homes since he is so laid back and relaxed.","banjo-6",""
"2022-06-01","Southern NSW/ACT (Bulli, Nowra, Goulburn, Canberra)","956000011329837","Jax","2025-01-15","MALE","","Jax is a fun young hound who likes to play go for walks and enjoys a good rest afterwards. He lives in a suburban backyard and is conditioned to being left alone during full time work hours. He comes when called and enjoys a walk.","jax-3",""
"2021-02-01","Western Sydney (Londonderry)","956000012790650","Macca","2025-01-15","MALE","","Macca is a gentle boy with a heart full of love that he is ready to share with his new family! He enjoys quiet moments and would love a peaceful environment with a yard where he can unwind, but don’t be fooled—he still enjoys his occasional zoomies! He would do well in a home who can appreciate his shy nature and work on building his confidence so he can be the best pet he can be. If you’re looking for a calm, loving, and loyal companion, Macca is eager to meet you.","macca-2",""
"2020-03-01","Western Sydney (Londonderry)","956000007467919","Rusty (Western Sydney)","2025-01-15","MALE","","Meet Rusty, a lovable and energetic boy who is ready to find his forever home! Rusty is a friendly companion who has had a brief introduction to pet life in his previous home - spending some time indoors, being taken on public walks and also meeting new people, including children! His warm, golden fur is as soft as his heart, and he’ll quickly become your new best friend and would do well in a home where he can get plenty of attention, exercise, and affection. If you're looking for a dog who will bring joy to your life, Rusty might be the perfect fit. Come meet him today—he can’t wait to share his love with you!","rusty-western-sydney",""
"2020-02-01","Riverina (Wagga, Temora, Gundagai, Griffith)","956000007839957","Goose","2025-01-15","MALE","","Goose is, well, just a big goose! Only 32 kg but as gentle as a giant and loves attention. He likes to wander around the sheds with his owner and visits the farm border collie who he loves to play with. He's a good traveller, no house experience, but was walked in town as a puppy. He pulls on the lead a little now as he's used to pottering about, a true farm greyhound used to farm animals and noises but still deserves a chance of finding that comfy couch or spot in the garden. He his friendly and happy to meet new people with a wag of his tail, loves a swim in the dam and loves his toys. He has been around kids 10+, and when you're not around to follow about, he is happy to amuse himself throwing his toys up in the air, especially his beloved soccer ball. Goose is a gentle, happy-go-lucky boy who would make a wonderful, loyal and easygoing companion. Goose doesn't bark, except occasionally as a reminder for a bit of attention if you've stopped patting or when its dinner time! He lost 2 toes on his back left foot due to an injury as a puppy, which doesn't bother him, otherwise a healthy lad who has so much love to give. 💙","goose-3",""
"2021-12-01","Riverina (Wagga, Temora, Gundagai, Griffith)","956000007429511","Gus","2025-01-15","MALE","","Gus the Gentle Giant is just a big (40kg), happy, friendly, placid boy. He will walk beside you and potter around with you when you are home. He can walk up the stairs to the verandah where he lies but hasn't lived inside. Gus is social with other people and is good with the 2-year-old and 4-year-old grandsons who visit. He is used to garden noises, lawn mower, whipper snipper, and is not worried about storms. Gus loves a bit of a run, doing a few zoomies and a play in the backyard but is essentially pretty chill and lazy! He doesn't bark at dogs (kelpies) running past the fence but has not been around any small dogs or cats. He is fine being on his own for the day after his morning 'run' and doesn't need a daily walk if he has a decent backyard for exercise. Big Gus would be a lovely gentle boy for companionship, love and easy care with his lovely temperament.","gus-9",""
"2021-04-01","Western Sydney (Londonderry)","956000014518710","Brayden","2025-01-15","MALE","","*Brayden is currently living his best life in a foster home - Reach out to GAP for further information* Brayden is a super affectionate and adorable boy who is ready to find his forever home! He is currently enjoying his time living in a foster home where he is learning all about pet life and proving what an amazing boy he is! He spends his time hanging around with their 3 cats and has meet a few new doggie friends too - Including a Chihuahua, Poodle and Staffy! He loves going on his walks and spending time playing in the backyard, but is also happy to chill inside on his bed and is prepared to receive lots of back, neck and chin scratches when his family return home. This friendly boy would be a great addition to a busy household and families with respectful kids who can appreciate Brayden's playful nature. If Brayden sounds like the perfect dog for you, please reach out to the team at Western Sydney to enquire about meeting him now!","brayden",""
"2020-11-01","Western Sydney (Londonderry)","956000007357962","Kitty","2025-01-15","FEMALE","","Kitty might not be a cat, but she’s got the purrfect personality to win over anyone’s heart! Kitty would do well in a calm household who will enjoy building her confidence and watching her playful side show more and more as she becomes more comfortable! She would enjoy a small backyard or courtyard that she can spend time soaking up the sun and having playful moments with her family. This affectionate girl would prefer a home where her family are only gone for a few hours a day, but could possibly be worked up to being home alone for longer hours overtime in the right environment! She wouldn't mind living with older children who can appreciate her friendly nature and she would love to be your only dog so she can soak up all the love you can give, all to herself! Kitty is however open to sharing her new home with a cat friend, providing some on going management is put in place. Reach out to the team at Western Sydney today if you'd like to find out more about our sweet girl Kitty.","kitty-3",""
"2019-12-01","Western Sydney (Londonderry)","956000007464856","Blaze","2025-01-15","MALE","","If you're looking for a sweet and loving boy than look no further than our lovely Blaze! Blaze is a calm and gentle boy who walks beautifully on the lead. He is quite confident with people and enjoys attention getting lots pats and scratches. Blaze can settle on his own for only a couple of hours at a time and would prefer a home where his family are home most of the time. A home with a backyard would be best for Blaze to nap and play in. Blaze has not had experience around children but we think he would be okay with older, respectful children. Blaze is a gorgeous dog and will make the best pet! If you think Blaze sounds like the right dog for you then apply to adopt him today!","blaze-4",""
"2021-12-01","Southern NSW/ACT (Bulli, Nowra, Goulburn, Canberra)","956000007425736","Spot","2025-01-15","FEMALE","","Spot is a lovely girl, she is used to living in the back yard of an urban area and is comfortable on the lead in busy areas. Spot is a well balanced hound who would suit most environments.","spot-5",""
"2019-10-01","Riverina (Wagga, Temora, Gundagai, Griffith)","956000007833564","Dally","2025-01-15","MALE","","Dally is a sweet, loving gorgeous big boy! At 38kg he is a big hunk of love who loves poeple and just wants to be around you. He spends time in the office and loves spending time with the staff and going for walks with them in the yard. Dally is great with other dogs, especially the many retired greyhounds he lives with, and more so with big dogs than little one or cats. He would be more suited to being around older children due to his size, but he wouldn't hurt a fly, just a big friendly stickybeak! This laid-back dude would suit anyone wanting a 'happy chappy' and a friend for life. What a super boy, big teddy bear cuddle-bug! 🥰","dally",""
"2019-02-01","Western Sydney (Londonderry)","956000006812015","Matey","2025-01-15","MALE","","Ahoy Matey! Matey is the finest gem of them all! With his pretty blue coat, floppy ears and happy go lucky energy, this Matey is a bounty of charm waiting to be adopted! Matey has spent some time in a foster care home and we have learnt he loves spending time with his family and going for a quiet sniffari around the block! He is a super outgoing boy who just loves everyone he meets, especially if you have some yummy treats or play a game of fetch with him! Matey is an enthusiastic and fun-loving boy making him suitable for those wanting a playful companion and would do best in a home without young kids or other pets. Matey suits part-time or full-time workers provided he lives in a quiet area with opaque fencing so he can just relax and snooze the day away in the backyard. Get ready to meet your new best Matey! This handsome boy is available now from our Western Sydney adoption centre.","matey-2",""
"2022-07-01","Western Sydney (Londonderry)","956000015731857","Becky","2025-01-15","FEMALE","","Becky is a fun loving young girl who LOVES snuggles! Despite Becky's fun loving & enthusiastic energy, she still has a lot to learn! Becky doesn't realise she's not a lap dog, and will get right in there for a cuddle! She is still learning her social skills with other dogs and would benefit from further training to learn to be calm and polite around other dogs. We know she definitely means well, though! Maybe too friendly! She needs a home who will give her lots of cuddles and be home more often than not as she thrives on human company. Maybe you work from home and need a snuggle buddy. She has learnt a lot here at the centre on top of growing her confidence and manners. She has even learnt her name/recall, and what the word yes and bed means! Becky would suit respectful children and a house with a yard. Becky is available from the Western Sydney adoption centre.","becky-6",""
"2021-11-01","Western Sydney (Londonderry)","956000013022194","Kirby","2025-01-15","MALE","","Meet Kirby! The most handsomest, loveliest, adorablest boy at GAP headquarters! I've had pet experience in my foster home earlier this year! I was an excellent house guest however we discovered I really love my food. The amazing trainers here at GAP have been working on my sharing, so my new home can continue this training with their help. Fun games like ""leave it"" (which I'm getting really good at by the way!) are doing wonders in my progress! Running around and playing in the sun is the best thing ever, and I would love my new fur-ever home to have a backyard, even if I am sharing it with a medium to large doggy friend. I'm super sweet and affectionate, who just can't wait to shower you with love. I love exploring new places and my friends say I walk very well on lead, (I think they call it ""heel""). Not to brag, but I really am a true genius, mastering commands like ""down"", ""stay"", ""shake"", ""crate"", ""leave it"", ""heel"", and—drumroll, please—the legendary greyhound sit! If you’re looking for a smart, lovable, and easygoing companion, Kirby is ready to be your loyal best friend.","kirby",""
"2021-02-01","Western Sydney (Londonderry)","956000011564427","Captain","2025-01-15","MALE","","A’hoy, Captain! Captain ready and waiting for his future home and family, could you be that lucky person?! He is searching through his spyglass in all of the seas, but we think maybe a home on the land would be better. A backyard, a bed, lots of toys and possibly a medium-large canine friend would do him just fine. He gets on well with the other hounds here at GAP and would love to spend his new life hanging out with some new friends. As well as some treats, yummy meals and walkies would make him so happy. Due to his excitable yet gentle nature, Captain will suit a home with children as long as they are respectful and know when to give him some space if he needs it. He's also spent time around kids 7+. If you’re looking for the perfect family pet, one to make you laugh and show you love, one to play in the yard with during the day and chill with you at night, we think Captain is ready to dock, and if this could be in your yard, let us know. He is available at the Western Sydney adoption centre.","captain-3",""
"2021-02-01","Western Sydney (Londonderry)","956000007465951","Midas","2025-01-15","MALE","","Gentle, calm and a lovely walking companion, Midas will add the glitz and gold to your life. Midas is an affectionate and gentle boy, who shines with attention and love. He would prefer his family around more this summer as he settles in, and with further training could be left for longer hours. Everything he touches will turn to gold...he is a friendly and calm boy looking for a family with or without children to love him forever! Midas is available from the Western Sydney adoption centre.","midas",""
"2022-11-01","Riverina (Wagga, Temora, Gundagai, Griffith)","956000014915431","Queeny","2025-01-15","FEMALE","","The search for your Queen is over. Queeny is an energetic, very lovable young girl who gets excited over everything! She loves life! Being such a friendly girl she would be a great addition for a young couple or family with older kids on her own or with another greyhound or medium to large dog. She just wants to be part of your life, be a sticky beak, play, get attention and have fun. She can also settle down and have a rest when needed. She has been around a lot of people coming and going in an office environment, noises don't worry her, and she is used to a large yard to wander around and play, then sleep inside with other retired greys during the day or in her own indoor kennel. She is used to walking on lead, loves pats and is well-behaved when given love and attention. She would adore a new home to settle into with her own special people. 🥰","queeny",""
"2021-02-01","Western Sydney (Londonderry)","956000007374912","Billson","2025-01-15","MALE","","Bubbly, effervescent and a perfect accompaniment for your life (not only this summer!), Billson is a sweet and joyful hound. He has been around children of all ages and would suit a home with respectful children. A low small dog population is the best fit for Billson as he needs to learn and have more training around them. Upbeat and fun, Billson would suit many home types. He's an energetic lad with some energy to fizz away, so a home with the family members around more often than not would be the best fit for Billson. Grab a slab and join Billson this summer! He is available from the Western Sydney adoption centre.","billson",""
"2017-12-01","Western Sydney (Londonderry)","956000009590141","Jimbo","2025-01-15","MALE","","Jimbo is a polite, happy and laid back boy best described as chilled out and relaxed. As he is entering his senior years he has a wonderful calm energy. Gorgeous inside and out, this boy is so sweet! He has spent time around other greyhounds, and children, and would suit many home types. He's what greyhound people call a ""leaner""! He will lean on you for pats! Jimbo would prefer his family around more often than not while he settles in, and a home with a medium to large doggie friend would see him settle for longer hours. Jimbo is available from the Western Sydney adoption centre.","jimbo-1",""
"2021-05-01","Western Sydney (Londonderry)","956000014514144","Teddy","2025-01-15","MALE","","Say hello to our fuzzy little Teddy bear! This adorable boy is the sweetest little guy ever! Teddy is a very friendly and social boy who is calm on the lead, snuggly and friendly with other grey's and even polite with smaller dogs on walkies. Teddy is great with other medium/large sized dogs and would happily join a family who already has one and spend the day with them while his humans are out. As a single dog, Teddy will need someone around more often than not to keep him company. Older, respectful kids are suitable for Teddy and would enjoy his goofy playfulness! So come and cuddle our little Teddy today! He is available from our Western Sydney adoption centre.","teddy-7",""
"2021-12-01","Western Sydney (Londonderry)","956000012918244","Trevor","2025-01-15","MALE","","Fun, playful, happy and engaging boy Trevor is a sweet friendly boy ready to find a family to call his own. Trevor loves all things fun - treats and toys and good times! Trevor would suit a home with older children who love a bit of playtime, or a family who would let him join all of life's fun activities. Trevor is still learning to be around smaller breeds of dogs and further training would see him thrive into a polite gentleman we know he can be! Trevor currently lives amongst other greyhounds and would enjoy a home with another dog but in lieu of a canine companion, shorter hours alone or workers from home and some mental stimulation while you're out would see Trevor settle right in. Trevor is available from the Western Sydney adoption centre.","trevor-2",""
"2019-09-01","Western Sydney (Londonderry)","956000007844503","Cosmic","2025-01-15","MALE","","Cosmic is a VERY gentle and sweet boy with a super calm nature. He will be gentle with all people he meets and even gently picks up toys to carry around. He would prefer a quiet neighbourhood and someone to show him how to become the best pet he can be as he can be nervous in new environments but is gentle and calm around new people and dogs. He has picked up quickly that other greyhounds and even small dogs are friends! More exposure to other dogs would make Cosmic more confident and he would thrive in a multi-dog home as he already enjoys living with a greyhound. Without a doggie companion we think shorter hours alone would suit him however longer stints with a dog pal would see Cosmic settle right in! Cosmic is available from the Western Sydney adoption centre.","cosmic",""
"2020-03-01","Western Sydney (Londonderry)","956000007843245","Panini","2025-01-15","FEMALE","","The perfect panini consists of: a sprinkle of goofiness, a slice of zoomies and a handful of smooches! Panini is ready to join her family on picnics and adventures. This bubbly girl is a super friendly, excited dog with a happy, positive outlook on life. She's interested in all things fun - toys, treats and playtime. If she was to live with another dog or children they would need to tolerate her bubbly nature so we recommend M-L dogs and kids with big dog experience. A backyard for exploring is a bonus, as she loves playing and having fun! She could live in an apartment if she had a fun and stimulating social life! Panini's ideal forever home is one where her family are home more often, so she can receive the love and attention she craves. Panini is ready to pick up and takeaway from our Western Sydney adoption centre!","panini-1",""
"2021-08-01","","956000012866851","Raffa","2025-01-15","MALE","","This bundle of joy loves human interaction and adventure. Raffa loves to run around his big yard area and shows you how fast he can be. Raffa gets very excited for the first five minutes you meet him before settling down. After getting his morning energy out and jumping around Raffa settles down and loves to lay in the sun. Raffa is fine around older kids and would make a great pet for a family with a big yard or a young couple who are fit and active.","raffa",""
"2021-01-01","Hunter Valley (Maitland/ Muswellbrook/Newcastle/Forster)","956000013078465","Missy","2025-01-15","FEMALE","","Meet Missy, a stunning female red fawn greyhound with a perfect balance of strength and sweetness. Missy can be strong on the lead, making her walks an exciting experience, but she is also incredibly relaxed and calm, adapting well to new environments and settling into a peaceful routine at home. Missy’s playful side shines through when it’s time for fun! She loves engaging with her humans, whether it’s a lively game or simply hanging out and soaking up attention. Her joyful and affectionate nature makes her a delightful companion for an active family or an individual who enjoys both adventure and relaxation. With her combination of strength, playfulness, and a laid-back attitude, Missy is ready to bring her warmth and energy into a loving home. If you’re looking for a dog who will keep you on your toes while also offering plenty of cuddles, Missy could be your perfect match!","missy-18",""
"2021-03-01","Hunter Valley (Maitland/ Muswellbrook/Newcastle/Forster)","956000011713351","Bambi","2025-01-15","FEMALE","","Meet Bambi, a gorgeous, gentle and confident light brindle greyhound with a calm, easy-going personality. Bambi is quiet and clean in the home, making her an ideal companion for anyone looking for a low-maintenance, well-mannered dog. She has a relaxed demeanor and a wagging tail that reflects her friendly nature. Bambi takes a laid-back approach to life and is especially affectionate with humans, always ready to share a wag of her tail and a warm, loving presence. She is also perfectly suited to living with her housemate, Bailey (who is also available for adoption online) GAPNSW - Bailey. Whether it's relaxing at home or enjoying walks together, Bambi and Bailey make a wonderful pair. If you're looking for a sweet and confident companion who is easygoing and great with others, Bambi could be the perfect addition to your home!","bambi-4",""
"2023-06-01","Southern NSW/ACT (Bulli, Nowra, Goulburn, Canberra)","956000015741267","Gordo","2025-01-15","MALE","","Gordo is a very special boy who was born with a special eye condition. Gordo is a special boy who just wants to be friends with everyone. Gordo is great with kids as young as 5 years of age and is a gentle boy who just wants love. Gordo walks well on lead and is looking for someone to welcome in to his life to become best friends with.","gordo",""
"2021-04-01","Southern NSW/ACT (Bulli, Nowra, Goulburn, Canberra)","956000012863266","Chief","2025-01-15","MALE","","this big 42kg boy might be big but he is a very gentle. Chief is a very relaxed boy who is as quiet as a church mouse. Chief enjoys his life and his walks with his two friends a 5 and 11 year old. chief has a cool hooked tail that makes him stand out from the crowd","chief-5",""
"2021-10-01","Southern NSW/ACT (Bulli, Nowra, Goulburn, Canberra)","956000012868445","Blackie","2025-01-15","MALE","","Blackie is a special boy who settles in to routine very quickly Blackie has recovered from an acl injury like the true athlete he is. Blackie has had 3 months worth of house training and is crate trained. Blackie has daily energy for a walk or play in the backyard before retiring to the crate to sleep the night away.","blackie",""
"2021-02-01","Riverina (Wagga, Temora, Gundagai, Griffith)","956000011579420","Daisy","2025-01-15","FEMALE","","Delightful Daisy is a very affectionate, calm and low maintenance girl. Just like a flower, she is such a pleasure to be around. She has been inside on occasion and is semi-toilet trained. She spends the day outside with her German Shepherd friend and is so gentle with the 3 & 1/2-year-old granddaughter, loving her attention and pats. Daisy loves meeting people and enjoys car rides as well. She's a quiet and easy girl who would make a wonderful pet dog for a family or couple, workers or retirees. She would be excited to see you when you get home but would especially love to be able to mooch around the garden and house with you if an only dog. Daisy has also met a cat and backed away, not interested in chasing, so she could live with an indoor cat with slow introductions and supervision. 🌼","daisy-16",""
"2022-03-01","Southern NSW/ACT (Bulli, Nowra, Goulburn, Canberra)","956000011338004","Angie","2025-01-15","FEMALE","","Angie is shy and careful when she meets new people. She does warm up promptly and will seek affection pretty quickly. She is a lovely dog whom is not phased by little dogs and has been around native wildlife and is good with kids.","angie-2",""
"2022-11-01","Southern NSW/ACT (Bulli, Nowra, Goulburn, Canberra)","956000015727625","Milo","2025-01-15","MALE","","Milo is very versatile and could suit multiple homes. He is relaxed, confident and easy to get along with. He is great company. Milo also has a sister for anyone who is potentially looking for a bonded pair.","milo-8",""
"2020-11-01","Western Sydney (Londonderry)","956000007828604","Buzz","2025-01-15","MALE","","Buzz is such a friendly loving guy! Buzz is a charismatic guy who aims to please. He has the motto of ""living life to the fullest"" here at GAP. He may only have 3 legs but we don't think he even knows! He is excelling at his training here and would love a home who enjoys training! We recommend a home with no stairs or very few steps. He is a keen bean who does try and do the stairs but a flat accessible home is best. A house with a yard is preferred. Older children are suitable for Buzz. Embracing everything that comes his way with such pride and enthusiasm - that's our boy Buzz. Apply online to meet this one of a kind fella today. He is available at the Western Sydney adoption centre.","buzz-1",""
"2022-05-01","Hunter Valley (Maitland/ Muswellbrook/Newcastle/Forster)","956000011357173","Riley","2025-01-15","FEMALE","","Riley is a gentle and independent soul who thrives in quietness and would make a lovely addition to a quieter home. While Riley has a calm disposition, she does enjoy exploring her surroundings at her own pace and appreciates having independence to do so. She can get stressed in overly stimulating environments, so she does well in situations where calm and consistency are part of her daily routine. This makes Riley an ideal companion for those who prefer a more peaceful household and are looking for a furry friend to share serene moments with. Riley is attentive on her walks and responsive when on the lead, making each outing an opportunity for bonding. She would do well with someone who enjoys leisurely strolls, where she can take in the sights and sounds while staying close to your side. She might not be the life of the party, but she brings calm, joy, and contentment that are equally precious.","riley-3",""
"2022-09-01","Hunter Valley (Maitland/ Muswellbrook/Newcastle/Forster)","956000014807009","Annie","2025-01-15","FEMALE","","Meet Annie, an incredibly charming girl, ready to bring joy and companionship into your life. Her friendly and outgoing nature makes her the perfect partner for anyone seeking an active and engaging canine companion. Annie is exceptionally responsive to training, making it easy to teach her new tricks and commands. Her eagerness to learn shines through in every training session, where she picks up new skills quickly. Whether it’s a game of fetch or learning a new command, Annie is always ready for the challenge. Annie also possesses an easy-going temperament that makes her adaptable to various environments and lifestyles. She revels in playful interactions, whether she's enjoying a romp in the park or a relaxed walk around the neighborhood. If you’re looking for an engaging and playful companion who is always up for a new adventure, Annie would be an ideal addition to your family. She's more than ready to share her love with that special someone who recognises her potential.","annie-10",""
"2022-11-01","Hunter Valley (Maitland/ Muswellbrook/Newcastle/Forster)","956000011373179","Casper","2025-01-15","MALE","","Meet Casper, a sweet and gentle soul looking for a loving new family. Casper is a serene and relaxed companion who thrives in calm environments, making him an ideal pet for those who appreciate a soothing home. He might be a bit cautious at first, but with patience and understanding, he will reveal his warm and gentle heart. Casper is relaxed and easygoing when it comes to handling. He'll enjoy sitting quietly by your side, whether you're settling in with a good book or enjoying a leisurely weekend afternoon, Casper will be content to share those peaceful moments with you. Due to his cautious nature, Casper would do best in a quieter home, where he can truly shine at his own pace. If you're a calm and patient adopter looking for a relaxed and loving companion, Casper could be the perfect fit for your lifestyle.","casper-6",""
"2019-06-01","Western Sydney (Londonderry)","956000007839524","Alf","2025-01-15","MALE","","Alf is as handsome and adorable as they come, he is super cute, placid, gentle, charming and engaging with people. Alf enjoys snuggling with his greyhound buddies in foster care (see photos!). He is a gentle boy with greyhounds and people alike and for this reason we think he'd suit a home with respectful children. He's used to having yard access so a home with a courtyard/backyard would suit this placid laid back fellow. Alf is available from our Londonderry adoption centre.","alf-6",""
"2021-06-01","Southern NSW/ACT (Bulli, Nowra, Goulburn, Canberra)","956000007422001","Ringo","2025-01-15","MALE","","This is Ringo and he truely is a Star! Ringo is an active boy who gets very excited to go on his daily walk Ringo has grown up with children as young as 5 years old and calls them his best friends Ringo has grown up sharing his yard with his best friends Barbar and Penny Ringo is looking to match with his forever home Ringo will be at the Canberra adoption day on the 14th of December","ringo-2",""
"2021-11-01","Western Sydney (Londonderry)","956000012864368","Wombat","2025-01-15","MALE","","He is not short and stumpy, nor does he eat leaves and grass but he is ready to burrow his way into your heart and home. Wombat is a sweet and gentle boy is seeking a family that can be around more often than not, or a canine companion so he company. He gets along well with other canines, medium to large breeds are ok for him to live with pending a friendly meet and greet at GAP. Respectful kiddos would be suitable, too! If you can give Wombat the burrow he is seeking submit an application form to adopt him now. He is available from the Western Sydney adoption centre.","wombat-1",""
"2018-06-01","Western Sydney (Londonderry)","956000009518190","Ronald","2025-01-15","MALE","","Ronald is a cheerful, confident and friendly lad looking to bounce straight into your home. We know Ronald to be a charismatic, charming and affectionate boy. With these qualities in mind, we think he'd suit a family with children and preferably shorter hours alone while he begins to settle in. This beautiful boy is at the magical age of 6 where he has his lazy side but has moments of playfulness, too. A perfect blend for many family types! Did we mention he currently lives with another greyhound? He'd love it if you had another hound for a play mate and nap buddy. Get in touch with the Western Sydney centre to meet Ronald.","ronald",""
"2021-04-01","Western Sydney (Londonderry)","956000011712566","Jagger","2025-01-15","MALE","","He’s got the moves like Jagger! This boy certainly knows how to impress! Jagger is a special boy with a personality that can melt your heart. Jagger has a laid-back and easy-going nature, making him suited a home that has a secure backyard/courtyard type environment. Jagger can adapt to a household where family members work full-time, as long as he receives the love and attention he deserves when they return home. Providing him with a comfortable space and engaging toys during the day can help keep him content. Due to his sweet nature, he is an ideal choice for a home with respectful children seeking a loving companion. He has shown to be polite with other medium to large canine companions. He is a social boy and enjoys the companion of his four-legged friends, if you have other dogs in the home, he will surely enjoy showing them his moves! Be sure to apply online today and mention Jagger’s name in your application, you don’t want to miss out on welcoming this loving, gentle and playful boy to your home.","jagger-1",""
"2015-06-01","Western Sydney (Londonderry)","956000004347250","Woody","2025-01-15","MALE","","*Woody is in foster care with 2 greyhound buddies, one male one female - contact the Western Sydney team to meet him* Do you have a doggie squad looking to add a placid but young at heart senior to the mix? My foster carers call me smoochy, cuddly, quirky, smart & obedient, even bossy sometimes! I do learn the rules very quickly though. I love people, any one who can pat me! My foster carers tell me I'm a special ""blue fawn"" colour which is apparently quite rare! You think that my super friendly nature would make me needy, but in fact, my foster family go away for full time work & I'm totally blasé about it with my 2 doggie pals next to me. Yep, I am known to jump on the couch for a cuddle, too. I'm a lazy bones but happy for a daily stroll where I promise to walk perfectly on the lead. I'm ready to share my multi-dog home life experience, tried and tested pet skills, affectionate nature & goofy ways with you! Come meet Woody today and discover the love that only a senior greyhound can offer.","woody-western-sydney-1",""
"2021-02-01","Western Sydney (Londonderry)","956000011661850","Onyx","2025-01-15","MALE","","Hi! I’m Onyx and I’m looking a loving family to call my own. I’m a friendly and playful guy and I know I can make a family so happy! I will suit a home where my family are home more often than not, and with some time, love and patience I will be able to settle for much longer once I get used to my new routine. I can be excitable at times and would love a family who enjoys taking me on walks and playing with all my toys. Even though I can be excitable at times, I still have a calm, affectionate and loving side, I cant wait to hang out inside with my new family and nap the afternoon away. If your as eager to meet me as I am to meet you, please come and meet me at the Western Sydney facility and I promise I can show you just how much love I have to give, and how destined I am to be your beloved pet!","onyx-1",""
"2022-10-01","Hunter Valley (Maitland/ Muswellbrook/Newcastle/Forster)","956000015731363","Snowy","2025-01-15","FEMALE","","Meet Snowy, a gentle and graceful soul searching for a patient and loving home. Though initially reserved, Snowy has a placid nature, making her a wonderfully calming grey for those who appreciate a quieter demeanor. Her gentle energy is perfect for someone who values serenity and is willing to give Snowy the space she needs in those initial days. Once Snowy feels comfortable in her surroundings, her personality truly starts to shine. She becomes playful and engaging, revealing a charming side that is sure to win over your heart. For Snowy, a perfect home environment will be one where patience and understanding take center stage. This environment will allow her ample time to adapt, unlock her spirited playfulness, and find her groove in her own time.","snowy-3",""
"2020-03-01","Hunter Valley (Maitland/ Muswellbrook/Newcastle/Forster)","956000012195822","Lizzie","2025-01-15","FEMALE","","Meet Lizzie, an easy-going soul with a placid nature and a relaxed temperament that endears her to everyone she meets. Her gentle disposition makes her an absolute pleasure to have around and the perfect addition to a household. A self-confessed couch potato, Lizzie treasures quiet afternoons spent lounging around on the couch. Her favorite pastimes include soaking in the sun from a warm spot by the window. She's compatible with all canine friends she's encountered, including lively Italian Greyhounds and adorable Mini Spoodle, initially she was nervous but adjusted well and had a relaxed and neutral response.","lizzie-1",""
"2022-11-01","Hunter Valley (Maitland/ Muswellbrook/Newcastle/Forster)","956000011371334","Bert","2025-01-15","MALE","","Bert is ready to find his forever home, this boy has personality+, boasts confidence and loves to come along for pats and cuddles anytime he wants. Bert is social with other greyhounds and spends a lot of time relaxing or playing. He can still be a bit sporadic on lead and excitable but given his age with a the right training and time, he will adapt quickly. Bert would be suited to a house with a backyard so if he has any energy he can have a good explore and play around.","bert-2",""
"2019-07-01","Western Sydney (Londonderry)","956000007845980","Cola","2025-01-15","FEMALE","","Bubbly little girl Cola has spent time around kids 7+ and has a friendly nature, ready to join you alongside your summer BBQ's, picnics, or cuddles on the couch. Cola is a versatile glass of adorable-ness, she is light on the lead and a great walker, and friendly with other medium to large doggies pending a meet and greet, too. This middle aged sweetie is not just sweet by name, she has also spent some time preparing for her next adventure into pet life, including exposure to indoors, appliances, farm animals & has experience being walked on lead by kids (when supervised of course!). Don't go flat, enquire to meet Cola at the Western Sydney adoption centre!","cola-1",""
"2019-03-01","Western Sydney (Londonderry)","956000003709266","Oakley","2025-01-15","MALE","","Personality plus, yet lazy and laid back when you need him to be, our handsome boy Oakley is perfect for busy families seeking an independent lad with a fun loving streak to join their crew! This cutie is super low maintenance & thrives on simply spending the day relaxing and snoozing outdoors in the yard, making him well suited to full-time workers. When you get home, Oakley will shower you with love and affection! Yep, Oakley really is dreaming of a backyard with opaque fencing to frolic and sunbathe in as he pleases. Oakley is friendly with other medium/large dogs, would suit a home with or without another doggie pal or respectful children & not to mention, he is super engaged during his training sessions here at GAP. Yep, he's a catch! He is available now from our Western Sydney kennels so apply today!","oakley-1",""
"2021-05-01","Central West (Bathurst/Dubbo/Coonabarabran)","956000013032350","Harvey","2025-01-15","MALE","","Meet Harvey, a sweet and gentle male greyhound with a loyal heart. Harvey is eager to please and looking for a family who can provide him with guidance and instruction as he continues to grow and learn. He loves a good game of fetch and enjoys being active but also knows how to relax and enjoy downtime with his family. Harvey is social with smaller dogs and children, making him a great companion for a family looking for a well-rounded, affectionate dog. With his loving nature and playful spirit, Harvey is ready to become a cherished member of your home.","harvey-1",""
"2020-03-01","Central West (Bathurst/Dubbo/Coonabarabran)","956000012114164","Costa","2025-01-15","MALE","","Meet Cuddle Me Costa, a sweet and affectionate male greyhound who lives up to his name with big, warm cuddles! Costa is a confident, happy boy who loves to shower his family with love. He’s well-socialized with young children and medium-sized dogs, making him a perfect fit for family life. Costa is equally content doing his own thing or hanging out with the family, whether it’s relaxing on the couch or enjoying a quiet moment outdoors. With his loving nature and laid-back attitude, Costa is sure to bring joy and comfort to your home.","costa",""
"2020-09-01","Central West (Bathurst/Dubbo/Coonabarabran)","956000011579791","Rocky","2025-01-15","MALE","","Rocky is a friendly and easy-going male greyhound who loves socializing with young children and other medium-sized dogs. This laid-back fellow is happy to go with the flow, whether it’s enjoying a quiet moment at home or joining in on family activities. Rocky is a calm and adaptable companion, making him an ideal choice for a family looking for a well-mannered dog who’s great with kids and other pets. His gentle nature and relaxed attitude mean he’s content to simply be part of the family and enjoy whatever life brings his way.","rocky-14",""
"2019-12-01","Central West (Bathurst/Dubbo/Coonabarabran)","956000012223904","Tiggy","2025-01-15","FEMALE","","Tiggy is a sweet, patient female greyhound with a striking Tigger-like orange and black brindle coat. This gentle girl is great with young children and other medium-sized dogs, making her a perfect family companion. Tiggy enjoys living indoors and is content to relax, cuddle, and soak up attention. She’s easy-going, low-maintenance, and requires only a few walks and some playtime each day. Tiggy’s calm nature and loving personality make her an ideal addition to a peaceful home, and she would thrive in a family environment where she can receive the affection and care she deserves.","tiggy",""
"2019-02-01","Southern NSW/ACT (Bulli, Nowra, Goulburn, Canberra)","956000006811431","Roxy","2025-01-15","FEMALE","","Roxy is a social and affectionate hound. She is very pleasant company and is very lovable. She happily shares her yard during the day with other hounds and has frequent visits from native ducks along with other birds.","roxy-15",""
"2019-09-01","Southern NSW/ACT (Bulli, Nowra, Goulburn, Canberra)","956000006705352","Jay Jay","2025-01-15","FEMALE","","Say g’day to JayJay this beautiful female has had a wonderful life around children as young as 1 year old and also small dogs. Jayjay is 5 years of age and is a perfect mix between puppy playful during the day and settled mature girl of a night. JayJay is available enquire within","jay-jay",""
"2021-08-01","Western Sydney (Londonderry)","956000011659037","Birdie","2025-01-15","FEMALE","","**Birdie is in a foster care home in a unit apartment with a small dog - reach out to the team to meet her** A little Birdie tells me we've just found your perfect match... Birdie is a shy by nature girl looking for a home with a calm and nurturing canine companion to assist her journey into pet life. We have noticed a confident canine companion helps her in becoming more confident. She would do best with older, quiet children, if any, and would be fine for longer hours alone or full time workers as she does enjoy her down time and independence. She has done amazingly well at the centre, she knows how to walk stairs and even jumps in and out of cars. She would thrive in a quiet neighbourhood and a low stimulation home however a quiet unit apartment is suitable. We know that with the right nurturing owner who is ready to build a relationship with her, she will make an amazing companion! Birdie is available from the Western Sydney adoption centre.","birdie",""
"2021-10-01","Southern NSW/ACT (Bulli, Nowra, Goulburn, Canberra)","956000013021989","Ackie","2025-01-15","MALE","","Say hello to Ackie Ackie is an adventurous boy who is keen for adventure by day and cuddling up at night. Ackie is still very much a puppy and enjoys a run around during the day. Ackie will show you his gentler side once he has gotten all his energy out and with the right home could suit cuddling up on a bed of a nighttime. Ackie would be suited to someone that has a backyard or courtyard and can take him on his daily walk to explore the streets.","ackie",""
"2021-10-01","Southern NSW/ACT (Bulli, Nowra, Goulburn, Canberra)","956000013019900","Whitey","2025-01-15","MALE","","Meet Whitey Whitey is an outgoing boy who loves to go on adventures and would love a daily walk around the neighbourhood. Whitey can be a little bit cautious at the very start but settles very quickly and becomes your best friend within minutes. whitey jumps with excitement but settles very quickly Whitey loves a car trip and is happy to jump up in to the car before laying down and sleeping the trip away. Whitey would love a single person or a young couple who are keen to spend some time teaching him about the adventures of the world and what a lounge feels lilw to sleep on come and see whitey today!","whitey-3",""
"2020-02-01","Western Sydney (Londonderry)","956000007467933","Baby","2025-01-15","FEMALE","","Nobody puts baby in the corner! This little lady is looking to learn all about the world with you! She would suit short hours alone as a solo girl, or longer hours with a canine companion. Polite with dogs big or small, beautiful Baby has so much love to give and is searching for the right place to call home. If this Baby girl sounds like the perfect addition to your family, apply to take her home from the Western Sydney adoption centre.","baby-2",""
"2017-05-01","Western Sydney (Londonderry)","956000005582145","Rambo","2025-01-15","MALE","","Rambo is enjoying living in a foster home in inner Sydney. In just a few weeks Rambo has come out of his shell and shown himself to be an affectionate, playful, curious and silly boy. His favourite hobbies include napping on the floor, asking for cuddles (and cheese), and of course exploring the neighbourhood on his daily walks. Well-suited for apartment living, Rambo now has his ‘stairs license’ and can confidently climb several floors. Rambo has a lot of love to give, and would therefore thrive in a calm environment. While he’s very obedient and respectful, Rambo is still working on his skills of independence and improving his confidence when being left alone for longer periods of time. He would enjoy a home with a laid back type of life. Known to roach and chill out, Rambo would be an amazing addition for a laid back couple with some hours alone, retirees due to his gentle nature, or a work from home lifestyle, as long as he gets a couple of short toilet walks around the block. He is well versed in being an apartment hound, but of course he would love a backyard if you had one too! Rambo is available from the Western Sydney adoption centre.","rambo-2",""
"2018-10-01","Hunter Valley (Maitland/ Muswellbrook/Newcastle/Forster)","956000006812644","Bear","2025-01-15","MALE","","Bear is a wonderfully sweet nature and a calm temperament. Bear's calm demeanor makes him an ideal partner for leisurely strolls, as he's quite responsive on a lead. Whether you're taking a walk in the park or simply exploring your local neighborhood, Bear's company will surely make your day brighter. His gentle pace and attentive nature are perfect for anyone seeking a serene and steady walking buddy.","bear-14",""
"2019-12-01","Hunter Valley (Maitland/ Muswellbrook/Newcastle/Forster)","956000007837876","Clyde","2025-01-15","MALE","","Meet Clyde, the charming socialite of the dog world! This happy-go-lucky greyhound is always ready to make new friends and engage with anyone he meets. His confidence shines as he approaches life with a tail wag and a friendly demeanor that wins over hearts immediately. Clyde absolutely adores ear scratches, and you’ll find him happily leaning in for more attention whenever he gets the chance. Whether he's meeting new people or hanging out with his greyhound buddies, Clyde is always the life of the party, making sure everyone feels welcome and included.","clyde-6",""
"2022-03-01","Hunter Valley (Maitland/ Muswellbrook/Newcastle/Forster)","956000011367467","Polly","2025-01-15","FEMALE","","** Polly is currently in foster-care ** Meet our sweet-natured Polly. Polly recently began her venture into pet life and is handling it seamlessly. She enjoys going out for leisurely strolls in her new neighbourhood and being social with all her new friends. She is really engaging, playful & curious!","polly-8",""
"2022-08-01","Northern Rivers (Grafton, Lismore, Casino)","956000014944500","Ruby","2025-01-15","FEMALE","","Meet Ruby, a loving and friendly canine companion who's ready to find her new family. This delightful girl might come across as a bit shy at first, but once she warms up to you, she reveals her sweet and gentle nature. Ruby has a naturally friendly disposition and is well-versed in being handled and walked by children. She's patient and tender, making her a great playmate for kids. After a long day of fun, Ruby knows how to take it easy and will retreat to her cozy bed, where she enjoys some downtime. This routine means she's well-adjusted to family life and appreciates both activity and rest.","ruby-10",""
"2018-05-01","Southern NSW/ACT (Bulli, Nowra, Goulburn, Canberra)","956000006804771","Junior","2025-01-15","MALE","","Junior likes to be engaged by playing and have an early zoom. He relaxes even harder when he is done which makes him a good balanced companion. This handsome boy has been living in a semi rural area and has seen his share of native birds and domestic farm animals. Living with young children at the moment, he is a softie.","junior-3",""
"2021-08-01","Western Sydney (Londonderry)","956000007419596","Walden","2025-01-15","MALE","","This handsome boy is the definition of laid-back charm. With his sweet, calm demeanor, he’s the perfect companion for a relaxing stroll or a cozy cuddle session. Walden is polite with other med/lrg dogs, offering gentle greetings to canine and human friends alike, leaving you to say he's ""paw-sitively precious!"" Whether you’ve got a furry friend at home or respectful older children, he’ll fit right in with your pack. Walden has been around other greyhounds too and would love to join a multi-greyhound family for extra snuggles. Walks like a pro on the lead, too—he’s a true pawsitive example of good behavior! Looking for a sweet, calm boy to brighten your home? Walden is ready to fetch your heart! Walden is available from our Western Sydney adoption centre","walden",""
"2019-05-01","Central West (Bathurst/Dubbo/Coonabarabran)","956000007850926","Ivanka","2025-01-15","FEMALE","","Meet Ivanka, a playful and excited lady with a heart full of affection! This happy female greyhound is ready to bring joy and energy to your home. Playful and affectionate. Loves to give a classic Greyhound lean and cuddle. Social with larger dogs and open to learning to love smaller canine friends. Enjoys active playtime and engaging walks. Thrives in a lively environment where she can express her playful spirit. A loving and active household that can keep up with her playful nature. Suitable for families or individuals who appreciate a happy, energetic companion. If you’re looking for a lively and loving companion, Ivanka would be thrilled to meet you! Reach out for more information or to schedule a visit.","ivanka",""
"2014-12-01","Central West (Bathurst/Dubbo/Coonabarabran)","956000004315004","Moe Joe","2025-01-15","MALE","","Meet Joe, an old sweet and gentle boy looking for a quiet, loving home! This charming male greyhound may be a little slow on his feet, but he has a heart full of affection and is ready to bring warmth to your life. Gentle and loving. Loves a gentle touch and affection. Social with larger dogs and open to learning to love smaller canine family members. Prefers leisurely strolls and relaxed outings. Enjoys a calm environment where he can feel safe and cherished. A peaceful household that appreciates a slower pace. Ideal for individuals or families who can provide plenty of love and companionship. If you’re looking for a sweet companion to share your home with, Joe would love to meet you! Reach out for more information or to schedule a visit.","moe-joe",""
"2014-12-01","Central West (Bathurst/Dubbo/Coonabarabran)","956000004301631","Issac","2025-01-15","MALE","","Meet Issac, an old gentle boy with a heart full of love! This sweet male greyhound is looking for a quiet home where he can enjoy leisurely walks and plenty of cuddles. Gentle and affectionate. Loves a good scratch and is always ready for cuddles. Social with larger dogs and open to learning to love smaller dogs. Prefers leisurely walks at a relaxed pace. Enjoys a calm environment and appreciates quiet time. A peaceful household, perfect for someone who enjoys a slower lifestyle. Ideal for families or individuals who can provide gentle affection and companionship. If you’re looking for a loving companion to share your home with, Issac would be thrilled to meet you! Reach out for more information or to schedule a visit.","issac",""
"2014-12-01","Central West (Bathurst/Dubbo/Coonabarabran)","956000004317813","Zooie","2025-01-15","MALE","","Meet Zooie, an older gentleman with a heartwarming, sweet nature. This charming male is looking for a peaceful home where he can enjoy gentle affection and quiet moments. Affectionate and loving. Enjoys companionship and thrives on gentle interactions. Prefers gentle walks and leisurely outings. Loves a calm environment and appreciates quiet time at home A quiet household, perfect for someone who enjoys a slower pace. Ideal for individuals or families who can provide plenty of gentle affection and care. If you’re looking for a sweet companion to share your life with, Zooie would be thrilled to meet you! Reach out for more information or to schedule a visit.","zooie",""
"2017-08-01","Central West (Bathurst/Dubbo/Coonabarabran)","956000004497031","Banjo","2025-01-15","MALE","","Meet Banjo, an old friendly boy with a heart of gold! This gentle male greyhound is the perfect companion for anyone looking for a loving pet. Banjo has a warm and welcoming personality, making him great for families and individuals alike. Social and friendly with other larger dogs. Eager to learn and could adapt well to smaller canine family members with time and patience. Enjoys leisurely walks and gentle playtime. Prefers a relaxed lifestyle but still has his playful moments.","banjo-5",""
"2021-01-01","Northern Rivers (Grafton, Lismore, Casino)","956000011578416","Errol","2025-01-15","MALE","","Meet Errol, the laid-back canine companion who's ready to bring a sense of calm and delight into your life. With his easy-going nature, Errol makes for a wonderful and stress-free addition to any home. He's a relaxed and happy soul who loves nothing more than spending quality time with his human family and is always up for some leisurely companionship. Errol likes to be involved in whatever activity is happening and is a bit of a sticky beak. Errol enjoys the company of small dogs and is socially adaptable, always welcoming new furry friends after a gentle introduction. He responds well to lead work, making him an ideal partner for those peaceful, scenic walks. Errol's relaxed demeanor makes him the perfect fit for a family looking for a calm and friendly dog. His contentment and joy are contagious, bringing a warm and soothing presence wherever he goes.","errol-1",""
"2020-12-01","","956000007439026","Hunter","2025-01-15","MALE","","Meet Hunter, a gentle soul with a heart full of loyalty and companionship to offer. While he may be a tad shy when you first meet him, it doesn't take long for his affectionate personality to shine through. Hunter is an exemplary walker on a lead, showing politeness and attentiveness on each stroll. He won't pull or rush, making daily walks together a serene and enjoyable experience. He thrives in the presence of someone who understands his need for trust-building and who will cherish the meaningful connection he creates with his human family members. While he is happiest in a quiet home environment, Hunter's devotion is unwavering once he gets to know you. With his poised and loyal spirit, Hunter will be by your side as a faithful friend, ready to share life's simple pleasures. If you are looking for a devoted companion who values walks and quiet time alike, Hunter could be your perfect match, offering companionship and loyalty in the most endearing way.","hunter-8",""
"2020-08-01","Northern Rivers (Grafton, Lismore, Casino)","956000011710940","Price","2025-01-15","MALE","","Meet Price, a chill and easygoing canine companion who's ready to bring joy to a loving family. With his laid-back demeanor and friendly personality, Price makes the perfect adoptable addition for those seeking a relaxed yet fun-loving furry friend. Price has a natural social grace and gets along well with other small dogs, making him a wonderful choice for families with other canine companions. His love for playtime shines when he's with his favorite toys, especially a ball that he loves to chase. Plus, you might just see his playful side come alive as he splashes around in the water—one of his absolute delights. Despite his zest for ball games and water adventures, Price's cruisy nature means he’ll fit into countless lifestyles, whether you lead an action-packed life or enjoy relaxing weekends.","price",""
"2020-11-01","","956000011716260","Brindie","2025-01-15","FEMALE","","This affectionate & playful girl is Brindie! She is on the search for her forever home. If you're after a joyful companion, she is right up there. Brindie is polite and respectful on lead, as she is used to 3 walks a day and lazing around the rest. She is sociable with people & would love to go to her new home that has a nice backyard for her to enjoy. Brindie can be excitable around other dogs and doesn't enjoy when they cramp her personal space too much.","brindie",""
"2021-04-01","Hunter Valley (Maitland/ Muswellbrook/Newcastle/Forster)","956000011652581","Foxy","2025-01-15","FEMALE","","Meet our little Foxy girl, a sweet natured girl who would love a family who is happy to take a slower approach while she learns the ropes of being a pet. Foxy is playful, excitable and engaging. She loves to show you her fluffy toys and will happily entertain herself! Foxy is a happy traveler and will be happy to follow you wherever you're off to. She would benefit from leash training, as she can be quite excited going to new places and meeting new people.","foxy-3",""
"2020-09-01","Hunter Valley (Maitland/ Muswellbrook/Newcastle/Forster)","956000011722890","Irena","2025-01-15","FEMALE","","Are you ready to be laughing with your newest furry friend? Well, Irena will have you cackling. She is a true definition of a little pocket rocket, she will be showing all aspects of her zoomies and how confident she is in doing so. Irena enjoys spending her days showing off and basking in the sunshine. She is loves companionship and will happily follow you anywhere you desire. Irena knows her name well and with a little bit of getting used to your voice she will come (running) straight back.","irena",""
"2018-12-01","Northern Rivers (Grafton, Lismore, Casino)","956000006809767","Diesel","2025-01-15","MALE","","Meet Diesel, the easy-going canine companion who will effortlessly win your heart. With his laid-back demeanor and adaptable nature, Diesel is a breeze to have around. Diesel quickly acclimates to new environments, seamlessly settling in and making himself at home. His friendly nature shines when he’s around other medium to large breed dogs, as he loves having similarly sized playmates to romp around with. One of Diesel’s favorite pastimes is swimming. Whether it's plunging into the local lake, exploring tidal rock pools, or playing in the garden sprinkler, he is at his happiest when in the water. Diesel would be happiest in a home where his new family celebrates his relaxed nature and takes time to provide enriching outdoor experiences. He's ready to bring his calm joy to your household!","diesel-4",""
"2014-04-01","Western Sydney (Londonderry)","956000003168075","Old Boy","2025-01-15","MALE","","*Old Boy is in a foster care home in Bondi. Reach out to the team to meet him!* Introducing Old Boy! This sweetheart has made everyone fall in love with him here at GAP. This delightful wise soul is a quiet natured boy looking for a quiet home to spend his retirement years. If you already have a doggie pal for him to snooze with, Old Boy would be delighted! Old Boy would do best win a quiet home, without young children, with a small courtyard, enough to stretch his legs and to sniff the breeze. Full time workers are no problem with Old Boy. This gentleman can't wait to live his best life with you. Old Boy is available from the Western Sydney adoption centre.","old-boy",""
"2020-02-01","Western Sydney (Londonderry)","956000007850716","Leapling","2025-01-15","MALE","","Leapling is born on 29th Feb. He was born to be unique, and is such a special soul. In his spare time he is known to be found playing with the water hose, swimming in the lake, or running around with the yard with kids and being a total character. Leapling would suit a home without small animals but is suitable to live with another hound or large breed dog. He loves people and will thrive in a home with shorter hours alone while he settles in, and would enjoy a backyard to call his own! Leapling is available from the Western Sydney adoption centre.","leapling",""
"2015-02-01","Western Sydney (Londonderry)","956000004300536","Tux","2025-01-15","MALE","","Tux is a handsome boy who is always the best dressed. Tux just wants a couch to call his own. He is friendly & laid back, known for roaching on the couch! Tux requires a home without any other pets, and will thrive in a calm home with a chilled out lifestyle. Tux walks nicely on the lead and would enjoy daily walkies on quiet routes. Tux would do well with respectful children who would enjoy his gentle & calm nature. He also enjoys his beauty sleep while you're out during the day, making him a wonderful companion for busy working couples/families due to his low maintenance, gentle and eager to please personality. Tux is available from the Western Sydney adoption facility.","tux",""
"0022-04-01","Hunter Valley (Maitland/ Muswellbrook/Newcastle/Forster)","956000011366429","Ralph","2025-01-15","MALE","","Are you after a little fire-cracker in your life? Look no further than our boy Ralph! He is all things active/fun-loving and absolutely hilarious; Ralph will have your grinning from ear to ear. Ralph would suit an active family with a backyard who can walk him daily and throw his favourite toy around, Ralph hasn't been exposed to an indoor setting as yet so may take some time adjusting but I think he will happily follow you around. His favourite game is showing his friends how quick his zoomies are so a nice backyard will do the trick so he can show off to you. If you're interested in hearing more about Ralph, please apply now.","ralph-4",""
"2021-02-01","Hunter Valley (Maitland/ Muswellbrook/Newcastle/Forster)","956000007465714","Danny","2025-01-15","MALE","","Meet Danny, an adorable boy with a heart-melting gaze that makes every day brighter. Danny is a big smootcher who will never oppose to having a big cuddle. Danny is a delight to have around the house, both cleanliness and quietness that will make him a great pet. He has excellent manners and prides himself on being a perfectly well-behaved member of the family. This makes everyday activities a joy, whether it's sharing calming moments at home or embarking on relaxing strolls – as he walks like a gentleman on a lead. Being with Danny means you'll always have a cuddle partner, ready to nestle beside you during quiet evenings or busy afternoons. He is a wonderful nature of warmth, kindness, and intelligence, making him the kind of pet who not only fits seamlessly into your lifestyle but enhances it too.","danny-3",""
"2018-09-01","Western Sydney (Londonderry)","956000009417122","Lou","2025-01-15","MALE","","Friendly, charismatic boy Lou ticks all the boxes! This fun loving goofy guy is going to make an amazing pet! We love spending time with this affectionate, toy loving boy. Here's why we love him: ✅ Full time workers ✅ Active lifestyle ✅ Fun loving older kids ✅ Fully fenced backyard ✅ Another medium to large doggie friend to play with ✅ Quiet neighbourhood Apply now to meet Lou from our Western Sydney program.","lou-5",""
"2020-01-01","Hunter Valley (Maitland/ Muswellbrook/Newcastle/Forster)","956000007835659","Darren","2025-01-15","MALE","","Meet Darren, a super laid-back sort of boy, who is happy just to be around his humans, he doesn't ask for much but a pat here and there would strike a bonus. He's happy to explore alone or go for leisurely strolls, you would rarely even hear him bark. Darren enjoys going to school pick up to collect his human- brother who is 12yo and all the kids love to dote on him. If you're interested in knowing more about Darren, please apply now!","darren-1",""
"2022-03-01","Hunter Valley (Maitland/ Muswellbrook/Newcastle/Forster)","956000011307961","Michael","2025-01-15","MALE","","Let me introduce Micky! A really kind and playful boy who enjoys his vegemite toast. Micky has met a few small dogs in his time and wasn't too fazed by them at all. His laid back nature has been great for children ages 9+ to grow any confidence around a larger breed dog. He will happily follow you around and is extremely well mannered on lead. Micky had a racing injury which resulted in a fractured hock, which currently has some hardware in but doesn't effect his everyday movements.","michael",""
"2021-02-01","Southern NSW/ACT (Bulli, Nowra, Goulburn, Canberra)","956000006354280","Bob","2025-01-15","MALE","","Bob is a really special boy who is looking for his perfect forever home bob is good with medium to large dogs and is great with children as young as 5 years old Bob takes a little time adjusting to a new lifestyle but once he is settled he is a big goofball who loves company. Bob prefers company but is fine being left alone for long periods of time if he has a few toys and a bone to pass the time. Bob is active at first on lead but settles very quickly and walks perfectly. once Bobs energy is out for the day you’ll find him living the life in the sun","bob-12",""
"2021-02-01","Southern NSW/ACT (Bulli, Nowra, Goulburn, Canberra)","956000006355376","Spike","2025-01-15","MALE","","Spike is a beautiful black boy with white socks. Spike is a little rascal that loves to play around the backyard during the day and relaxing for a cuddle at night. Spike is fine with being left alone for working hours but definitely enjoys a few toys or a bone to help pass the time. Spike has a great positive energy and is small dog workable as well as being good with kids as young as 5","spike-6",""
"2021-11-01","Western Sydney (Londonderry)","956000013021593","Wilma","2025-01-15","FEMALE","","**Wilma is in a foster home with a greyhound and a cavoodle** Wilma is such a special girl that one of our GAP staff has taken her home for a sleep over! This quiet natured girl is showing amazing resilience and requires a quiet home to thrive in. She is incredibly dog social and would love a play mate. She however, is happy to relax while you're gone, with or without a dog friend to keep her company. Whether you have another dog or looking for a dog to have play dates with, Wilma will be by your side. She is a shy girl who finds that dogs give her more confidence. A home without children is best suited to her while she learns about the world. Her love of treats and toys is her motivator for learning new tricks and building confidence! She is an affectionate and goofy girl once you get to know her Wilma is available from our Western Sydney adoption centre.","wilma-1",""
"2019-09-01","Hunter Valley (Maitland/ Muswellbrook/Newcastle/Forster)","956000007852599","Bruce","2025-01-15","MALE","","Meet our big boy Bruce! He is a true delight to be around. He will make you laugh until you cackle. He will be happy to cruise around with you day in and out. He is a gorgeous character to boasts confidence. Bruce suffered a racing injury and required surgery on his front right leg so an experienced owner who knows when to slow down on the zoomies is ideal.","bruce-2",""
"2021-05-01","Hunter Valley (Maitland/ Muswellbrook/Newcastle/Forster)","956000007837705","Chum","2025-01-15","MALE","","Meet Chum, the epitome of easy-going and affection! This boy has a sweet personality that instantly wins over hearts. Chum is as laid back as they come. He loves nothing more than being close to his human friends. He's a responsive walker on leash, making strolls in the park or through the neighbourhood a pleasant experience for everyone involved. He naturally exudes confidence, thriving in a variety of social environments, especially around younger children. Chum is not just a pet; he's a loving family member, always eager to make new friends and share in the joys of everyday life. With his friendly disposition and ability to seamlessly fit into any family dynamic, Chum is ready to bring his special warmth and companionship to his new home.","chum",""
"2021-10-01","Hunter Valley (Maitland/ Muswellbrook/Newcastle/Forster)","956000014807152","Sapphire","2025-01-15","FEMALE","","Meet Sapphire or Saffy, a graceful presence. Sapphire is a quiet dog who appreciates a life of calm and ease. She thrives with gentle guidance and understanding, eventually revealing her sweet and independent nature to those who are patient and kind. This lovely girl finds joy in the water. Watching her swim is nothing short of a delight and will sure make you laugh! Sapphire's independence means she'll appreciate a home where she can have her own space. While she values the quiet company of her humans, she's happiest when she's free to explore.","sapphire-3",""
"2020-04-01","Western Sydney (Londonderry)","956000007836202","Coco","2025-01-15","FEMALE","","Pretty lady Coco is an affectionate girl with a happy disposition! Coco would enjoy a backyard, children to throw the ball with, and a couch for her beauty sleep! Coco is a happy girl who would benefit from her family home while she learns to settle in to pet life, oh and of course, a yard to do zoomies in! Coco is available from the Western Sydney adoption facility.","coco-10",""
"2019-12-01","Hunter Valley (Maitland/ Muswellbrook/Newcastle/Forster)","956000012226004","Moses","2025-01-15","MALE","","Are you after a dog to be totally besotted by you? Well meet Moses, a quirky and loveable boy whose after his forever home. Moses boasts confidence and is extremely gentle in his approach. He has been around children 4+ and will request frequent pats. He has been brought up with a jack russel at home, but would benefit from a meet and greet prior to being adopted. Moses will be attending our Adoption Day at Glandore Wines on the 5th of October.","moses",""
"2019-10-01","Northern Rivers (Grafton, Lismore, Casino)","956000007467189","Alfie","2025-01-15","MALE","","Meet Alfie, a delightful and active male greyhound with a zest for life that is absolutely infectious! Alfie is especially great in the company of other medium to large dogs, making him a perfect fit for a home already blessed with canine companions. He's particularly fond of his fellow greyhounds, often seen sharing playful moments and lounging together. His natural sociability extends to a broad range of activities. . He is an ideal candidate for someone with an active lifestyle who enjoys spending time outdoors and interacting with their pets. Alfie is looking for a loving and dynamic home where he can flourish and be an integral part of the family. If you're seeking a loyal, active, and sociable companion to join your family, Alfie might just be the perfect match.","alfie-5",""
"2019-10-01","Northern Rivers (Grafton, Lismore, Casino)","956000007361249","Stumpy","2025-01-15","MALE","","This sociable fellow is a joy to be around and has a knack for bringing smiles to everyone he meets. Stumpy is a social butterfly, especially when it comes to other greyhounds. He thrives in the company of his fellow canines and enjoys the camaraderie of a playful group. If you have other greyhounds or are involved in a greyhound community, Stumpy will fit in seamlessly and form bonds quickly. This gentle dog is well-socialized with children aged nine years and up, making him a wonderful family pet. Whether it's a leisurely stroll in the park or lounging around at home, Stumpy is adaptable and easygoing. Stumpy is not just a pet; he's a loving and loyal friend ready to enrich your life with joy and companionship.","stumpy",""
"2022-07-01","Northern Rivers (Grafton, Lismore, Casino)","956000011710042","Willow","2025-01-15","FEMALE","","Willow excels in a social environment and is used to living harmoniously with other greyhounds, making her an excellent addition to a multi-pet household. Willow is house trained, which means she's all set to fit seamlessly into your home without any fuss. Her inquisitive nature makes her a joy to have around, as she's always eager to explore her surroundings. Walking is one of Willow's favorite activities. She has a graceful stride and a calm demeanor that make her the perfect walking buddy. Willow's friendly disposition makes her great for families or individuals looking to add a companion who’s both loving and easygoing. She gets along wonderfully with other greyhounds and would thrive in a household where she can share her days with canine siblings. If you're looking for a loving, house-trained, and curious companion who enjoys the simple pleasures of life, Willow is your girl. She’s ready to become a beloved member of your family, filling your home with warmth, joy, and countless tail wags.","willow-8",""
"2022-03-01","Northern Rivers (Grafton, Lismore, Casino)","956000011358035","Lazlo","2025-01-15","MALE","","Meet Lazlo, the friendly and easy-going canine companion you've been waiting for. Lazlo's calm demeanor makes him the perfect addition to any household looking for a laid-back yet affectionate furry friend. Lazlo absolutely loves his daily walks and will eagerly await the moment you grab his leash. His love for walking not only provides you both with exercise but offers a great bonding experience. Beyond his love for walks, Lazlo enjoys lounging by your side—content to bask in peaceful moments. His friendly personality ensures he gets along well with everyone he meets, making him a delightful companion for families, singles, or seniors alike. If you're seeking a calm and loving dog who thrives on walks and the company other dogs.","lazlo",""
"2021-08-01","Northern Rivers (Grafton, Lismore, Casino)","956000007423236","Johnie","2025-01-15","MALE","","Meet Johnie, a confident and friendly canine who is sure to brighten your days with his playful nature and infectious energy. Johnie loves to play and is always up for a game of fetch. His exuberance is paired with a love for swimming, making him the perfect partner for summer adventures by the pool, lake, or beach. Despite his playful demeanor, Johnie also showcases an endearing blend of confidence and friendliness. He has no trouble making new friends, whether they are human or fellow canines. Being playful Johnie likes to get to know his new friends prior to a play date. His confident disposition ensures that he approaches new experiences with curiosity and excitement, making every day an adventure.","johnie",""
"2021-02-01","Western Sydney (Londonderry)","956000007447372","Rocky","2025-01-15","MALE","","Rocky is a sweet boy with experience around kids 12+ and has spent lots of time around other greyhounds, making him a lovely addition to your home if you already have a hound! Rocky is a sweet hound who would enjoy further training in the home to be the best pet he can be. He can be nervous around new people but has proven to be a total sweetie pie once you get to know him! Rocky is available from our Western Sydney adoption centre.","rocky-13",""
"2019-02-01","Hunter Valley (Maitland/ Muswellbrook/Newcastle/Forster)","956000008235593","Spot","2025-01-15","FEMALE","","Spot is independent and enjoys spending time roaming around. Spot would suit a family who is after a companion to cruise around the backyard with. At times Spot can be weary and a bit timid in new environments but with the right re-assurance, she recovers really well. If you're interested in meeting our darling Spot, please apply now.","spot-4",""
"2021-04-01","Hunter Valley (Maitland/ Muswellbrook/Newcastle/Forster)","956000011704833","Riot","2025-01-15","MALE","","Meet Riot, the epitome of easygoing! With a name that speaks to his spirit, Riot is ready to fill your days with joy and companionship. His gentle nature and playful antics make him an ideal addition to any home looking for a devoted friend. Riot has an amazing disposition that makes him friendly to people and pets alike. He'll fit into almost any living situation that keeps him active and allows him time for fun and an outdoor activities. With a healed fractured hock, it's crucial Riot's new family appreciates the care required to ensure he stays in tip-top shape. Ideally suited for someone who has experience with greyhounds, Riot will thrive in the care of an owner who understands how to bring out the best in him.","riot",""
"2019-11-01","Northern Rivers (Grafton, Lismore, Casino)","956000007851857","Felix","2025-01-15","MALE","","Felix is the card you've been hoping to draw! This interesting lad is definitely personality plus, if not a little odd - in an endearing and adorable way of course! ✅ Absolutely loves people! Both the giving and receiving attention side of it! ✅ Travels very well in the car - so no excuse, he can attend your road trips! ✅ Such a community hero, Felix is a blood donor. ✅ Clever Felix comes to his name - we're not going to lie, he won't come if he doesn't feel like it. But he does know you're calling him 😎 ✅ At only 28.5kg, Felix is quite small for a male greyhound ✅ Felix has been spending time inside his current home - and loving the luxuries of pet life! ✅ Felix is crate trained and could live in an apartment (you'll be pleased to know he is very clean in his crate!) ✅ Loves his toys! So can be easily entertained with some toys he can call his own. ✅ Felix loves the water so get ready for some pool time, beach time, pond time - whatever water time you can offer him! ✅ Felix is happy to either be the only fur baby in your life, or could live with a female dog (he is a bit funny with other males...) - He would still need very slow, gradual introductions to any new dogs. ✅ Felix is good with children. He can get a bit excited so would be suited to kids 10+ years at this stage. If you would like to bask in the comic genius that is funny Felix, enquire or apply to adopt this little fella below!","felix-1",""
"2021-12-01","Hunter Valley (Maitland/ Muswellbrook/Newcastle/Forster)","956000007430766","Boof","2025-01-15","MALE","","Are you looking for a confident, endearing and all-around good boy? Look no further than Boof. A character that will really get the cheeks hurting while you smile from ear-to-ear watching him zoom around. Boof has a nice gentle approach, enjoys cuddles and is a great traveler. At times Boof can be stronger on lead but with re-direction, his manners become seamless. If you're interested in this lovely boy, please apply now :)","boof-3",""
"2021-02-01","Western Sydney (Londonderry)","956000014517890","Jackson","2025-01-15","MALE","","Jackson is a sweet boy with a lot of love to give! He is polite with big and small dogs and would enjoy further socialisation and getting to know other dogs and people! He would enjoy a home with another calm M-L canine companion. We think Jackson would enjoy a quiet neighbourhood to enjoy the serenity, and older respectful children who can give him space when he needs some peace and quiet. We know Jackson will make a wonderful pet! Jackson is available from the Western Sydney adoption centre.","jack-25",""
"2021-04-01","Western Sydney (Londonderry)","956000014888510","Sriracha","2025-01-15","MALE","","This quiet natured boy is friendly with other greyhounds and would enjoy a home who will enjoy building his confidence. A quiet, adults only home or a home with respectful children would suit Sriracha as he learns how to be a pet. He is super smart and enjoying engaging in training activities. He has already learnt ""down"" and ""touch"" on cue! A backyard and quiet neighbourhood will help him settle in, and as a lover of food, enrichment and puzzle toys will go far in helping him settle in. A few hours alone are no problem as he snoozes the day away. He is such a friendly boy once he's warmed up and would benefit from a slow exposure to the big wide world. He loves a cuddle with his handler - see picturtes! Sriracha is available from the Western Sydney adoption facility.","sriracha",""
"2020-07-01","Western Sydney (Londonderry)","956000011722230","Bob","2025-01-15","MALE","","Bob is a quiet soul with a cheerful disposition. He is happy to spend time around other greyhounds making him suitable to live with other hounds or M-L canine companions. Bob is even friendly with smaller dogs on walkies. Bob would enjoy a townhouse or backyard to bounce around and someone to take him on daily walkies. A few hours left alone is no problem with Bob however would suit longer hours alone with a doggie pal to keep him company. Bob is available from the Western Sydney adoption centre.","bob-11",""
"2017-03-01","Western Sydney (Londonderry)","956000009417083","Prince","2025-01-15","MALE","","Prince is a gentle lad who walks lightly on the lead making him a perfect adventure buddy for leisurely strolls. He gets along with other greys and has spent some time around children, too. He is friendly, mature and wise, and suits longer hours alone as a solo pet due to his laid back nature. If you're looking for a chilled out lad with a sweet nature - Prince is your man. Prince is available from the Western Sydney adoption facility.","prince-7",""
"2022-03-01","Western Sydney (Londonderry)","95600000","Conrad","2025-01-15","MALE","","**Conrad is currently in a foster home building his confidence with new surroundings and people** Conrad is a quiet natured, reserved yet affectionate boy. He is polite meeting other big or small dogs when out and about but would suit a home willing to take things slow while he learns about the world around him as he is a young boy with a lot to learn about the big wide world. He could happily co exist with another doggie with a similar gentle temperament. He can be a nervous hound when he’s in a new environment and would suit a home with children who are quiet and respectful as he learns to gain his confidence. Conrad is available from the Western Sydney adoption centre.","conrad",""
"2019-04-01","Western Sydney (Londonderry)","956000006793382","Frankie","2025-01-15","FEMALE","","Frankie is a cheeky happy girl with little bursts of energy, who gets along with greyhounds and even showing to be polite with little doggies too. This happy lady would suit a quiet environment so she can grow in confidence becoming your beloved pet. Respectful/quiet children would enjoy her quiet nature, with a slow introduction to new people and new environments. Another doggie friend will give Frankie a confidence boost. Frankie is available from GAP's Western Sydney adoption centre via appointment.","frankie-11",""
"2014-05-01","Northern Rivers (Grafton, Lismore, Casino)","956000003345879","Moi Moi","2025-01-15","MALE","","Meet Moi Moi, a delightful canine who prances through life with an infectious smile. Raised alongside children from the age of five and up. Moi's easygoing nature and affectionate heart make him an ideal companion for families of all shapes and sizes. Moi Moi's endearing ""antenna ears"" are more than just a charming feature; they make him ever-alert to your presence. Moi Moi's sociable demeanor extends to other animals too. He has met small dogs and remained remarkably unfazed, suggesting he's adaptable and friendly when it comes to making new furry friends. Adopt Moi Moi, and you'll invite endless joy and happiness into your life with this lovable, ear-wagging, prancing pup.","moi-moi",""
"2019-11-01","Southern NSW/ACT (Bulli, Nowra, Goulburn, Canberra)","956000007839827","Turbo","2025-01-15","MALE","","Turbo is a sweet boy who has been living in a suburban area. He has been living comfortably in the yard and is familiar with all the sights, sounds and smells of the local community. Turbo is a sweet sensitive hound who is great company.","turbo-6",""
"2020-01-01","Central West (Bathurst/Dubbo/Coonabarabran)","956000007466986","CC","2025-01-15","FEMALE","","CC!!! CC is an exceptionally affectionate girl who loves to cuddle, give kisses, and receive plenty of scratches. She has a very sweet nature and thrives on human interaction. CC gets along well with all dogs, including Cavoodles, and with the right introduction and supervision, she may also grow to love feline friends. CC is looking for a loving home where she can enjoy lots of cuddles and attention.","cc-1",""
"2019-12-01","Central West (Bathurst/Dubbo/Coonabarabran)","956000007467223","Kevin","2025-01-15","MALE","","Kevin is a calm and easy-going boy with a playful spirit. He has a loving and affectionate nature, enjoying both playtime with toys and quiet moments with his family. Kevin has grown up around children and socializes well with them. He would prefer to be the only dog in the household, allowing him to receive all the love and attention from his family. He would love a family-oriented home where he can be the sole canine companion and enjoy both play and relaxation. Kevin may adapt well to apartment living with the correct training in place.","kevin-5",""
"2020-12-01","Central West (Bathurst/Dubbo/Coonabarabran)","956000007461234","Axel","2025-01-15","MALE","","Let me introduce Axel! Axel is a gentle and loving soul with a beautifully soft nature. He is friendly and sociable with all dogs when introduced and supervised properly. Axel will adapt well to full-time workers and is comfortable with children. Axel would thrive in a home with access to a yard. Axel would love to find a caring environment where he can enjoy affection, have outdoor space, and interact positively with other dogs and children.","axel-1",""
"2018-12-01","Central West (Bathurst/Dubbo/Coonabarabran)","9560000061113926","Sky","2025-01-15","FEMALE","","This is Sky! Sky is a bit shy initially but warms up quickly with a gentle touch. She is very gentle with young children and enjoy snuggling and being patted. Her ideal home would be a home without other dogs or with larger dogs. Sky will adapt to a household with full-time workers, provided she has access to a yard.","sky-5",""
"2021-09-01","Western Sydney (Londonderry)","956000014690790","Milkshake","2025-01-15","MALE","","Young, laid back, loving, friendly and very handsome, Milkshake is made of all the right ingredients to fit your life. Milkshake is a quiet natured boy who would suit a nurturing home with a gentle touch. He is gentle on the lead, and we would love to see his confidence build in a home. Shy by nature and still young, he is bravely learning the ropes here. Another medium to large canine companion could help support his confidence in a home. Respectful children on the quiet/gentle side would suit him the best. Milkshake is going to grow up to make an amazing addition to your life. Milkshake is available from our Western Sydney adoption centre.","milkshake-1",""
"2020-01-01","Western Sydney (Londonderry)","956000012142418","Patrón","2025-01-15","MALE","","Hi, I'm Patrón, the ultimate party starter! I'm a sweet and gentle hound who walks nicely on the lead, too. I can be shy around humans when I first meet them, but don't worry, once I'm uncorked, I'm comfortable I'm a confident boy. Top shelf and refined, I like the finer things in life like toys and treats, and can't wait for a family to think I'm the perfect mix to add to their family. I'm currently waiting to be enjoyed, so grab the lime and salt and come meet me @ the Western Sydney adoption facility.","patron",""
"2020-02-01","Western Sydney (Londonderry)","956000007831768","Hawke","2025-01-15","MALE","","Hi, I’m Hawke, I’m a sweet and affectionate hound looking for a family I can love forever. I’m quite the calm boy and love nothing more then sleeping the day away in the sun, this makes me perfect for full time hours or for someone who is away from the home for long hours every day. My calm nature goes hand in hand with my lead manners too, I promise I will walk perfectly for you when we go on our adventures together. Like all greyhounds, I do have that little burst of energy and do love a short zoom around and to play with my toys, but don’t worry as soon as I’m finished you will find me in bed or laying in the sun. I get on well with the other hounds here at GAP, so if you have a medium – large calm friend for me to hang out with when you're not here then I would love to meet them. I would suit a low small dog populated suburb. If you’re looking for a calm, sweet natured and affectionate companion to come home to every day, look no further because I’m your guy. Please come and meet me at the Western Sydney facility!","hawke",""
"2019-12-01","","956000007837203","Julian","2025-01-15","MALE","","Julian is best described as a distinguished gentleman. He is calm, friendly and an easy-going boy who just goes about his day without a fuss. He's walked around busy streets, schools, shopping centres as well as farms and paddocks. Nothing much fazes Julian, including other large dogs, small dogs and children. He loves people and pats and loves a walk, rarely pulling. Julian would suit most households and make a very special and loving companion who wants to be with you.","julian",""
"2020-12-01","Broken Hill","956000011761022","Tonto","2025-01-15","MALE","","Tonto is a vibrant and friendly Greyhound with a personality that’s as dynamic as it is affectionate. His playful nature and sociable demeanor make him an ideal companion for an active and engaging home. Tonto is full of energy and loves to have fun. His playful attitude makes him a hit with people and other pets alike. He’s always up for a game and enjoys being the center of attention in social settings. With his outgoing and friendly nature, Tonto quickly makes friends wherever he goes. He’s approachable and eager to interact, making him a great addition to any family or social gathering. Tonto has a zest for life and particularly enjoys running. Whether it’s a sprint in the park or a game of fetch, he thrives on physical activity and loves to stretch his legs. Given his energetic and sociable nature, Tonto is best suited for an active home where he can get plenty of exercise and engagement. He’ll thrive in an environment where he can be part of family activities and enjoy regular playtime. If you’re looking for a Greyhound who is playful, social, and loves to run, Tonto could be the perfect fit for you. His enthusiastic personality and love for activity will bring energy and joy to your home.","tonto",""
"2019-12-01","Broken Hill","95600001224681","Emmie","2025-01-15","FEMALE","","Emmie is a lovely Greyhound with a heart full of affection and a playful spirit. Her endearing personality and love for canine companionship make her a delightful addition to any home. Emmie is a charming girl with a naturally sweet disposition. Her gentle and loving nature makes her a joy to be around. Emmie adores human company and thrives on affection. She’s always eager to share her love and will happily snuggle up for some quality bonding time. With a zest for life, Emmie enjoys playful activities and fun interactions. Whether it's a game of fetch, running around in the yard, or engaging in lively play, she brings energy and enthusiasm to every moment. Emmie has a great fondness for other dogs and enjoys their company. She’s friendly and sociable with canine companions, making her a great fit for a home with other dogs. If you’re looking for a Greyhound who is sweet, affectionate, and full of playful energy, Emmie could be the perfect match. Her love for people and canine friends alike ensures she’ll bring warmth and joy to your home.","emmie-1",""
"2019-08-01","Broken Hill","956000007852282","Shay","2025-01-15","MALE","","Shay is a distinguished male Greyhound with a kind heart and an adventurous spirit. Although he may start off a bit shy, his friendly nature and love for exploration make him a wonderful companion for a patient and understanding home. Shay is naturally warm and friendly but might take some time to come out of his shell. Once he feels comfortable, his affectionate and sociable personality shines through. If you’re looking for a male Greyhound with a gentle disposition, a love for exploration, and a preference for medium to large dog companions, Shay could be the perfect addition to your family. His quiet yet affectionate nature will reward you with a deep and meaningful bond.","shay-2",""
"2021-05-01","Broken Hill","9560000131119553","Disco","2025-01-15","FEMALE","","Disco is a spirited and delightful young Greyhound who is ready to bring boundless energy and joy into your life. Her playful nature and love for zoomies make her a perfect match for an active, young family. Disco is a charming young girl with a vibrant personality. Her enthusiasm and zest for life are truly infectious, making her a joy to be around. One of Disco’s favorite pastimes is having a good run, or “zoomies,” where she can let loose and show off her speedy moves. She’ll keep you entertained with her bursts of playful energy and speedy sprints. Disco’s lively nature and affectionate demeanor make her a fantastic fit for an active family. She’ll thrive in an environment where she can participate in family activities, play with kids, and enjoy regular exercise. If you’re looking for a Greyhound who is both loving and full of energy, Disco could be the perfect addition to your family. Her playful spirit and affectionate nature will bring a lot of joy and excitement to your home.","disco-3",""
"2021-02-01","Broken Hill","956000007406364","Ted","2025-01-15","MALE","","Ted is a sweet and sensitive Greyhound with a tender disposition, making him a wonderful companion for the right home. His gentle nature and unique preferences make him an ideal match for a calm and loving environment. Ted can be a bit reserved around men initially. However, with patience and gentle interaction, he can learn to feel comfortable and secure. He responds best to a slow and understanding approach. Ted has a special affection for children and enjoys their company. His gentle and loving nature makes him a great playmate and companion for kids, adding joy and warmth to family life. If you’re looking for a Greyhound with a gentle heart who enjoys the company of children and would thrive in a calm and understanding home, Ted could be the perfect addition to your family. With the right support and a nurturing environment, Ted is ready to share his love and companionship with you.","ted-6",""
"2022-01-01","Broken Hill","956000014497163","Effy","2025-01-15","FEMALE","","Meet Missy and Effie: The Dynamic Duo Missy and Effie are an inseparable pair of Greyhounds with big personalities and hearts full of love. These two are not just pets; they’re a lively, friendly duo ready to bring boundless joy and energy into a new home. Missy and Effie are full of personality and flair. Their unique quirks and endearing behaviors make them a delightful duo, sure to bring endless fun and laughter to their new family. Both sisters are incredibly friendly and enjoy engaging with people and other pets. Their playful spirits make every day an adventure, whether they’re running around, playing with toys, or simply hanging out with their favorite humans. If you’re looking for a pair of Greyhounds who are not only affectionate and playful but also come as a bonded set of sisters, Missy and Effie are the perfect match. They’re ready to bring their joyful presence and loving companionship into your home—together!","effy-1",""
"2022-01-01","Broken Hill","956000014691395","Missy","2025-01-15","FEMALE","","Meet Missy and Effie: The Perfect Pair of Sisters Missy and Effie are an irresistible bonded pair of Greyhounds who are as charming as they are playful. These sisters are a dynamic duo, ready to bring their vibrant energy and affectionate nature into a loving home. Missy and Effie are full of personality and flair. Their unique quirks and endearing behaviors make them a delightful duo, sure to bring endless fun and laughter to their new family. Both sisters are incredibly friendly and enjoy engaging with people and other pets. Their playful spirits make every day an adventure, whether they’re running around, playing with toys, or simply hanging out with their favorite humans. If you’re looking for a pair of Greyhounds who are not only affectionate and playful but also come as a bonded set of sisters, Missy and Effie are the perfect match. They’re ready to bring their joyful presence and loving companionship into your home—together!","missy-17",""
"2022-05-01","Broken Hill","956000015762930","Potter","2025-01-15","MALE","","Meet Potter: Your Ideal Family Companion Potter is a lovable Greyhound with a friendly, easy-going nature that makes him a perfect fit for any family. His affection for people and his gentle, adaptable demeanor ensure he’s ready to bring joy and companionship into your home. Potter has a big heart for people and enjoys being around them. His warm and engaging personality means he’s always eager to be a part of the action, whether it's a cozy family evening or a lively gathering. With his laid-back attitude, Potter fits seamlessly into various lifestyles. He’s adaptable and goes with the flow, making him an easy and delightful addition to any home. Potter has a charming habit of following you around the house. His loving nature means he likes to be close to his favorite humans, sharing in all of life’s moments. Whether you have kids or other pets, Potter’s gentle and accommodating demeanor makes him a great family companion. He’s patient, friendly, and always ready to participate in family activities. If you’re searching for a Greyhound who is affectionate, easy-going, and enjoys being by your side, Potter is the perfect match. He’s ready to become a cherished member of your family, bringing warmth and happiness wherever he goes.","potter",""
"2020-10-01","Broken Hill","956000013069983","Sandy","2025-01-15","MALE","","Sandy is a strikingly handsome Greyhound with a gentle and adventurous spirit. Though he may start off a bit shy, his love for exploration and quiet nature make him a wonderful companion for the right home. With his stunning looks and graceful presence, Sandy is sure to turn heads wherever he goes. His charm is matched by his graceful demeanor. Sandy may need a little time to warm up, but his shyness is simply a sign of his sensitive nature. Once he feels secure, his true, affectionate personality shines through. Sandy has a curious side and enjoys exploring new environments. Whether it’s a leisurely walk in the park or discovering new trails, his adventurous spirit makes every outing an exciting experience. If you’re looking for a handsome Greyhound with a gentle disposition who loves to explore and is happiest in a quiet, loving environment, Sandy could be the perfect addition to your family. He’s ready to embark on new adventures and bring his quiet charm into your life.","sandy-8",""
"2020-05-01","Broken Hill","956000012195521","Gus","2025-01-15","MALE","","Meet Gus: The Gentle Soul Gus is a serene and soft-natured Greyhound who thrives in a calm and loving environment. His gentle demeanor and shy personality make him a unique and endearing companion for the right home. Gus may be a bit reserved at first, but his gentle nature shines through once he feels comfortable. He’s the kind of dog who appreciates a quiet and patient approach, revealing his sweet personality in a calm and loving setting. Gus thrives in a peaceful environment where he can feel secure and relaxed. He’s not a fan of loud noises or bustling activities, so a tranquil home is ideal for him. Despite his shy nature, Gus is friendly and gets along well with other dogs. He enjoys their company and can be a great addition to a home with existing canine companions. If you’re looking for a sweet, soft-natured Greyhound who will flourish in a calm, loving home, Gus is the perfect match. He’s ready to bring his gentle presence and quiet companionship into your life.","gus-8",""
"2019-12-01","Broken Hill","956000007466644","Cossie","2025-01-15","MALE","","Cossie is a strikingly handsome Greyhound with a bold personality and a heart full of affection. This big, confident boy is not just about looks—he’s also a loving companion who thrives on human connection. Cossie carries himself with a natural confidence and poise that makes him stand out wherever he goes. His robust personality ensures he’s always noticed and appreciated. Cossie’s confidence is matched by his strength. He can be quite the puller on the lead, so he would benefit from a handler who’s comfortable with managing a strong, energetic dog. If you’re looking for a Greyhound who’s both confident and affectionate, and you’re up for the challenge of handling a strong, energetic dog, Cossie might be the perfect match for you. He’s ready to bring his charm and cuddles into your life!","cossie",""
"2020-03-01","Broken Hill","956000007464702","Dahlia","2025-01-15","FEMALE","","Dahlia is a charming Greyhound with a personality as vibrant as her name suggests. This happy-go-lucky gal is the epitome of joy, always ready to brighten your day with her playful spirit and affectionate nature. Dahlia's upbeat and friendly demeanor makes her an instant hit with everyone she meets. She's incredibly social, enjoying the company of people and other pets alike. Dahlia is ready to find her forever home where she can share her boundless affection and energy. If you’re looking for a loving, playful companion who’s great with kids and loves water, Dahlia might just be the perfect match for you!","dahlia-1",""
"2021-04-01","Broken Hill","956000007457885","Sparkie","2025-01-15","MALE","","Sparkie is a joyful and spirited greyhound who brings a lot of fun and enthusiasm into any environment. His playful nature ensures there’s never a dull moment when he’s around. While Sparkie enjoys being active and engaging in play, he’s not overly demanding in terms of exercise. He has a balanced energy level that makes him adaptable to a variety of activity levels. Sparkie has a strong inclination towards playtime. He’s always on the lookout for opportunities to engage in games, whether it’s chasing toys, playing fetch, or simply frolicking in the yard. An active family or individual who enjoys playing with their dog and engaging in regular interactive activities would be ideal for Sparkie. He thrives in environments where he can be an active participant in family fun. Sparkie is a happy, playful greyhound looking for a home where his joyful and spirited nature can shine. If you’re ready to embrace his playful antics and provide a balanced lifestyle with plenty of opportunities for fun and engagement, Sparkie is eager to bring his energetic charm into your life.","sparkie",""
"2020-12-01","Broken Hill","956000011711693","Jb","2025-01-15","MALE","","JB is a gentle and reserved greyhound who may initially be a bit timid around new people and situations. His shyness is part of his endearing charm, and he requires a bit of patience to come out of his shell. JB is a serene and low-key companion. He prefers a calm and peaceful environment, and his quiet demeanor means he’s more likely to observe and take things slowly rather than seek constant attention. JB is a shy, independent greyhound looking for a tranquil home where he can enjoy his own company and gradually build trust with his new family. If you’re seeking a serene and self-sufficient companion who appreciates a quiet lifestyle and gentle companionship, JB may be the perfect match for you.","jb",""
"2019-02-01","Broken Hill","956000006813810","Comet","2025-01-15","FEMALE","","Comet is a gentle and reserved greyhound who may take a little time to warm up. Her initial shyness is a reflection of her cautious nature, but with patience and kindness, she reveals her sweet personality. When Comet feels secure and builds trust with her new family, her affectionate and loving nature shines through. She forms deep bonds and becomes a loyal and devoted companion. Comet is a sweet and gentle greyhound looking for a serene and understanding home where her shy nature can be nurtured. If you’re a quiet individual with a loving heart who can offer patience and a calm environment, Comet is ready to bring her loving and reserved charm into your life.","comet-1",""
"2020-10-01","Broken Hill","956000007399412","Shifty","2025-01-15","MALE","","Shifty is a gentle and affectionate greyhound who loves cuddling and being close to his humans. His soft demeanor makes him a perfect snuggle buddy, always ready to offer comfort and warmth. Shifty has a relaxed and easygoing nature. He’s perfectly content to lounge around the house, enjoying a leisurely day without needing constant stimulation or activity. Shifty adores being around people. His ideal day involves spending time with his human family, whether it’s lounging on the couch, enjoying a gentle stroll, or simply being in their company. Shifty is a sweet, laid-back greyhound looking for a loving home where he can enjoy the quiet comforts of life and be close to his human family. If you’re seeking a gentle, affectionate companion who values cuddles and companionship, Shifty is ready to bring his soft and sooky nature into your life.","shifty",""
"2021-12-01","Broken Hill","956000012903618","Pam","2025-01-15","FEMALE","","Pam is a friendly and well-adjusted greyhound who has had extensive positive interactions with other dogs and people. Her outgoing nature makes her a joy to be around and ensures she fits well into various social settings. Pam gets along exceptionally well with her canine companions. Her easygoing and sociable demeanor makes her a perfect playmate for other dogs, whether they’re big or small. Pam’s gentle and affectionate nature makes her an ideal choice for a young family. She’s patient, loving, and enjoys being part of family activities and playtime. Pam is a sweet, social, and family-oriented greyhound looking for a loving home where she can share her affectionate nature and enjoy being part of a young family’s daily life. If you’re looking for a friendly and well-rounded companion who gets along great with other dogs and is ready to be a cherished member of your family, Pam is the perfect match!","pam-2",""
"2020-12-01","Broken Hill","953010004957285","Cash","2025-01-15","FEMALE","","Cash is a confident and self-assured greyhound who enjoys her own space. She's comfortable doing his own thing and appreciates having time to himself as well as engaging with her family on her terms. Cash has a playful side that shines through in her love for zoomies. She’s always ready to burst into action and show off her impressive speed and agility. Cash has a special fondness for water. Cash is a dynamic and fun-loving greyhound looking for a home where her independence and playful nature can flourish. If you’re ready to provide her with space to run, water to splash in, and plenty of toys to chase, Cash is eager to become a cherished member of your family!","cash-4",""
"2021-06-01","Broken Hill","956000014506260","Sub","2025-01-15","FEMALE","","Sub is a joyful greyhound whose enthusiasm and positive energy are truly contagious. She approaches each day with a wagging tail and a bright smile, spreading happiness wherever she goes. She is a high-energy girl who thrives on regular physical activity. Her zest for life is evident in her love for playtime and her eagerness to engage in various activities. Sub absolutely adores zoomies! She loves to let loose and sprint around her playful bursts of speed are a sight to behold. Sub is a vibrant and spirited greyhound looking for an energetic home where her zest for life can shine. If you’re ready to embrace her joyful nature and provide a dynamic environment, Sub is eager to become your new best friend!","sub-1",""
"2019-12-01","Broken Hill","956000006807059","Corene","2025-01-15","FEMALE","","Corene carries herself with a natural poise and assurance. She navigates new environments and situations with a calm self-assuredness that makes her a standout companion. Corene loves to stay on the move. Whether it’s a brisk walk, a run in the park, or playtime in the backyard, she’s always ready for an adventure. Corene’s curiosity knows no bounds. She’s always exploring her surroundings with an eager eye, making sure she’s aware of all that’s happening around her. Corene gets along well with medium and large dogs. She’s confident and social, but her interactions are best suited for companions of similar size and energy levels. Smaller dogs may find her enthusiasm overwhelming. Corene is a spirited and delightful greyhound ready to bring her energy and enthusiasm into a loving home. If you’re looking for a confident and active companion, Corene might be the perfect match for you!","corene",""
"2021-07-01","Broken Hill","956000014490567","Jasper","2025-01-15","MALE","","Meet Jasper, a dashing greyhound with a heart as big as his gentle eyes! Jasper is the epitome of relaxation and charm, embodying the perfect blend of social butterfly and cuddle enthusiast. His easygoing nature makes him a breeze to be around, whether you're lounging at home or out for a stroll. Jasper thrives on affection and has a remarkable talent for making everyone he meets feel special. He’s a true connoisseur of hugs and pats, always ready to lean in for some extra love. His calm demeanor and friendly attitude make him a wonderful companion for both lively gatherings and quiet evenings. If you’re looking for a loving and relaxed furry friend who will brighten your days with his warm snuggles and cheerful presence, Jasper is your perfect match!","jasper-4",""
"2021-12-01","Broken Hill","956000013129374","Nash","2025-01-15","MALE","","Nash is a happy-go-lucky greyhound with a heart full of love and a spirit that’s impossible not to adore. This sweet and playful boy is the perfect addition to any family looking for a loyal and affectionate companion. With his friendly demeanor and boundless energy, Nash is a social butterfly who gets along with everyone he meets, making him an excellent family pet. Nash's enthusiasm for life is infectious. Whether he's playfully bounding around the yard or snuggling on the couch, his joy is evident and brings smiles to everyone around him. Nash is a true peoples dog, thriving in social settings and getting along splendidly with other pets and children. Nash is not just a pet; he’s a bundle of joy who brings endless happiness to those around him. If you’re looking for a sweet-natured, playful, and well-socialized greyhound to brighten your life, Nash is the perfect match. Come meet him and discover the joy he can bring into your home! Apply today!!","nash-1",""
"2020-10-01","Broken Hill","956000012888828","Crash","2025-01-15","MALE","","Crash Is a spirited and joyful greyhound with a heart as big as his playful energy. True to his name, he loves to dash around with boundless enthusiasm, especially when a toy is involved. Crash's other favourite pastime is a splash in his shell pool! Crash is great with all other doggie friends and enjoys his interactions. He would make an ideal companion to an active family who loves life as much as he does! If Crash sounds like your man apply today!!","crash-1",""
"2020-12-01","Western Sydney (Londonderry)","956000007364368","Winfield","2025-01-15","MALE","","Pretty boy Winfield is ready to strut his stuff straight into your lounge room. Winfield would enjoy a backyard for zoomies and an owner who can show him the best of what pet life has to offer. Winfield is new to all this ""pet stuff"" but is a cheerful and engaged boy who would suit a home with children to have play time with. Shorter hours alone would suit Winfield as he finds his feet in his forever home and we think further training would help Winfield be the bestest boy he can be! Winfield is available to adopt from our Western Sydney adoption centre","winfield",""
"2021-07-01","Riverina (Wagga, Temora, Gundagai, Griffith)","956000012864177","Willow","2025-01-15","FEMALE","","Willow is an absolute sweetheart. She is only 24kg and is fun, friendly and playful, but not over the top. She loves everyone and gets along with other greyhounds and small breeds, a fluffy Pomeranian and playing with an active Jug in the backyard. She would also get along with other breeds being an easy-going girl who fits in wherever she goes, also enjoying playing with young teenage kids (13+), toys, footballs and is easy to walk on the lead. Willow is a joy to be around and she's not fussy about what she eats She's has had some house experience but is a quick learner and when she finds her new home she will make a beautiful family girl and love you to the moon and back. 💘","willow-7",""
"2022-05-01","Northern Rivers (Grafton, Lismore, Casino)","956000014527744","Banjo","2025-01-15","MALE","","Banjo is a beautiful fawn boy with a sweet and gentle nature. He may appear quite reserved at first, he tends to take his time warming up to new people, but don't let that initial reserve fool you. Once he feels comfortable and trusts you, Banjo reveals his truly outgoing and playful nature. He is very dog social and has interacted with both small and large dogs. He's comfortable around other dogs and seems to thrive in their company, becoming noticeably more settled and relaxed when they are around. Banjo walks well on a lead and would make a great companion to take out on long walks. Happy to be handled, Banjo is ready to become a loyal friend to the right person. Adopt Banjo today and experience the joy of watching his true personality shine through!","banjo-4",""
"2020-12-01","Broken Hill","956000012142608","Circles","2025-01-15","FEMALE","","Meet Circles, a delightful light fawn with a heart as warm as her sunny coat. Known for her playful spirit and affectionate nature, Circles loves to socialise with both humans and furry friends alike. Her charming personality shines through in everything she does - whether she's dashing around doing zoomies in the yard or lounging on the couch, she brings a smile to everyone's face. Circles is particularly excellent with small dogs, showcasing her gentle and friendly disposition. She seems to make friends wherever she goes and enjoys the company of other canines whether big or small in size. She is just a social butterfly! If you can't possibly look past this beautiful girl, then apply to adopt her today!","circles",""
"2019-04-01","Broken Hill","956000006668174","Dig","2025-01-15","MALE","","Dig is a happy, outgoing and social boy who just enjoys being in the company of others! He is very friendly and has a fun and playful side. His playful antics, from spontaneous zoomies to gentle nudges for attention, are sure to bring smiles and laughter to anyone lucky enough to be in his presence. His playful yet relaxed attitude makes him a favorite among both canine and human companions. He has experience living with other greyhounds and also gets on great with small dogs. He is very social with humans and dogs alike. He doesn't take much notice of being in a new environment or meeting new people. He is extremely relaxed and playful! Dig's playful energy and gentle heart make him the perfect companion. If you think you could be the one to give Dig the forever home he deserves, apply online today!","dig-4",""
"2020-08-01","Central West (Bathurst/Dubbo/Coonabarabran)","956000007837815","Cleo","2025-01-15","FEMALE","","Cleo! Cleo is a gentle & sweet natured girl. She is patient, kind & loving. Cleo will stand by your side loyally, enjoying every moment with you. Cleo loves a cuddle & a good scratch behind the ears. She walks well on a lead, taking in the sights & smells around her. With the correct slow introduction, Cleo will more than likely become best buddies with your other canine family member. Cleo can't wait to meet you :)","cleo-2",""
"2022-03-01","Hunter Valley (Maitland/ Muswellbrook/Newcastle/Forster)","956000007430635","Blue","2025-01-15","MALE","","This is our big boy Blue! This docile character is a dream to have around. He is playful and outgoing but also understands there is a time for alone time. Blue is confident but still being young some things can through him off guard. Blue is happy to be paired up or alone, he is clean & quiet.","blue-7",""
"2021-02-01","Hunter Valley (Maitland/ Muswellbrook/Newcastle/Forster)","956000007443454","Turbo","2025-01-15","MALE","","This is our independent boy Turbo. Turbo is happy to keep to himself and cruise around, he will come to you when he's looking for a cuddle and some love. He is happy to do his own thing, he at times can be a big goofball and show off his greyhound mannerisms. Whilst Turbo is a big goofy he can still be a bit skittish at loud noises/sudden movements so someone with experience would be great!","turbo-5",""
"2021-02-01","Hunter Valley (Maitland/ Muswellbrook/Newcastle/Forster)","956000007466087","Curly","2025-01-15","MALE","","Are you looking to add a bit of daily fun to your day? Look no further than Curly! What a character he is, if he isn't sunning himself, he's definitely showing off. Curly suffered a hock fracture in March 2024 but can still notice a slight limp, however, that certainly doesn't stop him! He is go-go-go and loves to zoom around. Curly travels well in both car and trailer and loves to meet new people.","curly-2",""
"2020-02-01","Hunter Valley (Maitland/ Muswellbrook/Newcastle/Forster)","956000007828567","Bailey","2025-01-15","MALE","","Are you looking for a new furry companion to help bring out of their shell? Bailey would be the ideal companion for you! Bailey is our beautiful nervous nelly, he loves his routine and the people he is around all the time, but new people can make him revert into his greyhound bubble. Bailey is searching for home that is quiet and will allow him the time to really show off his personality. He would suit an avid Knights fan as he enjoys spending his Sunday afternoons by the TV, Bailey enjoys basking in the sunshine and having a splash at the beach. He is currently living inside/outside and is quiet and relaxed, he is okay to be left alone so long as he is in his safe spot. If you're interested in meeting Bailey boy, please reach out :)","bailey-3",""
"2021-03-01","Hunter Valley (Maitland/ Muswellbrook/Newcastle/Forster)","956000011711301","Ginny","2025-01-15","FEMALE","","Meet Ginny! Our sweet and playful girl, who if you were cuddling, couldn't get close enough. Ginny loves to zoom around and show off her puppy energy, she is loads of fun and your days will be filled with laughter from her characteristics. Ginny can be quite excitable and jumps up but something that we can work with during some training.","gin-6",""
"2019-02-01","Hunter Valley (Maitland/ Muswellbrook/Newcastle/Forster)","956000005404498","Clarkey","2025-01-15","MALE","","This is our gorgeous Clarkey! Clarkey is quite a character and a big social butterfly, but also understands the importance of his own independence & happy to explore his surroundings. He rarely barks and is currently working on socialising with his frenchie & maltese house mate. Clarkey loves a good neck scratch and a quick zoomie in the yard. If you would like more information, please reach out.","clarkey",""
"2021-06-01","Hunter Valley (Maitland/ Muswellbrook/Newcastle/Forster)","956000007423115","Sunny","2025-01-15","MALE","","As handsome as they come, a little ray of sunshine has come into the world, a little ray of sunshine in the shape of our beautiful boy Sunny! GAP's very own Sunny is ready to brighten your day and find his forever home. Sunny would enjoy a home with respectful children and a backyard to romp around. Sunny has gotten along well with the other greyhounds he has met and would be suitable to live in a home with another large breed dog with an equally polite nature. Like sunshine on a cloudy day, Sunny is ready to brighten up your world with his adorable, quirky and sweet personality! If you think Sunny sounds like the perfect companion for you then apply today! If you want to brighten your home and life with this radiant boy, enquire or apply to adopt Sunny below!","sunny-5",""
"2019-04-01","Southern NSW/ACT (Bulli, Nowra, Goulburn, Canberra)","956000011586815","Paulie","2025-01-15","MALE","","Paulie is a charming boy who is comfortable being left on his own while your at work or out. He is very engaging and playful. He likes his walks and is very good on the lead.","paulie",""
"2018-03-01","Hunter Valley (Maitland/ Muswellbrook/Newcastle/Forster)","956000009596781","Nando","2025-01-15","MALE","","This gorgeous boy is Nando! Nando is one of a kind, he travels well, loves to be social but also boasts independence. He likes to spend his day basking in the sunshine and running amuck with his siblings. Nando is a bigger boy and whilst he has been around children, he may be more suited to a family with older children for this reason. If you're interested in getting to know Nando more, please reach out!","nando",""
"2019-08-01","Hunter Valley (Maitland/ Muswellbrook/Newcastle/Forster)","956000012247543","Bentley","2025-01-15","MALE","","Meet our easy going, fun-loving boy Bentley. He's ought to be the most handsome on the block, with responsive lead manners and some indoor house experience! Bentley approaches softly for a pat and is confident within himself when out and about meeting new people, he's always wanting to say hello. He's eager to please and is so ready to jump straight into pet life.","bentley",""
"2021-01-01","Western Sydney (Londonderry)","956000013017444","Secret","2025-01-15","MALE","","Shhh.. Don’t speak too loud! He is our little Secret! This gorgeous boy is on the gentle and reserved side, and has that wonderful placid nature we all love in greyhounds. He has lovely leash manners and is so very gentle when taking treats. Secret copes well on his own, is showing to have appropriate manners with other dogs, after some initial excitement and is turning into a big leaner who is super affectionate! We feel Secret would do well in a home with a yard, either on his own or with a med/large canine friend, part time workers and respectful children. Secret is available now at our Western Sydney facility.","secret-3",""
"2020-03-01","Hunter Valley (Maitland/ Muswellbrook/Newcastle/Forster)","956000012227525","Dixie","2025-01-15","FEMALE","","Meet our playful girl, Dixie. Dixie is a bundle of joy who loves to bound around and play. She is full of quirky characteristics like leaning on you for a pat, bowing to play. Dixie would suit a family that has an active lifestyle to burn some of her built up energy, she isn't a fan of other dogs invading her space. If you are interested in knowing more about Dixie please apply today.","dixie-3",""
"2021-12-01","Hunter Valley (Maitland/ Muswellbrook/Newcastle/Forster)","956000012896105","Sam","2025-01-15","MALE","","Meet Sam! Sam is quite a character; he's always eager to remind you of his presence. He's strong on the leash, so the ideal home for him would be one with an active lifestyle to help him channel his abundant energy. Sam is quite the socialist, so your daily walks will consist of meeting and greeting everyone that strolls past. Sam has not been assessed with small dogs or cats.","sam-9",""
"2021-02-01","Hunter Valley (Maitland/ Muswellbrook/Newcastle/Forster)","956000011580378","Donna","2025-01-15","FEMALE","","This gorgeous girl is Donna. Donna is a sweet, petite girl, who is still quite young and hyper. She would benefit from having a new companion who is able to give her time to open up and become more trusting of others. Donna is always interested in what her human family are doing and following around. She is quite active and would benefit from daily activities to desensitise her, as well as burn her energy. Donna travels well in a car and has been socialised with a dachshund as well as chickens and they do not faze her.","donna",""
"2020-01-01","Central West (Bathurst/Dubbo/Coonabarabran)","956000007373708","Batman","2025-01-15","MALE","","Na-Na-Na-Na-Na-Na-Na-Na BATMAN!!! Batman is a very sweet boy. He'll swoop on in & heal your heart. He is confident going on walks but can be a little shy when meeting new people. It doesn't take him long though to find your hands for those never-ending ear scratches! With the correct introduction & supervision, Batman could become best friends with your smaller canine companions. He could also adapt to living in an apartment & spending time on his own. Start an application & arrange to meet Batman. He can't wait to find his new home :)","batman-1",""
"2022-02-01","Central West (Bathurst/Dubbo/Coonabarabran)","956000007423998","Zarva","2025-01-15","MALE","","Meet Zavra! Zarva is a very sweet natured boy. He is very curious & interested in the world. He positively interacts with those around him; children & smaller dogs :) Zarva wants to be involved. He'll be happy doing almost about anything. Whether it's a family movie day or spending a day outside going on adventures :) Enquire now & arrange to meet Zarva!","zarva",""
"2020-12-01","Western Sydney (Londonderry)","956000007375137","Joey","2025-01-15","MALE","","Sweet and unmistakable, Joey is here to sweeten up your life with his calm and friendly nature. This handsome lad doesn't put a paw wrong! Joey is an easy going boy with a laid back temperament, making him suitable to part time hours left alone or a home with another M-L canine companion. He would lap up the attention from calm children, too! Joey would enjoy a townhouse or backyard to romp around and could do longer hours alone if he had a canine companion. You will find him at our Londonderry Western Sydney adoption centre!","joey",""
"2020-01-01","Central West (Bathurst/Dubbo/Coonabarabran)","956000007374897","Cozy","2025-01-15","MALE","","Cozy boy! Handsome, delightful & charming Consentino! This is boy loves to explore, adventure & play. Cozy would love to find an active family. Would love to find some little people to run around with outside after school. He wouldn't mind being the only dog at home or befriending your other canine companions :)","cozy",""
"2019-10-01","Central West (Bathurst/Dubbo/Coonabarabran)","956000007831743","Hazel","2025-01-15","FEMALE","","Please to introduce Hazel! Hazel is a super confident, happy & playful girl. Loves to get out & explore new surroundings. Hazel gets along with all doggies, even the smaller fluff balls. With the correct supervision & introduction, Hazel might even become great friends with your kitty cats! Hazel has grown up around smaller kids, so she'll get along with your little ones as well :)","hazel-3",""
"2019-10-01","Central West (Bathurst/Dubbo/Coonabarabran)","956000007836854","Selena","2025-01-15","FEMALE","","Selena is just a little lady still learning about the world & new people. Selena can come across as a little shy, weary & unsure at first but in time, as she gets to know you, she'll open up & become a very loyal & loving companion. Selena needs to find her perfect home. A quiet family with the time & patience she needs to grow.","selena",""
"2021-02-01","Central West (Bathurst/Dubbo/Coonabarabran)","956000014502132","Gloria","2025-01-15","FEMALE","","Charming Gloria! Excitable, social, loving Gloria! She is just a gem! Social butterfly! Gloria loves everyone, especially kids :) Loves to run & jump around, playing chase. She can become very excited whilst playing, sometimes forgetting how big she is :) To sum it up, Gloria is just a glorious girl :)","gloria-1",""
"2018-12-01","Central West (Bathurst/Dubbo/Coonabarabran)","956000006815825","Tania","2025-01-15","FEMALE","","This is Tania :) Tania is a lady who needs to find the perfect home. Tania can be very shy at first. It takes her a little while to open up & start to feel comfortable. Tania needs a quiet home. A home that will give her the space, patience & love to grow and learn. Once settled & feeling more like herself, Tania is very loyal & playful towards with her person.","tania",""
"2019-05-01","Central West (Bathurst/Dubbo/Coonabarabran)","956000006804513","Hulk","2025-01-15","MALE","","The mighty Hulk! Hulk is stunning man searching for his perfect home. He is a big strong boy who would benefit from having an experienced owner. He can take some time to settle in & start to feel comfortable. Hulk needs someone able to offer endless love, support, warmth & head scratches :)","hulk-1",""
"2020-03-01","Central West (Bathurst/Dubbo/Coonabarabran)","956000007830389","Charlie","2025-01-15","MALE","","This is Charlie Boy! Charlie is a very handsome man... and he knows it! Charlie is eager to explore & learn about the big wide world around him. He is a confident boy who would get along well with medium-larger dogs. With the correct introduction & supervision, Charlie could potentially fall in love with your smaller canine pal as well. He is a fit, playful & energetic boy! Charlie loves to play chase so please have a bundle of toys ready for him :)","charlie-11",""
"2016-07-01","Central West (Bathurst/Dubbo/Coonabarabran)","956000005412613","Maisie","2025-01-15","FEMALE","","Meet Maisie! She might have the age of a senior lady, but definitely doesn't show it! Maisie is sweet curious girl. Eager to explore & learn. She might take a little while to warm up but once she does, she is full of character. Maisie would be best suited to a home with bigger dogs only, or a single dog home. Older kids to play with her preferred. Maisie would become a very loyal part of your home once settled & feeling comfortable :)","maisie",""
"2021-11-01","Western Sydney (Londonderry)","956000007434336","Forest","2025-01-15","FEMALE","","Forest Foster update: Forrest is such a sweet girl. She is starting to come out of her shell and get cheekier and more playful each day. She is still a little cautious on walks and often needs a moment to stop and take everything in before setting off again. Forrest has been on a few group greyhound walks and seems to do really well with the other hounds, they encourage her to keep going. She will never say no to a treat! She loves playing with toys and has started to now carry them around and take them outside. She is very playful, but also sometimes likes to stay lying down. She will come and greet you with her sweet face when you get home, and often have a little play from excitement! I am certain anyone who meets this gorgeous girl will fall in love! She would suit a home with a M-L canine companion and would enjoy a backyard to romp around. Her best-suited home is a home that doesn't need daily walks as the big wide world is still a bit intimidating. Miss Forest is such an affectionate girl with a super high food drive so we think she is going to make a wonderful pet. Not to mention Forest also knows a cute command called ""touch"" where she boops your hand. Kids on the gentle side are just fine for Forest and as she is a young girl, she will have many amazing years to grow (with them) as a beautiful pet. If you're ready to open your heart and home to Forest, the process is simple! Just reach out to our adoption team to schedule a meet-and-greet.","forest",""
"2019-12-01","Central West (Bathurst/Dubbo/Coonabarabran)","956000007828857","Piccolo","2025-01-15","MALE","","Sweet, sweet Piccolo! Piccolo is a gorgeously happy & beautiful girl. She is very affectionate & playful. Absolutely adores a good snuggle! Piccolo loves to show off her moves & speed with a good zoomie outside! Piccolo has grown up around small children that visit her & other breeds of med-large dogs. Piccolo is ready to find her forever home! Make her yours & arrange a meeting :)","piccolo",""
"2020-03-01","Central West (Bathurst/Dubbo/Coonabarabran)","956000007831706","Zuma","2025-01-15","MALE","","Meet Zuma! If your little ones are Paw Patrol crazy, then Zuma is the dog for you! Zuma is a gorgeous boy. Once comfortable, he is really affectionate, sweet & playful. He has grown up around other breeds of dogs & interacts fine with them. He is visited often by small people & loves them! Once feeling at home with his new family, Zuma will adapt quickly to his new lifestyle. Whether that be a house & yard or a unit with smaller courtyard. Arrange a meet & greet and make Zuma yours!","zuma",""
"2019-01-01","Central West (Bathurst/Dubbo/Coonabarabran)","956000006792547","Dutch","2025-01-15","MALE","","This is Dutch! Dutch is a beautiful fawn coloured boy. Dutch needs a specific home & people able to offer him the love & patience he deserves. Dutch needs a quiet home & lifestyle. A place where he is offered love & support to grow and come out of his shell. With time, Dutch will become a very loyal member of your family... He just needs to get there :)","dutch-2",""
"2017-04-01","Western Sydney (Londonderry)","956000009573797","Jimmy (Western Sydney)","2025-01-15","MALE","","*Jimmy is in a foster care home - enquire with the GAP team for more info** Say hello to Jimmy! The incredibly handsome and loveable boy stealing hearts at GAP. Jimmy's photos really don't do him justice! He is such a gorgeous boy with the most enchanting puppy dog eyes and big fox-like ears. Jimmy is a happy boy and loves people. He can be excited in new environments and would do really well in a quiet home that he can explore at his own pace. He would love a backyard to stretch is long legs out in and play with his toys. A daily walk or even just playing in the backyard is all this boy needs to keep him happy! Jimmy likes to meet other greyhounds on walks but at this point would prefer to be the only dog in your home. A family with older children who have experience with bigger dogs could be suited to Jimmy. If Jimmy sounds like the perfect addition to your home then apply to adopt him today!","jimmy-4",""
"2020-07-01","Central West (Bathurst/Dubbo/Coonabarabran)","956000011712626","Starsky","2025-01-15","MALE","","Starsky! This handsome boy is such a gentleman! He is such a good boy! Very polite, easy going, patient & kind. He loves to cuddle, be with his people, whether they be big or small. He is great around dogs his size or smaller. Nothing seems to worry Starsky! He would adapt to living in a smaller home & yard with the correct introduction to his new life.","starsky",""
"2021-09-01","Central West (Bathurst/Dubbo/Coonabarabran)","956000007828261","Boland","2025-01-15","MALE","","Charismatic Boland! This boy is a ball of fun! Hilarious & confident character! He loves his zoomies. Backyard preferred. Boland is fine with all dogs, his size & smaller. Boland spends time with his small humans & loves them! He is an energetic fellow that would love to play with the kids in the backyard after school. Boland has a heeled leg injury which he can sometimes carry or rest but it surely doesn't stop him from taking on the world!","boland",""
"2021-12-01","Central West (Bathurst/Dubbo/Coonabarabran)","956000013041216","Pikachu","2025-01-15","FEMALE","","Pokémon fan?! Then Pikachu is for you! Pikachu is a delightful lady! Once comfortable with her new person, she is incredibly friendly & affectionate. A big love bug! Super sweet temperament. Lives well with other dogs her size & smaller. Has spent time around little people & just loves them! Pikachu, once settled into her new home, will adapt to her new lifestyle well. Whether that be in an apartment, with full-time workers or living with a smaller yard.","pikachu-1",""
"2021-11-01","Northern Rivers (Grafton, Lismore, Casino)","956000013042829","Sed","2025-01-15","MALE","","Meet Sed, the gentleman of dogs. He is one extraordinary chap with his steady, easy-going manner that effortlessly endears him to everyone he meets. Sed is a wonderful family dog as he is incredibly fond of children. He just seems to understand the need to be patient and gentle with our little champions. His easy-going personality makes him a joy to have as a part of your family. Sed also has an unexpected soft spot for small dogs. His interactions with them are simply charming, reflecting his gentle nature because despite his larger size, he has no issues giving way and tagging alongside smaller dogs in a respectful manner. It's clear that his ""big brother"" solicitude extends across species One of Sed's most endearing characteristics is his love for water. Bring out a hose or fill a kiddie pool, and you'll see him splash around with the excitement of a pup. In short, Sed would be a fantastic addition to a home where he can be adored by children, occasionally indulge in his love for water frolics. His calming presence and easy-going nature are sure to fill your home with joy and a whole lot of love.","sed",""
"2021-02-01","Northern Rivers (Grafton, Lismore, Casino)","956000011586365","Uzzie","2025-01-15","MALE","","Meet Uzzie, a laid-back and lovable four-legged friend known for his warm personality and love for life. Uzzie's easy-going nature makes him a relaxed companion, an ideal mate to have by your side while you enjoy a quiet cup of coffee or lazy Sunday afternoons. One of Uzzie's favourite pastimes is going for car rides. Just mention the word ""ride"", and he's ready and wagging! Whether going across town for a vet visit or heading into the countryside for an afternoon adventure, Uzzie is the perfect co-pilot. H Uzzie may not be a social butterfly, but he knows how to play well with his peers, especially small dogs. His friendly and calm disposition makes him a dream to have around, not just for humans but also for furry friends. If you already have a small dog in the house looking for a buddy, Uzzie could be the perfect companion. What's more - during quiet times, Uzzie is comfortable being independent and can sit quietly by your side while you sip your drink and carry on a conversation. He enjoys being around people, but he respects your space and knows when to give you your alone time. All in all, Uzzie is an easy-going, sociable, and well-mannered pet who would make a heartwarming addition to any family or individual looking for a calm and steady companion. He is all set for the next chapter of his life, and with just one look at his joyful wag, you'll see that Uzzie's ready to share some great times with you!","uzzie",""
"2017-01-01","Northern Rivers (Grafton, Lismore, Casino)","956000004876814","Trunk","2025-01-15","MALE","","Meet Trunk, an easy-going and gentle soul who's ready to bring a tranquil rhythm to your life's melody. This calm, mature canine companion is eager to share his heart and years of canine wisdom with a loving new family. Trunk is a dog of simple pleasures. He leans into his peaceful nature, enjoying a laid-back lifestyle best suited to slow strolls around the neighbourhood, followed by long, cozy evenings curled up by your feet. His idea of a perfect day is a good ear scratch and a belly rub - nothing makes him wag his tail more! Extremely social, he gets on splendidly with all dogs, being the kind of mature gent who makes friends easily without needing to be the center of attention. An older soul, Trunk has the great advantage of being crate trained, making him a great companion for those who value some structure to their daily routines. Easy-going, affectionate and wonderfully calm, Trunk has a heart of gold. He's looking forward to stepping into his new life as the tranquil, loving companion of a lucky adopter. If a serene stroll partner, an affectionate friend, and a peaceful presence are what you're seeking, Trunk would be thrilled to meet you!","trunk",""
"2018-02-01","Northern Rivers (Grafton, Lismore, Casino)","956000009483201","Toby","2025-01-15","MALE","","Introducing Toby, a powerhouse of love and fun. An exuberant personality wrapped up in a canine exterior, Toby will keep you entertained with his friendly antics. This tough pup is the epitome of strength and vitality, yet his heart yearns for human connection. Toby is a social butterfly and enjoys being the center of attention. Toby has had experience with smaller dogs and though he can be a bit assertive, he would prefer a medium to large breed female companion. His playful demeanor is a joy to everyone he meets. He can have an excitable streak, however, so future pet parents need to be ready for an energetic companion. With a heart as strong as his physical build, Toby forms strong bonds with his human companions. He is always ready for fun and games – his burst of energy can be contagious. In the right home, Toby has the potential to be an active, entertaining companion. His strength and liveliness will do well in a family who loves being outdoors and leading an active lifestyle. His affectionate character and robust personality make Toby a candidate for someone looking to inject fun into their home and life.","toby-5",""
"2018-10-01","Northern Rivers (Grafton, Lismore, Casino)","956000006809580","Spike","2025-01-15","MALE","","Meet Spike, the dog who will make every journey an adventure. This lovely boy is not only an excellent traveller, but he is a social butterfly, too. Spike's friendly and easy-going nature is all you could ever want in a companion. He thrives in the company of others and is known for his cordiality toward other dogs. Spike has a deep love for his best mate and lead, expanding his world into a real-life adventure. With every walk, every new path, his excitement is contagious. His biggest joy is exploring the great outdoors with his trusted human by his side. If you're looking for a fun-loving, friendly, and easy-going companion who loves good company and lots of walkies, Spike could be the perfect match for you. This delightful boy is all ready to embark on a new journey with a family who will love him as dearly as he's sure to love them.","spike-5",""
"2019-10-01","Northern Rivers (Grafton, Lismore, Casino)","956000007853903","Nonny","2025-01-15","MALE","","Introducing Nonny, a canine companion who's a social delight! He is a friendly pooch who loves to mingle with other small dogs and greyhounds. Nonny has met small breed dogs and while he was well behaved being the exhuberant fellow he is supervision is a must. Nonny particularly enjoys chilling on the couch on the verandah, soaking up the sunlight or enjoying a cool breeze. This dog truly knows how to relax and will make a great porch buddy for those lazy afternoon siestas. An absolute gentleman when it comes to outdoor activity, Nonny walks well on a lead. Imagine him being your loyal partner on those wonderful morning or evening walks, appreciating nature together and keeping each other fit. If you're looking for an affable, sociable, and lovable canine friend, then Nonny is waiting for you! His charm and engaging character make him the perfect pet to join you in your exciting adventures as well as your relaxing downtime. Why not meet Nonny and let his charismatic presence brighten up your world.","nonny",""
"2019-04-01","Northern Rivers (Grafton, Lismore, Casino)","956000006171268","Ruby","2025-01-15","FEMALE","","Ruby, a lovely female dog, is excitedly waiting to find her new family. Her warm, intelligent eyes seem to tell a story all their own, and her joyful enthusiasm is wonderfully contagious. Ruby is already house-trained and has been living comfortably in a home environment. Ruby is happy to sleep on a bed near her owner. Ruby loves to play with toys so a family who will join in the fun would be ideal. When it comes to getting along with other dogs, Ruby is a social butterfly. Provided her canine companions are friendly and well-mannered. Ruby promises to fill your home with warmth, laughter, and irresistible doggy cuddles. She brings with her a burst of joy that only a cherished pet can bring, making her the perfect addition to your home. Don't miss the chance to meet Ruby; she's quite the gem!","ruby-9",""
"2021-07-01","Hunter Valley (Maitland/ Muswellbrook/Newcastle/Forster)","965000011705133","Max","2025-01-15","MALE","","This is Max - a dog that embodies the perfect blend of relaxation and confidence. With his cool demeanour, this charming chap is already winning hearts, and he's bound to win yours too. Max has been socialised with children and is always gentle and patient around them, making him a wonderful choice for a family with kids. He adores spending time with his loved ones, and it's guaranteed that he will shower you with loyalty and companionship as soon as he settles into your home. Traveling is a breeze with Max. He is comfortable with car rides and handles them like a seasoned veteran. Whether it's a short trip to the nearby dog park or a long weekend getaway, Max is always ready for some adventure. Max's personality is as sundrenched as they come. His great manners shine through in all aspects, making him a joy to be around. He's respectful on lead – walking impeccably without tugging. His perfect day includes a good long walk, a game of fetch, and quality time curled up next to you. If you are looking for a gentle, loving, and calm companion for your home, Max is the perfect candidate. His respectful personality and great manners make him a joy to have around, and he's ready to find his new family. Let Max fill your day with laughter, love, and an endless amount of cuddles!","max-11",""
"2021-06-01","Hunter Valley (Maitland/ Muswellbrook/Newcastle/Forster)","956000007359765","Sienna","2025-01-15","FEMALE","","You simply can't resist Sienna's beautiful eyes. This friendly and outgoing canine will captivate you with her charm and affectionate nature. Sienna is sure to make an unforgettable impression the moment you meet her! Snuggly Sienna is always up for a head scratch or belly rub. She appreciates a good romp through the yard, chasing after balls, or going for a leisurely walk in the neighborhood. She has had exposure to small foxy dogs at home, so she's used to canine companionship. Sienna is not just about play; this lovable pooch is also respectful of boundaries and spaces. She's a quick learner and adjusts herself according to your routine. Her outgoing personality makes her a natural partner for many types of activities, and her adaptability means she won't shy away from new experiences or encounters. In a nutshell, if you're looking for a best buddy who will be happy to join you for a good romp or relax beside you on a quiet evening, Sienna is the dog for you. Her character is as endearing as her looks, and she will surely capture your heart as she has so many others. In Sienna's beautiful eyes, you will see a reflection of the love she has to give.","sienna-1",""
"2020-09-01","Hunter Valley (Maitland/ Muswellbrook/Newcastle/Forster)","956000011580264","Dolly","2025-01-15","FEMALE","","Introducing Dolly, a precious little gem waiting to shine! Dolly may be a shy girl, but she is overflowing with potential to become the most loving and loyal companion. She's petite and placid, making her a perfect choice for those seeking a calm, low-energy pup. Dolly requires an experienced owner, someone who's willing to work with her on her comfort level and socialisation skills. Slowly but surely, she's building confidence and opening up to a new world of experiences. She's already proven that she can break out of her shell with the right, loving charisma! Don't underestimate this gentle soul; she's more than ready to give and receive love in abundance.","dolly-9",""
"2021-04-01","Northern Rivers (Grafton, Lismore, Casino)","956000011651683","Chickadee","2025-01-15","MALE","","Meet Chickadee, a friendly and playful, loving gentleman who is ready to meet his new family. This delightful dog is known for his fun-loving and amiable personality, and he's eager to share his heart with a compassionate, affectionate family. Chickadee has a wonderful rapport with children, especially those 8 years and older. He's not the sort who will tire out your kids with endless games of fetch, but prefers to spend time in children's company, quietly keeping them company while they do their homework or read stories. He loves leaning into a hearty pat and will choose to cuddle up next to you over toys any day. An interesting fact about Chickadee is that while he is a dog, he prefers the company of humans over other dogs. He's quite selective with his canine friends and might come off as aloof with dogs, particularly the smaller ones, which makes him ideally suited for a home where he can be the only pet. Chickadee is looking to bring his friendly and playful nature into a family who will offer him the same kindness and playfulness that he offers others in spades. He's ready for the next step and hopes to find a loving, forever home with a protective family to cherish him.","chickadee",""
"2018-07-01","Northern Rivers (Grafton, Lismore, Casino)","956000009417146","Chase","2025-01-15","MALE","","Introducing Chase, a devoted companion who loves nothing more than splashing in water and fetching toys. This big-hearted, strong yet lovable friend is not only filled with vitality, but also has a side that is irresistibly soft and mellow. Chase is a dog who enjoys the simple pleasures in life: a cool dip in the water on a hot summer day, chasing after his favorite toys, and soaking up lots of attention from his human friends. It's easy to fall in love with his playful spirit and loving personality. Despite his joyful energy, he is a big softie at heart who can't resist cuddling up for a good snooze after a day of fun and games. Chase is known for being impeccably friendly and gentle, making him an easy fit for any household. His love for water play and toys speaks to his playful, outgoing nature, meaning he would relish the chance to live in a home with an outdoor space where he can burn off his playful energy. A home with Chase promises lots of exciting adventures, hearty laughs, and heartwarming cuddles. If you're ready to welcome a loyal and fun-loving friend who will brighten up your days with his antics and charm, then Chase might just be the perfect match for you. So, are you ready for the chase of your life?","chase",""
"2021-01-01","Northern Rivers (Grafton, Lismore, Casino)","956000011709614","Berry","2025-01-15","FEMALE","","Meet Berry, one of the most outgoing, happy, and active dogs you'll ever come across! If you're searching for a devoted and heart-warming companion, look no further. This little lady is as sweet as her name suggests and has enough energy to keep up with family activities. Berry gets along well with small dogs and has shown great compatibility when meeting different furries at the dog park. She's not fazed by cats and gives them the space they need to feel comfortable, making her a good fit for multi-pet households. Berry has a curious side to her and loves exploring her surroundings, so she'd be a great match for a family who loves adventure as much as she does. Whether it’s a walk in the park or just wandering around your backyard, you'll always see her wagging tail popping up somewhere in curiosity, making her the perfect little 'sticky beak'! Berry is gentle when it comes to treats, and will happily accept them from your hand. She's always eager to learn new tricks and will quickly master them with some tasty incentive. As energetic and outgoing as she is, Berry adores relaxing and unwinding with her human companions - making her the ideal balance of activity and relaxation. She would make an amazing addition to any family, bringing with her endless smiles and laughter. If a fun-filled, lovable, and vivacious canine companion is what you're seeking, Berry would be excited to meet you! Just imagine the adorable, bubbly presence she'll bring to your home and your life.","berry-3",""
"2015-04-01","Northern Rivers (Grafton, Lismore, Casino)","956000004248651","Alley","2025-01-15","FEMALE","","Meet Alley, our friendly, senior female pup with a heart as golden as her years. Despite her age, Alley still carries a spark of puppyish charm in her eyes, making everyday feel like an adventure. Alley possesses the superb ability to bring life and joy into any room, with her boundless affection and unwavering loyalty. Well-socialised and incredibly friendly, Alley has had a great rapport with other small dogs and her fellow greyhounds. Her gentle and easygoing nature means she can find common ground with just about any dog she meets. She has even been socialised with cats and could probably coexist peacefully with the right feline friend. Alley's age doesn't slow her down. She has the physical agility of a much younger dog and loves playtime and walkies as much as curling up for a nap. Alley enjoys her walks and would be a wonderful companion to explore the neighbourhood parks with. Her ability to make friends so easily would also mean plenty of playdates with other dogs! As Alley's future family, you will be cherished with her loving gaze and affectionate rubs. If you're in search of an older, wiser pup who still knows how to have fun like a youngster, Alley just might be the loving companion you've been waiting for. Come meet her and let her amiable spirit brighten up your life!","alley",""
"2019-01-01","Western Sydney (Londonderry)","956000011658343","Addie","2025-01-15","FEMALE","","Addie is a very affectionate little girl, she loves the attention of people and cant wait to be the centre of your universe! Addie has a very sweet personality and an adorable little face to match. This little cutie would be suited to a home with older children who have previous big dog experience. Addie will excel in a home where she is the only pet so she can soak up all the love you can give, all to herself! She has shown she can settle on her own in the backyard for a few hours at a time but would prefer for her people not be gone all day. She walks nicely on the lead and enjoys exploring new places, she cant wait to go on all your adventures together! Addie's love for food goes a long way, she loves to learn and can't wait to show all the tricks she has learnt at GAP. If you think Addie sounds like a great match for you, then apply to meet her today at our Londonderry site!","addie-1",""
"2018-04-01","New England","956000009593275","Banshee","2025-01-15","MALE","","Meet Banshee, a friendly and easy-going dog who will smoothly integrate into any loving family. He's an affable buddy who is sure to win you over with his charming personality and sociable nature. Banshee is a fabulous, friendly boy who loves life. He enjoys being around children, and he's always up for a good game. His gentle nature makes him a safe and fun companion for family members of all ages. He also revels in the simple doggy delights such as toys and splashing around in water. He's a social butterfly, having met various breeds of dogs without any issue. The park is his favourite place, where he can frolic and run with his four-legged buddies, play fetch or go on a water adventure. Banshee has a soothing nature, making your home his paradise where he feels relaxed and protected. This lovely boy is quite the family dog and is eagerly waiting to meet his new family who can indulge him with all the love and care that he deserves. With his affectionate and joyful disposition, Banshee promises to be the sunshine in your household, enriching your lives with pure companionship and unconditional love. Welcome Banshee into your family, and you’ll certainly have a friend for life.","banshee-1",""
"2019-10-01","Western Sydney (Londonderry)","956000006666501","Diesel (Western Sydney)","2025-01-15","MALE","","All aboard the love train, destination Diesel! It'll be full steam ahead on the love train when you meet Diesel! This gorgeous young boy has a super sweet and affectionate personality and just loves to snuggle right into you for maximum pats! He's a confident and smart boy, already having mastered many pet skills here at the GAP center, including laying on his bed on cue, waiting patiently when doors are opened, dropping toys when asked, leaving food when asked, coming when called and shaking your hand! What a clever boy! Although he loves to spend some time inside with his people, Diesel would love a home that also has a backyard for him to enjoy and play in. He is quite content spending the day by himself snoozing in the sun, making him a great fit for full-time workers. Diesel is suitable for older kids/teenagers, but would prefer to be the only pet in the household so he can soak up all the love for himself! Diesel is a crowd favourite here at GAP and we know you will just love him too! If you'd like to choo-choo-choose Diesel then apply to adopt him today!","diesel-2",""
"2020-09-01","Western Sydney (Londonderry)","956000013091352","Joy","2025-01-15","FEMALE","","Fill your home with Joy! Sweet and little girl Joy is a very lovely girl! She is polite with the other dogs she has met and could be suited to living with another large breed dog. She is calm in the yard and has shown the ability to settle for short hours, possibly being able to build to longer hours. A home with older and respectful children could be suitable for Joy. A bundle of joy, apply to adopt this darling girl today!","joy-1",""
"2020-04-01","Hunter Valley (Maitland/ Muswellbrook/Newcastle/Forster)","956000007851461","Joe","2025-01-15","MALE","","","joe-7",""
"2018-10-01","Western Sydney (Londonderry)","956000006672377","Jessy","2025-01-15","MALE","","Happy and friendly Jessy is ready to find his forever home! Jessy is a beautiful boy who loves to greet with people with a happy wagging tail! He likes to play with toys and would love a backyard where he can throw his toys about and run around. Once he's had a play though he will happily hang out with his new family, getting lots of pats and treats in return for being a good boy. A home with older children could be suitable for Jessy as long as they can be respectful of his space. If Jessy sounds like the right boy for your family then apply to adopt him today.","jessy",""
"2019-12-01","Western Sydney (Londonderry)","956000007465978","Tiny","2025-01-15","FEMALE","","Tiny in name and in stature is this petite blonde beauty! Little miss Tiny is a bundle of joy! She is excited when walking in new environments and could benefit from living in a quieter area without too much stimulus when on walks. Tiny is friendly with people that she knows but can take some time to warm up to new people. A quiet home where she can settle in and thrive would be perfect for Tiny. Tiny would prefer to be the only dog in your home as she loves to be the centre of attention! She wants all of the pats and treats all to herself. Tiny is a sweet little dog who will make an amazing pet once she has settled in. If you think Tiny sounds like the right girl for you then apply to meet her today.","tiny-7",""
"2021-03-01","Hunter Valley (Maitland/ Muswellbrook/Newcastle/Forster)","956000011571452","Chilli","2025-01-15","FEMALE","","Introducing Chilli! Despite her fiery name, she's not the least bit spicy. Chilli is a darling with a charming overbite that's sure to capture hearts. When she's not soaking up the sun and indulging in some self-care, she's darting about, full of energy and fun. Chilli perfectly balances playfulness with politeness. We're eagerly looking forward to Chilli finding her forever home. Apply today to meet Chilli","chilli-4",""
"2018-05-01","Northern Rivers (Grafton, Lismore, Casino)","956000005708932","Roxy","2025-01-15","FEMALE","","Are you looking for a sweet gentle middle aged girl who can get along with your kitties, kids and dogs? This sweet middle aged girl will slot right into your life. Best known for her happy-go-lucky personality, and her love of snoozing on a comfy couch. She is a very friendly and social girl with humans and dogs alike. She loves to be by your side and give you a lean. Although she loves her people, she would happily share her new home with a canine companion or feline friend. Roxy adores her walks and is the perfect adventure buddy! She walks gently on the lead, too! We think she she could suit a home with children, as long as they have some large dog experience and won’t mind her shenanigans during daily zoomies. Fill out an application online to come and meet Roxy!","roxy-14",""
"2019-05-01","Hunter Valley (Maitland/ Muswellbrook/Newcastle/Forster)","956000007854369","Zelda","2025-01-15","FEMALE","","Zelda is ready to dash into your life and steal your heart (and maybe your sandwich if you're not careful). Zelda's ideal home? One filled with laughter, love, and preferably a buddy to match her in wit and wag. Whether it's a human sidekick for cuddles or a medium to large canine companion for zoomies, Zelda is all about that #squadgoals life. Just picture it: morning sunbeams, afternoon naps, and evenings filled with tail wags and belly rubs. With Zelda around, every day is an adventure waiting to happen. So, if you're ready for a whirlwind romance with a greyhound who's equal parts silly and sweetheart, look no further than Zelda. Contact our Western Sydney Londonderry facility today to arrange to meet Zelda.","zelda-1",""
"2019-05-01","Western Sydney (Londonderry)","956000006792942","Meg","2025-01-15","MALE","","Meg is the epitome of gentle charm, with a touch of bashfulness that adds to his irresistible appeal. This shy guy isn't just looking for any home; he's on a quest for his own private sanctuary, where he can be the star of the show without any pesky co-stars stealing his spotlight. Meg's motto? ""One dog, one throne!"" He's not one for sharing his kingdom, but he'll gladly share his love with respectful children who understand the art of giving him space but love when he likes. With Meg around, every day is an adventure filled with quiet moments of contemplation, punctuated by bursts of zoomies when no one's looking. So, if you're ready to welcome a regal greyhound into your castle and bask in the glory of his majestic presence then Meg is the dashing companion you've been searching for. Contact our Western Sydney facility to arrange a meet and greet and get ready to embark on a journey of laughter, love, and endless tail wags with this shy but lovable boy!","meg-1",""
"2018-02-01","Western Sydney (Londonderry)","956000009596448","Sinatra","2025-01-15","MALE","","You make me feel so young, you make me feel like spring has sprung! This crooner will definitely put a spring in your step and song in your heart. Sinatra is GAP's number one heart throb and, like all true romantics, likes to have his special someone to be home more often than not. Sinatra would definitely love a canine companion to lean on. Sinatra would do best with children age 5+ who would enjoy his confident and playful side. A home with a backyard would be wonderful for him to zoom around too! Sinatra is available from our Londonderry Western Sydney adoption centre.","sinatra-1",""
"2020-12-01","Central West (Bathurst/Dubbo/Coonabarabran)","956000007439582","Diesel","2025-01-15","MALE","","Introducing Diesel, a robust and muscular canine who just loves to play. Through his strength and size, Diesel is a impressive sweetheart who promises endless love and loyalty. He's a blend of power and heart, making him the ideal companion for anyone seeking a strong, playful, and affectionate dog. In playtime, Diesel is a true game-chaser. Whether it's a casual fetch game or a competitive game of chase, Diesel is always in for an energizing chase on your backyard lawn. He's especially fond of his toys, engaging with them in playful bouts that are delightful to watch. And when it comes to food, Diesel will show you a side of him that you'll find hard to resist - a dog who knows how to appreciate a good meal! Diesel would thrive best in a home where he's the single dog. He's a dog who prefers his solitude with his humans and as he is such a strong boy, he'll be able to provide all the canine companionship you need without any other dogs around. His need for love and attention is monumental, he wants all the love he can get. Because of his size and strength, he would do best with older children who can appreciate his strong personality and can withstand his powerful play. Diesel's tenacity is an element of his behavior that's impossible to change, but it's the same tenacity that makes him a steadfast, loyal, and brave companion. With a personality as potent as his name, Diesel is an unforgettable friend who will play, protect, and love with all his strength.","diesel-3",""
"2018-11-01","Central West (Bathurst/Dubbo/Coonabarabran)","956000009842074","Sandy","2025-01-15","FEMALE","","Introducing Sandy, a beautiful and gentle girl who is ready to bring a ton of joy into your life! Known for her soft and gentle demeanor, Sandy possesses the ability to fill any room with calmness and love. Sandy is not just a dog; she's a friend and companion. Her kind and loving nature ensures that she gets along beautifully with both children and other dogs. She is known for her soft, soulful eyes that seem to look straight into your heart. What Sandy would love the most is a family that showers her with the same affection that she effortlessly gives to others. In her new home, Sandy would enjoy a cozy corner to curl up in, a safe garden to explore, and a family that she can love and be loved by. Sandy is just waiting to create numerous wonderful memories with a family who adores her. She promises a lifetime of love and dedication to those who welcome her into their heart.","sandy-6",""
"2012-01-01","Central West (Bathurst/Dubbo/Coonabarabran)","956000009499446","Ash","2025-01-15","FEMALE","","Meet Ash, a beautiful and friendly companion. This stunning lady has charisma and charm in spades. Always eager to make connections, Ash is an affectionate and sociable creature, lavishing affection on anyone fortunate enough to catch her eye. She is always ready for a cuddle after a playful romp in the yard. Her soft coat makes for the perfect snuggling companion, inviting you to share a quiet moment or two on the couch. She finds deep satisfaction in routine, and her perfect day involves a dash of play, a smidgen of quiet snoozing time, with a sprinkle of cuddles throughout the day. Ash exhibits excellent manners with her canine peers. This shows her adaptable nature, making her an interesting companion to have around the house. Ash is looking for a forever family who will embrace her affectionate nature and big puppy-dog eyes. She is truly a precious gem waiting to shine in your loving home. We understand that a dog is not just a pet but a member of your family, and Ash is eager to become the loving companion in yours.","ash-2",""
"2017-11-01","Central West (Bathurst/Dubbo/Coonabarabran)","956000004875232","Stella","2025-01-15","FEMALE","","Introducing Stella, a strong girl with a heart full of adventure and a determined spirit. She's eager to explore every nook and cranny of her environment. Stella's genuine eagerness makes her a perfect fit for an active family, who love regular adventures. Stella is good with other dogs, coexisting well with her smaller counterparts. Stella is a beautiful, spirited dog who's simply waiting for the right family to shower her love on them. If you are a family who loves adventure, doesn't shy away from a workout and believe pets are family members - you should definitely come meet Stella. She just might be your new best friend!","stella-4",""
"2019-01-01","Hunter Valley (Maitland/ Muswellbrook/Newcastle/Forster)","956000006671930","Wighton","2025-01-15","MALE","","Hello! My name is Wighton. I was known as Four Five on the racing tracks, but I hung up my racing collar late last year. I'm a courteous fellow, though I may take a little time to open up. Once I'm comfortable, I love to display my energetic zoomies. I've encountered several small dogs and they don't pique my interest much. I'm looking for a home with a backyard where I can have some space to myself from time to time. And, if you could take me on walks, that would be wonderful. I am looking forward to meeting my new human companions, so be sure to hit the 'apply' button when you can.","wighton",""
"2021-10-01","Hunter Valley (Maitland/ Muswellbrook/Newcastle/Forster)","956000011646676","Lara","2025-01-15","FEMALE","","Meet Lara! Lara hails from a sociable household where she has interacted with a Maltese terrier and frequently plays her fellow hound siblings. Initially, Lara may appear somewhat reserved, but with a touch of affection, care, and cuddles, she quickly warms up. She tends to be indifferent towards smaller dogs, often seeking reassurance from humans when they are present. With a lively spirit, Lara would be thrilled if her new human friends could take her on walks to let her energy out. Hit apply today to chat about your possible new addition.","lara-2",""
"2016-03-01","Riverina (Wagga, Temora, Gundagai, Griffith)","956000004450622","Harrietta","2025-01-15","FEMALE","","Harrietta is a happy and very friendly senior girl with a loving personality. She lives on a farm and is very healthy, but she's got a glint in her eye- once she spots a chance she slips into the laundry or even inside and settles herself in front of the TV! Cheeky Harietta! A country girl with a city heart. . Harrietta gets along with other dogs but would probably be best on her own, she loves her food and your attention. She would be ok being in the yard if you're out for the day or working. After a little run around and a sniff she would rest or chew on a bone. She gets a bit excited when you get home and wants to give you a kiss and get pats, but she settles down quickly and still loves going for a walk or a drive in the car. She has been happy around the grandkids 8+, a Jack Russell and other greys. She doesn't need daily walks if she has a decent yard to spend time in and a shell pool in summer to cool off in, but would especially love someone being around to mooch around with, have a place to call home and have the chance to have a nice rest inside with you. That's where she wants to be! 💝","harrietta",""
"2019-05-01","Western Sydney (Londonderry)","956000007856269","Jonah","2025-01-15","MALE","","Jonah is a beautiful boy who has had foster care experience. Hear what he has to say below! Hi, my name is Jonah, I’m a sweet and affectionate hound looking for a family to love forever. I'm a happy boy who loves nothing more than ear scratches from my favourite people. I absolutely love food and this is helping me to learn lots of new tricks including ""touch""! The GAP team have been helping me to build my confidence around new people and they would love to help you help me in your home! I am a homebody and an introvert and would prefer a quiet home to call my own. A quiet home with no kids and minimal visitors will suit me best. I am happy to spend the day by myself, making me suitable for full time workers! I have previously lived with another greyhound in my foster home and we got on well! A home with another large breed dog could be suitable as long as they match my chilled out personality as well. I have a medical condition called 'calcifying tendinopathy supraspinatus' which causes tendon degeneration in one of my shoulders. Despite this I still have good quality of life and am a brave boy who doesn't let it stop me from being the best pet I can be! Reach out to the team at GAP to find out more information. I love my GAP family but can't wait to find my real forever family and I hope that will be you!","jonah",""
"2020-09-01","Hunter Valley (Maitland/ Muswellbrook/Newcastle/Forster)","956000007806804","Grace","2025-01-15","FEMALE","","Gorgeous Miss Grace is a spirited three-year-old greyhound with a heart full of love and energy to spare. Grace is on the lookout for a loving home where she can share her boundless energy with others. She would thrive in a household with respectful children who appreciate her playful nature. She could also possibly live with a large doggy friend pending a meet and greet. Grace is happiest when she's surrounded by those she loves. She adores people and is ready to be your loyal sidekick through all of life's adventures. She is always up for an adventure and enjoys everything from brisk walks to energetic play sessions with her favorite toys. If you're searching for a lively companion to add joy and excitement to your life, look no further than Grace!","grace-6",""
"2020-02-01","Hunter Valley (Maitland/ Muswellbrook/Newcastle/Forster)","956000007836802","Bear","2025-01-15","MALE","","Bear is a super friendly boy wrapped in a sleek blue coat. At 4 years old, he's bursting with enthusiasm and loves nothing more than spreading joy wherever he goes. With his friendly disposition and boundless energy, Bear is sure to steal your heart from the moment you meet him. Bear's friendly disposition makes him a hit with everyone he meets. We feel he has the potential to live with a large canine companion pending a meet and greet. Bear's gentle nature makes him a wonderful companion for families with children who understand the importance of treating animals with kindness and respect.","bear-11",""
"2021-02-01","New England","956000012224275","Checky","2025-01-15","FEMALE","","Checky is a wonderful, happy dog with a gorgeous little smile! Checky is still a pup at heart and loves any opportunity she gets to socialise with people. She simply loves to make friends whenever she gets the chance and has a particular love of children. Checky has lived with kids aged 7 and older and got along great with them. She can get a little over excited and bouncy though so may best suit a family with older kids who can handle all her energy! Checky has also socialised with other dogs however her preference is definitely for her two-legged friends! She has met with smaller dog breeds including an Italian Greyhound and a Chihuahua and was fine with them overall but wasn’t their biggest fan. Checky could definitely benefit from more small dog training and introductions in the future but for now, she would need to be in a one-dog home. Checky is a smiley, happy dog who just wants humans to call her own. She is a cheeky little Checky and would make a wonderful addition to a family looking for a sweet and loving forever friend.","checky",""
"2016-02-01","New England","956000004928447","Fergie","2025-01-15","FEMALE","","Fergie is a gorgeous, friendly and confident older girl looking for her forever home. Fergie is a beautiful dog, inside and out! She is super friendly and outgoing and just makes friends wherever she goes! Fergie is still a pup at heart; she loves her toys, playing in the park, splashing around in water, and just having fun! Fergie is a dog just so full of joy and happiness that you won’t be able to resist cracking a smile in her presence. Fergie is incredibly social with humans and dogs alike. She is great with smaller dogs having met an Italian Greyhound and a Chihuahua, and even has experience living with a Jack Russell. Fergie has also spent time with smaller humans- she is great with kids! Fergie has spent time with children ages 8-18 years and got along with all of them very well- who couldn’t be friends with Fergie?! Fergie is a sweet, happy girl who just wants to have fun. She may be an older lady but she has a young and fresh spirit that you will fall in love with immediately. If you’re looking for a light in your life, Fergie is one of the brightest shining stars there is!","fergie",""
"2019-08-01","New England","956000012224706","Ema's One","2025-01-15","FEMALE","","If you had to describe Ema in one word it would be ‘positive’. She is a cheerful, outgoing dog that just exudes the happiest energy. Ema is one of the most playful dogs that you will ever meet. She loves to go to the park and have fun there, she loves water and splashing about in a paddling pool, and she just loves playing in general. Ema will always find a way to have fun! Ema is very outgoing and social too- human or canine, she doesn’t discriminate! Ema is great with new people and has no fear around strangers. Her favourite kinds of human however are probably kids. Ema has lived with children ages 8-17 years and got along great with all of them. She has also lived with a Jack Russell and got along well with an Italian Greyhound she met for the first time recently- she’s a social butterfly! Ema is just a happy, fun dog with a big smile and an even bigger heart. She is a gorgeous dog inside and out who would make a wonderful addition to almost any family. If you’re looking for a fun, happy, affectionate dog who will love you just as much as you love her, look no further than Ema.","ema-s-one",""
"2019-10-01","Western Sydney (Londonderry)","956000007842519","Eddy","2025-01-15","MALE","","Hi, I'm Eddy! I'm a loveable boy from Western Sydney looking for my forever home! Can I come home with you? Eddy is a handsome, introverted boy. He is still learning the ways of the world and is looking for a loving family to show him what pet life is all about! He will reward his lucky family with lots of tail wags and kisses. This gorgeous boy is looking for a comfy spot on the lounge to curl up on and an endless supply of treats please. Eddy has met other greyhounds and could be suited to living with another large breed dog. This special boy is sure to be the missing piece you're looking for. If Eddy sounds like the right man for you then apply to adopt him today!","eddy-5",""
"2017-04-01","Central West (Bathurst/Dubbo/Coonabarabran)","956000009575301","Joseph","2025-01-15","MALE","","Say hello to Joseph, our big, strong, and friendly boy who's eager to share his love with you. With his endearing personality and playful energy, Joseph is certain to light up your life and home. This social butterfly is always ready to meet and greet new people but because of his size and strength, Joseph needs a home where he can get plenty of exercise and mental stimulation. He is well-suited for an active adult or older children household, where he can satisfy his need for engagement and play. Joseph can be quite excitable and has a lot of love to give, so he's more comfortable in a single-dog household where he can be the star of the show. Despite his size, he's a charming boy who's always eager to please his family. In summary, Joseph is a delightful mixed bag of quirkiness, exuberance, and love. If you're ready for a dog who can match your energy and zest for life, Joseph could be your perfect companion. He is waiting to show his new family just what a loving and fun-filled life they can have together.","joseph-1",""
"2020-08-01","Central West (Bathurst/Dubbo/Coonabarabran)","956000011713002","Usyk","2025-01-15","MALE","","Meet Usyk, a loving male dog who is seeking a simple and fulfilling life with a new family. He's a charismatic chap who adores medium-size canine companions and is always eager to make new friends. His kind-hearted nature and great spirit make him a treat to be around. Usyk is ready to embark on an enriching journey with a family that cherishes mutual growth and learning. He truly embodies the spirit of companionship and will surely become an integral part of your family. His intelligent eyes tell a story of love and loyalty that will reassure you in times of solitude and fill you with joy when times are good. Adventurous yet gentle, Usyk is the perfect companion for a family who enjoys a balance of outdoor activities and cozy time indoors. He's not a demanding pet; a simple life filled with love and care is all he aspires to. His only request? A nice, comfortable spot beside you. With a loving heart that is ready to expand and a spirit that is eager to learn, Usyk is the perfect companion for a family looking forward to welcoming a new member. He's surely the sweetheart you've been looking for. Begin a beautiful journey filled with comfort, companionship, and adventure with this wonderful dog. Usyk is excited to meet his new family and is ready to shower them with his unconditional love.","usyk",""
"2020-03-01","Central West (Bathurst/Dubbo/Coonabarabran)","956000007831124","Rusty","2025-01-15","MALE","","Meet our sweet and gentle friend, Rusty. This uniquely quiet personality is looking for a family with whom he can grow, learn, and receive all the encouragement and support he deserves. Rusty is a refined gentlemen who brings calmness wherever he goes. Don't be fooled by his calm demeanor though; Rusty loves to play games and will always be up for any fun activity that involves his family. This sweetheart is gentle and mild-mannered, although he is always ready for an adventure. With his calm, quiet nature, he'd make the perfect companion for afternoons spent lounging in the backyard or taking mindful, leisurely strolls through the park. Rusty is particularly keen on learning. He looks forward to positive reinforcement training sessions and loves the idea of learning new tricks and routines with his new family. Don't be surprised if Rusty quickly becomes the star of your local obedience class, proudly showing off his latest trick. What would Rusty's ideal family look like? Well, they would share his love for learning and growth, offering him all the encouragement he needs to flourish. A family who cherishes the small moments of life, from peaceful mornings together to effortless games of fetch in the backyard. In return, Rusty promises to show endless love, patience, and loyalty to his new family. With his quiet, gentle nature and his willingness to learn, he'll surely bring joy and companionship to any home. So if you're ready to give Rusty the supportive, loving family he's been craving - he just can't wait to meet you!","rusty-7",""
"2018-09-01","Central West (Bathurst/Dubbo/Coonabarabran)","956000005783456","Tim","2025-01-15","MALE","","Meet Tim, an excitable and playful boy who loves nothing more than having a good time. This fun-loving chap is looking for his new family who can keep up with his playful antics and share his joy for life. Tim is outgoing and always ready for an adventure, Tim also loves exploring new environments, sniffing out the mysteries of the world around him. His intelligent mind loves puzzles, so interactive play toys are a great option to keep him entertained. Whether you are an active individual or a highly energetic family with children, Tim would fit right in. His playful, social disposition means he's also excellent around other animals, so he could easily be a part of a multi-pet household. Tim's joy is infectious, his love is boundless, and his energy is limitless. If you're looking for a happy-go-lucky companion who will bring adventure and laughter into your everyday life, look no further. Adopting Tim means lots of love, endless play, and plenty of happy tail wags.","tim-7",""
"2014-03-01","Central West (Bathurst/Dubbo/Coonabarabran)","956000003286706","Bucky","2025-01-15","FEMALE","","Bucky is a lovely lady who despite her older age, has an excitable and happy attitude! Bucky is a very confident girl who walks well on the leash and enjoys exploring new environments. She loves to have a sniff around and munch on any treats she finds along the way! Bucky has been socialised with smaller dog breeds and after an initial assessment, she’ll usually disengage and move along with a bit of extra space- she’s honestly more focused on her human handler! Bucky is very human social and will happily approach in exchange for some pats and rubs. She is a lovely girl who just exudes a happy and positive energy! Bucky would make a wonderful pet in any home where she can have an easy-going lifestyle and get the love and attention that she needs- you’ll receive it back ten-fold!","bucky",""
"2019-01-01","Northern Rivers (Grafton, Lismore, Casino)","956000008235323","Tank","2025-01-15","MALE","","Tank is a gentle, kind doggy soul encased in a robust, athletic body. Don't let his strong, sturdy name fool you, Tank is soft and loving, and his friendly nature is sure to win everyone over in no time. He is exceptionally well-behaved, maintaining cleanliness with a natural knack for it, making him the perfect addition to your household. Although he has an energetic spirit, he always manages to channel his proud doggy energy in the most polite, fun ways. Tank has a special place in his heart for kids. He loves their boundless energy, their playful antics, and the endless tummy rubs they're always willing to share. Their laughter is music to his ears, and seeing them happy makes his tail wag harder! Friendly to his core, Tank gets along well with everyone he meets. He's a four-legged ambassador of goodwill, spreading joy wherever he goes. His ideal day consists of playful frolicking in the yard, a delightful nap in his comfy bed, and of course, lots of tasty treats! Tank's loving spirit and fun-loving nature make him a perfect family pet. He's excited to bring lots of joy, love, and incredible memories to his new family. So, if you're ready to add a sweet, loving, and well-behaved dog to your family, Tank is definitely your guy!","tank-2",""
"2014-07-01","Northern Rivers (Grafton, Lismore, Casino)","956000004096731","Miss Ling","2025-01-15","FEMALE","","Miss Ling is a big snuggle bunny. She is sweet and affectionate and will seek out affection Described as a happy girl she will bring a ray of sunshine to your life and be happy to be by your side through thick and thin. Miss Ling may be on the other side of 9 but she still has a lot of love to share and is looking for the right person to shower her love on","miss-ling",""
"2019-12-01","Northern Rivers (Grafton, Lismore, Casino)","956000011652170","Amy","2025-01-15","FEMALE","","Let's meet Amy, a charming and outgoing canine companion with a heart full of love. She's a friendly girl whose tail starts wagging at the mere sight of her beloved humans. Get ready to receive plenty of affectionate licks when you come home - Amy is excellent in giving kisses! Amy is a water baby at heart; she loves nothing more than splashing around in water on a hot day. Her joy is infectious when she playfully jumps into the pool. It's a sight that's guaranteed to fill your heart with laughter and happiness. She also has a quirky side; Amy enjoys following the mower around, making yard work a joyously shared endeavour. Her vibrant personality and zest for life make her the perfect companion for an equally outgoing and active family. If you enjoy long walks, adventurous hikes, or simply playing in the garden, Amy will be your perfect partner. She fits seamlessly into a family environment and would thrive with a family who appreciates her enthusiastic nature and boundless energy. Bringing Amy into your home and heart means embracing a world of fun-filled afternoons, heart-melting cuddles, and a lifelong, loyal friendship. So, are you ready to add a four-legged bundle of joy into your family? Amy is ready to shower you with love!","amy-1",""
"2017-02-01","Western Sydney (Londonderry)","956000004871954","Louie","2025-01-15","MALE","","**Louie is currently in foster living in an apartment - Reach out to the team for more information!** Lovely boy Louie is searching for the right home who will give him the love and patience he needs to learn and thrive. Louie is a timid boy who is only just learning the way of the world. He is friendly once he gets to know you but will take some time to really feel comfortable and settle in. A quiet home with only a few adults and no children would be best for Louie. A quiet area where he can be walked in quiet parks or away from busy roads is ideal also. Louie is comfortable being left on his own for a few hours at a time and would love a backyard to be in while you are out. Louie gets on well with other greyhounds and would benefit from having a large breed friend to learn from in a home. Louie is a special kind of boy who will make an amazing friend once he is settled in! If you have the space in your heart and your home to help Louie thrive then apply to meet him today!","louie-1",""
"2020-10-01","Western Sydney (Londonderry)","956000007358914","Noah","2025-01-15","MALE","","Noah would love to invite you to join him on his ark, just remember to bring two of everything! That's two delicious treats (or more, I don't mind!), two extra comfy, plush beds, two squeaky toys for me to throw around. Noah is a lovely young boy who has experience with older children (6 years and over) and other greyhounds. He would be happy to live in a home with polite children and other large breed dogs. Noah is a gentle boy who will happily stand for some pats and ear rubs. He would love a yard to do some zoomies in but then is happy to spend time inside lazing about with you. Noah can be left on his own for a few hours at a time but would prefer not to be left alone all day. Noah loves going for walks and is gentle on the lead. This happy boy will make the perfect family pet! Noah is available from our Londonderry Western Sydney adoption centre.","noah",""
"2018-04-01","Central West (Bathurst/Dubbo/Coonabarabran)","956000006804500","Kenda","2025-01-15","MALE","","Come and say hi at Bathurst Adoption day on the 9th of March to learn more about me! Confident & handsome brindle Kenda is here to join your family on all your adventures! Happy go lucky boy Kenda would suit a variety of home lives and will become a brilliant pet alongside polite older kids, other medium to large dogs, full time workers with a fully fenced yard, and would enjoy daily walkies and sniffaris around his new stomping ground. This handsome man will be fun for older kids with dog experience and we think Kenda would enjoy a quiet neighbourhood as he has not experienced city life before. From his smoky face to his little white tippy toes, this adorable guy is sure to fit right into your world with his easy going nature! Whoever ends up with this handsome devil on their couch is super lucky! Apply now to meet Kenda from our Central West program.","kenda",""
"2017-12-01","Central West (Bathurst/Dubbo/Coonabarabran)","956000009590951","Arrie","2025-01-15","MALE","","Come and say hi at Bathurst Adoption day on the 9th of March to learn more about me! Sweet 6 year old boy Arrie is a gentle soul, this lovable boy is suitable for full time workers, a nice quiet chilled out lifestyle with his own couch & fully fenced yard to frolic in. A polite medium or large doggie pal to romp around with is fine by Arrie! Being a social butterfly, he would love if his humans were around more often as he is a super affectionate love bug with lots of love to give but is self sufficient enough if you go to work full time. Arrie is a gentle giant who has so much love to give to his new family. I'm a confident boy with a loving nature hoping you will fall in love with me! Come and meet me to find out more!","arrie",""
"2019-10-01","Central West (Bathurst/Dubbo/Coonabarabran)","956000007834720","Harriet","2025-01-15","FEMALE","","Meet Harriet, a charming 4-year-old black female greyhound with a heart full of love and a zest for life. She's confident, friendly, and always ready to greet you with a wagging tail and a big smile. Harriet is great with kids, having grown up with them, and she's patient and gentle around them. She's also polite and maintains calm interactions with other dogs on leash, making her perfect for leisurely strolls through the neighborhood. Harriet is a foodie at heart and adores treats, meals, and snacks. She's flexible when it comes to living arrangements and is happy with or without a furry companion. If you're ready to add a dash of joy and a whole lot of love to your life, then Harriet is the perfect addition to your family. Adopt her today and start your wonderful journey together!","harriet-2",""
"2020-01-01","Central West (Bathurst/Dubbo/Coonabarabran)","956000007461264","Harlow","2025-01-15","FEMALE","","Harlow is on the look for a new place to call her own... could that be you? Harlow would love a home in a suburban setting one that isn't in the hustle and bustle of the big smoke but quiet enough for her to soak up the pet life. Harlow has a sensitive soul so a home that is willing to allow some time to settle in would be ideal. but don't worry it won't take long for her to feel at home. she has been around older kids growing up so a home with older kids would be ok with her. We have found Harlow gain confidence when hanging out with her doggy pal's so a home with a canine companion is more than welcome for her. Fun Fact Blue is my sister, and like all siblings we have our differences but we still love each other, should you have a place in your home for two. Apply online today to arrange a meeting with Harlow or come on down to our Bathurst Adoption day on the 9th of March.","harlow",""
"2020-01-01","Central West (Bathurst/Dubbo/Coonabarabran)","956000007466546","Blue","2025-01-15","FEMALE","","Are you ready to find the perfect grey for you? Then look no further than our gal Blue. This sweet, sensitive girl is full of life and an eagerness to brighten your days. Blue has such a charismatic personality and a cheeky soul. Blue would love her new home to have a backyard to frolic around in as she certainly enjoys her daily zooms and showing off just how fast she can run. Blue has shown polite manners around canine companions and having one in her home would certainly build her confidence and show her the ropes of how to be the best pet possible. This Blue girl enjoys her daily stroll so a home that is happy to go on some walks with her would suit her well. Blue has grown up around kids and would suit living with kids over the age of 5 to ensure she has some quiet time to herself. Apply online today for this sweet girl, she will be sure to wipe your blues away. Blue will also be attending our Bathurst Adoption Day on the 9th of March.","blue-5",""
"2017-12-01","","956000009568225","Luna","2025-01-15","FEMALE","","Say hello to Luna, a sociable and friendly female dog who is sure to win your heart. Luna's radiant persona lights up every room she enters, and her charming nature has a contagious effect that brightens up everyone around her. Luna's love for people is truly one of her fine characteristics. She adores being in the company of humans and is a strong advocate for endless belly rubs, cuddles, and ear scratches. She thrives off attention and relishes in making every moment delightful for you, and herself of course. Interactive playtime is Luna's favorite! She gets immense joy out of chasing toys, whether it's a game of fetch or squeaky toys that catch her attention. This playful activity helps Luna stimulate her mind and use her attentive nature to the best of her abilities. In a dog community, Luna prefers the companionship of medium to large breed dogs. She blends well with her fellow canine mates, her easygoing nature allowing her to adapt quickly to their play style. This adaptability makes her the perfect addition to a family with a medium to large breed dog. In stepping into Luna's life, be prepared for an overflow of love and memorable moments. Luna is ready to love her new family wholeheartedly, and promises to bring with her a bundle of joy, laughter, and playful adventures.","luna-7",""
"2020-02-01","Northern Rivers (Grafton, Lismore, Casino)","956000007839747","Fizzle","2025-01-15","MALE","","Meet Fizzle, the ultimate companion and a true gentle-dog. Fizzle is all about the good life; cuddling on a nice lounge, cuddling in a soft bed, cuddling while you enjoy a meal... did we mention Fizzle loves to cuddle? While Fizzle certainly enjoys a good play and the occasional muck-around, nothing beats leaning in for a snuggle by your side. Apart from his signature cuddles, Fizzle also enjoys the finer things in life. He appreciates good meal times and happily polishes off every bit. Moreover, Fizzle enjoys those little moments of love and affection—he's sensitive, sweet, and captures hearts swiftly with his endearing personality. Fizzle makes for a perfect addition to any family arrangement. Whether you need a goofball to distract the kids, a loyal partner in crime, or just a best friend who's always there to lend an ear (or a paw), Fizzle fits right in. His playful antics will bring joy and laughter, his calm comforting presence will provide warmth and companionship, and his unwavering loyalty will fill your home with love. In a nutshell, Fizzle is more than just a pet; he's a pal, a partner, and a piece of your heart you won't know you were missing until you meet him! Welcome to a world of endless laughter, boundless love, and unforgettable memories, all thanks to Fizzle. Your adventure is waiting!","fizzle",""
"2018-11-01","Northern Rivers (Grafton, Lismore, Casino)","956000006777783","Willow","2025-01-15","FEMALE","","Willow, a lovely and friendly female dog, is a shining example of the phrase ""good things come in small packages."" Her welcoming disposition has a magical charm that soothes every soul she encounters. Willow not only has a heart full of love for humans, but also graciously extends her affection to fellow small dogs. Well trained and disciplined, Willow is unlike any dog you'll meet (in the best way possible), as she loves her crate and is entirely at ease within her cosy space. Her easy-going temperament brings a sense of calmness to the household, providing warmth and emotional comfort to all around her. While she's tranquil and relaxed, don't let that fool you into thinking there's no room for fun this elegant lady. She has a playful streak and loves a good romp around the backyard under the warm sun. Willow's peaceful disposition could make her an excellent addition to a multi-pet household. She's tolerant and patient and adjusts well to new environments with her positive outlook on life. If you're looking for a companion who will bring a sense of tranquillity and heartwarming love to your home, Willow is your match. She's ready to slide into your life (and heart!) and make a valuable addition to your family","willow-4",""
"2017-10-01","Central West (Bathurst/Dubbo/Coonabarabran)","956000009593105","Thomas","2025-01-15","MALE","","Meet Thomas, a greyhound with a heart as swift as his strides! Thomas is the epitome of grace on a leash, leading the way with impeccable manners. This charming gentleman is easily handled, making him a dream companion for walks and adventures. Thomas is a social butterfly with a preference for the ladies – his friendly nature shines brightest around female dogs. However, he's not a fan of his fellow gentlemen and prefers a more refined circle. Thomas thrives on the joy of a good run, showcasing his athletic prowess and zest for life. His love for a lively dash and his charming demeanour make him a standout choice for an active and loving home. Embrace the spirited elegance of Thomas and let him add a touch of charisma to your life!","thomas-1",""
"2015-09-01","Central West (Bathurst/Dubbo/Coonabarabran)","956000005385212","Casper","2025-01-15","FEMALE","","Meet Casper, an elegant greyhound with a heart of gold. This graceful explorer walks well on the leash, is easily handled, and enjoys the company of other dogs. Casper's loves a leisurely stroll and slow exploration as her sight is slowly diminishing but her spirit does not! Her adaptability and friendly nature make her the ideal companion for any home. Casper is ready to share a lifetime of love and joy with a family who appreciates her unique charm and gentle soul. Adopt Casper, and let her bring elegance kindness , love and warmth into your home.","casper-3",""
"2013-10-01","Central West (Bathurst/Dubbo/Coonabarabran)","956000002930556","Char","2025-01-15","FEMALE","","Introducing the Enchanting 'Just A Charade' – Your One-of-a-Kind Companion! Meet Char a captivating female greyhound whose age has only added to her charm, making her the perfect addition to your home. This beauty boasts a decade of wisdom, grace, and an abundance of love to share. Char is not just a greyhound; she's a living testament to the extraordinary bond that awaits with her lucky adopter. Her gentle demeanour and friendly nature make her an absolute joy to be around. From the moment you meet her, you'll be enchanted by her warm spirit and undeniable charisma. At 10 years young, Char is the embodiment of grace and tranquillity. Despite her mature age, she exudes an infectious playfulness, especially whenever she is around water whether it be a dip in the pool or a romp through a puddle, Char embraces the simple pleasures of life with pure delight. This remarkable greyhound is a dream to handle – people-friendly and easily led, making every interaction an easy and heartwarming experience. Her calm disposition extends to her interactions with other dogs, showcasing her adaptable and considerate nature. Adopting is a golden opportunity to welcome a once-in-a-lifetime companion into your home. She radiates love, companionship, and a unique charm that will undoubtedly leave an indelible mark on your heart","char-11",""
"2018-02-01","Hunter Valley (Maitland/ Muswellbrook/Newcastle/Forster)","956000009483201","Toby","2025-01-15","MALE","","Nightmare? Bad dream? Don't worry, sometimes names ARE deceiving, because our boy Toby, former Race Name Scary Dream, is anything but scary! ✅ Beautiful nature, a genuinely sweet duffer ✅ Big softie: this boy is your quintessential ""gentle giant."" He does get excited, but is very kind-hearted and means well. ✅ Very friendly and human social. Nothing makes him happier than being with his people. ✅ Loves hopping on the lounge and laying with you. Disclaimer: he's big and likes to hog most of the couch space! ✅ Enjoys playing, having fun, and just living his best life ✅ He can be exuberant and boisterous to start (oh my god life is so exciting!!) - but he does settle and eventually wants to find a lounge. ✅ Has been living inside his current home everyday - and is becoming quite accustomed to the spoils of pet life! ✅ Like most men, Toby LOVES his food! This will help with training as he is very easily influenced when free food is on offer! ✅ This patient boy settles when in the car or trailer ✅ Best suited as the only dog in the household - more attention for Toby 😉 ✅ The only hound Toby wouldn't mind sharing his new forever home with is his sister-from-another-mister: Winnie (Microchip: 956000009482109). - They currently live inside together and don't mind sharing all the love and attention. - Winnie is also available for adoption: https://www.gapnsw.com.au/our-greyhounds/winnie-2 Toby will need a bit of time to settle into his new home - it's a big transition moving to a new house. But with a bit of love and patience, you will be rewarded with a sweet, but funny, but lovable larrikin. Toby hasn't had the chance to interact with children yet. So would need a nice meet and greet to see how everybody goes, if potentially going into a home with kids. He is a big strong boy so likely would be best with older children. This sturdy lad is strong on lead - there's a big world out there and oh so little time, Toby feels like he must concur it stat! He does settle, and with a little training and patience will be a good walking companion or social wing man. Toby will be 6 at the end of January! Nothing bonds a family and new boy better than a birthday party right?!","toby-2",""
"2019-12-01","Hunter Valley (Maitland/ Muswellbrook/Newcastle/Forster)","956000012217180","Marn","2025-01-15","MALE","","Make room!! The Big Marn is here! He may bump around a little bit due to his left eye corneal abnormality, but he does it in style! With the former Race Name ""Son Of Thirty,"" Marn could be your very own Son - and he'll never grow up to talk back to you or sneak out the window! In fact, he is a beautiful boy: ✅ This gorgeous lad is used to his current owner calling him ""Handsome"" and has requested this nickname continue in his new home ;) ✅ Loves people! He will seek out attention so get ready to give some affection (he'll give you ample back don't worry) ✅ Marn has met Geese, ducks and a cat and was well behaved (he did remain on his lead and muzzled for these interactions) ✅ Good with other dogs: - Settled well with a blind West Highland Terrier, but would benefit from a bit more work with small dogs. - Regularly interacts extremely well with other Greyhounds. - He would still need very slow, gradual introductions to any new dogs. ✅ Good with older children: - Marn has only interacted with kids aged 6+ years old. - He hasn't had the chance to interact with younger children yet, so would need a nice meet and greet first to see how everybody goes. ✅ Always a gentleman, Marn is very clean and quiet in his kennel. Poor Ol' Marn does suffer from Pannus, mainly in his left eye, and will require ongoing treatment. This is easily managed and the GAP team will always provide advice and answer any questions or concerns you may have. Marn has lived in a kennel environment, so hopes his new family understand he will need a little time and patience to settle into his new pet-life world. Marn recently celebrated his 4th birthday! It's definitely not too late to welcome him into your home and throw him a combined Housewarming and Belated Birthday party - maybe just blow out the candles for him though!","marn-1",""
"2018-04-01","Western Sydney (Londonderry)","956000009463747","Sooty","2025-01-15","MALE","","Don't be fooled by his greying beard... Sooty 6 years young and shiny black from the whiskers down. He loves to play with his stuffed toys or lay in the sunshine working through a treat puzzle. Sooty has spent time in a foster home where he has gotten the hang of all things 'pet life'. He had no troubles with toilet training and was always a quiet boy, often sneaking up onto the couch for a snooze. He loved going for walks with his carers, and was known to pinch the odd loaf of garlic bread from the kitchen. He's looking for home without children as he much prefers the quiet company of his adult hoomans. Sooty would be happy to stay at home while you're at work, and would suit full-time workers. He is great with medium to large dogs too. If you think Sooty would suit your lifestyle and your looking to welcome greyhound into your home enquire today.","sooty-1",""
"2019-07-01","Hunter Valley (Maitland/ Muswellbrook/Newcastle/Forster)","956000007851472","Lucky","2025-01-15","MALE","","BOO!! Just kidding, it's in Lucky aka Phantom Ghost's nature to be a bit of a mysterious jokester! But don't be spooked by his former Race Name ""Phantom Ghost"" - as he is also Lucky! And you'll be feeling lucky too punk once you have our Lucky in your life: ✅ Very happy chap who somehow looks like he's always smiling! ✅ Loves people! He will give ample affection - but secretly hopes he gets it in return too! ✅ Has interacted with other dogs: - Regularly interacts with other Greyhounds - Has met a little West Highland Terrier and Italian Greyhound. Lucky was a little pushy to start but did settle once the novelty wore off. - He would be suited to other Medium-Large breed dogs - Lucky will need very slow, patient, and gradual introductions when meeting any new dogs ✅ Good with older children: - Lucky has only interacted with older kids - He can excited however (new friends! new friends!) and jump. Once he is told No he will settle. Continued training with this will help him learn. Lucky has lived in a kennel environment all of his life, so hopes his new family understand he will need a little time and patience to settle into his new world. If you think you should be so lucky, enquire about our Lucky aka ""Phantom Ghost"" below!","lucky-1",""
"2019-05-01","Hunter Valley (Maitland/ Muswellbrook/Newcastle/Forster)","956000006793938","Big Boy","2025-01-15","MALE","","Gold On Black may be all the rage fashionably, but our Big Boy, former Race Name ""Gold On Black,"" is even more trendy to have in your possession! This beautiful, sleek and dapper lad will make you the talk of the town! ✅ Big Boy is a nice boy ✅ Very social with people and happy to be handled ✅ Patient Big Boy sits in the car/trailer with no issues and is happy to just chill ✅ Big Boy has interacted with older kids. As long as they don't touch his food - he likes them! Big Boy loves to be king of the castle, so would prefer to be the only hound in the house At 35kg, Big Boy would be suited to an experienced dog owner And being the Big Boy that he is, Big Boy is very strong on lead and would need an adult walking him Like most men, Big Boy loves his food! - and is quite protective of it too. So he will need to be left alone when eating to avoid any resource guarding behaviour. If you would like to ring in the new year in style, enquire about Big Boy aka ""Gold On Black""","big-boy",""
"2020-02-01","Northern Rivers (Grafton, Lismore, Casino)","956000007466371","Hugo","2025-01-15","MALE","","Sensitive Hugo is on the lookout for his forever home. Not only is he gorgeous, Hugo also has some pretty impressive qualities: ✅ He is so lovely, but can be a bit of a sad sack sometimes! We think this may just be his ruse to get more attention!! ✅ Very friendly fella who just wants to be included ✅ Hugo loves to be involved so would be the family's shadow, whether going on walks and adventures or staying in watching TV ✅ Affectionate Hugo loves to receive pats so will always try to be a good boy ✅ Chilled lad, very laid-back ✅ Hugo is your typical ""nice"" guy ✅ Good with other dogs: - Well behaved when he met a little Italian Greyhound. - Regularly interacts with other Greyhounds. Seems to prefer being a ladies man and hanging out with female greyhounds. - He would still need very slow, gradual introductions to any new dogs or potential doggie housemates. ✅ This sweetheart is such a good boy in the kennels, very clean and quiet ✅ Happy to just bask in the sun Protective Hugo may be a bit noisy if new people rock up at his abode, but he will settle and quieten down after a while of them being there. Your Christmas miracle could be in the form of our graceful gentleman, Hugo! If you want your Christmas Wish (and Hugo's!) to come true - enquire about Hugo today!","hugo-2",""
"2017-12-01","Northern Rivers (Grafton, Lismore, Casino)","956000009568225","Luna","2025-01-15","FEMALE","","Check out the pretty girl we have for you! You won't regret meeting the gorgeous Luna (former Race Name: Marion's Regret). We're not sure what Marion was regretting because it certainly wouldn't be this perfect lass: ✅ Socialite Luna looooooves people! She seeks out interaction and attention. But she definitely knows how to make you feel appreciated and loved back. ✅ Helpful Luna jumps in the car herself and travels very well - so get ready for some road trips! ✅ Luna the Lady is a lovely house guest: she is very clean in her kennel, doesn't chew her bed, and doesn't bark. ✅ Loopy Luna does commit zoomies and thoroughly enjoys them! ✅ She also loves to chase toys so get your throwing arm ready! ✅ Ever the investigator, Luna is also more than happy to roam the yard and inspect all the news and smells. ✅ Even Lunas need downtime, and she does love nothing more than sitting on her couch on the veranda, surveying her lands and taking in the fresh air and vitamin D. ✅ Great with kids. Luna frequently interacts and is fine with children aged 5+ years. ✅ Good with other dogs: - Luna was a little shy at first when she met a small Italian Greyhound. She had no issues, just a bit standoffish. However she did soon settle and was fine. - Free-ranges in the yard with a male Greyhound housemate. - Regularly interacts with other Greyhounds. - She didn't like when dogs got in her face (I think we can all appreciate a bit of personal space!) but settled and was able to play and interact. - Luna would need very slow, gradual introductions to any new dogs or potential doggie housemates Yes, she does appear to have a massive tongue! This fair-haired maiden turns 6 years old very soon! How convenient - you can throw both a ""Welcome To Your New Home"" AND ""Birthday"" party for her 😉","luna-6",""
"2020-12-01","Northern Rivers (Grafton, Lismore, Casino)","956000011568166","Colby","2025-01-15","MALE","","Feelin' lucky? Well with Colby aka ""Rolling Aces"" in your life you'll be sure to feel like a winner when he's around! Just like drawing that sought after Ace card, Colby will fill you with glee! Just look at the hand he was dealt: ✅ Excellent with other dogs - big or small! Colby met a small West Highland Terrier and a Great Dane and behaved wonderfully with his new friends! ✅ Very quiet and just happy to loll about ✅ Shy at first but when he comes out of his shell he is a very sweet and sensitive soul Colby is not really interested in toys. He would prefer to hang around his people and receive love and attention. Colby likes to be included and would love to go on adventures with his family or simply sit with you whilst you read a book or watch the telly This old soul will only be turning 3 in December. Would you like to pick up your very own Ace and throw the best birthday party this sweet boy deserves? Enquire or Apply to adopt Colby aka ""Rolling Aces"" below!","colby",""
"2020-02-01","Northern Rivers (Grafton, Lismore, Casino)","956000007833930","Ruth","2025-01-15","FEMALE","","Do you need a friend? Did you know the name ""Ruth"" means Friendship or Compassionate Friend? Well our Ruth (former race name Anamaya) certainly lives up to her name!! ✅ Very friendly and loyal ✅ Loves people and receiving their attention ✅ Will only make noise if can see things going on (it's surely exciting stuff happening?!) Ruth was excited when she met a Chihuahua (new friend!!), but did settle. She has the potential to be small dog friendly with more exposure. She would need very slow and gradual introductions to any potential small dog housemate. Ruth is an energetic and enthusiastic lass so would love lots of walks and adventures with her people! If you want the prefect friend in your life - Ruth is looking to find hers too! Why not give this friendship a go?","ruth",""
"2017-12-01","Northern Rivers (Grafton, Lismore, Casino)","956000009416392","Maya","2025-01-15","FEMALE","","Every sunset brings the promise of a new dawn - and we have provided just that!! Maya aka ""Dawn's Dream"" will be the true light of your life! ✅ Lovely and sweet girl ✅ Very placid with a gentle temperament ✅ Loves people - especially if they're giving her pats and cuddles! ✅ Walks well on lead so will make a great walking or adventure companion ✅ Maya loves a nap and will need a cosy, warm bed or lounge to charge up on ✅ Good with small dogs but would still need slow, very gradual introductions to any new dogs: - Maya has met a little West Highland Terrier, gave a nice, polite sniff. Disengaged easily. Didn't care too much after that (was far more interested in her environment!) - Maya was a little pushy at first with the small Italian Greyhound she met. But once she had a sniff she was able to disengage. - Maya also lives with a Whippet Maya might be better suited to an older person who is home more often than not to keep her company Maya does suffer from Pannus and will require ongoing treatment. This is easily managed and the GAP team will always provide advice and answer any questions or concerns you may have. This sweet sunshine will be turning 6 in December. Will you welcome a new dawn into your life and help Maya aka ""Dawn's Dream"" celebrate her impending birthday?","dawn-4",""
"2020-03-01","Northern Rivers (Grafton, Lismore, Casino)","956000007471404","Betty Clover","2025-01-15","FEMALE","","Your search for the lucky four leaf clover is over - to be sure, to be sure!! Betty Clover is by far the most wonderful charm you could have in your life: ✅ Excellent with other medium-large dogs ✅ Needs slow and gradual interactions to small dogs, then she will settle ✅ Great with children. She is suited to kids 5+ years as she can get a little excited (it's very exciting meeting new friends!) ✅ Clean and quiet in her kennel like the good little lady she is ✅ Betty Clover is a quiet lass but once she feels comfortable she comes out of her shell and is very sweet If you want a little Lady Luck in your life, enquire or apply to adopt Betty Clover below!","betty-10",""
"2018-10-01","Northern Rivers (Grafton, Lismore, Casino)","956000009597182","Dime","2025-01-15","FEMALE","","Well we can guarantee “a dime a dozen” does NOT apply to this Dime!! This special little lady has her own unique personality and would love a forever family so she can come out of her shell. ✅ Excellent with children. She can get a little excited (new friends!) so would suit kids aged 5+ years. ✅ Gets along well with other medium-large dogs ✅ She is a perfect lady in her kennel: clean and quiet ✅ Dime can be a little shy at first but once she gets to know you she settles and shows the lovable lass that she is Dime will be turning 5 in October! Her only wish is to be able to celebrate this special day with a loving forever family. If you are able to grant Dime's wish, enquire or apply below.","dime",""
"2020-07-01","Northern Rivers (Grafton, Lismore, Casino)","956000011712073","Roy (aka ""Lend The Moose"")","2025-01-15","MALE","","Roy aka ""Lend The Moose"" is here to lend you a helping hand, hug, or love!! This gorgeous gentleman has a magnificent repertoire: ✅ Excellent with other dogs - big or small! (Roy has met an Italian Greyhound, West Highland Terrier and Boxer, PLUS lives with a Whippet and Border Collie) ✅ Doesn’t pay any attention to the cattle and kangaroos in the paddocks ✅ Very friendly! ✅ Human social - loves people! ✅ Quiet and happy lad ❌ Although Roy did not show any signs of aggression or lunging at the cats, he did whine a little and therefore it is too soon to deem cat tolerant ❌ No poultry Roy aka ""Lend The Moose"" has only just turned 3 years old! His birthday wish was simple: to be adopted by a loving forever family! Can you help Roy's wish come true?","roy-1",""
"2019-04-01","Hunter Valley (Maitland/ Muswellbrook/Newcastle/Forster)","956000006810672","Tori","2025-01-15","FEMALE","","Looking to spruce up your abode? We have some styling tips: Simply add the stunning Tori aka ""Rattlin' Style"" into your house! You'll be all the fashion and talk of the town! This strikingly elegant and beautiful girl has other lovely qualities too: ✅ Very affectionate little lady who thrives on human companionship. ✅ Good with older children: - Tori currently interacts with children aged 6+years old - She is relaxed and calm around older kids. She recognizes their gentle and caring presence, and her natural instincts guide her to be extra gentle and patient. - Tori is the kind of dog who will offer a warm nuzzle or a gentle paw to her young humans, ensuring an unbreakable bond. ✅ Tori is a good, polite girl in her kennel. ✅ This clever lass has an understanding of appropriate conduct and is respectful of boundaries. ✅ Good with Medium-Large breed dogs: - Regularly interacts with other Greyhounds. - Tori interacts best with male Greyhounds. - She would need very slow, gradual introductions to any new dogs. ✅ Tori loves her toys! Watching her play is a joy in itself. Her evident fun and energy is contagious! - so both Tori and you can have a grand old time! Tori will need a fully fenced yard. Tori can sometimes Resource Guard her food, so it is best if she is fed separately and left alone to eat her dins. If having a devoted dame in your life sounds like a pretty picture, then Enquire or Apply to Adopt Tori (Rattlin' Style) to style up your home 😉 She may just improve your life and happiness too!","tori-4",""
"2018-04-01","Hunter Valley (Maitland/ Muswellbrook/Newcastle/Forster)","956000009589911","Bago","2025-01-15","MALE","","🐾 Meet Bago, the Stylish Black Greyhound in Search of His Perfect Home! 🐾 Hey there, awesome folks! I'm Bago, a fashionable black Greyhound with a heart full of love, on the lookout for my forever family. I'm all about cozying up on a couch to call my own. Just imagine me, the epitome of style, lounging in comfort, and enjoying every moment of relaxation. Having a spot to call mine would be a dream come true! When it comes to making new friends, I'm a social butterfly. Meeting new people brings me so much joy, and I can't wait to shower you with affection. Let's embark on incredible adventures together and create a bond that'll last a lifetime. Now, I'm eagerly waiting to find my forever home, where I can show off my impeccable fashion sense and bring endless love and warmth to your life. Are you ready to welcome Bago, the stylish black Greyhound boy, into your heart? 🐾 Bago is ready to bring love, style, and a whole lot of snuggles to your home sweet home! 🐾","bago",""
"2021-02-01","Hunter Valley (Maitland/ Muswellbrook/Newcastle/Forster)","956000007466560","Lilly","2025-01-15","FEMALE","","Meet Lilly, At just two years old, Lilly is still learning how to walk well on a lead, but with a little bit of patience and practice, she is sure to be a pro in no time. Lilly is a sweet and gentle dog who loves nothing more than spending time with her human family. She has a playful and affectionate nature, and she always enjoys cuddling up with her loved ones for some quality time together. One of Lilly's favorite things in the world is food. She has a big appetite and loves nothing more than trying new treats and snacks. Her love of food makes her an ideal candidate for training and learning new tricks - she is a very quick learner and always eager to please. Because Lilly is still learning how to walk on a lead, she would be best suited to a family with children over the age of 10 years old. She is a gentle and kind dog, but she can be quite strong when she gets excited, so it is important that she is handled by someone who is confident and experienced. Lilly is an active girl who loves going for walks and exploring new places. She would make the perfect companion for anyone who enjoys an active lifestyle and loves spending time outdoors. She is always eager to please and would be a wonderful addition to any family. If you are looking for a sweet and playful dog who loves nothing more than spending time with her loved ones, Lilly might just be the perfect dog for you. Come meet her today and see for yourself what a wonderful companion she would be!","lilly-7",""
"2017-07-01","Central West (Bathurst/Dubbo/Coonabarabran)","956000009591988","Kyron","2025-01-15","MALE","","Introducing Kyron! Pictures say it all! This boy is a gem, he is quiet, gentle and sociable. Kyron gets along well with other dogs, he loves zooming in his yard with his mates and is well socialised with other breeds. Kyron loves being around people so a home where someone is around most of the time or another furry companion would be ideal. Book a meet today, you won't regret it!!","kyron",""
"2017-11-01","Northern Rivers (Grafton, Lismore, Casino)","956000009551915","Mick","2025-01-15","MALE","","Just like his namesake (Mick Dundee) this guy will provide you with lots of adventure, fun and laughs. He is a bit of a larrikin and also a ladies man. He would love to have a huge back yard to play in and if you go travelling don't forget to pack his bag as he would be a great companion on the road. But you will have to pack his toys as he loves to have a game with you and will even bring the toy back for you to throw again. Mick is a stud and he knows it, he is handsome and has just turned 4 years old so is past the puppy stage but still has lots of adventure left in him. If you think you would be the perfect companion for this guy send us a message and we will organise a meet and greet","mick-1",""
"2018-08-01","Central West (Bathurst/Dubbo/Coonabarabran)","956000006793213","Hunter","2025-01-15","MALE","","This handsome young man's name is Hunter. He is a big lovable boy who enjoys his human company and gets excited to meet new people. He is super sociable and really wants to engage in interaction. Hunter would just love someone to chase around the yard and rumble with him. Ideally he would be best suited to a home with a larger yard and older children would probably be better. Hunter is used to other dogs but he has been socialised mainly with med/large ones. Hunter has real character and can sometimes be a bit of a goofball. If you think you might want to meet Hunter apply and we can see if he suits you.","hunter-3",""
"2017-03-01","Central West (Bathurst/Dubbo/Coonabarabran)","956000004499510","Caeden","2025-01-15","MALE","","Hi everyone my name is Caeden. As you can see I'm a beautiful brindle boy looking for my perfect home. I am quite an active boy so my ideal home would be to someone who doesn't mind exercising me and spending a bit of time keeping me occupied. I am an alert boy and I like to know what is happening around me. I love socialising with my current family and am used to children and some other dogs. I am smart, well mannered and would love to join you in the adventures of life! I'd love to meet you and become your best mate.","caeden",""
"2018-12-01","Central West (Bathurst/Dubbo/Coonabarabran)","956000006810924","Tom","2025-01-15","MALE","","Tom is quite a gentleman, he is a laidback and easy going type of fellow. He enjoys exploring around the yard, lazing around in the sun and supervising whatever you may be doing. Tom would fit in most households and with a little tlc he would really bond well and be your best mate. He is social and gets along well with most other dogs, older children would probably suit better smaller children. Tom isn't overly active so a small amount of exercise would be fine and small to moderate size yards are ok. Tom would just like a chance to experience being a pet so if you have the room and would like to meet Tom apply today.","tom-5",""
"2019-08-01","Central West (Bathurst/Dubbo/Coonabarabran)","956000007855822","Marty","2025-01-15","MALE","","Hi I'm Marty, I'm a friendly and playful boy who would love to find my perfect home. I am moderately active and would suit a family with slightly older children who won't mind me chasing them around the yard. I have a few whippet buddies that I currently interact with so other dogs should be ok (depending on the dog). I enjoy pats and will really bond well to anyone willing to give me some attention. When you first meet me I might be a little quiet and tentative to engage with you but once I warm up you will feel the love! Give me a chance and organise a meeting, I'd love to get to know you!","marty",""
"2017-11-01","Central West (Bathurst/Dubbo/Coonabarabran)","956000009461635","Scamp","2025-01-15","MALE","","Hi my name is Scamp! As my name suggests I am a mischievous but likeable boy (a big goof really). I am not naughty but just a bit of a character. I love playing and getting stirred up, I will run around and engage in play with you. I am a big boy with a big roman nose which may not appeal to everyone but I think I'm pretty handsome! I do enjoy a bit of exercise so someone a little active or an active family with older children would be perfect. I enjoy people and getting attention, am happy go lucky and would make a great companion, all I need is a chance! If you are interested in adopting or even fostering me apply and the team at GAP can organise a meet and greet.","scamp",""
"2017-12-01","Central West (Bathurst/Dubbo/Coonabarabran)","956000009591426","Rocky","2025-01-15","MALE","","Just like his namesake in the movies Rocky could be your favorite underdog! Rocky is outgoing and friendly, loves pats and being spoilt by his human companions. He would suit a home that is moderately active as he likes a bit of a run and zoom around the yard. Rocky will really bond with his new owner and become a loyal companion. He has been socialised with his little pug friend but does require a little time when meeting new friends. If you have a bit of time for a new friend and are looking for a diamond in the rough apply to meet Rocky today!","rocky-9",""
"2013-04-01","Northern Rivers (Grafton, Lismore, Casino)","956000008703324","Star","2025-01-15","FEMALE","","Star is very deceiving, she may be 11 but she bounces around like a 2 year old and doesn't let her age slow her down. She loves her routine and is a very clean house mate. She has the most glorious black coat that shines and hides her age very well. She is used to being inside and is used to watching the small dogs of the house roam around and does not hassle them. Being a senior (don't let her know I said that) she would prefer to share with a polite calmer dog. If you are after an older girl Star is the one for you, you will get age and beauty both at once. Getting photos wasn't easy because she knew that going through the gate meant she would get her daily biscuit, much more important than a photo shoot.","star-5",""
