"DATEOFBIRTH","LOCATION","MICROCHIPNUMBER","NAME","RECORDEDDATE","SEX","SPECIFICNEEDS","TEXT","URLNAME","WHATWEHAVENOTICED"
"2021-09-01","Riverina (Wagga, Temora, Gundagai, Griffith)","956000013024094","Rex","2025-03-03","MALE","","Rexie Rex is a beautiful confident boy, he is fun and loves to play and splash in water but he's also gentle as a lamb. He has grown up on the farm all his life and is enjoying the new routines of his retirement, loving attention when he plays and also leaning on you for affection, more pats please! He's also an excellent walker on the lead. Rex has a lovely nature and gets along with people, kids 10+, birds and other breeds of dogs big or small. He would make a beautiful, loving pet for most households and would keep you amused with his antics and joy for life then snuggles when it's time to rest. 💌","rex-4",""
"2019-06-01","Riverina (Wagga, Temora, Gundagai, Griffith)","956000007842424","Julie","2025-03-03","FEMALE","","Miss Julie is a playful, confident girl who loves her toys, a run around with the other dogs (retired greyhounds and Jug), a splash in her clam shell pool and just being around people and kids 7+, too. She's a bit of a character, loves to show off but she's not over the top, just a happy girl! At 6 she hasn't lost energy but slows down faster and rests longer, especially as she is learning the comforts of retired life! Julie has grown up on the farm and has come into town life ready for her new home. She has taken to a nice cosy bed on the floor and loves being on the patio as well on the warm nights. She would suit someone, a couple or family with the time to get to know her, take her for a walk and have a bit of playtime with her in the morning, especially if you are going off to work. Some toys, an outdoor bed, pool, sandpit or another dog friend will keep her company for the day, plus plenty of rests. She's easy going and not worried by pet birds or little fluffy dogs. Just a sweetheart ready to relish retired life. 💗","julie-7",""
"2018-04-01","Western Sydney (Londonderry)","956000009435970","Debra","2025-03-03","FEMALE","","Meet Debra, the hilarious and playful girl who will keep you smiling all day long! Debra loves to bounce around and show off her excitable personality, often offering a fun play bow! She is highly people social and always eager to be near her humans, and enjoy snuggling right up to you when on the couch. Debra's also a big fan of meeting new people - she’ll be the first to trot up to strangers for some pats! Thanks to her strong food drive, Debra is an absolute dream when it comes to training. She has excellent name recall, responds well to commands like ""on your bed"" ""off"" ""down"" and ""shake"". When it comes to walks, Debra is a pro on the lead and this adventurous girl would do well in a quieter dog populated neighbourhood to make her walks breezy and enjoyable! Debra would thrive in a home with kids who have experience with bigger dogs and can appreciate her bouncy nature. She could also adapt well to a household with full-time workers and is apartment-friendly - Making her a great fit to many kinds of homes! Debra has shown to get along well with other medium to large dogs, meaning she could be a great fit for a family looking to add to their furry companions. This adorable and well rounded girl is available now at our Western Sydney location!","debra-1",""
"2016-11-01","Central West (Bathurst/Dubbo/Coonabarabran)","956000005413287","Dora","2025-03-03","FEMALE","","Pleased to introduce you to the wonderful Dora! Dora is a senior lady looking to share her love with a new family. Dora has spent time living with a young family for approx 12 months & is now ready to find her forever home. She loves young children. Very patient & calm with them. Dora is gentle, kind & affectionate. Engaging in sweet cuddles & kisses. Dora may adapt to living on her own or in an apartment. Confident & content, she might well adapt to full-time workers as well :)","dora-2",""
"2020-09-01","Western Sydney (Londonderry)","956000013091352","Joy","2025-03-03","FEMALE","","Fill your home with Joy! Sweet and little girl Joy is a very lovely girl! She is polite with the other dogs she has met and could be suited to living with another large breed dog. She is calm in the yard and has shown the ability to settle for short hours, possibly being able to build to longer hours. A home with older and respectful children could be suitable for Joy. A bundle of joy, apply to adopt this darling girl today!","joy-1",""
"2019-08-01","Central West (Bathurst/Dubbo/Coonabarabran)","956000006702904","Millie","2025-03-03","FEMALE","","Looking for a sweetheart that loves children, engaging in fun play & snuggling? Then Millie is the girl for you! Millie is very excitable & playful! Loves to run around being a little silly & cheeky. Quick to jump in a body of water.... even on picture day hehe :)","millie-4",""
"2020-09-01","Central West (Bathurst/Dubbo/Coonabarabran)","956000007821199","Timmy","2025-03-03","MALE","","Timmy is the life of the party! and a self-proclaimed ladies' man! He loves attention & affection. Loves to run around, playing & being a bit of a goof! Timmy would love to find a family who will play, throw, catch & then snuggle in for some TLC! He is a confident & curious fellow who will join the family on adventures to make those memories even more special :)","timmy-6",""
"2023-06-01","Southern NSW/ACT (Bulli, Nowra, Goulburn, Canberra)","956000015747092","Pockets","2025-03-03","FEMALE","","Pockets is a stunning 2-year-old white and brindle girl who has been a beloved pet her entire life. She’s easy to handle, does everything right, and has a calm, well-mannered nature. Having grown up on a farm and around children from a young age, Pockets is fantastic with kids and adapts well to different environments. She’s quiet—never a barker—and walks beautifully on the lead. She’s also small-dog and cat workable with the right time and training. Whether you’re looking for a loving family pet or a loyal companion, Pockets is the perfect match! Ready to meet Pockets? Contact us today!","pockets",""
"2018-12-01","Southern NSW/ACT (Bulli, Nowra, Goulburn, Canberra)","956000006796484","Venus","2025-03-03","FEMALE","","Meet Venus – The Perfect Family Companion! Venus is a beautiful 6-year-old fawn girl with a loving and playful nature. She enjoys her daily walks and a fun play in the backyard but is just as happy relaxing indoors. Having lived inside for the past three months, Venus is well-adjusted to home life. She has grown up around children as young as two, making her a great fit for a family home. She walks well on the lead and is both apartment-friendly and suitable for full-time workers. If you’re looking for a gentle and adaptable companion, Venus is ready to steal your heart! Contact us today to meet Venus!","venus-2",""
"2022-10-01","Southern NSW/ACT (Bulli, Nowra, Goulburn, Canberra)","956000014888373","Jamillie","2025-03-03","FEMALE","","Meet Jamillie – A Loving and Confident Companion! Jamillie is a sweet and affectionate small female, weighing just 22kg. As the sister of Blaze and Poppy, she shares the same wonderful temperament—gentle, loving, and full of confidence. She is fully crate trained and inside trained, making her a well-mannered addition to any home. Jamillie is great with kids and is small-dog workable, meaning she can adapt well with proper introductions. If you’re looking for a loyal and affectionate companion, Jamillie could be the perfect match for you! Interested in meeting Jamillie? Get in touch today!","jamillie",""
"2018-08-01","Southern NSW/ACT (Bulli, Nowra, Goulburn, Canberra)","956000006677804","Kelly","2025-03-03","FEMALE","","Meet Kelly – Your Perfect Calm Companion! Kelly is a gentle and affectionate 7-year-old girl looking for a loving forever home. She’s crate trained, fully house and toilet trained, and loves nothing more than snoozing the day away. This sweet-natured girl has been around smaller dogs and is great with kids. She walks beautifully on the lead and would suit an apartment or a quieter home, making her the perfect match for an older person looking for a loyal companion. If you’re looking for a calm, well-mannered, and loving companion, Kelly is the one for you! Ready to meet Kelly? Contact us today!","kelly-9",""
"2023-02-01","Central West (Bathurst/Dubbo/Coonabarabran)","956000014911244","Zali","2025-03-03","FEMALE","","Zali is a super sweet, super soft & kind little lady. Zali is a very small female greyhound who would love to find the perfect family. She will benefit from a quieter home, perhaps with another canine pal. She has grown up around young teenage children who adore her. Zali can be a little shy at first but with encouragement, will bring you a toy to play with :)","zali-2",""
"2016-01-01","Central West (Bathurst/Dubbo/Coonabarabran)","956000004274445","Joy","2025-03-03","FEMALE","","Let us introduce JOY! and what a Joy she is! Joy brings out the best in us all. She is full of happiness, kindness & love. Joy is a senior lady but in no way does that slow her down. She is confident, engaging & playful. She loves to explore & is eager to learn. Joy has grown up with smaller breeds of dogs, chickens, ducks & sheep around. If you're searching for two lovely ladies to join your family, Joy's sister Boss, is also available :)","joy-2",""
"2016-01-01","Central West (Bathurst/Dubbo/Coonabarabran)","956000004255194","Boss","2025-03-03","FEMALE","","Miss Boss! Isn't she just a beautiful girl! So happy, care-free & loving. She is affectionate, engaging & patient. Waiting with those big, gorgeous eyes for many many cuddles & kisses. She is an older lady but has a heart full of youth & passion. She will thrive in her new home. Boss has exposure to many different animals, various small breeds, chickens, ducks and sheep. If you're looking for two lovelies to join your home, Boss's sister Joy, is also available :)","boss-1",""
"2023-04-01","Central West (Bathurst/Dubbo/Coonabarabran)","956000015734440","Juno","2025-03-03","FEMALE","","Sweet Juno! Juno is prettiest little lady who is searching for her perfect home. She is so soft, sweet & kind in nature. Juno would love to find a home with the support & time she so deserves to grow and conquer. Juno would benefit from having another friend around to show her the ropes or live with someone who works part-time to allow for maximum bonding and growth.","juno",""
"2020-11-01","Western Sydney (Londonderry)","956000007860345","Vixen","2025-03-03","FEMALE","","Meet Vixen, a spunky and joyful girl who’s ready to find her forever home! With her excitable energy and sweet cuddly nature, Vixen is the type of dog who’ll brighten anyone's day! While she’s got a ton of enthusiasm and excitement to share with her people, she’d be happiest as your one and only pup — so she can enjoy having all the attention to herself! Given the time and patience to adjust to her new routine, Vixen will quickly learn how to be the best companion and show you what an amazing pet she can be! If you’re looking for a loving & gentle girl with lots of personality and a zest for life, Vixen just might be your perfect match.","vixen-1",""
"2021-09-01","Western Sydney (Londonderry)","956000014690116","Basil","2025-03-03","MALE","","Say hello to Basil! The spice you didn’t even know you were missing from your life. He's confident & social and loves affection. Basil is a people pleaser who loves nothing more than a pat and lots of treats. He walks gently on the lead, showing off his wonderful manners for all to see. He would love to live with or without another greyhound pal, as long as he's got some adoring fans to shower him with affection! Basil has been known for carrying around his toys. We feel Basil would suit a home with respectful kids, making him the perfect herb addition to your veggie patch! Basil is available from the Western Sydney adoption centre.","basil-2",""
"2021-02-01","Western Sydney (Londonderry)","956000007466087","Banks","2025-03-03","MALE","","This friendly boy loves his toys and loves spending time with other dogs (and is also learning that small dogs are friends!) Banks could suit a home with a courtyard/townhouse and kids who enjoy fun, adventures and playtime! Banks is a brand new face here at the centre so watch this space for more updates! Banks is available from the Western Sydney adoption centre.","banks-2",""
"2020-11-01","Western Sydney (Londonderry)","956000010911482","Sandy (Western Sydney)","2025-03-03","FEMALE","","Weighing in at just 25 kg this teeny tiny girl makes up for her size with her adorable personality! Sweet, happy, confident little girl Sandy would be happy with many home types. She is a confident lady who walks super nicely on the lead. She likes treats and will definitely persuade you with her puppy dog eyes. She has spent time living with other greyhounds before and would suit a multi-dog household. Playful and loving, she absolutely loves people and has never met someone she didn't like - making her suitable for a busy social life or a family with kids. She is available at the Western Sydney adoption centre.","sandy-10",""
"2018-10-01","Western Sydney (Londonderry)","956000005106199","Dawn","2025-03-03","FEMALE","","Rise and shine! Time to greet the day and welcome a stunning new Dawn! Dawn has risen onto the adoption scene - this sweet and calm girl has a burst of play time and then will stand gently by your side for pats. This little lady would enjoy a nice courtyard/backyard to zoom and lounge around in during the day. She is energetic at times, and would do best with outdoor access, as when she is not snoozing through the day she loves to explore and run around. We think she would also be fine in a home with kids who would enjoy her affectionate and playful side. She loves to be scratched behind the ears and rubbed on the belly. Dawn will gladly be petted by humans whether they are strangers or not. Dawn can either be on her own with full/part time workers or with a canine friend as she seems to get along well with other dogs she has met with us - including small dogs. She is not reactive to other dogs and walks well around noisy streets. Apply online now to take Dawn home - she is available at the Western Sydney adoption centre.","dawn-6",""
"2021-04-01","Western Sydney (Londonderry)","956000011704023","Gordie","2025-03-03","MALE","","Outgoing yet chill boy Gordie has experience with kids, small/big dogs and travels well, making him a great addition for a growing family or a family looking for a handsome young lad to join them on adventures. He would love to live in a unit apartment & he can even do stairs! Gordie likes the chill life too, and enjoys settling in our office under the A/C. He's the perfect blend of playful, affectionate and chill - the ideal greyhound if we do say so ourselves. Gordie is still learning his tricks at the adoption centre so watch this space for more updates! He is available at the Western Sydney adoption centre.","gordie-2",""
"2018-04-01","Western Sydney (Londonderry)","956000009568889","Crumpet","2025-03-03","MALE","","Hi everyone, I’m as sweet as a honey drizzled crumpet, and ready to accompany you through your your future brunches and breakfasts. I think I’ll definitely be the sweetest part of your day. I like to be patted and get cuddles but can initially be a bit shy, so a family with respectful kids would be the home I’d be happiest in. I’m gentle, affectionate, cuddly, and kind to everyone I meet. I have been a polite lady with other greyhound friends & small dogs in our backyard at the centre. I am also learning what these so called ""cats"" are - stay tuned for updates! I could work up to longer hours alone as I settle well inside. I really enjoy being indoors, so where ever you live - an apartment or house, that's no problem with me. Full time hours with a dog pal would also suit me just fine! No wonder I'm named after something so sweet, huh! I’m available to adopt from our Western Sydney adoption centre, apply below to meet me!","crumpet-3",""
"2022-03-01","Western Sydney (Londonderry)","95600000","Conrad","2025-03-03","MALE","","**Conrad is currently in a foster home - reach out to the team to meet him!** Conrad is a quiet natured, reserved yet affectionate boy. He is polite meeting other big or small dogs when out and about but would suit a home willing to take things slow while he learns about the world around him. He could happily co exist with another doggie with a similar gentle temperament. He can be a nervous hound when he’s in a new environment and would suit a home with children who are quiet and respectful as he learns to gain his confidence. Conrad is enjoying foster care and can't wait to show you all his new pet skills! Conrad is available from the Western Sydney adoption centre. **Conrad is on daily medication - enquire with GAP for more info**","conrad",""
"2023-04-01","Southern NSW/ACT (Bulli, Nowra, Goulburn, Canberra)","956000015734571","Andy","2025-03-03","MALE","","Andy is a stunning boy who wont run up and jump on everyone. He will read the room and get to know you since he is a laid back and reserved in nature. He has been around young children, little dogs and has had frequent visits from native animals while living on the south coast.","andy-7",""
"2019-12-01","Western Sydney (Londonderry)","956000012225936","Friday","2025-03-03","MALE","","Thank God It's Friday! Friday is super affectionate, cat/dog suitable, loves food & cuddles. Friday has a bright and bubbly personality which we all adore here at the centre. Friday shows nice calm behaviours with a mix of playful and silly, making him a perfect addition to many home types. Friday would enjoy a home with a courtyard/backyard style, as he enjoys the indoor/outdoor lifestyle, sunbaking with a mix of couch naps. Respectful children would enjoy his gentle yet fun energy. This versatile and confident boy is sure to tick the boxes. Come and meet Friday at the Western Sydney adoption centre!","friday",""
"2015-06-01","Western Sydney (Londonderry)","956000004347250","Woody","2025-03-03","MALE","","Do you have a doggie squad looking to add a placid & affectionate senior to the mix? My foster carers call me smoochy, cuddly, quirky, smart & obedient. I love people, I'm so excited for everyone to pat me! My foster carers tell me I'm a special ""blue fawn"" colour which is apparently quite rare! My foster family go away for full time work & I'm totally blasé about it with my 2 doggie pals next to me. I'm a lazy bones but happy for a daily stroll where I promise to walk perfectly on the lead. I'm ready to share my multi-dog home life experience, tried and tested pet skills & affectionate nature with you! Come meet Woody today and discover the love that only a senior greyhound can offer. **Woody is on daily medication - enquire with GAP for more info** *Woody has spent months in foster care with 2 greyhound buddies, one male one female - contact the Western Sydney team to meet him*","woody-western-sydney-1",""
"2018-08-01","Western Sydney (Londonderry)","956000006802659","Chicken","2025-03-03","FEMALE","","Chicken is the perfect indoor companion – she settles beautifully and is happy to relax while her humans are at work full-time. Chicken gets along well with other dogs, big or small, as long as they’re calm and friendly – just like her! When you’re home, she’ll shower you with love and even paw at you for extra cuddles! Respectful children would love her affectionate nature. She’s a dream on the leash, walking calmly by your side, and her love for treats makes her a joy to train. If you’re looking for a loving, low-maintenance companion who adores snuggles, Chicken is the one for you! This little chicken is ready to find her forever family! Contact Western Sydney to meet her!","chicken-1",""
"2017-12-01","Central West (Bathurst/Dubbo/Coonabarabran)","956000009591300","Azzie","2025-03-03","MALE","","Great with young children. Happy go lucky guy. Calm, friendly & sweet natured. Good with smaller breeds of dogs. A quieter lifestyle would be best. If you might consider welcoming two greyhounds into your home, Azi’s brother Arrie is also searching for his forever home :)","azzie",""
"2021-07-01","Central West (Bathurst/Dubbo/Coonabarabran)","956000007467563","Arthur","2025-03-03","MALE","","Relaxed & easy going guy. Very easy on lead. This gentle guy has grown up around young children. Gets on well with large breeds of dogs. A quieter lifestyle preferred, however, I do love my fluffy toys to play around with.","arthur-6",""
"2021-01-01","Central West (Bathurst/Dubbo/Coonabarabran)","956000014520694","Xena","2025-03-03","FEMALE","","Confident, sweet & all round loving lady. Very affectionate & kind natured. Has grown up around young children. Calm & patient, yet also cheeky & playful. With the correct intro, Xena could become great friends with your cat & smaller fluffy pets. Xena holds herself with confidence, she could adapt well to indoor living.","xena-3",""
"2021-07-01","Central West (Bathurst/Dubbo/Coonabarabran)","956000007841623","Martha","2025-03-03","FEMALE","","Loves to play & engage in play with fluffy toys. Confident in new spaces. Would prefer a home with part-time workers or another medium/large canine friend live with. Has grown up around young children. Very affectionate & loving towards them. Walks on a lead very well. Gentle & patient :)","martha-1",""
"2023-04-01","Northern Rivers (Grafton, Lismore, Casino)","956000007427402","Harley","2025-03-03","MALE","","Meet Harley, a cheerful and easygoing companion. This friendly fella has a personality that's as warm as the summer sun, making him an ideal addition to any family seeking a loyal, loving dog. Harley has a delightful, laid-back nature about him. He is effortlessly sociable, having met small dogs with a friendly yet disinterested attitude, ready to just hang out and enjoy their company without demanding constant interaction. With his infectious happiness and calm, affectionate personality, Harley promises to be a wonderful companion for anyone seeking a peaceful, friendly presence in their life. If you’re ready to welcome an easygoing and friendly buddy into your life, Harley is more than ready to meet you.","harley-4",""
"2022-02-01","Northern Rivers (Grafton, Lismore, Casino)","956000007426007","Fergie","2025-03-03","FEMALE","","Meet Fergie, the gentle and friendly canine companion you've been searching for! With her quiet demeanor and loving nature, Fergie is the ideal dog for those who appreciate the company of a sweet and easy-going friend. Fergie is lovely on the leash, making walks a delightful experience rather than a chore. She'll be trotting calmly by your side, content to soak in the scenery with you. Her playful side emerges when you bring out the toys—she'll joyfully chase them down with enthusiasm, even if she prefers not to pick them up. Fergie's calm and unassuming temperament makes her well-suited to a wide range of home environments, She's the perfect furry companion for moments of quiet reflection or a gentle stroll around the neighbourhood.","fergie-1",""
"2021-12-01","Northern Rivers (Grafton, Lismore, Casino)","956000013019359","Devil","2025-03-03","FEMALE","","Meet Devil, the charming canine companion with a heart of gold and an easygoing nature that makes him a delight to have around. Despite his high-energy name, Devil is the picture of calm, ready to bask in the affection of his favorite people. What Devil really enjoys is playing fetch! While he enthusiastically chases after toys, you might need to encourage him to bring them back. With a patient approach, you'll find he learns new tricks quickly and loves to earn your praise. Devil's easygoing attitude extends to other animals as well. He's content to coexist peacefully with cats but isn't particularly interested in them—he can take them or leave them. So, he would fit well in homes with or without feline friends. Calm cats would be best for Devil. If you're looking for a low-maintenance, loving dog who values companionship and comfort, Devil is the perfect match for your life. Come meet Devil, and discover the loyal friend you've been waiting for!","devil-2",""
"2020-01-01","Northern Rivers (Grafton, Lismore, Casino)","956000012247333","Bernie","2025-03-03","MALE","","Introducing Bernie, the quintessential chilled canine companion you’ve been looking for! Bernie is the definition of easygoing, and his laid-back demeanor makes him the perfect partner. Bernie's love for food is one of his many endearing traits, and achieving his heart is as simple as offering him his favorite treats. He appreciates the simple things in life and is the type of dog who finds joy in the everyday routine. Whether you’re spending a quiet evening at home or heading out for a casual walk, Bernie is content to be by your side. If you have a penchant for relaxing days and are seeking a loyal, food-motivated friend who's happy and enjoyable to be around, Bernie could be your perfect match.","bernie",""
"2021-05-01","Northern Rivers (Grafton, Lismore, Casino)","956000007430191","Johnny","2025-03-03","MALE","","Meet Johnny, a quiet and friendly companion who's ready to fill your home with love and warmth. Johnnie's easygoing nature ensures that he'll easily fit into your daily routine without much fuss. Johnny gets along well with other dogs, and his amiable attitude makes him a great candidate for multi-pet households. He's particularly suited for a laid-back lifestyle, where he can enjoy peaceful moments by your side or spend time playing friends. Whether it's a leisurely walk around the neighborhood or relaxing at home Johnny is keen to be involved Johnny is the perfect fit for a family or individual seeking a loyal and tranquil companion.","johnny-9",""
"2022-05-01","Central West (Bathurst/Dubbo/Coonabarabran)","956000011350675","Rose","2025-03-03","FEMALE","","Has grown up around teenage children. Confident & happy go lucky. Loves a fun game of fetch with fluffy toys. Engages in play & affection. Beautiful & she knows it! Sweet natured. With the correct into & supervision, Rose may become good friends with your smaller fluffy pals, kittens & all.","rose-8",""
"2019-12-01","Northern Rivers (Grafton, Lismore, Casino)","956000012227226","Alice","2025-03-03","FEMALE","","Say hello to Alice, a cheerful and friendly canine companion whose sunny disposition will warm your heart! Her enthusiasm and easygoing nature make every day feel like an adventure. She gets along wonderfully with small dogs, and her friendly attitude extends to cats as well—she's met them and remained perfectly composed. So with the right cat Alice will fit in perfectly. Adopt Alice and watch as every day becomes brighter with her delightful smile and warm, inviting personality.","alice-3",""
"2017-04-01","Central West (Bathurst/Dubbo/Coonabarabran)","956000005708531","Storm","2025-03-03","FEMALE","","Relaxed & very loving older lady. Has spent time around grandchiildren. Storm is a confident girl looking for a life of leisure. She will do well on her own, with full time workers..... or if you might consider welcoming 2 beautiful ladies into your life, Storm’s sister, Chucky is also available :)","storm-4",""
"2021-04-01","Western Sydney (Londonderry)","956000012226694","Turbo (Western Sydney)","2025-03-03","MALE","","Meet Turbo! This sweet and energetic boy is ready to race into your heart. He could live with a calmer medium/large sized canine friend in his forever home - Pending a Meet & Greet at our Londonderry centre. Turbo is the perfect combination of playful energy and loving companionship, who is quick to learn and takes training in stride, making him a highly trainable and adaptable companion. While he’s eager to be loved, Turbo will need some time to settle into his new home and access to a backyard or small outdoor space where he can stretch his legs and avoid any accidents, would suit him best. Give this playful & happy boy a chance, and you'll gain a friend for life. He's available from the Western Sydney adoption centre.","turbo-7",""
"2017-04-01","Central West (Bathurst/Dubbo/Coonabarabran)","956000009435360","Chucky","2025-03-03","FEMALE","","Sweet & adorable older gal. Independant & confident. Will adpat to full time workers. Has spent time around young grandchildren. Relaxed in new spaces & around new people. Sister to Storm! Would you consider welcoming both into your family?","chucky-2",""
"2023-02-01","Northern Rivers (Grafton, Lismore, Casino)","956000015750456","Casey","2025-03-03","FEMALE","","Meet Casey, a gentle and quiet presence looking for a loving new family to call her own. This sweet-natured girl might be a bit shy at first, but once she gets to know you, her affectionate spirit shines through. Casey is good with all dogs and children. Her adaptable temperament and polite demeanor make her an ideal addition to any family. Her experience with young ones means she's great with kids, and her patience and gentle nature ensure a seamless fit into a family atmosphere. While she thrives in quieter settings where she can relax and take her time adjusting, Casey will enthusiastically come out of her shell once she feels comfortable. If you're looking for a devoted, mild-mannered, and sweet-hearted canine companion, look no further than Casey. Her loving disposition and peaceful spirit make her the kind of dog who can turn a house into a warm, welcoming home.","casey-1",""
"2017-12-01","Central West (Bathurst/Dubbo/Coonabarabran)","956000009590951","Arrie","2025-03-03","MALE","","Gentle, loving & kind sweetheart. Confident in new spaces. Relaxed & easy going. Has grown up around children. Good around other/ smaller breeds of dogs. Affectionate. Couch potato. Arrie’s brothers Azi, is also searching for his new home. Perhaps you might consider welcoming 2 beautiful boys into your home?","arrie",""
"2019-10-01","Central West (Bathurst/Dubbo/Coonabarabran)","956000007834720","Harriet","2025-03-03","FEMALE","","Please meet Harriett- the sweetest, most loving little lady. Very engaging & affectionate. Loves snuggles & kisses. Small in size & the cutest little tail. Has grown up around young children- loves them! Good around smaller breeds of dogs.","harriet-2",""
"2023-02-01","Northern Rivers (Grafton, Lismore, Casino)","956000014910548","Amy","2025-03-03","FEMALE","","Meet Amy, a gentle and affectionate pup with a heart of gold. Although she's a bit shy at first, once Amy warms up, she reveals her fun-loving personality and loyal nature. Amy is a social butterfly when it comes to her canine companions. She's met small dogs and is exceptionally well-behaved with them, making her ideal for a family with other pets. A tad reserved at first, Amy thrives in a loving and supportive home environment where she can feel safe and flourish as her true self. Her new family can look forward to her sprouting confidence when she is relaxed and secure. Amy would particularly enjoy a home that values social connections, including visits to the dog park, where she can make friends with dogs she meets. If you are looking for an affectionate and playful addition to your family, Amy could be the perfect match for you!","amy-3",""
"2020-03-01","Western Sydney (Londonderry)","956000007843245","Panini","2025-03-03","FEMALE","","The perfect panini consists of: a sprinkle of goofiness, a slice of zoomies and a handful of smooches! Panini is ready to join her family on picnics and adventures. This bubbly girl is a super friendly, excited dog with a happy, positive outlook on life. She's interested in all things fun - toys, treats and playtime. If she was to live with children they would need to tolerate her bubbly nature so we recommend kids with big dog experience. She could live in an apartment if she had a fun and stimulating social life! Panini's ideal forever home is one where her family are home more often, so she can receive the love and attention she craves. Panini is ready to pick up and takeaway from our Western Sydney adoption centre!","panini-1",""
"2017-05-01","Western Sydney (Londonderry)","956000005582145","Rambo","2025-03-03","MALE","","Rambo is enjoying living in a foster home in inner Sydney. In just a few weeks Rambo has come out of his shell and shown himself to be an affectionate, playful, curious and silly boy. His favourite hobbies include napping on the floor, asking for cuddles (and cheese), and of course exploring the neighbourhood on his daily walks. Well-suited for apartment living, Rambo now has his ‘stairs license’ and can confidently climb several floors. Rambo has a lot of love to give, and would therefore thrive in a calm environment. While he’s very obedient and respectful, Rambo is still working on his skills of independence and improving his confidence when being left alone for longer periods of time. He would enjoy a home with a laid back type of life. Known to roach and chill out, Rambo would be an amazing addition for a laid back couple with some hours alone, retirees due to his gentle nature, or a work from home lifestyle, as long as he gets a couple of short toilet walks around the block. He is well versed in being an apartment hound, but of course he would love a backyard if you had one too! Rambo is available from the Western Sydney adoption centre. **Rambo is on daily medication - enquire with GAP for more info**","rambo-2",""
"2022-04-01","Western Sydney (Londonderry)","956000011335502","Indigo","2025-03-03","FEMALE","","Hi, I'm Indigo! I'm SUPER adorable! I'm pretty as a picture, super affectionate and love to cuddle right up on you! I'm still a young curious girl so I'd love to grow up with a family who has a townhouse or backyard for me to do my goofy zoomies in. I would happily live with older kids, too! I would prefer older children as I have a big friendly and fun, bouncy personality. An owner who enjoys ongoing training and who would like to keep showing me the world would be so amazing as I have loved learning new tricks and getting out in the hustle and bustle with my handler. I'd prefer my home without any other pets in it, however I'm friendly with dogs on walks including those smaller dogs I keep seeing around! My perfect home would be someone who works from home/retired so they can spend all their time doting on me and telling me how cute and adorable I am. Finally...I can't let you go without telling you the tricks I know - I'm learning my name means something, so does the word 'yes' and I've even got my stair licence! I'm available from the Western Sydney adoption centre.","indigo",""
"2018-04-01","Northern Rivers (Grafton, Lismore, Casino)","956000009464574","Garnet","2025-03-03","FEMALE","","**Garnet has lived in a foster home in the city CBD with full time workers, is affectionate and intelligent, and loves long walkies and would enjoy an active family to keep fit and go on daily adventures with** She's been a joy to foster! Here's a glimpse into Garnet's wonderful traits: - Garnet is an early bird who enjoys morning naps after joining you in bed. - A fearless adventurer, she's unbothered by much and walks in loud, busy city streets. - Walks in the rain without hesitation. - Patiently waits outside shops while you run quick errands. - Curious by nature, Garnet follows you around, eager to be part of your activities. - Loves to relax and roach on the couch. - Enjoys chasing Frisbees, balls, and playing with squeaky toys. - An exceptional office companion and assistant. - Incredibly friendly and affectionate, she welcomes pats from everyone she meets. - Gentle with children she meets. - Gets super excited about snacks, especially denta sticks! - Loves to taste a variety of foods, from peanut butter, hot chips, and banana. - Garnet has accompanied professional dog walkers, who have consistently praised how well she walks on the lead. Garnet has been a delight in the home, and I'm sure she'll make an excellent addition to a loving family. We’ll certainly miss her! If you're looking for a dog to fill your home with love and joy then apply to adopt the gorgeous Garnet today!","garnet",""
"2019-12-01","Southern NSW/ACT (Bulli, Nowra, Goulburn, Canberra)","956000007828857","Piccolo","2025-03-03","FEMALE","","This hound is beautiful calm and polite. She is a quite girl who is sweet and affectionate, she is happy to be at home while your at work.","piccolo-1",""
"2022-08-01","Northern Rivers (Grafton, Lismore, Casino)","956000014700944","Dottie","2025-03-03","FEMALE","","Meet Dottie, a delightful and friendly small dog who will instantly win your heart with her charming personality. She enthusiastically welcomes pats and attention from everyone she meets. Dottie is social with other small dogs and loves making new canine friends. Her outgoing persona makes her the perfect companion for someone who enjoys lively playdates at the dog park. She is fond of being petted and snuggled, and she thrives on the affection and companionship of her humans. Despite her small size, Dottie’s huge heart radiates warmth and happiness wherever she goes. Dottie is eagerly waiting to find her new family to share her love and companionship.","dottie-3",""
"2022-11-01","Southern NSW/ACT (Bulli, Nowra, Goulburn, Canberra)","956000014888794","Patch","2025-03-03","MALE","","Patch is a handsome boy, he is very confident and friendly and is in no hurry to be anywhere. This cool calm and collected fellow could suit most homes and he is great company.","patch-4",""
"2020-01-01","Western Sydney (Londonderry)","956000012247743","Star (Western Sydney)","2025-03-03","FEMALE","","When you wish upon a star, your dreams come true! Make all of your hopes and dreams come true by welcoming this bright girl into your family! This sweet, playful girl loves to leap around and play bow in the cutest way whenever she gets outside—her energy is contagious! Star is super friendly, affectionate, and loves being with people. She’s great on a lead, though she can be a little goofy at times—after all, she’s just having fun! Star would be happy in a home with respectful kids, and while in the beginning she’s fine being left alone for a few hours, she's open to working her way up to spending longer days alone with some time & patience. Star doesn't mind being the centre of your universe or could also do well with a calmer, respectful dog companion of similar size - making her suitable to a single or multi dog household! She would thrive in a home that has a cozy courtyard where she can let loose and spend her days soaking up the sun. With her good food drive and quick learning, she’s already mastering new things and can't wait to show you what a great addition to your life she can be! Ready to make this sweet girl part of your family? Reach out to the team at Londonderry now! 💫","star-western-sydney",""
"2018-07-01","Western Sydney (Londonderry)","956000006662250","Lily","2025-03-03","FEMALE","","Lily has a super sweet and affectionate personality. She is confident meeting new people and will make sure you make lots of friends when you are strutting around town with Lily trotting by your side! She is highly affectionate & will jump up and cuddle into her humans, loves to lean in for more pats and definitely knows the word ""cuddles"". Lily doesn't mind a few hours alone per day, providing she has access to yard or courtyard type environment. Lily has shown polite manners with other greys, so a home with a medium-larger canine companion would be ok with her. A home with respectful children would be more than ok with him as she has plenty of energy to share the love amongst the whole family. She can’t wait to find her forever home! She is available now from our Western Sydney adoption centre.","lily-1",""
"2019-01-01","Western Sydney (Londonderry)","956000005107294","Bindi","2025-03-03","FEMALE","","Bindi is an adorable little girl with a sweet little personality. She is a friendly bundle of love, who has been socialised around children, other dogs and some exposure to family life, helping her step paws into your new world effortlessly! Bindi would enjoy a home with another medium to large hound and a courtyard/backyard to practise those daily zoomies we all know and love. Her entertaining personality would suit respectful children! Bindi is available at the Western Sydney adoption centre.","bindi-6",""
"2022-10-01","Western Sydney (Londonderry)","956000014887980","Terry","2025-03-03","MALE","","Are you looking for a gorgeous young boy to join your family? Terry has been learning about the big wide world and can't wait to show you his pet skills! He has been socialised with staffy and kids, and socialised in backyard and home environments. He will quietly approach strangers and happily receive pats, showing off his resilient and quiet nature. We think a home with a courtyard or backyard would suit Terry perfectly as he grows up along side his new family. As he has been socialised with dogs and children, he would make a wonderful family pet for a home with dogs or children. Terry is available from the Western Sydney adoption centre.","terry-1",""
"2019-01-01","Western Sydney (Londonderry)","956000005105376","Rose","2025-03-03","FEMALE","","Rose will flourish and bloom in a quiet home. Rose would like to grow her roots strong in a backyard or courtyard setting where she can enjoy the breeze and sunshine. She is partial to a crate but not a requirement for her forever home. She's a calm and gentle little petal who is a bit reserved once in the big wide world but is showing to cope well in new situations here! Rose really shines with other dogs around, so a home where she could be picked to join a doggie crew would suit her wonderfully! Rose is available at the Western Sydney adoption centre.","rose-7",""
"2021-04-01","Western Sydney (Londonderry)","956000012226970","Jack (Western Sydney)","2025-03-03","MALE","","Introducing Jack, a gentle hound with a personality as charming as his name. He’s affectionate and playful, and there's nothing he loves more than being an affectionate, curious little guy, sure to win your heart. Jack loves riding in the car, not only that but we've noticed he is gentle and follows direction nicely, showing his ability to learn. He socialises well with kids and could go home with respectful children. All the perfect elements of a wonderful family pet! Offering both companionship and entertainment, Jack is just waiting for someone like you. This is a call to all those who have a love of car rides, and the wonderful curiosities of life; Jack is ready to be your partner in discovery. Let the adventure begin! Jack is available at the Western Sydney adoption centre.","jack-western-sydney",""
"2022-02-01","Western Sydney (Londonderry)","956000011655718","Rissole","2025-03-03","MALE","","Rissole is a handsome blue boy. Described as a happy, cheerful bubbly boy, we think he could live with older kids and would be content with a courtyard or backyard to call his own. He can be shy when you first get to know him, so a home who enjoy bringing a dog out of their shell will be the best fit for this pretty boy. We have noticed he is more confident around other hounds, and would suit a home with another doggie pal, but not a requirement. He is looking for a quiet loving home - could it be you? Rissole is available from the Western Sydney adoption centre.","rissole",""
"2021-12-01","Western Sydney (Londonderry)","956000007430608","Jay","2025-03-03","MALE","","Known as Mr Confident at the centre, Jay has been around the grand kids aged 5+.He loves everyone and love trips to the park. Not only that but this beautiful boy travels well and is adaptable in new situations, making him a great addition to a fun loving family. Jay is polite and calm, affectionate and friendly. This lovely boy will make a perfect addition for homes looking for your quintessential greyhound - laid back, affectionate, quirky and goofy. He walks nicely on the lead, showing off his lovely gentle nature he's known for! Jay is available at the Western Sydney adoption centre.","jay-5",""
"2020-12-01","Western Sydney (Londonderry)","956000011781337","Cath","2025-03-03","FEMALE","","Hi, I’m Cath, I’m a sweet and affectionate young lady looking for a family who will love me forever. I am such a delightful, charming little girl with an affectionate, quiet nature. I would enjoy a backyard or townhouse to enjoy indoor/outdoor living. I am full of love and life, but the perfect blend of playful and calm, making me a perfect addition to a home looking for a loving companion. I am a little bit shy but I am an 'eager to please' kinda girl who loves treats - making me easy to train in your home. Like all greyhounds, I do have a little burst of energy and will zoom around and play with my toys, but don’t worry as soon as I’m finished you will find me in bed or laying in the sun. If you think this I could be suited to your home then apply to meet me today at our Londonderry site.","cath-1",""
"2019-04-01","Western Sydney (Londonderry)","956000006810305","Maxie","2025-03-03","MALE","","Gentle boy Maxie is a friendly and affectionate boy who is gentle on the lead, confidently learning about the world around him. Maxie's best home? He says he would love a courtyard, or backyard to enjoy. He could enjoy his new home with another greyhound pal but not a necessity for this cute lad! Maxie's love of treats will help him become the perfect pet for you. He has been sniffing out the perfect home, and he thinks it could be you! If his puppy dog eyes haven't sucked you in, just come on down to meet him! Maxie is available at the Western Sydney adoption centre.","maxie",""
"2020-12-01","Western Sydney (Londonderry)","956000006168641","Mary","2025-03-03","FEMALE","","Truly the Queen of hearts, your Royal Highness Queen Mary requires a new palace in which to rest her crown. Mary will have you charmed from day one. She would love a home where someone will be home more often than not; someone who works part time would be ideal. Mary is also polite and social - having been experienced with kids ranging from 6 years old and up. If Mary had to share her palace, she wouldn’t mind sharing it with another large canine companion but it is not a necessity. If you believe your Majesty Mary will suit your palace, she is currently at our Londonderry facility ready and waiting for adoption (and the red carpet to be rolled out).","mary-6",""
"2020-04-01","Southern NSW/ACT (Bulli, Nowra, Goulburn, Canberra)","956000007460585","Anna","2025-03-03","FEMALE","","Anna is a hound that would suit people with an active lifestyle. She would be ready for an adventure, she is great company and she does enjoy downtime also. She is vibrant and very friendly, she is good company.","anna-5",""
"2021-12-01","Southern NSW/ACT (Bulli, Nowra, Goulburn, Canberra)","956000007422216","Billy","2025-03-03","MALE","","Billy is a nice confident boy. He is social and playful and is happy to chill out around the house. Very frindly with adults and children.","billy-18",""
"2020-01-01","Southern NSW/ACT (Bulli, Nowra, Goulburn, Canberra)","956000012224326","Charlie","2025-03-03","MALE","","Charlie is a very handsome hound with a lovely personality to match. He is a sweet gentle boy who would fit into most lifestyles. He is great company and gets on well with everyone.","charlie-13",""
"2019-10-01","Western Sydney (Londonderry)","956000007842519","Eddy","2025-03-03","MALE","","Eddy has spent some time in a foster care home with a female greyhound! Eddy is a handsome, confident and affectionate boy. He will reward his lucky family with lots of tail wags and kisses. Eddy would enjoy a home with human companionship during the day and/or a canine friend. He loves his routine and will walk nicely on the lead for you, greeting people on walks like the lovable boy he is. He has even done well going to his foster carers workplace and settled the entire day confidently in an office environment, making him a great addition to a pet friendly office. Older kids would enjoy his affectionate nature, but when excited Eddy will bounce around so kids with big dog experience would be best. He has conquered things like using a doggy door confidently on day 1, and happily walks up and down stairs too - showing his resilient nature. If Eddy sounds like the right man for you then apply to adopt him today!","eddy-5",""
"2020-06-01","Western Sydney (Londonderry)","956000013088763","Major","2025-03-03","MALE","","Major - more like majorly cute! This handsome boy has been around kids 6+ and other greyhounds, too. He travels beautifully making him a great addition for adventures in the future! He would enjoy a slow and steady pace when entering his forever home so he has some time to adjust to his new life. He would love a home where he is a beloved member of the family with indoor outdoor access, a courtyard or backyard would suit him nicely! Major is available from the Western Sydney adoption centre.","major-5",""
"2015-12-01","Western Sydney (Londonderry)","956000004345963","Hero","2025-03-03","MALE","","Gentle and unbothered, yep Hero is a total catch! Read on for more details... this boy will just melt your heart! This gorgeous old man would benefit from a nice relaxed life, life in the slow lane please! He has made good progress at the adoption centre, adjusting to the daily training activities like a champ! He is a friendly boy who enjoys human company and will boop you gently for attention and rub his face on you for some more pats - please - winning over the hearts of everyone at the centre. He walks beautifully on a loose leash with a nice, slow pace. His gentle nature extends to his friendliness with other greyhounds, too, making him a stunning companion for a likeminded, laid back greyhound. Shorter hours alone would suit this senior man best, so he can continue to get the TLC and the adoration from his family that he deserves. He is great indoors and could suit apartment living, at the moment we think a courtyard or townhouse would suit him best. Hero is available at the Western Sydney adoption centre!","hero-1",""
"2021-07-01","Western Sydney (Londonderry)","956000013032808","Astro","2025-03-03","MALE","","Yep, Astro is astronomically cute! This gorgeous boy is looking for a quiet backyard, with or without a dog, he's even friendly with small dogs! What a polite and lovely boy....read on to learn more! This sweet boy is currently learning our stairs, to gain his stair licence, one step at a time. He is best suited for shorter hours with or without a doggie pal while he learns to settle in. He's also learning to be friends with cats - watch this space! A backyard with indoor outdoor access and a quiet home who can nurture Astro into the best pet will be the best match for him. Astro is available at the Western Sydney adoption centre.","astro",""
"2022-10-01","Southern NSW/ACT (Bulli, Nowra, Goulburn, Canberra)","956000015733016","Blaze","2025-03-03","FEMALE","","Meet Blaze! Blaze is a fun-loving and confident 2-year-old brindle greyhound with a big personality. She adores playtime and will happily keep herself entertained, but she also loves a good cuddle and will happily lay down for a pat. Having lived both indoors and outdoors with her sibling, Poppy, Blaze is well-adjusted and easygoing. She’s a soft and gentle girl who is perfectly fine with full-time work, making her a great fit for a busy household. If you’re looking for an affectionate and playful companion who will bring energy and love into your home, Blaze is the perfect match!","blaze-6",""
"2022-10-01","Southern NSW/ACT (Bulli, Nowra, Goulburn, Canberra)","956000014888173","Poppy","2025-03-03","FEMALE","","Meet Poppy! Poppy is a sweet and affectionate 2-year-old greyhound with a loving nature and a confident personality. She adores playtime but is just as happy lounging around for a pat. This gentle girl has lived both indoors and outdoors with her sibling, Blaze, and is well-adjusted to different environments. Soft and small in size, Poppy is perfect for someone looking for a low-maintenance but affectionate companion. She’s comfortable being left alone during the day, making her an excellent fit for full-time workers. If you’re after a friendly and loving greyhound who will brighten your home with her playful yet gentle nature, Poppy is the one for you!","poppy-6",""
"2021-01-01","Western Sydney (Londonderry)","956000013017444","Secret","2025-03-03","MALE","","**I am in a foster care home in a unit apartment! Reach out to the team to meet me!** Foster Care Update: ""Secret has settled in so well, From day 1 he was so good toilet-training wise, instantly had an understanding of the apartment vs outside at the grassy spots. Usually when we work we've left him alone - he has coped really well. Nothing damaged, no accidents, and I even asked the neighbours to let me know if he whines or howls but they haven't heard a thing. He is very content lounging on his couch corner (or the wood floor on hot days) as long as we're in the room too. He'd honestly lie still for hours."" ------ He has lovely leash manners and is so very gentle when taking treats. Secret copes well on his own, is showing to have appropriate manners with other dogs, after some initial excitement and is turning into a big leaner who is super affectionate! We feel Secret would do well in an apartment setting or a home with a yard, either on his own or with a med/large canine friend, respectful children are welcome too! Secret is available now at our Western Sydney facility via appointment only.","secret-3",""
"2020-11-01","Western Sydney (Londonderry)","956000007828604","Buzz","2025-03-03","MALE","","**I'm currently in a foster home, a unit apartment in the city - Reach out to GAP for more info!* Foster Care Update! ""He is very confident with people, he is very sweet and affectionate and loves greeting new people (and they love him). From the start he was always coming up to us for pets and cuddles. He has been very good at learning how to go down the steps slowly and carefully. He has been very good when we leave the house. And he doesn’t cry at night either, he’s perfectly happy in his bed until we come out to take him on his morning walk. For exercise, he would be best suited somewhere where he can access a backyard whenever he likes. He loves walking, but he can only walk for 10-15 minutes or less before becoming quite tired due to the extra exertion of walking on three legs. Which makes him a very low maintenance dog! He really only needs a short morning and evening walk/toilet break, maybe some exercise in the backyard at lunch (he loves playing fetch with his soft toys). Otherwise he’s very happy to snooze the day away. Another great thing is that he loves his food but has no interest in human food - Buzz is perfectly happy lying down next to us when we eat. He’s very well toilet trained, no accidents inside."" ------ While I am incredibly confident with being out and about and using stairs, a house with a flat accessible yard is best. I also love small children, however also love licking faces and can have a bit of energy, so older children are preferable to share my home with. I am also A-M-A-Z-I-N-G with training! I know “bed”, my name, “down” and my recall is un-bee-lievable. I would love to bee friends with other dogs of a medium/large size and would happily share my hive with them. So don’t bee a stranger, make a bee-line to the Western Sydney Adoption Centre to meet me today!","buzz-1",""
"2018-01-01","Western Sydney (Londonderry)","956000005421282","Lenny","2025-03-03","MALE","","Hi, I'm Lenny. Western Sydney's newest senior heart throb with the fancy feet! I am very human social will happily greet any person and lean into you! I am great indoors with no toileting accidents. I actually prefer being indoors and could suit apartment living. I like other greyhounds but don't need one in my forever home. I seem to do well on my own, enjoying the independence and time to ponder, and could suit longer hours alone with some practise. I don't mind a crate but it's not essential in my forever home. If you've got a comfortable couch for an adorable wise old man like me, please apply! PS...I cross my legs politely when I lie down. I consider myself quite the fancy boy! I'm a super special lad, please meet me at the Western Sydney adoption centre.","lenny-10",""
"2021-10-01","Western Sydney (Londonderry)","956000011552549","Midnight","2025-03-03","MALE","","Midnight has socialised with children 1 year old and up, making him a wonderful addition to a growing family looking for a beloved family member. He loves a beanbag and a couch, and is a friendly boy with new people and places. He would love to learn about pet life with you slowly as he has not yet learnt everything there is to know. He would make a great addition to a home with another dog, and is learning to be friendly with small dogs and cats! Very happy, playful yet calm, Midnight is a perfect blend of everything you want in a greyhound. Midnight is available by appointment at the Western Sydney adoption centre.","midnight-2",""
"2015-04-01","Northern Rivers (Grafton, Lismore, Casino)","956000004256320","Pattie","2025-03-03","FEMALE","","Meet Pattie, a gentle and gracious senior who has spent her life expertly spreading love and warmth. Pattie has been in the company of children and copes well with if they are polite and well mannered. Pattie is a well-mannered lady who carries herself with a polite serenity, she has been socialised with small dogs and although she would prefer a large companion she is polite around small dogs. Pattie has slowed in her senior years, but she would love a foster home where she can settle and would be the perfect companion for someone looking for an older calm companion.","pattie",""
"2019-10-01","Western Sydney (Londonderry)","956000011143521","Wyatt","2025-03-03","MALE","","Looking for your new best friend? Sweet Wyatt is ready to find his forever home after spending the last few years living as a pet. He’s a calm, gentle soul who, given some time to adjust, will settle in to home life and would make an excellent companion for any family. He’s been around young children and is fantastic with them, making him a great addition to a family environment. He’s also shown to be very social with other medium/large sized dogs, so he’d be happy to share his home with a canine companion. This wonderful boy is even well-behaved on the lead, making daily walks a joy. If you're looking for a calm, loving, and family-friendly dog, Wyatt could be your perfect match. Come meet him today and see just how amazing he truly is!","wyatt-1",""
"2018-05-01","Western Sydney (Londonderry)","956000009596473","Ron","2025-03-03","MALE","","Meet Ron! 🐾 Ron is a calm, affectionate, and super people-friendly boy looking for his perfect forever home! This sweet boy loves spending time with his humans and is always eager to show affection. Ron has spent time around children aged 7 and older and is wonderful with them, making him an excellent family companion. He also gets along well with the other greyhounds he currently lives with and so could do well in a home with other medium/large size dogs. Ron is looking for a loving family or individual who can provide him with a patient and caring environment where he can thrive. If you’re looking for a gentle and loving dog to add to your home, Ron might just be your perfect match! Come meet Ron today and let his loving nature steal your heart!","ron-9",""
"2019-07-01","Western Sydney (Londonderry)","956000011150919","Tara","2025-03-03","FEMALE","","Meet Tara! This affectionate girl thrives on human companionship and is always eager to shower you with love and attention. She’s social with other medium/large sized dogs, so she’d fit in perfectly in a home with other canine companions - Pending a Meet & Greet at our Londonderry location. She also could do well as the only dog, as long as she’s getting all the affection she deserves. Given a little time to settle into her new home and as she adjusts to new surroundings, she’ll quickly show you just how loving and loyal she can be!","tara-5",""
"2021-04-01","Riverina (Wagga, Temora, Gundagai, Griffith)","956000013072686","Sandy","2025-03-03","MALE","","The face of joy! Sandy is very happy, loves everybody and all dogs, even good with the household cat. What a good boy! He also loves the kids 7 and 11 years old, getting lots of pats and playing with them. He has such a sweet nature and is very gentle and quiet. He loves his walks and is a pleasure to handle on the lead. Sandy also loves toys (especially balls), car rides and would make a fun and happy addition for most households who have the time to give him walks, go on some adventures and run around the yard and play. He is easy to please with love and attention, which he will return in spades. 💌","sandy-9",""
"2021-07-01","Riverina (Wagga, Temora, Gundagai, Griffith)","956000012864177","Willow","2025-03-03","FEMALE","","Willow is an absolute sweetheart. She is only 24kg and is fun, friendly and playful, but not over the top. She loves everyone and gets along with other greyhounds and small breeds, a fluffy Pomeranian and playing with an active Jug in the backyard. She would also get along with other breeds being an easy-going girl who fits in wherever she goes, also enjoying playing with young teenage kids (13+), toys, footballs and is easy to walk on the lead. Willow is a joy to be around and she's not fussy about what she eats She's has had some house experience but is a quick learner and when she finds her new home she will make a beautiful family girl and love you to the moon and back. 💘","willow-7",""
"2022-11-01","Riverina (Wagga, Temora, Gundagai, Griffith)","956000014886156","Nigel","2025-03-03","MALE","","Everyone loves a Nigel, especially one this handsome! He is a quiet boy, with a shy but loving personality as he gets to know you. He is gentle and gets along and plays with small dogs (a fluffy Jug), other retired greyhounds and also birds. He likes to sit, just a Nigel thing, he hasn't been trained to. Nigel is such a lovely, easy-going boy who has grown up on the farm and been there all his life. He hasn't lived inside but likes a bed on the verandah or a sheltered patio area. With his calm and undemanding nature, he would make a wonderful companion for a quieter household, workers or retirees. He has bursts of energy to have a play in the yard or just potter around as he pleases and check up on you. He doesn't need a daily walk. Nigel is an old soul in a young body with a loving heart, enjoying his retirement and peace. When he gets a chance, I think he would love to claim a couch or cosy bed to curl up near you. 💙","nigel-1",""
"2022-05-01","Riverina (Wagga, Temora, Gundagai, Griffith)","956000014801045","Faith","2025-03-03","FEMALE","","You've got to have Faith! She is a gorgeous, sweet and loving little girl who is looking for cuddles and somewhere to call home. She has been inside and is fine with household noises, she'd quite like to stay there, yes please! She hasn't grown up with kids but is a playful, calm and gentle girl who would be accepting of gentle older kids as she gets to know them. She enjoys playing with toys, going on walks, loves water and is great with other greyhounds, Jack Russell and Whippet, also loves people, spending time in the office with her 'mum' and staff so there is always someone around for attention and a pat. 🥰 As well as being an adaptable and sociable girl Faith loves car rides, too - they could mean an adventure is afoot or just time for a nice ride and rest with her peeps. There might even be treats, and new people to meet! She also likes to keep cool in summer in a clam shell pool, having a bath or being hosed down to cool off. Faith could be your new cuddle bug. She would make a wonderful easy-going companion for most homes, young and older. She could live in a townhouse with a yard. 💓","faith-1",""
"2019-05-01","Western Sydney (Londonderry)","956000009590292","Arthur","2025-03-03","MALE","","And I say HEY! What a wonderful kind of day. If you can learn to work and play and get along with Arthur the greyhound! Arthur is a total cutie pie. He is the star of the show, much like the 90's show! Arthur would enjoy a home without another canine companion, and would prefer his family members to be older children or adults only. He is super polite with other hounds but doesn't need their companionship, so being a solo pet is best for this independent boy. He is a shy boy at heart, but loves smooches and cuddles once you get to know him. A backyard or courtyard would be preferred while he learns the ins and outs of pet life. He can even do stairs, walking on a loose lead, as well as learning some training cues like 'on your bed' and 'off your bed'... Talk about talented! It's a simple message and it comes from the heart, Believe in this (and in Arthur the greyhound) for that's the place to start! Arthur is available from the Western Sydney adoption centre.","arthur-5",""
"2023-02-01","Southern NSW/ACT (Bulli, Nowra, Goulburn, Canberra)","956000011311262","Roxy","2025-03-03","FEMALE","","Roxy would be great for a busy family. She is a great companion, very social and confident, she can relax and be left at home while everyone is at work and school. She loves to play, she is very affectionate. She is the full sister to Ronnie- both dogs will be amazing new family members.","roxy-17",""
"2022-04-01","Western Sydney (Londonderry)","956000007431082","Nacho","2025-03-03","MALE","","Taco bout cute! We don't want to make it too cheesy, but in between napping and playtime, we think Nacho's got what it takes to salsa into your life like he's always been there. He doesn't mind if you go out for a few hours, making him suitable for those who are out of the house for long periods, as long as he has backyard access. Nacho’s perfect home is one where he gets daily playtime and enrichment as he does enjoy having fun! Opaque fencing in his backyard will help him thrive! He would also love to spend his days with another greyhound or M-L doggie friend. He is affectionate, friendly and snuggly too. He's learnt a bunch of tricks at the centre like how to do stairs, learning to do 'down' and even shake! Older kids with dog experience would be a great match. He’s looking for a family who can appreciate a dog with a zest for life (and cheesy puns...) Nacho is available at the Western Sydney adoption centre. All you have to do is bring the love (and maybe some chips).","nacho",""
"2021-12-01","Hunter Valley (Maitland/ Muswellbrook/Newcastle/Forster)","956000011663455","Missy","2025-03-03","FEMALE","","Meet the one and only Missy. An absolute delight in all aspects of her being, she is extremely playful and still has puppy tendencies, which is why we have said she would suit older children as she doesn't quite know her size. Missy loves to engage for pats and throwing a toy for her but would like to have time to herself and have it respected in her new home. Due to Missy's age she may find adjusting to a new home a little bit hard but she has the confidence to grow and develop if her new parents are interested.","missy-19",""
"2021-06-01","Southern NSW/ACT (Bulli, Nowra, Goulburn, Canberra)","956000012861268","Elton","2025-03-03","MALE","","Elton is a charming boy. He loves cooling off in the water and is a good well balanced boy. He is also a very handsome hound that everyone falls in love with.","elton-1",""
"2023-01-01","Southern NSW/ACT (Bulli, Nowra, Goulburn, Canberra)","956000015726767","Bell","2025-03-03","FEMALE","","Bell is a beautiful girl living in a semi rural setting. She is lovely company, very affectionate, nice to play with and she relaxes well on her own.","bell-17",""
"2023-05-01","Southern NSW/ACT (Bulli, Nowra, Goulburn, Canberra)","956000015728083","Jade","2025-03-03","FEMALE","","Jade is a sweet affectionate young hound. She would suit most lifestyles as she gets along with everyone and is playful and affectionate. She is a confident girl who plays well with other dogs big and small.","jade-5",""
"2021-04-01","Western Sydney (Londonderry)","956000012226275","Keith","2025-03-03","MALE","","Meet Keith – a sweet, friendly, and gentle boy who's looking for his forever home! He loves his treats and is quick to pick up new things, making him a dream to train! Keith also does really well with our other greyhounds on site, and would likely thrive in a home where he has a medium/large sized furry friend by his side. As a single dog, this adorable boy would do best in a household where someone is around more often at first to help him settle in. But, if his new home has another doggie pal to keep Keith company he probably wouldn't mind too much if his people are gone during the day! He’s been on his best behaviour while spending time inside, but would still like to have access to a backyard or courtyard while he gets used to his new home. If you’re looking for a loving and affectionate dog, Keith could be the perfect match for you!","keith-2",""
"2019-10-01","Western Sydney (Londonderry)","956000006666501","Cheezel","2025-03-03","MALE","","All aboard the love train, destination Cheezel! This gorgeous boy has a super sweet and affectionate personality and just loves to snuggle right into you for maximum pats! He's a confident and smart boy, already having mastered many pet skills here at the GAP centre, including laying on his bed on cue, waiting patiently when doors are opened, dropping toys when asked, leaving food when asked, coming when called and shaking your hand! What a clever boy! Although he loves to spend some time inside with his people, Cheezel would love a home that also has a backyard for him to enjoy and play in. He is quite content spending the day by himself snoozing in the sun, making him a great fit for full-time workers. Cheezel is suitable for older kids/teenagers, but would prefer to be the only pet in the household so he can soak up all the love for himself! Cheezel is a crowd favourite here at GAP and we know you will just love him too! If Cheezel sounds like the boy for you, then apply to adopt him today!","cheezel-2",""
"2021-12-01","Western Sydney (Londonderry)","956000007430009","Cookie","2025-03-03","FEMALE","","Cookie is a friendly & social girl looking for her new home where she will be surrounded by love and attention! She’s very human-focused and loves being around people, always displaying positive consent and gentle affection. Whether it’s playtime or cuddle time, she’s sure to brighten your day! Cookie does very well walking calmly on a lead, making walks a relaxed and enjoyable experience. She’s also shown to be good around our other greyhounds, and could be happy sharing her new home with another medium/large doggie friend - Pending a Meet & Greet at our Western Sydney site. Contact us today to learn more about this lovely girl and discuss booking in an appointment to meet her!","cookie-9",""
"2018-04-01","Western Sydney (Londonderry)","956000006793724","Wynstan","2025-03-03","MALE","","Wynstan with a Y here...let me tell you a bit about myself! I hope you like a happy affectionate boy, if so, read on! I love to lean on my handlers and show off my adorable affectionate nature. Did anyone tell you I'm also polite with big and small dogs? Seriously, I'm a catch! I'm also all about my treats, so if you're looking to teach me tricks, please involve snacks too! This will help me settle in and learn how to be the best pet for you. Everyone says I'm amazing, so I guess they love how I walk so nicely and gently on the lead for walkies, too! I'm available from the Western Sydney adoption centre, see you soon!","wynstan",""
"2019-01-01","Western Sydney (Londonderry)","956000006671448","Millie","2025-03-03","FEMALE","","Hi I'm Millie! I'm a friendly, happy girl who loves to greet you with a big smile. I'm an affectionate girl who promises to walk nicely on the lead for our daily adventures, making me a great fit for families or couples looking for an adventure buddy. I don't mind if you have respectful children or other larger breed dogs at home, as I've shown I'm a friend to greyhounds here. I'm ideally looking for a home with a bit of a townhouse or backyard, but I promise to be by your side for snuggles at night. I'm available at the Western Sydney adoption centre!","millie-3",""
"2019-01-01","Western Sydney (Londonderry)","956000006812015","Matey","2025-03-03","MALE","","Ahoy Matey! Matey is the finest gem of them all! With his pretty blue coat, floppy ears and happy go lucky energy, this Matey is a bounty of charm waiting to be adopted! Matey has spent some time in a foster care home and we have learnt he loves spending time with his family and going for a quiet sniffari around the block! He is a super outgoing boy who just loves everyone he meets, especially if you have some yummy treats or play a game of fetch with him! Matey is an enthusiastic and fun-loving boy making him suitable for those wanting a playful companion and would do best in a home without young kids or other pets. Matey suits part-time or full-time workers provided he lives in a quiet area with opaque fencing so he can just relax and snooze the day away in the backyard. Get ready to meet your new best Matey! This handsome boy is available now from our Western Sydney adoption centre.","matey-2",""
"2023-04-01","Southern NSW/ACT (Bulli, Nowra, Goulburn, Canberra)","956000014879379","Flossy","2025-03-03","FEMALE","","Flossy is a beautiful young girl. She is playful and affectionate. Gets along with everyone she meets. She is great with young kids and would make a perfect fit for a family.","flossy-3",""
"2021-10-01","Southern NSW/ACT (Bulli, Nowra, Goulburn, Canberra)","956000013018104","Paul","2025-03-03","MALE","","Paul is a stunning boy who is great to play with, can be left alone. He is social and confident with other dogs and a good walker on the lead.","paul-1",""
"2020-08-01","Southern NSW/ACT (Bulli, Nowra, Goulburn, Canberra)","956000007837283","Andy","2025-03-03","MALE","","Andy is a lovely boy, he is very confident and obedient. Knows his name and is good to walk on the lead. Has had exposure to various native animals living in a rural area.","andy-6",""
"2022-06-01","Southern NSW/ACT (Bulli, Nowra, Goulburn, Canberra)","956000011646637","Archie","2025-03-03","MALE","","Archie is a fun playful young hound. He plays well with kids, he is a happy boy who relaxes easy on his own and likes to relax after playtime. He walks well on the lead and is starting to get some house experience.","archie-12",""
"2020-09-01","Western Sydney (Londonderry)","956000011712055","Flint","2025-03-03","MALE","","Flint is a polite gentleman when it comes to people & other dogs. He would suit a calm canine friend in his forever home. He’s all about manners and will leave you impressed with how well he interacts with both humans and other greyhounds. Flint is quick to learn and takes training in stride, making him a highly trainable and adaptable companion. While he’d love to be an inside dog, indoor outdoor access to a backyard or small outdoor space (eg courtyard) where he can stretch his legs and avoid any accidents, would suit him best. Flint is a polite young man who can't wait to meet you. He's available from the Western Sydney adoption centre.","flint",""
"2020-10-01","Western Sydney (Londonderry)","956000012255262","Faye","2025-03-03","FEMALE","","This adorable and gentle girl is looking for fun loving home to call her own! Faye is an adorable girl who is friendly with people she meets. Maybe you're retired, work from home or live a chilled life, as she prefers someone around more often than not. She would enjoy a home where she is going to be a beloved family member, including hanging out indoors or spending time playing outdoors in the sunshine. Faye would suit a home with another likeminded greyhound or even older children who are respectful. Sweet little Faye is available at the Western Sydney adoption centre.","faye",""
"2023-04-01","Southern NSW/ACT (Bulli, Nowra, Goulburn, Canberra)","956000015732492","Mj (Mary Jane)","2025-03-03","FEMALE","","This pretty young girl is very affectionate and social. She is a small curious hound who looks to suit a courtyard or townhouse environment. She likes to play and go for a walk and she loves to relax and take it easy.","mj-mary-jane",""
"2017-05-01","Southern NSW/ACT (Bulli, Nowra, Goulburn, Canberra)","956000009435739","Star","2025-03-03","FEMALE","","Star is a gentle and affectionate greyhound who adores human companionship but is also perfectly content spending time alone during a busy workday. She’s incredibly respectful and gentle when receiving pats, making her a delight to be around. Star enjoys lazing the day away, especially in a clam swimming pool, and is easy to walk on a lead. Having been raised around farm animals and wildlife, she is well-mannered in different environments and is considered cat workable. Currently living with another greyhound, Star would make a wonderful addition to a loving home, whether as a solo companion or alongside other pets.","star-10",""
"2021-11-01","Southern NSW/ACT (Bulli, Nowra, Goulburn, Canberra)","956000013017765","Ace","2025-03-03","MALE","","Ace is a playful and gentle young hound. He was very friendly and nice when he met my daughter and was good company with a good balance of being playful and affectionate. Gets along great with other greyhounds.","ace-7",""
"2020-09-01","Southern NSW/ACT (Bulli, Nowra, Goulburn, Canberra)","956000007466509","Katie","2025-03-03","FEMALE","","Katie is a lovely hound. She is happy and confident, very playful. Does appreciate a good lay down also. Has been living in a rural setting is no stranger to native animals.","katie-9",""
"2021-04-01","Western Sydney (Londonderry)","956000007467554","Toby (Western Sydney)","2025-03-03","MALE","","*Toby is in a foster care home with a female greyhound and a male Jack Russell - reach out to the team to organise a meet and greet** Update from foster: Like all dogs, he needs/loves his routine. He is very cheery and playful, especially with the small dog, playing and teasing together. In the house, he can be cheeky and try to pick up and play with human items. (We close bedroom and lounge doors.) He definitely needs another dog as his mate. He needs a reasonably calm, reassuring environment. Loves his food, but is not a gulper. Loves his walks, and is very good on the leash. (A bit of a sticky beak, so sometimes you have to let him stop and observe for a bit.) Is totally at ease with other dogs and people he has met. He is very observant and ""switched on'. It's ok for his humans to be out for the whole day, as long as he has a mate with him. But he still needs human interaction when his people come home. Toby is a very social dog, both with other dogs and people. We've never had an issue with him toileting inside. He sleeps right through the night. Toby is better suited to a forever home with regular companionship, whether it be a human or another doggie pal. Once settled in his forever home, Toby will lie on his mat and sleep/relax for quite some time. Toby loves being with you, but is happy to observe or go off investigate/lie down and relax, keeping out of your way. If Toby sounds like the adorable, loveable boy you have been searching for contact GAP today! **Toby is on daily medication - enquire with GAP for more info**","toby-6",""
"2020-01-01","Western Sydney (Londonderry)","956000012252567","Flash","2025-03-03","MALE","","Flash is seeking an empathetic & nurturing owner who can follow a cooperative care plan to help with his daily eye medication. Could you be the perfect owner for our sweet boy? Flash has advanced pannus, which means he needs daily eye medication. But don’t worry—he’s a star pupil when it comes to taking his meds & he’s getting better every day with the right guidance. Flash is currently learning all sorts of new tricks at the adoption centre. He is a fast learner and with a little time and practice, he's shown he can do amazing things. A large yard where Flash can stretch his legs and zoom around is a must! He loves a good run, and a big space is perfect for his energy. No small children or other animals. Flash would prefer a calm environment where he can be the only one getting your attention and affection. Flash is available at the Western Sydney adoption centre. **Flash is on daily medication - enquire with GAP for more info**","flash-8",""
"2020-02-01","Southern NSW/ACT (Bulli, Nowra, Goulburn, Canberra)","956000007838947","Brockie","2025-03-03","MALE","","This lad is very social and affectionate, he is great with kids, gets along with all the dogs he has met big and small. Would be great for a family.","brockie",""
"2019-01-01","Southern NSW/ACT (Bulli, Nowra, Goulburn, Canberra)","956000005725536","Skylar","2025-03-03","FEMALE","","Skylar is a gentle and loving girl looking for someone who is on the lazier side to enjoy life with. Skylar is a beautiful fawn girl who enjoys sleeping the day away whilst you are at work. Skylar has spent time living in a townhouse and is more comfortable inside by your side then outside. Skylar walks very well on lead and jumps in and out of the car to go for drives. Skylar is still very social with people in the streets but does enjoy relaxing on her bed watching your favourite tv show with you.","skylar-1",""
"2021-02-01","Central West (Bathurst/Dubbo/Coonabarabran)","956000012258443","Alex","2025-03-03","MALE","","Meet Alex, an incredibly fun and playful greyhound with a heart full of energy and charisma! He loves playing games with toys and is always up for a good fetch session. Alex would thrive in a home with a spacious backyard where he can run and play to his heart’s content. He’s especially fond of older kids who can keep up with his playful nature. If you're looking for a joyful, active companion, Alex might just be the perfect match for you!","alex-1",""
"2014-01-01","Northern Rivers (Grafton, Lismore, Casino)","956000003031937","Spot","2025-03-03","MALE","","Meet Spot, our distinguished older gentleman who is looking for the perfect match. Spot isn't just any dog; he carries himself with the grace and ease that only a seasoned greyhound can. Spot has had the pleasure of living in the serene setting of a granny flat, making him an expert in enjoying the quieter side of life. However, don’t let his age fool you; thanks to a thorough training program, Spot is sharp and responsive. He comes eagerly when his name is called and possesses a well-mannered set of tricks, including ""touch"" and ""paws up,"" that make him a delight to teach and interact with. His training, combined with his naturally loyal temperament, makes Spot an excellent fit for a single person looking for a true companion. He understands the comforting routine of a single household and offers unwavering loyalty in return. Spot embodies the best qualities of an older dog. Devoted and endearing, he is ready to join someone who values thoughtful companionship and has room in their heart for a truly dignified and loving friend.","spot-6",""
"2012-09-01","Northern Rivers (Grafton, Lismore, Casino)","956000008703687","Hope","2025-03-03","FEMALE","","Meet Hope, a loyal companion ready to bring joy and companionship to her lucky new family. She lives up to her name with her quiet demeanor and dignified presence, making her the perfect ""queen"" of her domain. Hope has completed an eight-week training program, learning touch, recall, paws up and other fun behaviours. She thrives as an only pet, making her ideal for a home where she can be the centre of your attention. This loyal lady loves her treats and relishes playtime with her beloved shell pool. Imagine the joy of watching her happily splashing around, leaving wet paw prints and smiles in her wake. She delights in lounging around a yard where she can bask in the sun and enjoy quiet moments. Hope is ready to make a home her own, will you be the one to welcome her into your life? Hope is available for foster for the right person who would be happy to give her a comfortable retirement home in her aging years.","hope-6",""
"2022-04-01","Western Sydney (Londonderry)","956000012226806","Katie (Western Sydney)","2025-03-03","FEMALE","","Playful, friendly and confident, white and black spotty 2 year old Katie is adorable inside and out! Katie walks nicely on the lead, loves greeting people and checking out what's going on. She loves everyone she meets and is a total social butterfly. We think she would do best in a home with canine, or human companionship throughout the day to make sure this extroverted girl gets all the attention she deserves. She gets along with big or small dogs, making her well suited to a home with another dog of any size. Her happy nature would see her best suiting a home with older children, as sometimes when she's excited she forgets her size! She is still young and has a lot to learn about pet life but she has an amazing can do attitude & can't wait to be a part of your world forever! Katie is available at the Western Sydney adoption centre.","katie-8",""
"2019-12-01","Southern NSW/ACT (Bulli, Nowra, Goulburn, Canberra)","956000007830369","Derick","2025-03-03","MALE","","Derick is a handsome and lively 4-year-old greyhound with striking colouring inspired by the Tasmanian devil. He’s a playful and affectionate boy who adores attention and thrives on human companionship. While he gets excited during playtime and when he sees his lead—often jumping with joy—he quickly settles down and walks beautifully on a lead. Derick has been socialised around other greyhounds, and would make a fun and loving addition to an active person looking for a loyal companion.","devil-1",""
"2019-09-01","Western Sydney (Londonderry)","956000011097693","Kenneth","2025-03-03","MALE","","Kenneth is a sweet gentle soul who is a darling on the lead and an overall laid back boy. Being middle aged, he's ready to take it easy and enjoy the retirement life. He's a friendly and affectionate boy who is suitable to live with respectful children and big or small doggies. Suitable for a backyard/townhouse, this laid back boy suits many home types! He has the sweetest little face with an adorable personality to match. Come meet Kenneth at the Western Sydney adoption centre!","kenneth",""
"2020-11-01","Western Sydney (Londonderry)","956000012189668","Joe","2025-03-03","MALE","","Are you looking for a calm, mega chill, laid back boy to join your world? Maybe you've seen those amazing pet greyhounds out on walkies in the big wide world and thought you'd like your very own amazing boy? Well I'm laid back, confident, walk well with my head held high! I'm ready to meet you and show you how amazing I am! I'm relaxed, quiet, gentle, and laid back. I'm super friendly with other dogs including small dogs. I could totally suit a home with respectful children as I am a total love bug. I am available from the Western Sydney adoption centre.","joe-9",""
"2020-02-01","Western Sydney (Londonderry)","956000012182485","Devil (Western Sydney)","2025-03-03","MALE","","Despite my naughty name, I'm a very sweet boy! I'm a quiet lad looking for a home to enjoy my zoomies and snooze in the sun. I even walk nicely on the lead making me a great friend for daily strolls. I'm known to be calm and friendly, and love a good pat. I would suit a home with respectful children as I am a gentle boy. A home with big or small dogs would suit me well, too, as long as they're chill and likeminded. I can't wait to meet you! I'm available at the Western Sydney adoption centre.","devil",""
"2020-02-01","Northern Rivers (Grafton, Lismore, Casino)","956000007467287","Rose Maree","2025-03-03","FEMALE","","Meet Rose Maree, a truly gorgeous and sweet canine companion ready to steal your heart. Rose Maree enjoys the simple pleasures in life, like lazing in the shade on a sunny day, where she can unwind and watch the world around her. Playtime is something Rose Maree cherishes, and toys are her absolute favourite. This lovely girl thrives on fun and interaction, especially when playing with kids. Her playful energy shines through when she's chasing a ball keeping young ones entertained for hours. . Rose Maree's ideal home is one where she can bask in sunshine and have access to plenty of toys and loving playmates. She loves spending time with her family and taking in the blissful outdoors. If you're looking for a playful companion to add warmth and joy to your family, Rose Maree is ready to join you on a sun-dappled adventure!","rose-maree",""
"2022-07-01","Western Sydney (Londonderry)","956000011646994","Tree","2025-03-03","MALE","","Looking for a dog who’s part rocket, part couch potato, and 100% lovable? Say hello to Tree, a 2.5-year-old Greyhound who’s ready to plant his roots in your heart (and maybe your lap). Tree is a certified people-person in dog form- he thrives on attention, affection, and the occasional belly rub. If you’re home more often than not, Tree will be your shadow, your cuddle buddy, and your biggest fan. He’s got great recall and walks like a dream on the leash, so he’s always up for a stroll, as long as it’s by your side. Playful and full of life, Tree loves to let loose in a yard – he’s got energy to burn would rather zoom than doom-scroll any day. While he’s a big dog with big love to give, he’s still figuring out that not all small dogs appreciate his enthusiasm. Larger canine companions are more his vibe, so he’d prefer a household where the pint-sized pups don’t steal the show. Bonus points: Tree is stair-savvy, lap-approved, and ready to bring a whole lot of fun into your life. If you’re looking for a sweet, affectionate companion who’s as happy sprinting as he is snuggling, Tree might be your perfect match.","tree",""
"2021-06-01","Southern NSW/ACT (Bulli, Nowra, Goulburn, Canberra)","956000011655787","Lulu","2025-03-03","FEMALE","","Lulu is a delightful and well-rounded greyhound who brings a perfect mix of fun and relaxation to any home. In the yard by herself, Lulu is quiet and calm, making her an easy addition to a full-time working family. She’s wonderful with children and enjoys playing games, especially chasing balls and playing with toys. While she has an energetic, playful side, she quickly settles down and enjoys relaxing with her loved ones. Lulu is a dream to walk on lead and travels comfortably in the car, making her an excellent companion for outings or adventures. If you’re seeking a loyal, playful, and gentle addition to your home, Lulu is ready to meet you.","lulu-3",""
"2021-04-01","Western Sydney (Londonderry)","956000007433602","Bill","2025-03-03","MALE","","Salt & pepper faced Bill may look like one of our special seniors but this gorgeous 3 year old boy is still a youngen, and we know him to be super affectionate! He loves to lean on his people for pats, making it hard to get a good photo! Bill would suit a relaxed and laid back home with or without children. A few hours alone will suit Bill well, and full time hours with a doggie companion, too! We think Bill will make an amazing addition to so many home types. He is available from the Western Sydney adoption centre.","bill-17",""
"2019-02-01","Central West (Bathurst/Dubbo/Coonabarabran)","956000006809611","Chandler","2025-03-03","MALE","","Meet sweet & beautiful Chandler... Chandler is a gentle and polite male greyhound with a calm and relaxed demeanor. He’s a sweetheart who greets everyone warmly and enjoys a good snuggle, especially after a sunbath. Chandler has been around older kids and medium-sized dogs, and he gets along well with both. He’s also a joy to walk on a lead, making him the perfect companion for leisurely strolls. Whether lounging in the sun or curled up for some quiet time, Chandler is sure to bring a sense of calm and affection to any home.","chandler-2",""
"2021-06-01","Western Sydney (Londonderry)","956000013020640","Squirt","2025-03-03","FEMALE","","Tiny little girl Squirt is looking for a loving home! Young Squirt is a bit of shy girl who would benefit most from a quiet and relaxed home willing to take new things nice and slow as she adjusts to the wonders of pet life. With a bit of time and patience you will see Squirt’s super sweet personality start to come out and she will wiggle in close to you for a pat and a treat. You might even get to experience her hilarious playful zoomies! Squirt would love a backyard to chill out in and wouldn’t mind at all if her new humans are full-time workers. She absolutely loves other medium/large dogs and would gladly share her new home with one. In fact, we have noticed Squirt finds a lot of confidence having a canine friend to lead the way! Could you be Squirt’s special someone? She is available for foster or adoption at our Western Sydney adoption centre! *Squirt is on daily medication – ask staff for more info!*","squirt-3",""
"2020-01-01","Western Sydney (Londonderry)","956000007845741","Noel","2025-03-03","MALE","","Christmas has come early and boy do we have the best gift for you! Introducing the always merry and bright Noel! Noel is a sweet and gentle boy suited to those looking for a calm natured companion. He is a low maintenance guy who is quite happy to chill at home during the day while his human parents are at work. He is friendly with other medium/large dogs and would gladly share his new home with another calm doggy friend. Noel would do best in a quieter home without young kids, but older kids/teens that respect his space are suitable. Noel has lovely lead manners and would be happy to join you on a daily stroll. The key to his heart is food! He loves his treaties making him easy to train and entertain with enrichment games. So jump on in your sleigh and come on down to the Western Sydney adoption centre to meet Noel!","noel-1",""
"2018-04-01","Western Sydney (Londonderry)","956000009596412","Chino","2025-03-03","MALE","","**Chino has just gone into a foster care home - check back for updates!** Order up! One tall and fluffy Chino, brewed to perfection with a dash of sweetness, is ready to find his forever home! Chino is looking for a cozy spot where he can enjoy a laid-back retirement, sipping on the peaceful moments of life. He's got a smooth, mellow, personality, but every now and then, he perks up for a playful burst – just like that shot of espresso when you need it most. His favorite thing? Leaning into you for the ultimate cuddle, because he's all about getting those extra pats! Chino is a friend to dogs of all sizes and would love to share his home with a canine companion. If he's the only pet in your cup of tea, part-time workers are just the right blend for him, but with a doggy friend, he’s content to chill solo for longer hours. Chino’s chill vibe makes him a great fit for families with kids, as long as he’s got his own little nook to unwind in when he needs a break. If you think Chino would be the perfect addition to your family, apply online today – he’s ready to be your new favourite brew!","chino",""
"2020-04-01","Western Sydney (Londonderry)","956000007467573","Sting","2025-03-03","MALE","","Get ready to feel the Sting of love from this handsome boy! With his confident personality and loving nature, Sting is ready to take on the world, whether it’s playing in the backyard or having a cuddle session. Sting would thrive with an owner who can match his energy and provide plenty of love and attention. He would be open to sharing his new home with another furry friend, pending a meet & greet with the GAP team. He also has the potential to work up to longer hours alone, but would like he family or another furry companion with him to help settle in the early stages. If you’re looking to welcome a dog who’s full of personality and ready to make your life even more exciting, Sting might be the one for you!","sting",""
"2019-04-01","Western Sydney (Londonderry)","956000006671404","Tiger","2025-03-03","FEMALE","","Roaring into your heart, one paw at a time! Tiger is ready to bring excitement and joy to your life. While he may need some time to adjust, once he feels at home, Tiger will become your best companion. Scar would love a courtyard or backyard to laze around and have the occasional play in. He could suit a home with another medium/large breed dog if they can respect his more reserved nature. If you're looking for a sweet and affectionate friend, Tiger is waiting to meet you. Can you be the one to give this sweet boy the home he deserves?","tiger-11",""
"2019-04-01","Western Sydney (Londonderry)","956000006671331","Scar","2025-03-03","MALE","","Don’t let his name fool you, Scar is a softie at heart. Though he may take a little time to warm up, once he feels comfortable, Scar’s friendly and affectionate nature will shine through. Scar would thrive in a calm environment with a family who can work with him to learn how to be the best furry companion he could be. Scar is open to sharing his home with another medium/large furry friend - pending a meet & greet at our Londonderry site. With some patience and training he also has potential to be able to be built up to spending longer periods of time alone. If you’re ready to give him the time and care he needs, Scar will reward you with loyalty and love.","scar-2",""
"2017-11-01","Western Sydney (Londonderry)","956000005577982","Benji","2025-03-03","MALE","","Meet Benji, a sweet and excitable boy who’s looking for his perfect forever home! Despite Benji nearing his senior years, he'll still win your heart over with his playful antics and would love a home with a courtyard or backyard to spend his time playing and sunbaking in. Benji has been around children of all ages in his previous home and could do well in a household with experienced children who can appreciate his enthusiastic nature. If you're ready to welcome a loving, loyal friend into your life, Benji can’t wait to meet you and be a part of your family!","benji-10",""
"2021-05-01","Southern NSW/ACT (Bulli, Nowra, Goulburn, Canberra)","956000007470004","Charlie","2025-03-03","MALE","","Charlie is a playful energetic boy. He is very friendly and likes to play and be around people. He is very friendly with kids of all ages he could possilby get clumsy with little kids since he thinks he is a small dog.","charlie-12",""
"2021-05-01","Southern NSW/ACT (Bulli, Nowra, Goulburn, Canberra)","956000007438643","Banjo","2025-03-03","MALE","","Banjo is a sweet boy who is very relaxed and comfortable. He does like to play, go for walks and enjoys a swim. He would suit multiple homes since he is so laid back and relaxed.","banjo-6",""
"2022-06-01","Southern NSW/ACT (Bulli, Nowra, Goulburn, Canberra)","956000011329837","Jax","2025-03-03","MALE","","Jax is a fun young hound who likes to play go for walks and enjoys a good rest afterwards. He lives in a suburban backyard and is conditioned to being left alone during full time work hours. He comes when called and enjoys a walk.","jax-3",""
"2021-01-01","Western Sydney (Londonderry)","956000012790650","Macca","2025-03-03","MALE","","Macca is a gentle boy with a heart full of love that he is ready to share with his new family! He enjoys quiet moments and would love a peaceful environment with a yard where he can unwind, but don’t be fooled—he still enjoys his occasional zoomies! He would do well in a home who can appreciate his shy nature and work on building his confidence so he can be the best pet he can be. If you’re looking for a calm, loving, and loyal companion, Macca is eager to meet you.","macca-2",""
"2020-04-01","Western Sydney (Londonderry)","956000007467919","Rusty (Western Sydney)","2025-03-03","MALE","","Meet Rusty, a lovable and energetic boy who is ready to find his forever home! Rusty is a friendly companion who has had a brief introduction to pet life in his previous home - spending some time indoors, being taken on public walks and also meeting new people, including children! His warm, golden fur is as soft as his heart, and he’ll quickly become your new best friend and would do well in a home where he can get plenty of attention, exercise, and affection. If you're looking for a dog who will bring joy to your life, Rusty might be the perfect fit. Come meet him today—he can’t wait to share his love with you!","rusty-western-sydney",""
"2021-12-01","Riverina (Wagga, Temora, Gundagai, Griffith)","956000007429511","Gus","2025-03-03","MALE","","Gus the Gentle Giant (40kg) is just a goofy, happy, friendly, placid boy. He will walk beside you and potter around with you when you are home, a lovely companion. He can walk up the stairs to the verandah where he's happy to lie. Gus is social with other people and is good with the 2-year-old and 4-year-old grandsons who visit. He is used to garden noises and is not worried by storms. Gus loves a bit of a run, doing a few zoomies and a play in the backyard but is essentially pretty chill and lazy and doesn't need daily walks! He doesn't bark at dogs (kelpies) running past the fence but has not been around any small dogs or cats. He is fine being on his own for the day after his morning 'run' and doesn't need a daily walk if he has a decent backyard for exercise. Gus would be a lovely gentle boy for companionship, love and easy care with his lovely temperament.","gus-9",""
"2019-10-01","Riverina (Wagga, Temora, Gundagai, Griffith)","956000007833564","Dally","2025-03-03","MALE","","Dally is a sweet, loving gorgeous big boy! At 38kg he's a hunk of love who loves people and just wants to be around you. He spends time in the office and loves spending time with the staff and going for walks with them in the yard. Dally is great with other dogs, especially the many retired greyhounds he lives with, and more so with larger dogs than little one or cats. He would be more suited to being around older children, but he wouldn't hurt a fly, just a friendly stickybeak! This laid-back dude would suit anyone wanting a 'happy chappy' furry friend for life. What a special, teddy-bear, cuddle-bug! 🥰","dally",""
"2022-07-01","Western Sydney (Londonderry)","956000015731857","Becky","2025-03-03","FEMALE","","Becky is a fun loving young girl who LOVES snuggles! Despite Becky's fun loving & enthusiastic energy, she still has a lot to learn! Becky doesn't realise she's not a lap dog, and will get right in there for a cuddle! She is still learning her social skills with other dogs and would benefit from further training to learn to be calm and polite around other dogs. We know she definitely means well, though! Maybe too friendly! She needs a home who will give her lots of cuddles and be home more often than not as she thrives on human company. Maybe you work from home and need a snuggle buddy. She has learnt a lot here at the centre on top of growing her confidence and manners. She has even learnt her name/recall, and what the word yes and bed means! Becky would suit respectful children and a house with a yard. Becky is available from the Western Sydney adoption centre.","becky-6",""
"2021-02-01","Western Sydney (Londonderry)","956000011564427","Captain","2025-03-03","MALE","","A’hoy, Captain! Captain ready and waiting for his future home and family, could you be that lucky person?! He is searching through his spyglass in all of the seas, but we think maybe a home on the land would be better. A backyard, a bed, lots of toys and possibly a medium-large canine friend would do him just fine. He gets on well with the other hounds here at GAP and would love to spend his new life hanging out with some new friends. As well as some treats, yummy meals and walkies would make him so happy. Due to his excitable yet gentle nature, Captain will suit a home with children as long as they are respectful and know when to give him some space if he needs it. He's also spent time around kids 7+. If you’re looking for the perfect family pet, one to make you laugh and show you love, one to play in the yard with during the day and chill with you at night, we think Captain is ready to dock, and if this could be in your yard, let us know. He is available at the Western Sydney adoption centre.","captain-3",""
"2021-02-01","Western Sydney (Londonderry)","956000007465951","Midas","2025-03-03","MALE","","Gentle, calm and a lovely walking companion, Midas will add the glitz and gold to your life. Midas is an affectionate and gentle boy, who shines with attention and love. He would prefer his family around more this summer as he settles in, and with further training could be left for longer hours. Everything he touches will turn to gold...he is a friendly and calm boy looking for a family with or without children to love him forever! Midas is available from the Western Sydney adoption centre.","midas",""
"2022-11-01","Riverina (Wagga, Temora, Gundagai, Griffith)","956000014915431","Queeny","2025-03-03","FEMALE","","Queeny is a happy, very lovable and friendly young girl who loves life! She would be a great addition for a young couple or family with older kids on her own or with another greyhound or medium to large dog. She just wants to be part of your life, be a sticky beak, play, and have fun! She can also settle down and have a rest when needed, inside or out in a large yard. She has been around a lot of people coming and going in an office environment, noises don't worry her. Queeny loves to wander around the yard and play, then sleep inside with other retired greys during the day or in her own indoor kennel. She is used to walking on lead, loves pats and is well-behaved when given love and attention. She would adore a new home to settle into with her own special people be your loyal companion. 🥰","queeny",""
"2021-02-01","Western Sydney (Londonderry)","956000007374912","Billson","2025-03-03","MALE","","Bubbly, effervescent and a perfect accompaniment for your life (not only this summer!), Billson is a sweet and joyful hound. He has been around children of all ages and would suit a home with respectful children. A low small dog population is the best fit for Billson as he needs to learn and have more training around them. Upbeat and fun, Billson would suit many home types. He's an energetic lad with some energy to fizz away, so a home with the family members around more often than not would be the best fit for Billson. Grab a slab and join Billson this summer! He is available from the Western Sydney adoption centre.","billson",""
"2017-12-01","Western Sydney (Londonderry)","956000009590141","Jimbo","2025-03-03","MALE","","Jimbo is a polite, happy and laid back boy best described as chilled out and relaxed. As he is entering his senior years he has a wonderful calm energy. Gorgeous inside and out, this boy is so sweet! He has spent time around other greyhounds, and children, and would suit many home types. He's what greyhound people call a ""leaner""! He will lean on you for pats! Jimbo would prefer his family around more often than not while he settles in, and a home with a medium to large doggie friend would see him settle for longer hours. Jimbo is available from the Western Sydney adoption centre.","jimbo-1",""
"2021-05-01","Western Sydney (Londonderry)","956000014514144","Teddy","2025-03-03","MALE","","This adorable boy is the sweetest little guy ever! Teddy is a very friendly and social boy who is calm on the lead, snuggly and friendly with other grey's and even polite with smaller dogs on walkies. Teddy is great with other medium/large sized dogs and would happily join a family who already has one and spend the day with them while his humans are out. As a single dog, Teddy will need someone around more often than not to keep him company. Older, respectful kids are suitable for Teddy and would enjoy his goofy playfulness! So come and cuddle our little Teddy today! He is available from our Western Sydney adoption centre.","teddy-7",""
"2021-12-01","Western Sydney (Londonderry)","956000012918244","Trevor","2025-03-03","MALE","","Fun, playful, happy and engaging boy Trevor is a sweet friendly boy ready to find a family to call his own. Trevor loves all things fun - treats and toys and good times! Trevor would suit a home with older children who love a bit of playtime, or a family who would let him join all of life's fun activities. Trevor is still learning to be around smaller breeds of dogs and further training would see him thrive into a polite gentleman we know he can be! Trevor currently lives amongst other greyhounds and would enjoy a home with another dog but in lieu of a canine companion, shorter hours alone or workers from home and some mental stimulation while you're out would see Trevor settle right in. Trevor is available from the Western Sydney adoption centre.","trevor-2",""
"2021-08-01","","956000012866851","Raffa","2025-03-03","MALE","","This bundle of joy loves human interaction and adventure. Raffa loves to run around his big yard area and shows you how fast he can be. Raffa gets very excited for the first five minutes you meet him before settling down. After getting his morning energy out and jumping around Raffa settles down and loves to lay in the sun. Raffa is fine around older kids and would make a great pet for a family with a big yard or a young couple who are fit and active.","raffa",""
"2021-01-01","Hunter Valley (Maitland/ Muswellbrook/Newcastle/Forster)","956000013078465","Missy","2025-03-03","FEMALE","","Meet Missy, a stunning female red fawn greyhound with a perfect balance of strength and sweetness. Missy can be strong on the lead, making her walks an exciting experience, but she is also incredibly relaxed and calm, adapting well to new environments and settling into a peaceful routine at home. Missy’s playful side shines through when it’s time for fun! She loves engaging with her humans, whether it’s a lively game or simply hanging out and soaking up attention. Her joyful and affectionate nature makes her a delightful companion for an active family or an individual who enjoys both adventure and relaxation. With her combination of strength, playfulness, and a laid-back attitude, Missy is ready to bring her warmth and energy into a loving home. If you’re looking for a dog who will keep you on your toes while also offering plenty of cuddles, Missy could be your perfect match!","missy-18",""
"2021-10-01","Southern NSW/ACT (Bulli, Nowra, Goulburn, Canberra)","956000012868445","Blake","2025-03-03","MALE","","Blake is a beautiful confident boy who loves to be apart of the family. Blake is perfect for a family as he is a gentle mix of playful but also loving and caring. Blake is crate trained overnight in the home and is also well adjusted to being alone for fulltime workers in the backyard during the day. Blake travels well in the car and is confident in new surroundings. With over 3 months house training Blake is perfect for that family who maybe looking to add an extra friend to it.","blackie",""
"2022-11-01","Hunter Valley (Maitland/ Muswellbrook/Newcastle/Forster)","956000011373179","Casper","2025-03-03","MALE","","Meet Casper, a sweet and gentle soul looking for a loving new family. Casper is a serene and relaxed companion who thrives in calm environments, making him an ideal pet for those who appreciate a soothing home. He might be a bit cautious at first, but with patience and understanding, he will reveal his warm and gentle heart. Casper is relaxed and easygoing when it comes to handling. He'll enjoy sitting quietly by your side, whether you're settling in with a good book or enjoying a leisurely weekend afternoon, Casper will be content to share those peaceful moments with you. Due to his cautious nature, Casper would do best in a quieter home, where he can truly shine at his own pace. If you're a calm and patient adopter looking for a relaxed and loving companion, Casper could be the perfect fit for your lifestyle.","casper-6",""
"2021-06-01","Southern NSW/ACT (Bulli, Nowra, Goulburn, Canberra)","956000007422001","Ringo","2025-03-03","MALE","","Ringo is the handsome fawn boy who is looking for an active person or family to take him on adventures Ringo is fine with fulltime workers and is just excited to go for his daily walk and play. Ringo will sleep and play the day away with some toys or a bone in the backyard whilst you are at work. Ringo has grown up with children as young as 5 years old and loves hanging out with them. Ringo has grown up sharing his yard with his best friends two greyhounds Barber and Penny. Ringo is on the lookout for his perfect match and with some love and care will make the perfect pet","ringo-2",""
"2021-11-01","Western Sydney (Londonderry)","956000012864368","Wombat","2025-03-03","MALE","","He is not short and stumpy, nor does he eat leaves and grass but he is ready to burrow his way into your heart and home. Wombat is a sweet and gentle boy is seeking a family that can be around more often than not, or a canine companion so he company. He gets along well with other canines, medium to large breeds are ok for him to live with pending a friendly meet and greet at GAP. Respectful kiddos would be suitable, too! If you can give Wombat the burrow he is seeking submit an application form to adopt him now. He is available from the Western Sydney adoption centre.","wombat-1",""
"2018-06-01","Western Sydney (Londonderry)","956000009518190","Ronald","2025-03-03","MALE","","Ronald is a cheerful, confident and friendly lad looking to bounce straight into your home. We know Ronald to be a charismatic, charming and affectionate boy. With these qualities in mind, we think he'd suit a family with children and preferably shorter hours alone while he begins to settle in. This beautiful boy is at the magical age of 6 where he has his lazy side but has moments of playfulness, too. A perfect blend for many family types! Did we mention he currently lives with another greyhound? He'd love it if you had another hound for a play mate and nap buddy. Get in touch with the Western Sydney centre to meet Ronald.","ronald",""
"2021-04-01","Western Sydney (Londonderry)","956000011712566","Jagger","2025-03-03","MALE","","He’s got the moves like Jagger! This boy certainly knows how to impress! Jagger is a special boy with a personality that can melt your heart. Jagger has a laid-back and easy-going nature, making him suited a home that has a secure backyard/courtyard type environment. Jagger can adapt to a household where family members work full-time, as long as he receives the love and attention he deserves when they return home. Providing him with a comfortable space and engaging toys during the day can help keep him content. Due to his sweet nature, he is an ideal choice for a home with respectful children seeking a loving companion. He has shown to be polite with other medium to large canine companions. He is a social boy and enjoys the companion of his four-legged friends, if you have other dogs in the home, he will surely enjoy showing them his moves! Be sure to apply online today and mention Jagger’s name in your application, you don’t want to miss out on welcoming this loving, gentle and playful boy to your home.","jagger-1",""
"2020-04-01","Hunter Valley (Maitland/ Muswellbrook/Newcastle/Forster)","956000012195822","Lizzie","2025-03-03","FEMALE","","Meet Lizzie, an easy-going soul with a placid nature and a relaxed temperament that endears her to everyone she meets. Her gentle disposition makes her an absolute pleasure to have around and the perfect addition to a household. A self-confessed couch potato, Lizzie treasures quiet afternoons spent lounging around on the couch. Her favorite pastimes include soaking in the sun from a warm spot by the window. She's compatible with all canine friends she's encountered, including lively Italian Greyhounds and adorable Mini Spoodle, initially she was nervous but adjusted well and had a relaxed and neutral response.","lizzie-1",""
"2022-11-01","Hunter Valley (Maitland/ Muswellbrook/Newcastle/Forster)","956000011371334","Bert","2025-03-03","MALE","","Bert is ready to find his forever home, this boy has personality+, boasts confidence and loves to come along for pats and cuddles anytime he wants. Bert is social with other greyhounds and spends a lot of time relaxing or playing. He can still be a bit sporadic on lead and excitable but given his age with a the right training and time, he will adapt quickly. Bert would be suited to a house with a backyard so if he has any energy he can have a good explore and play around.","bert-2",""
"2019-04-01","Western Sydney (Londonderry)","956000003709266","Oakley","2025-03-03","MALE","","Personality plus, yet lazy and laid back when you need him to be, our handsome boy Oakley is perfect for busy families seeking an independent lad with a fun loving streak to join their crew! This cutie is super low maintenance & thrives on simply spending the day relaxing and snoozing outdoors in the yard, making him well suited to full-time workers. When you get home, Oakley will shower you with love and affection! Yep, Oakley really is dreaming of a backyard with opaque fencing to frolic and sunbathe in as he pleases. Oakley is friendly with other medium/large dogs, would suit a home with or without another doggie pal or respectful children & not to mention, he is super engaged during his training sessions here at GAP. Yep, he's a catch! He is available now from our Western Sydney kennels so apply today!","oakley-1",""
"2020-04-01","Central West (Bathurst/Dubbo/Coonabarabran)","956000012114164","Costa","2025-03-03","MALE","","Meet Cuddle Me Costa, a sweet and affectionate male greyhound who lives up to his name with big, warm cuddles! Costa is a confident, happy boy who loves to shower his family with love. He’s well-socialized with young children and medium-sized dogs, making him a perfect fit for family life. Costa is equally content doing his own thing or hanging out with the family, whether it’s relaxing on the couch or enjoying a quiet moment outdoors. With his loving nature and laid-back attitude, Costa is sure to bring joy and comfort to your home.","costa",""
"2020-09-01","Central West (Bathurst/Dubbo/Coonabarabran)","956000011579791","Rocky","2025-03-03","MALE","","Rocky is a friendly and easy-going male greyhound who loves socializing with young children and other medium-sized dogs. This laid-back fellow is happy to go with the flow, whether it’s enjoying a quiet moment at home or joining in on family activities. Rocky is a calm and adaptable companion, making him an ideal choice for a family looking for a well-mannered dog who’s great with kids and other pets. His gentle nature and relaxed attitude mean he’s content to simply be part of the family and enjoy whatever life brings his way.","rocky-14",""
"2019-12-01","Central West (Bathurst/Dubbo/Coonabarabran)","956000012223904","Tiggy","2025-03-03","FEMALE","","Tiggy is a sweet, patient female greyhound with a striking Tigger-like orange and black brindle coat. This gentle girl is great with young children and other medium-sized dogs, making her a perfect family companion. Tiggy enjoys living indoors and is content to relax, cuddle, and soak up attention. She’s easy-going, low-maintenance, and requires only a few walks and some playtime each day. Tiggy’s calm nature and loving personality make her an ideal addition to a peaceful home, and she would thrive in a family environment where she can receive the affection and care she deserves.","tiggy",""
"2019-09-01","Southern NSW/ACT (Bulli, Nowra, Goulburn, Canberra)","956000006705352","Jay Jay","2025-03-03","FEMALE","","Say g’day to JayJay this beautiful female has had a wonderful life around children as young as 1 year old and also around Medium dogs. Jayjay is 5 years of age and is a perfect mix between puppy playful during the day and settled mature girl of a night. Jay jay is always excited to go for a walk and would be the perfect dog for someone looking at undertaking adventures and longer walks Jayjay travels well in a car and would love a backyard to play the day away in","jay-jay",""
"2019-04-01","Western Sydney (Londonderry)","956000006697978","Dave","2025-03-03","MALE","","Dave is personality plus & ready to spread joy to all who meet him. He's a goofy boy who is energetic, as well as super sweet and affectionate. He could suit apartment living with someone around all the time - he loves being indoors but still learning to be left alone. Dave requires a quiet/low stimulation home life & someone who can keep him active and mentally fit. Older kids who can handle a goofy large breed dog would suit best. Dave has great food drive and responds well to training. Dave would enjoy a home with canine or human company during the day, and would thrive with living with another bouncy vibrant canine companion.","dave-3",""
"2021-10-01","Southern NSW/ACT (Bulli, Nowra, Goulburn, Canberra)","956000013021989","Oscar","2025-03-03","MALE","","Oscar is a confident and happy dog who is looking for someone to help guide him through life. Oscar loves being active and enjoys a run around during the day whilst you are at work. Oscar will show you his gentler side once he has gotten all his energy out and with the right home could suit cuddling up on a bed of a night time. Oscar would be suited to someone that has a backyard or courtyard and can take him on his daily walk to explore the streets.","ackie",""
"2021-10-01","Southern NSW/ACT (Bulli, Nowra, Goulburn, Canberra)","956000013019900","Colin","2025-03-03","MALE","","Colin is an outgoing boy who loves to go on adventures and would love a daily walk around the neighbourhood. Colin can be a little bit cautious at the very start but settles very quickly and becomes your best friend within minutes. Colin jumps with excitement but settles very quickly Colin loves a car trip and is happy to jump up in to the car before laying down and sleeping the trip away. Colin would love a single person or a young couple who are keen to spend some time teaching him about the adventures of the world and what a lounge feels like to sleep on Colin is ready to give a family lots of love","whitey-3",""
"2020-01-01","Western Sydney (Londonderry)","956000007467933","Baby","2025-03-03","FEMALE","","Nobody puts baby in the corner! This little lady is looking to learn all about the world with you! She would suit short hours alone as a solo girl, or longer hours with a canine companion. Polite with dogs big or small, beautiful Baby has so much love to give and is searching for the right place to call home. If this Baby girl sounds like the perfect addition to your family, apply to take her home from the Western Sydney adoption centre.","baby-2",""
"2018-10-01","Hunter Valley (Maitland/ Muswellbrook/Newcastle/Forster)","956000006812644","Bear","2025-03-03","MALE","","Bear is a wonderfully sweet nature and a calm temperament. Bear's calm demeanor makes him an ideal partner for leisurely strolls, as he's quite responsive on a lead. Whether you're taking a walk in the park or simply exploring your local neighborhood, Bear's company will surely make your day brighter. His gentle pace and attentive nature are perfect for anyone seeking a serene and steady walking buddy.","bear-14",""
"2019-12-01","Hunter Valley (Maitland/ Muswellbrook/Newcastle/Forster)","956000007837876","Clyde","2025-03-03","MALE","","Meet Clyde, the charming socialite of the dog world! This happy-go-lucky greyhound is always ready to make new friends and engage with anyone he meets. His confidence shines as he approaches life with a tail wag and a friendly demeanor that wins over hearts immediately. Clyde absolutely adores ear scratches, and you’ll find him happily leaning in for more attention whenever he gets the chance. Whether he's meeting new people or hanging out with his greyhound buddies, Clyde is always the life of the party, making sure everyone feels welcome and included.","clyde-6",""
"2019-05-01","Central West (Bathurst/Dubbo/Coonabarabran)","956000007850926","Ivanka","2025-03-03","FEMALE","","Meet Ivanka, a playful and excited lady with a heart full of affection! This happy female greyhound is ready to bring joy and energy to your home. Playful and affectionate. Loves to give a classic Greyhound lean and cuddle. Social with larger dogs and open to learning to love smaller canine friends. Enjoys active playtime and engaging walks. Thrives in a lively environment where she can express her playful spirit. A loving and active household that can keep up with her playful nature. Suitable for families or individuals who appreciate a happy, energetic companion. If you’re looking for a lively and loving companion, Ivanka would be thrilled to meet you! Reach out for more information or to schedule a visit.","ivanka",""
"2014-12-01","Central West (Bathurst/Dubbo/Coonabarabran)","956000004315004","Moe Joe","2025-03-03","MALE","","Meet Joe, an old sweet and gentle boy looking for a quiet, loving home! This charming male greyhound may be a little slow on his feet, but he has a heart full of affection and is ready to bring warmth to your life. Gentle and loving. Loves a gentle touch and affection. Social with larger dogs and open to learning to love smaller canine family members. Prefers leisurely strolls and relaxed outings. Enjoys a calm environment where he can feel safe and cherished. A peaceful household that appreciates a slower pace. Ideal for individuals or families who can provide plenty of love and companionship. If you’re looking for a sweet companion to share your home with, Joe would love to meet you! Reach out for more information or to schedule a visit.","moe-joe",""
"2014-12-01","Central West (Bathurst/Dubbo/Coonabarabran)","956000004301631","Issac","2025-03-03","MALE","","Meet Issac, an old gentle boy with a heart full of love! This sweet male greyhound is looking for a quiet home where he can enjoy leisurely walks and plenty of cuddles. Gentle and affectionate. Loves a good scratch and is always ready for cuddles. Social with larger dogs and open to learning to love smaller dogs. Prefers leisurely walks at a relaxed pace. Enjoys a calm environment and appreciates quiet time. A peaceful household, perfect for someone who enjoys a slower lifestyle. Ideal for families or individuals who can provide gentle affection and companionship. If you’re looking for a loving companion to share your home with, Issac would be thrilled to meet you! Reach out for more information or to schedule a visit.","issac",""
"2014-12-01","Central West (Bathurst/Dubbo/Coonabarabran)","956000004317813","Zooie","2025-03-03","MALE","","Meet Zooie, an older gentleman with a heartwarming, sweet nature. This charming male is looking for a peaceful home where he can enjoy gentle affection and quiet moments. Affectionate and loving. Enjoys companionship and thrives on gentle interactions. Prefers gentle walks and leisurely outings. Loves a calm environment and appreciates quiet time at home A quiet household, perfect for someone who enjoys a slower pace. Ideal for individuals or families who can provide plenty of gentle affection and care. If you’re looking for a sweet companion to share your life with, Zooie would be thrilled to meet you! Reach out for more information or to schedule a visit.","zooie",""
"2017-08-01","Central West (Bathurst/Dubbo/Coonabarabran)","956000004497031","Banjo","2025-03-03","MALE","","Meet Banjo, an old friendly boy with a heart of gold! This gentle male greyhound is the perfect companion for anyone looking for a loving pet. Banjo has a warm and welcoming personality, making him great for families and individuals alike. Social and friendly with other larger dogs. Eager to learn and could adapt well to smaller canine family members with time and patience. Enjoys leisurely walks and gentle playtime. Prefers a relaxed lifestyle but still has his playful moments.","banjo-5",""
"2020-12-01","","956000007439026","Hunter","2025-03-03","MALE","","Meet Hunter, a gentle soul with a heart full of loyalty and companionship to offer. While he may be a tad shy when you first meet him, it doesn't take long for his affectionate personality to shine through. Hunter is an exemplary walker on a lead, showing politeness and attentiveness on each stroll. He won't pull or rush, making daily walks together a serene and enjoyable experience. He thrives in the presence of someone who understands his need for trust-building and who will cherish the meaningful connection he creates with his human family members. While he is happiest in a quiet home environment, Hunter's devotion is unwavering once he gets to know you. With his poised and loyal spirit, Hunter will be by your side as a faithful friend, ready to share life's simple pleasures. If you are looking for a devoted companion who values walks and quiet time alike, Hunter could be your perfect match, offering companionship and loyalty in the most endearing way.","hunter-8",""
"2020-11-01","","956000011716260","Brindie","2025-03-03","FEMALE","","This affectionate & playful girl is Brindie! She is on the search for her forever home. If you're after a joyful companion, she is right up there. Brindie is polite and respectful on lead, as she is used to 3 walks a day and lazing around the rest. She is sociable with people & would love to go to her new home that has a nice backyard for her to enjoy. Brindie can be excitable around other dogs and doesn't enjoy when they cramp her personal space too much.","brindie",""
"2021-04-01","Hunter Valley (Maitland/ Muswellbrook/Newcastle/Forster)","956000011652581","Foxy","2025-03-03","FEMALE","","Meet our little Foxy girl, a sweet natured girl who would love a family who is happy to take a slower approach while she learns the ropes of being a pet. Foxy is playful, excitable and engaging. She loves to show you her fluffy toys and will happily entertain herself! Foxy is a happy traveler and will be happy to follow you wherever you're off to. She would benefit from leash training, as she can be quite excited going to new places and meeting new people.","foxy-3",""
"2020-09-01","Hunter Valley (Maitland/ Muswellbrook/Newcastle/Forster)","956000011722890","Irena","2025-03-03","FEMALE","","Are you ready to be laughing with your newest furry friend? Well, Irena will have you cackling. She is a true definition of a little pocket rocket, she will be showing all aspects of her zoomies and how confident she is in doing so. Irena enjoys spending her days showing off and basking in the sunshine. She is loves companionship and will happily follow you anywhere you desire. Irena knows her name well and with a little bit of getting used to your voice she will come (running) straight back.","irena",""
"2018-12-01","Northern Rivers (Grafton, Lismore, Casino)","956000006809767","Diesel","2025-03-03","MALE","","Meet Diesel, the easy-going canine companion who will effortlessly win your heart. With his laid-back demeanor and adaptable nature, Diesel is a breeze to have around. Diesel quickly acclimates to new environments, seamlessly settling in and making himself at home. His friendly nature shines when he’s around other medium to large breed dogs, as he loves having similarly sized playmates to romp around with. One of Diesel’s favorite pastimes is swimming. Whether it's plunging into the local lake, exploring tidal rock pools, or playing in the garden sprinkler, he is at his happiest when in the water. Diesel would be happiest in a home where his new family celebrates his relaxed nature and takes time to provide enriching outdoor experiences. He's ready to bring his calm joy to your household!","diesel-4",""
"0022-04-01","Hunter Valley (Maitland/ Muswellbrook/Newcastle/Forster)","956000011366429","Ralph","2025-03-03","MALE","","Are you after a little fire-cracker in your life? Look no further than our boy Ralph! He is all things active/fun-loving and absolutely hilarious; Ralph will have your grinning from ear to ear. Ralph would suit an active family with a backyard who can walk him daily and throw his favourite toy around, Ralph hasn't been exposed to an indoor setting as yet so may take some time adjusting but I think he will happily follow you around. His favourite game is showing his friends how quick his zoomies are so a nice backyard will do the trick so he can show off to you. If you're interested in hearing more about Ralph, please apply now.","ralph-4",""
"2021-01-01","Hunter Valley (Maitland/ Muswellbrook/Newcastle/Forster)","956000007465714","Danny","2025-03-03","MALE","","Meet Danny, an adorable boy with a heart-melting gaze that makes every day brighter. Danny is a big smootcher who will never oppose to having a big cuddle. Danny is a delight to have around the house, both cleanliness and quietness that will make him a great pet. He has excellent manners and prides himself on being a perfectly well-behaved member of the family. This makes everyday activities a joy, whether it's sharing calming moments at home or embarking on relaxing strolls – as he walks like a gentleman on a lead. Being with Danny means you'll always have a cuddle partner, ready to nestle beside you during quiet evenings or busy afternoons. He is a wonderful nature of warmth, kindness, and intelligence, making him the kind of pet who not only fits seamlessly into your lifestyle but enhances it too.","danny-3",""
"2020-01-01","Hunter Valley (Maitland/ Muswellbrook/Newcastle/Forster)","956000007835659","Darren","2025-03-03","MALE","","Meet Darren, a super laid-back sort of boy, who is happy just to be around his humans, he doesn't ask for much but a pat here and there would strike a bonus. He's happy to explore alone or go for leisurely strolls, you would rarely even hear him bark. Darren enjoys going to school pick up to collect his human- brother who is 12yo and all the kids love to dote on him. If you're interested in knowing more about Darren, please apply now!","darren-1",""
"2022-01-01","Western Sydney (Londonderry)","956000013022800","Cilantro","2025-03-03","MALE","","Cilantro is a young & sweet boy. His adorable nature & curious enthusiasm makes him a perfect companion for many family types. This bouncy, friendly and wiggly little guy can be curious about the world but his adaptable personality means he'll fit in seamlessly with any loving household. He loves long walkies and playtimes and enjoys having an outlet for his mental stimulation & daily enrichment. He loves treats, toys & loves a little zoomie with a short burst of energy, so would need at least a fully fenced townhouse, or backyard. A few hours alone are no problem with Cilantro as he has shown to cope well in alone time sessions, so if you’re looking for an easy-going & charming boy to complete your family, get in touch with Wester Sydney. Cilantro is available from our Western Sydney adoption centre!","cilantro",""
"2021-01-01","Southern NSW/ACT (Bulli, Nowra, Goulburn, Canberra)","956000006354280","Bob","2025-03-03","MALE","","Bob is a really special boy who is looking for his perfect forever home bob is good with medium to large dogs and is great with children as young as 5 years old Bob takes a little time adjusting to a new lifestyle but once he is settled he is a big goofball who loves company. Bob prefers company but is fine being left alone for long periods of time if he has a few toys and a bone to pass the time. Bob is active at first on lead but settles very quickly and walks perfectly. once Bobs energy is out for the day you’ll find him living the life in the sun","bob-12",""
"2021-11-01","Western Sydney (Londonderry)","956000013021593","Wilma","2025-03-03","FEMALE","","**Wilma is in a foster home with a greyhound and a cavoodle** Wilma is such a special girl that one of our GAP staff has taken her home for a sleep over! This quiet natured girl is showing amazing resilience and requires a quiet home to thrive in. She is incredibly dog social and would love a play mate. She however, is happy to relax while you're gone, with or without a dog friend to keep her company. Whether you have another dog or looking for a dog to have play dates with, Wilma will be by your side. She is a shy girl who finds that dogs give her more confidence. A home without children is best suited to her while she learns about the world. Her love of treats and toys is her motivator for learning new tricks and building confidence! She is an affectionate and goofy girl once you get to know her Wilma is available from our Western Sydney adoption centre. **Wilma is on daily medication - enquire with GAP for more info**","wilma-1",""
"2019-09-01","Hunter Valley (Maitland/ Muswellbrook/Newcastle/Forster)","956000007852599","Bruce","2025-03-03","MALE","","Meet our big boy Bruce! He is a true delight to be around. He will make you laugh until you cackle. He will be happy to cruise around with you day in and out. He is a gorgeous character to boasts confidence. Bruce suffered a racing injury and required surgery on his front right leg so an experienced owner who knows when to slow down on the zoomies is ideal.","bruce-2",""
"2021-05-01","Hunter Valley (Maitland/ Muswellbrook/Newcastle/Forster)","956000007837705","Chum","2025-03-03","MALE","","Meet Chum, the epitome of easy-going and affection! This boy has a sweet personality that instantly wins over hearts. Chum is as laid back as they come. He loves nothing more than being close to his human friends. He's a responsive walker on leash, making strolls in the park or through the neighbourhood a pleasant experience for everyone involved. He naturally exudes confidence, thriving in a variety of social environments, especially around younger children. Chum is not just a pet; he's a loving family member, always eager to make new friends and share in the joys of everyday life. With his friendly disposition and ability to seamlessly fit into any family dynamic, Chum is ready to bring his special warmth and companionship to his new home.","chum",""
"2019-12-01","Hunter Valley (Maitland/ Muswellbrook/Newcastle/Forster)","956000012226004","Moses","2025-03-03","MALE","","Are you after a dog to be totally besotted by you? Well meet Moses, a quirky and loveable boy whose after his forever home. Moses boasts confidence and is extremely gentle in his approach. He has been around children 4+ and will request frequent pats. He has been brought up with a jack russel at home, but would benefit from a meet and greet prior to being adopted. Moses will be attending our Adoption Day at Glandore Wines on the 5th of October.","moses",""
"2019-10-01","Northern Rivers (Grafton, Lismore, Casino)","956000007467189","Alfie","2025-03-03","MALE","","Meet Alfie, a delightful and active male greyhound with a zest for life that is absolutely infectious! Alfie is especially great in the company of other medium to large dogs, making him a perfect fit for a home already blessed with canine companions. He's particularly fond of his fellow greyhounds, often seen sharing playful moments and lounging together. His natural sociability extends to a broad range of activities. . He is an ideal candidate for someone with an active lifestyle who enjoys spending time outdoors and interacting with their pets. Alfie is looking for a loving and dynamic home where he can flourish and be an integral part of the family. If you're seeking a loyal, active, and sociable companion to join your family, Alfie might just be the perfect match.","alfie-5",""
"2019-10-01","Northern Rivers (Grafton, Lismore, Casino)","956000007361249","Stumpy","2025-03-03","MALE","","This sociable fellow is a joy to be around and has a knack for bringing smiles to everyone he meets. Stumpy is a social butterfly, especially when it comes to other greyhounds. He thrives in the company of his fellow canines and enjoys the camaraderie of a playful group. If you have other greyhounds or are involved in a greyhound community, Stumpy will fit in seamlessly and form bonds quickly. This gentle dog is well-socialized with children aged nine years and up, making him a wonderful family pet. Whether it's a leisurely stroll in the park or lounging around at home, Stumpy is adaptable and easygoing. Stumpy is not just a pet; he's a loving and loyal friend ready to enrich your life with joy and companionship.","stumpy",""
"2022-07-01","Northern Rivers (Grafton, Lismore, Casino)","956000011710042","Willow","2025-03-03","FEMALE","","Willow excels in a social environment and is used to living harmoniously with other greyhounds, making her an excellent addition to a multi-pet household. Willow is house trained, which means she's all set to fit seamlessly into your home without any fuss. Her inquisitive nature makes her a joy to have around, as she's always eager to explore her surroundings. Walking is one of Willow's favorite activities. She has a graceful stride and a calm demeanor that make her the perfect walking buddy. Willow's friendly disposition makes her great for families or individuals looking to add a companion who’s both loving and easygoing. She gets along wonderfully with other greyhounds and would thrive in a household where she can share her days with canine siblings. If you're looking for a loving, house-trained, and curious companion who enjoys the simple pleasures of life, Willow is your girl. She’s ready to become a beloved member of your family, filling your home with warmth, joy, and countless tail wags.","willow-8",""
"2022-04-01","Northern Rivers (Grafton, Lismore, Casino)","956000011358035","Lazlo","2025-03-03","MALE","","Meet Lazlo, the friendly and easy-going canine companion you've been waiting for. Lazlo's calm demeanor makes him the perfect addition to any household looking for a laid-back yet affectionate furry friend. Lazlo absolutely loves his daily walks and will eagerly await the moment you grab his leash. His love for walking not only provides you both with exercise but offers a great bonding experience. Beyond his love for walks, Lazlo enjoys lounging by your side—content to bask in peaceful moments. His friendly personality ensures he gets along well with everyone he meets, making him a delightful companion for families, singles, or seniors alike. If you're seeking a calm and loving dog who thrives on walks and the company other dogs.","lazlo",""
"2021-08-01","Northern Rivers (Grafton, Lismore, Casino)","956000007423236","Johnie","2025-03-03","MALE","","Meet Johnie, a confident and friendly canine who is sure to brighten your days with his playful nature and infectious energy. Johnie loves to play and is always up for a game of fetch. His exuberance is paired with a love for swimming, making him the perfect partner for summer adventures by the pool, lake, or beach. Despite his playful demeanor, Johnie also showcases an endearing blend of confidence and friendliness. He has no trouble making new friends, whether they are human or fellow canines. Being playful Johnie likes to get to know his new friends prior to a play date. His confident disposition ensures that he approaches new experiences with curiosity and excitement, making every day an adventure.","johnie",""
"2021-01-01","Western Sydney (Londonderry)","956000007447372","Rocky","2025-03-03","MALE","","Rocky is a sweet boy with experience around kids 12+ and has spent lots of time around other greyhounds, making him a lovely addition to your home if you already have a hound! Rocky is a sweet hound who would enjoy further training in the home to be the best pet he can be. He can be nervous around new people but has proven to be a total sweetie pie once you get to know him! Rocky is available from our Western Sydney adoption centre.","rocky-13",""
"2019-02-01","Hunter Valley (Maitland/ Muswellbrook/Newcastle/Forster)","956000008235593","Spot","2025-03-03","FEMALE","","Spot is independent and enjoys spending time roaming around. Spot would suit a family who is after a companion to cruise around the backyard with. At times Spot can be weary and a bit timid in new environments but with the right re-assurance, she recovers really well. If you're interested in meeting our darling Spot, please apply now.","spot-4",""
"2021-04-01","Hunter Valley (Maitland/ Muswellbrook/Newcastle/Forster)","956000011704833","Riot","2025-03-03","MALE","","Meet Riot, the epitome of easygoing! With a name that speaks to his spirit, Riot is ready to fill your days with joy and companionship. His gentle nature and playful antics make him an ideal addition to any home looking for a devoted friend. Riot has an amazing disposition that makes him friendly to people and pets alike. He'll fit into almost any living situation that keeps him active and allows him time for fun and an outdoor activities. With a healed fractured hock, it's crucial Riot's new family appreciates the care required to ensure he stays in tip-top shape. Ideally suited for someone who has experience with greyhounds, Riot will thrive in the care of an owner who understands how to bring out the best in him.","riot",""
"2019-11-01","Northern Rivers (Grafton, Lismore, Casino)","956000007851857","Felix","2025-03-03","MALE","","Felix is the card you've been hoping to draw! This interesting lad is definitely personality plus, if not a little odd - in an endearing and adorable way of course! ✅ Absolutely loves people! Both the giving and receiving attention side of it! ✅ Travels very well in the car - so no excuse, he can attend your road trips! ✅ Such a community hero, Felix is a blood donor. ✅ Clever Felix comes to his name - we're not going to lie, he won't come if he doesn't feel like it. But he does know you're calling him 😎 ✅ At only 28.5kg, Felix is quite small for a male greyhound ✅ Felix has been spending time inside his current home - and loving the luxuries of pet life! ✅ Felix is crate trained and could live in an apartment (you'll be pleased to know he is very clean in his crate!) ✅ Loves his toys! So can be easily entertained with some toys he can call his own. ✅ Felix loves the water so get ready for some pool time, beach time, pond time - whatever water time you can offer him! ✅ Felix is happy to either be the only fur baby in your life, or could live with a female dog (he is a bit funny with other males...) - He would still need very slow, gradual introductions to any new dogs. ✅ Felix is good with children. He can get a bit excited so would be suited to kids 10+ years at this stage. If you would like to bask in the comic genius that is funny Felix, enquire or apply to adopt this little fella below!","felix-1",""
"2021-01-01","Western Sydney (Londonderry)","956000014517890","Jackson","2025-03-03","MALE","","Jackson is a sweet boy with a lot of love to give! He is polite with big and small dogs and would enjoy further socialisation and getting to know other dogs and people! He would enjoy a home with another calm M-L canine companion. We think Jackson would enjoy a quiet neighbourhood to enjoy the serenity, and older respectful children who can give him space when he needs some peace and quiet. We know Jackson will make a wonderful pet! Jackson is available from the Western Sydney adoption centre.","jack-25",""
"2021-04-01","Western Sydney (Londonderry)","956000014888510","Sriracha","2025-03-03","MALE","","This quiet natured boy is friendly with other greyhounds and would enjoy a home who will enjoy building his confidence. A quiet, adults only home or a home with respectful children would suit Sriracha as he learns how to be a pet. He is super smart and enjoying engaging in training activities. He has already learnt ""down"" and ""touch"" on cue! A backyard and quiet neighbourhood will help him settle in, and as a lover of food, enrichment and puzzle toys will go far in helping him settle in. A few hours alone are no problem as he snoozes the day away. He is such a friendly boy once he's warmed up and would benefit from a slow exposure to the big wide world. He loves a cuddle with his handler - see picturtes! Sriracha is available from the Western Sydney adoption facility.","sriracha",""
"2019-04-01","Western Sydney (Londonderry)","956000006793382","Frankie","2025-03-03","FEMALE","","Frankie is a cheeky happy girl with little bursts of energy, who gets along with greyhounds and even showing to be polite with little doggies too. This happy lady would suit a quiet environment so she can grow in confidence becoming your beloved pet. Respectful/quiet children would enjoy her quiet nature, with a slow introduction to new people and new environments. Another doggie friend will give Frankie a confidence boost. Frankie is available from GAP's Western Sydney adoption centre via appointment.","frankie-11",""
"2014-05-01","Northern Rivers (Grafton, Lismore, Casino)","956000003345879","Moi Moi","2025-03-03","MALE","","Meet Moi Moi, a delightful canine who prances through life with an infectious smile. Raised alongside children from the age of five and up. Moi's easygoing nature and affectionate heart make him an ideal companion for families of all shapes and sizes. Moi Moi's endearing ""antenna ears"" are more than just a charming feature; they make him ever-alert to your presence. Moi Moi's sociable demeanor extends to other animals too. He has met small dogs and remained remarkably unfazed, suggesting he's adaptable and friendly when it comes to making new furry friends. Adopt Moi Moi, and you'll invite endless joy and happiness into your life with this lovable, ear-wagging, prancing pup.","moi-moi",""
"2020-12-01","Central West (Bathurst/Dubbo/Coonabarabran)","956000007461234","Axel","2025-03-03","MALE","","Let me introduce Axel! Axel is a gentle and loving soul with a beautifully soft nature. He is friendly and sociable with all dogs when introduced and supervised properly. Axel will adapt well to full-time workers and is comfortable with children. Axel would thrive in a home with access to a yard. Axel would love to find a caring environment where he can enjoy affection, have outdoor space, and interact positively with other dogs and children.","axel-1",""
"2018-12-01","Central West (Bathurst/Dubbo/Coonabarabran)","9560000061113926","Sky","2025-03-03","FEMALE","","This is Sky! Sky is a bit shy initially but warms up quickly with a gentle touch. She is very gentle with young children and enjoy snuggling and being patted. Her ideal home would be a home without other dogs or with larger dogs. Sky will adapt to a household with full-time workers, provided she has access to a yard.","sky-5",""
"2021-09-01","Western Sydney (Londonderry)","956000014690790","Milkshake","2025-03-03","MALE","","Young, laid back, loving, friendly and very handsome, Milkshake is made of all the right ingredients to fit your life. Milkshake is a quiet natured boy who would suit a nurturing home with a gentle touch. He is gentle on the lead, and we would love to see his confidence build in a home. Shy by nature and still young, he is bravely learning the ropes here. Another medium to large canine companion could help support his confidence in a home. Respectful children on the quiet/gentle side would suit him the best. Milkshake is going to grow up to make an amazing addition to your life. Milkshake is available from our Western Sydney adoption centre.","milkshake-1",""
"2019-12-01","","956000007837203","Julian","2025-03-03","MALE","","Julian is best described as a distinguished gentleman. He is calm, friendly and an easy-going boy who just goes about his day without a fuss. He's walked around busy streets, schools, shopping centres as well as farms and paddocks. Nothing much fazes Julian, including other large dogs, small dogs and children. He loves people and pats and loves a walk, rarely pulling. Julian would suit most households and make a very special and loving companion who wants to be with you.","julian",""
"2020-12-01","Broken Hill","956000011761022","Tonto","2025-03-03","MALE","","Tonto is a vibrant and friendly Greyhound with a personality that’s as dynamic as it is affectionate. His playful nature and sociable demeanor make him an ideal companion for an active and engaging home. Tonto is full of energy and loves to have fun. His playful attitude makes him a hit with people and other pets alike. He’s always up for a game and enjoys being the center of attention in social settings. With his outgoing and friendly nature, Tonto quickly makes friends wherever he goes. He’s approachable and eager to interact, making him a great addition to any family or social gathering. Tonto has a zest for life and particularly enjoys running. Whether it’s a sprint in the park or a game of fetch, he thrives on physical activity and loves to stretch his legs. Given his energetic and sociable nature, Tonto is best suited for an active home where he can get plenty of exercise and engagement. He’ll thrive in an environment where he can be part of family activities and enjoy regular playtime. If you’re looking for a Greyhound who is playful, social, and loves to run, Tonto could be the perfect fit for you. His enthusiastic personality and love for activity will bring energy and joy to your home.","tonto",""
"2019-12-01","Broken Hill","95600001224681","Emmie","2025-03-03","FEMALE","","Emmie is a lovely Greyhound with a heart full of affection and a playful spirit. Her endearing personality and love for canine companionship make her a delightful addition to any home. Emmie is a charming girl with a naturally sweet disposition. Her gentle and loving nature makes her a joy to be around. Emmie adores human company and thrives on affection. She’s always eager to share her love and will happily snuggle up for some quality bonding time. With a zest for life, Emmie enjoys playful activities and fun interactions. Whether it's a game of fetch, running around in the yard, or engaging in lively play, she brings energy and enthusiasm to every moment. Emmie has a great fondness for other dogs and enjoys their company. She’s friendly and sociable with canine companions, making her a great fit for a home with other dogs. If you’re looking for a Greyhound who is sweet, affectionate, and full of playful energy, Emmie could be the perfect match. Her love for people and canine friends alike ensures she’ll bring warmth and joy to your home.","emmie-1",""
"2019-08-01","Broken Hill","956000007852282","Shay","2025-03-03","MALE","","Shay is a distinguished male Greyhound with a kind heart and an adventurous spirit. Although he may start off a bit shy, his friendly nature and love for exploration make him a wonderful companion for a patient and understanding home. Shay is naturally warm and friendly but might take some time to come out of his shell. Once he feels comfortable, his affectionate and sociable personality shines through. If you’re looking for a male Greyhound with a gentle disposition, a love for exploration, and a preference for medium to large dog companions, Shay could be the perfect addition to your family. His quiet yet affectionate nature will reward you with a deep and meaningful bond.","shay-2",""
"2021-05-01","Broken Hill","9560000131119553","Disco","2025-03-03","FEMALE","","Disco is a spirited and delightful young Greyhound who is ready to bring boundless energy and joy into your life. Her playful nature and love for zoomies make her a perfect match for an active, young family. Disco is a charming young girl with a vibrant personality. Her enthusiasm and zest for life are truly infectious, making her a joy to be around. One of Disco’s favorite pastimes is having a good run, or “zoomies,” where she can let loose and show off her speedy moves. She’ll keep you entertained with her bursts of playful energy and speedy sprints. Disco’s lively nature and affectionate demeanor make her a fantastic fit for an active family. She’ll thrive in an environment where she can participate in family activities, play with kids, and enjoy regular exercise. If you’re looking for a Greyhound who is both loving and full of energy, Disco could be the perfect addition to your family. Her playful spirit and affectionate nature will bring a lot of joy and excitement to your home.","disco-3",""
"2021-01-01","Broken Hill","956000007406364","Ted","2025-03-03","MALE","","Ted is a sweet and sensitive Greyhound with a tender disposition, making him a wonderful companion for the right home. His gentle nature and unique preferences make him an ideal match for a calm and loving environment. Ted can be a bit reserved around men initially. However, with patience and gentle interaction, he can learn to feel comfortable and secure. He responds best to a slow and understanding approach. Ted has a special affection for children and enjoys their company. His gentle and loving nature makes him a great playmate and companion for kids, adding joy and warmth to family life. If you’re looking for a Greyhound with a gentle heart who enjoys the company of children and would thrive in a calm and understanding home, Ted could be the perfect addition to your family. With the right support and a nurturing environment, Ted is ready to share his love and companionship with you.","ted-6",""
"2022-01-01","Broken Hill","956000014497163","Effy","2025-03-03","FEMALE","","Meet Missy and Effie: The Dynamic Duo Missy and Effie are an inseparable pair of Greyhounds with big personalities and hearts full of love. These two are not just pets; they’re a lively, friendly duo ready to bring boundless joy and energy into a new home. Missy and Effie are full of personality and flair. Their unique quirks and endearing behaviors make them a delightful duo, sure to bring endless fun and laughter to their new family. Both sisters are incredibly friendly and enjoy engaging with people and other pets. Their playful spirits make every day an adventure, whether they’re running around, playing with toys, or simply hanging out with their favorite humans. If you’re looking for a pair of Greyhounds who are not only affectionate and playful but also come as a bonded set of sisters, Missy and Effie are the perfect match. They’re ready to bring their joyful presence and loving companionship into your home—together!","effy-1",""
"2022-01-01","Broken Hill","956000014691395","Missy","2025-03-03","FEMALE","","Meet Missy and Effie: The Perfect Pair of Sisters Missy and Effie are an irresistible bonded pair of Greyhounds who are as charming as they are playful. These sisters are a dynamic duo, ready to bring their vibrant energy and affectionate nature into a loving home. Missy and Effie are full of personality and flair. Their unique quirks and endearing behaviors make them a delightful duo, sure to bring endless fun and laughter to their new family. Both sisters are incredibly friendly and enjoy engaging with people and other pets. Their playful spirits make every day an adventure, whether they’re running around, playing with toys, or simply hanging out with their favorite humans. If you’re looking for a pair of Greyhounds who are not only affectionate and playful but also come as a bonded set of sisters, Missy and Effie are the perfect match. They’re ready to bring their joyful presence and loving companionship into your home—together!","missy-17",""
"2022-05-01","Broken Hill","956000015762930","Potter","2025-03-03","MALE","","Meet Potter: Your Ideal Family Companion Potter is a lovable Greyhound with a friendly, easy-going nature that makes him a perfect fit for any family. His affection for people and his gentle, adaptable demeanor ensure he’s ready to bring joy and companionship into your home. Potter has a big heart for people and enjoys being around them. His warm and engaging personality means he’s always eager to be a part of the action, whether it's a cozy family evening or a lively gathering. With his laid-back attitude, Potter fits seamlessly into various lifestyles. He’s adaptable and goes with the flow, making him an easy and delightful addition to any home. Potter has a charming habit of following you around the house. His loving nature means he likes to be close to his favorite humans, sharing in all of life’s moments. Whether you have kids or other pets, Potter’s gentle and accommodating demeanor makes him a great family companion. He’s patient, friendly, and always ready to participate in family activities. If you’re searching for a Greyhound who is affectionate, easy-going, and enjoys being by your side, Potter is the perfect match. He’s ready to become a cherished member of your family, bringing warmth and happiness wherever he goes.","potter",""
"2020-10-01","Broken Hill","956000013069983","Sandy","2025-03-03","MALE","","Sandy is a strikingly handsome Greyhound with a gentle and adventurous spirit. Though he may start off a bit shy, his love for exploration and quiet nature make him a wonderful companion for the right home. With his stunning looks and graceful presence, Sandy is sure to turn heads wherever he goes. His charm is matched by his graceful demeanor. Sandy may need a little time to warm up, but his shyness is simply a sign of his sensitive nature. Once he feels secure, his true, affectionate personality shines through. Sandy has a curious side and enjoys exploring new environments. Whether it’s a leisurely walk in the park or discovering new trails, his adventurous spirit makes every outing an exciting experience. If you’re looking for a handsome Greyhound with a gentle disposition who loves to explore and is happiest in a quiet, loving environment, Sandy could be the perfect addition to your family. He’s ready to embark on new adventures and bring his quiet charm into your life.","sandy-8",""
"2020-05-01","Broken Hill","956000012195521","Gus","2025-03-03","MALE","","Meet Gus: The Gentle Soul Gus is a serene and soft-natured Greyhound who thrives in a calm and loving environment. His gentle demeanor and shy personality make him a unique and endearing companion for the right home. Gus may be a bit reserved at first, but his gentle nature shines through once he feels comfortable. He’s the kind of dog who appreciates a quiet and patient approach, revealing his sweet personality in a calm and loving setting. Gus thrives in a peaceful environment where he can feel secure and relaxed. He’s not a fan of loud noises or bustling activities, so a tranquil home is ideal for him. Despite his shy nature, Gus is friendly and gets along well with other dogs. He enjoys their company and can be a great addition to a home with existing canine companions. If you’re looking for a sweet, soft-natured Greyhound who will flourish in a calm, loving home, Gus is the perfect match. He’s ready to bring his gentle presence and quiet companionship into your life.","gus-8",""
"2019-12-01","Broken Hill","956000007466644","Cossie","2025-03-03","MALE","","Cossie is a strikingly handsome Greyhound with a bold personality and a heart full of affection. This big, confident boy is not just about looks—he’s also a loving companion who thrives on human connection. Cossie carries himself with a natural confidence and poise that makes him stand out wherever he goes. His robust personality ensures he’s always noticed and appreciated. Cossie’s confidence is matched by his strength. He can be quite the puller on the lead, so he would benefit from a handler who’s comfortable with managing a strong, energetic dog. If you’re looking for a Greyhound who’s both confident and affectionate, and you’re up for the challenge of handling a strong, energetic dog, Cossie might be the perfect match for you. He’s ready to bring his charm and cuddles into your life!","cossie",""
"2021-04-01","Broken Hill","956000007457885","Sparkie","2025-03-03","MALE","","Sparkie is a joyful and spirited greyhound who brings a lot of fun and enthusiasm into any environment. His playful nature ensures there’s never a dull moment when he’s around. While Sparkie enjoys being active and engaging in play, he’s not overly demanding in terms of exercise. He has a balanced energy level that makes him adaptable to a variety of activity levels. Sparkie has a strong inclination towards playtime. He’s always on the lookout for opportunities to engage in games, whether it’s chasing toys, playing fetch, or simply frolicking in the yard. An active family or individual who enjoys playing with their dog and engaging in regular interactive activities would be ideal for Sparkie. He thrives in environments where he can be an active participant in family fun. Sparkie is a happy, playful greyhound looking for a home where his joyful and spirited nature can shine. If you’re ready to embrace his playful antics and provide a balanced lifestyle with plenty of opportunities for fun and engagement, Sparkie is eager to bring his energetic charm into your life.","sparkie",""
"2020-12-01","Broken Hill","956000011711693","Jb","2025-03-03","MALE","","JB is a gentle and reserved greyhound who may initially be a bit timid around new people and situations. His shyness is part of his endearing charm, and he requires a bit of patience to come out of his shell. JB is a serene and low-key companion. He prefers a calm and peaceful environment, and his quiet demeanor means he’s more likely to observe and take things slowly rather than seek constant attention. JB is a shy, independent greyhound looking for a tranquil home where he can enjoy his own company and gradually build trust with his new family. If you’re seeking a serene and self-sufficient companion who appreciates a quiet lifestyle and gentle companionship, JB may be the perfect match for you.","jb",""
"2020-10-01","Broken Hill","956000007399412","Shifty","2025-03-03","MALE","","Shifty is a gentle and affectionate greyhound who loves cuddling and being close to his humans. His soft demeanor makes him a perfect snuggle buddy, always ready to offer comfort and warmth. Shifty has a relaxed and easygoing nature. He’s perfectly content to lounge around the house, enjoying a leisurely day without needing constant stimulation or activity. Shifty adores being around people. His ideal day involves spending time with his human family, whether it’s lounging on the couch, enjoying a gentle stroll, or simply being in their company. Shifty is a sweet, laid-back greyhound looking for a loving home where he can enjoy the quiet comforts of life and be close to his human family. If you’re seeking a gentle, affectionate companion who values cuddles and companionship, Shifty is ready to bring his soft and sooky nature into your life.","shifty",""
"2021-12-01","Broken Hill","956000012903618","Pam","2025-03-03","FEMALE","","Pam is a friendly and well-adjusted greyhound who has had extensive positive interactions with other dogs and people. Her outgoing nature makes her a joy to be around and ensures she fits well into various social settings. Pam gets along exceptionally well with her canine companions. Her easygoing and sociable demeanor makes her a perfect playmate for other dogs, whether they’re big or small. Pam’s gentle and affectionate nature makes her an ideal choice for a young family. She’s patient, loving, and enjoys being part of family activities and playtime. Pam is a sweet, social, and family-oriented greyhound looking for a loving home where she can share her affectionate nature and enjoy being part of a young family’s daily life. If you’re looking for a friendly and well-rounded companion who gets along great with other dogs and is ready to be a cherished member of your family, Pam is the perfect match!","pam-2",""
"2020-12-01","Broken Hill","953010004957285","Cash","2025-03-03","FEMALE","","Cash is a confident and self-assured greyhound who enjoys her own space. She's comfortable doing his own thing and appreciates having time to himself as well as engaging with her family on her terms. Cash has a playful side that shines through in her love for zoomies. She’s always ready to burst into action and show off her impressive speed and agility. Cash has a special fondness for water. Cash is a dynamic and fun-loving greyhound looking for a home where her independence and playful nature can flourish. If you’re ready to provide her with space to run, water to splash in, and plenty of toys to chase, Cash is eager to become a cherished member of your family!","cash-4",""
"2021-06-01","Broken Hill","956000014506260","Sub","2025-03-03","FEMALE","","Sub is a joyful greyhound whose enthusiasm and positive energy are truly contagious. She approaches each day with a wagging tail and a bright smile, spreading happiness wherever she goes. She is a high-energy girl who thrives on regular physical activity. Her zest for life is evident in her love for playtime and her eagerness to engage in various activities. Sub absolutely adores zoomies! She loves to let loose and sprint around her playful bursts of speed are a sight to behold. Sub is a vibrant and spirited greyhound looking for an energetic home where her zest for life can shine. If you’re ready to embrace her joyful nature and provide a dynamic environment, Sub is eager to become your new best friend!","sub-1",""
"2019-12-01","Broken Hill","956000006807059","Corene","2025-03-03","FEMALE","","Corene carries herself with a natural poise and assurance. She navigates new environments and situations with a calm self-assuredness that makes her a standout companion. Corene loves to stay on the move. Whether it’s a brisk walk, a run in the park, or playtime in the backyard, she’s always ready for an adventure. Corene’s curiosity knows no bounds. She’s always exploring her surroundings with an eager eye, making sure she’s aware of all that’s happening around her. Corene gets along well with medium and large dogs. She’s confident and social, but her interactions are best suited for companions of similar size and energy levels. Smaller dogs may find her enthusiasm overwhelming. Corene is a spirited and delightful greyhound ready to bring her energy and enthusiasm into a loving home. If you’re looking for a confident and active companion, Corene might be the perfect match for you!","corene",""
"2021-07-01","Broken Hill","956000014490567","Jasper","2025-03-03","MALE","","Meet Jasper, a dashing greyhound with a heart as big as his gentle eyes! Jasper is the epitome of relaxation and charm, embodying the perfect blend of social butterfly and cuddle enthusiast. His easygoing nature makes him a breeze to be around, whether you're lounging at home or out for a stroll. Jasper thrives on affection and has a remarkable talent for making everyone he meets feel special. He’s a true connoisseur of hugs and pats, always ready to lean in for some extra love. His calm demeanor and friendly attitude make him a wonderful companion for both lively gatherings and quiet evenings. If you’re looking for a loving and relaxed furry friend who will brighten your days with his warm snuggles and cheerful presence, Jasper is your perfect match!","jasper-4",""
"2021-12-01","Broken Hill","956000013129374","Nash","2025-03-03","MALE","","Nash is a happy-go-lucky greyhound with a heart full of love and a spirit that’s impossible not to adore. This sweet and playful boy is the perfect addition to any family looking for a loyal and affectionate companion. With his friendly demeanor and boundless energy, Nash is a social butterfly who gets along with everyone he meets, making him an excellent family pet. Nash's enthusiasm for life is infectious. Whether he's playfully bounding around the yard or snuggling on the couch, his joy is evident and brings smiles to everyone around him. Nash is a true peoples dog, thriving in social settings and getting along splendidly with other pets and children. Nash is not just a pet; he’s a bundle of joy who brings endless happiness to those around him. If you’re looking for a sweet-natured, playful, and well-socialized greyhound to brighten your life, Nash is the perfect match. Come meet him and discover the joy he can bring into your home! Apply today!!","nash-1",""
"2020-10-01","Broken Hill","956000012888828","Crash","2025-03-03","MALE","","Crash Is a spirited and joyful greyhound with a heart as big as his playful energy. True to his name, he loves to dash around with boundless enthusiasm, especially when a toy is involved. Crash's other favourite pastime is a splash in his shell pool! Crash is great with all other doggie friends and enjoys his interactions. He would make an ideal companion to an active family who loves life as much as he does! If Crash sounds like your man apply today!!","crash-1",""
"2019-04-01","Broken Hill","956000006668174","Dig","2025-03-03","MALE","","Dig is a happy, outgoing and social boy who just enjoys being in the company of others! He is very friendly and has a fun and playful side. His playful antics, from spontaneous zoomies to gentle nudges for attention, are sure to bring smiles and laughter to anyone lucky enough to be in his presence. His playful yet relaxed attitude makes him a favorite among both canine and human companions. He has experience living with other greyhounds and also gets on great with small dogs. He is very social with humans and dogs alike. He doesn't take much notice of being in a new environment or meeting new people. He is extremely relaxed and playful! Dig's playful energy and gentle heart make him the perfect companion. If you think you could be the one to give Dig the forever home he deserves, apply online today!","dig-4",""
"2020-08-01","Central West (Bathurst/Dubbo/Coonabarabran)","956000007837815","Cleo","2025-03-03","FEMALE","","Cleo! Cleo is a gentle & sweet natured girl. She is patient, kind & loving. Cleo will stand by your side loyally, enjoying every moment with you. Cleo loves a cuddle & a good scratch behind the ears. She walks well on a lead, taking in the sights & smells around her. With the correct slow introduction, Cleo will more than likely become best buddies with your other canine family member. Cleo can't wait to meet you :)","cleo-2",""
"2022-04-01","New England","956000007430635","Blue","2025-03-03","MALE","","Blue is a charming and energetic greyhound who's ready to bring some fun and excitement into your life! He is a social, outgoing guy who loves to meet new people and is always up for a good time. Whether it's a leisurely stroll around the block or a fun game of fetch in the yard, he is your guy. Blue is also a sweet and affectionate boy with a gentle heart, always excited to shower you with love and companionship. If you're looking for a fun, loving, and sweet greyhound to add joy to your home, he would be thrilled to meet you. Blue likes the company of other medium/ large dogs but is also happy to be your only companion 🐾💙","blue-7",""
"2021-01-01","Hunter Valley (Maitland/ Muswellbrook/Newcastle/Forster)","956000007443454","Turbo","2025-03-03","MALE","","This is our independent boy Turbo. Turbo is happy to keep to himself and cruise around, he will come to you when he's looking for a cuddle and some love. He is happy to do his own thing, he at times can be a big goofball and show off his greyhound mannerisms. Whilst Turbo is a big goofy he can still be a bit skittish at loud noises/sudden movements so someone with experience would be great!","turbo-5",""
"2020-02-01","Hunter Valley (Maitland/ Muswellbrook/Newcastle/Forster)","956000007828567","Bailey","2025-03-03","MALE","","Are you looking for a new furry companion to help bring out of their shell? Bailey would be the ideal companion for you! Bailey is our beautiful nervous nelly, he loves his routine and the people he is around all the time, but new people can make him revert into his greyhound bubble. Bailey is searching for home that is quiet and will allow him the time to really show off his personality. He would suit an avid Knights fan as he enjoys spending his Sunday afternoons by the TV, Bailey enjoys basking in the sunshine and having a splash at the beach. He is currently living inside/outside and is quiet and relaxed, he is okay to be left alone so long as he is in his safe spot. If you're interested in meeting Bailey boy, please reach out :)","bailey-3",""
"2021-04-01","Hunter Valley (Maitland/ Muswellbrook/Newcastle/Forster)","956000011711301","Ginny","2025-03-03","FEMALE","","Meet Ginny! Our sweet and playful girl, who if you were cuddling, couldn't get close enough. Ginny loves to zoom around and show off her puppy energy, she is loads of fun and your days will be filled with laughter from her characteristics. Ginny can be quite excitable and jumps up but something that we can work with during some training.","gin-6",""
"2021-06-01","Hunter Valley (Maitland/ Muswellbrook/Newcastle/Forster)","956000007423115","Sunny","2025-03-03","MALE","","As handsome as they come, a little ray of sunshine has come into the world, a little ray of sunshine in the shape of our beautiful boy Sunny! GAP's very own Sunny is ready to brighten your day and find his forever home. Sunny would enjoy a home with respectful children and a backyard to romp around. Sunny has gotten along well with the other greyhounds he has met and would be suitable to live in a home with another large breed dog with an equally polite nature. Like sunshine on a cloudy day, Sunny is ready to brighten up your world with his adorable, quirky and sweet personality! If you think Sunny sounds like the perfect companion for you then apply today! If you want to brighten your home and life with this radiant boy, enquire or apply to adopt Sunny below!","sunny-5",""
"2018-04-01","Hunter Valley (Maitland/ Muswellbrook/Newcastle/Forster)","956000009596781","Nando","2025-03-03","MALE","","This gorgeous boy is Nando! Nando is one of a kind, he travels well, loves to be social but also boasts independence. He likes to spend his day basking in the sunshine and running amuck with his siblings. Nando is a bigger boy and whilst he has been around children, he may be more suited to a family with older children for this reason. If you're interested in getting to know Nando more, please reach out!","nando",""
"2019-08-01","Hunter Valley (Maitland/ Muswellbrook/Newcastle/Forster)","956000012247543","Bentley","2025-03-03","MALE","","Meet our easy going, fun-loving boy Bentley. He's ought to be the most handsome on the block, with responsive lead manners and some indoor house experience! Bentley approaches softly for a pat and is confident within himself when out and about meeting new people, he's always wanting to say hello. He's eager to please and is so ready to jump straight into pet life.","bentley",""
"2020-04-01","Hunter Valley (Maitland/ Muswellbrook/Newcastle/Forster)","956000012227525","Dixie","2025-03-03","FEMALE","","Meet our playful girl, Dixie. Dixie is a bundle of joy who loves to bound around and play. She is full of quirky characteristics like leaning on you for a pat, bowing to play. Dixie would suit a family that has an active lifestyle to burn some of her built up energy, she isn't a fan of other dogs invading her space. If you are interested in knowing more about Dixie please apply today.","dixie-3",""
"2021-12-01","Hunter Valley (Maitland/ Muswellbrook/Newcastle/Forster)","956000012896105","Sam","2025-03-03","MALE","","Meet Sam! Sam is quite a character; he's always eager to remind you of his presence. He's strong on the leash, so the ideal home for him would be one with an active lifestyle to help him channel his abundant energy. Sam is quite the socialist, so your daily walks will consist of meeting and greeting everyone that strolls past. Sam has not been assessed with small dogs or cats.","sam-9",""
"2021-01-01","Hunter Valley (Maitland/ Muswellbrook/Newcastle/Forster)","956000011580378","Donna","2025-03-03","FEMALE","","This gorgeous girl is Donna. Donna is a sweet, petite girl, who is still quite young and hyper. She would benefit from having a new companion who is able to give her time to open up and become more trusting of others. Donna is always interested in what her human family are doing and following around. She is quite active and would benefit from daily activities to desensitise her, as well as burn her energy. Donna travels well in a car and has been socialised with a dachshund as well as chickens and they do not faze her.","donna",""
"2020-01-01","Central West (Bathurst/Dubbo/Coonabarabran)","956000007373708","Batman","2025-03-03","MALE","","Na-Na-Na-Na-Na-Na-Na-Na BATMAN!!! Batman is a very sweet boy. He'll swoop on in & heal your heart. He is confident going on walks but can be a little shy when meeting new people. It doesn't take him long though to find your hands for those never-ending ear scratches! With the correct introduction & supervision, Batman could become best friends with your smaller canine companions. He could also adapt to living in an apartment & spending time on his own. Start an application & arrange to meet Batman. He can't wait to find his new home :)","batman-1",""
"2022-02-01","Central West (Bathurst/Dubbo/Coonabarabran)","956000007423998","Zarva","2025-03-03","MALE","","Meet Zavra! Zarva is a very sweet natured boy. He is very curious & interested in the world. He positively interacts with those around him; children & smaller dogs :) Zarva wants to be involved. He'll be happy doing almost about anything. Whether it's a family movie day or spending a day outside going on adventures :) Enquire now & arrange to meet Zarva!","zarva",""
"2020-01-01","Central West (Bathurst/Dubbo/Coonabarabran)","956000007374897","Cozy","2025-03-03","MALE","","Cozy boy! Handsome, delightful & charming Consentino! This is boy loves to explore, adventure & play. Cozy would love to find an active family. Would love to find some little people to run around with outside after school. He wouldn't mind being the only dog at home or befriending your other canine companions :)","cozy",""
"2019-10-01","Central West (Bathurst/Dubbo/Coonabarabran)","956000007831743","Hazel","2025-03-03","FEMALE","","Please to introduce Hazel! Hazel is a super confident, happy & playful girl. Loves to get out & explore new surroundings. Hazel gets along with all doggies, even the smaller fluff balls. With the correct supervision & introduction, Hazel might even become great friends with your kitty cats! Hazel has grown up around smaller kids, so she'll get along with your little ones as well :)","hazel-3",""
"2021-01-01","Central West (Bathurst/Dubbo/Coonabarabran)","956000014502132","Gloria","2025-03-03","FEMALE","","Charming Gloria! Excitable, social, loving Gloria! She is just a gem! Social butterfly! Gloria loves everyone, especially kids :) Loves to run & jump around, playing chase. She can become very excited whilst playing, sometimes forgetting how big she is :) To sum it up, Gloria is just a glorious girl :)","gloria-1",""
"2022-11-01","Hunter Valley (Maitland/ Muswellbrook/Newcastle/Forster)","956000014886701","Yola","2025-03-03","FEMALE","","Yola thrives on social interaction. She's a dynamo, always up for fun, whether it's dashing about or bursting into a sudden sprint. With her angelic demeanor and captivating eyes, she can charm her way out of any mischief she finds herself in. Yola would suit someone who is after a companion to cruise around with day-to-day but also chill out on the couch with.","yola",""
"2018-12-01","Central West (Bathurst/Dubbo/Coonabarabran)","956000006815825","Tania","2025-03-03","FEMALE","","This is Tania :) Tania is a lady who needs to find the perfect home. Tania can be very shy at first. It takes her a little while to open up & start to feel comfortable. Tania needs a quiet home. A home that will give her the space, patience & love to grow and learn. Once settled & feeling more like herself, Tania is very loyal & playful towards with her person.","tania",""
"2019-05-01","Central West (Bathurst/Dubbo/Coonabarabran)","956000006804513","Hulk","2025-03-03","MALE","","The mighty Hulk! Hulk is stunning man searching for his perfect home. He is a big strong boy who would benefit from having an experienced owner. He can take some time to settle in & start to feel comfortable. Hulk needs someone able to offer endless love, support, warmth & head scratches :)","hulk-1",""
"2020-04-01","Central West (Bathurst/Dubbo/Coonabarabran)","956000007830389","Charlie","2025-03-03","MALE","","This is Charlie Boy! Charlie is a very handsome man... and he knows it! Charlie is eager to explore & learn about the big wide world around him. He is a confident boy who would get along well with medium-larger dogs. With the correct introduction & supervision, Charlie could potentially fall in love with your smaller canine pal as well. He is a fit, playful & energetic boy! Charlie loves to play chase so please have a bundle of toys ready for him :)","charlie-11",""
"2016-07-01","Central West (Bathurst/Dubbo/Coonabarabran)","956000005412613","Maisie","2025-03-03","FEMALE","","Meet Maisie! She might have the age of a senior lady, but definitely doesn't show it! Maisie is sweet curious girl. Eager to explore & learn. She might take a little while to warm up but once she does, she is full of character. Maisie would be best suited to a home with bigger dogs only, or a single dog home. Older kids to play with her preferred. Maisie would become a very loyal part of your home once settled & feeling comfortable :)","maisie",""
"2019-12-01","Central West (Bathurst/Dubbo/Coonabarabran)","956000007828857","Piccolo","2025-03-03","MALE","","Sweet, sweet Piccolo! Piccolo is a gorgeously happy & beautiful girl. She is very affectionate & playful. Absolutely adores a good snuggle! Piccolo loves to show off her moves & speed with a good zoomie outside! Piccolo has grown up around small children that visit her & other breeds of med-large dogs. Piccolo is ready to find her forever home! Make her yours & arrange a meeting :)","piccolo",""
"2020-04-01","Central West (Bathurst/Dubbo/Coonabarabran)","956000007831706","Zuma","2025-03-03","MALE","","Meet Zuma! If your little ones are Paw Patrol crazy, then Zuma is the dog for you! Zuma is a gorgeous boy. Once comfortable, he is really affectionate, sweet & playful. He has grown up around other breeds of dogs & interacts fine with them. He is visited often by small people & loves them! Once feeling at home with his new family, Zuma will adapt quickly to his new lifestyle. Whether that be a house & yard or a unit with smaller courtyard. Arrange a meet & greet and make Zuma yours!","zuma",""
"2019-01-01","Central West (Bathurst/Dubbo/Coonabarabran)","956000006792547","Dutch","2025-03-03","MALE","","This is Dutch! Dutch is a beautiful fawn coloured boy. Dutch needs a specific home & people able to offer him the love & patience he deserves. Dutch needs a quiet home & lifestyle. A place where he is offered love & support to grow and come out of his shell. With time, Dutch will become a very loyal member of your family... He just needs to get there :)","dutch-2",""
"2020-07-01","Central West (Bathurst/Dubbo/Coonabarabran)","956000011712626","Starsky","2025-03-03","MALE","","Starsky! This handsome boy is such a gentleman! He is such a good boy! Very polite, easy going, patient & kind. He loves to cuddle, be with his people, whether they be big or small. He is great around dogs his size or smaller. Nothing seems to worry Starsky! He would adapt to living in a smaller home & yard with the correct introduction to his new life.","starsky",""
"2021-09-01","Central West (Bathurst/Dubbo/Coonabarabran)","956000007828261","Boland","2025-03-03","MALE","","Charismatic Boland! This boy is a ball of fun! Hilarious & confident character! He loves his zoomies. Backyard preferred. Boland is fine with all dogs, his size & smaller. Boland spends time with his small humans & loves them! He is an energetic fellow that would love to play with the kids in the backyard after school. Boland has a heeled leg injury which he can sometimes carry or rest but it surely doesn't stop him from taking on the world!","boland",""
"2021-12-01","Central West (Bathurst/Dubbo/Coonabarabran)","956000013041216","Pikachu","2025-03-03","FEMALE","","Pokémon fan?! Then Pikachu is for you! Pikachu is a delightful lady! Once comfortable with her new person, she is incredibly friendly & affectionate. A big love bug! Super sweet temperament. Lives well with other dogs her size & smaller. Has spent time around little people & just loves them! Pikachu, once settled into her new home, will adapt to her new lifestyle well. Whether that be in an apartment, with full-time workers or living with a smaller yard.","pikachu-1",""
"2021-01-01","Northern Rivers (Grafton, Lismore, Casino)","956000011586365","Uzzie","2025-03-03","MALE","","Meet Uzzie, a laid-back and lovable four-legged friend known for his warm personality and love for life. Uzzie's easy-going nature makes him a relaxed companion, an ideal mate to have by your side while you enjoy a quiet cup of coffee or lazy Sunday afternoons. One of Uzzie's favourite pastimes is going for car rides. Just mention the word ""ride"", and he's ready and wagging! Whether going across town for a vet visit or heading into the countryside for an afternoon adventure, Uzzie is the perfect co-pilot. H Uzzie may not be a social butterfly, but he knows how to play well with his peers, especially small dogs. His friendly and calm disposition makes him a dream to have around, not just for humans but also for furry friends. If you already have a small dog in the house looking for a buddy, Uzzie could be the perfect companion. What's more - during quiet times, Uzzie is comfortable being independent and can sit quietly by your side while you sip your drink and carry on a conversation. He enjoys being around people, but he respects your space and knows when to give you your alone time. All in all, Uzzie is an easy-going, sociable, and well-mannered pet who would make a heartwarming addition to any family or individual looking for a calm and steady companion. He is all set for the next chapter of his life, and with just one look at his joyful wag, you'll see that Uzzie's ready to share some great times with you!","uzzie",""
"2018-01-01","Northern Rivers (Grafton, Lismore, Casino)","956000009483201","Toby","2025-03-03","MALE","","Introducing Toby, a powerhouse of love and fun. An exuberant personality wrapped up in a canine exterior, Toby will keep you entertained with his friendly antics. This tough pup is the epitome of strength and vitality, yet his heart yearns for human connection. Toby is a social butterfly and enjoys being the center of attention. Toby has had experience with smaller dogs and though he can be a bit assertive, he would prefer a medium to large breed female companion. His playful demeanor is a joy to everyone he meets. He can have an excitable streak, however, so future pet parents need to be ready for an energetic companion. With a heart as strong as his physical build, Toby forms strong bonds with his human companions. He is always ready for fun and games – his burst of energy can be contagious. In the right home, Toby has the potential to be an active, entertaining companion. His strength and liveliness will do well in a family who loves being outdoors and leading an active lifestyle. His affectionate character and robust personality make Toby a candidate for someone looking to inject fun into their home and life.","toby-5",""
"2019-04-01","Northern Rivers (Grafton, Lismore, Casino)","956000006171268","Ruby","2025-03-03","FEMALE","","Ruby, a lovely female dog, is excitedly waiting to find her new family. Her warm, intelligent eyes seem to tell a story all their own, and her joyful enthusiasm is wonderfully contagious. Ruby is already house-trained and has been living comfortably in a home environment. Ruby is happy to sleep on a bed near her owner. Ruby loves to play with toys so a family who will join in the fun would be ideal. When it comes to getting along with other dogs, Ruby is a social butterfly. Provided her canine companions are friendly and well-mannered. Ruby promises to fill your home with warmth, laughter, and irresistible doggy cuddles. She brings with her a burst of joy that only a cherished pet can bring, making her the perfect addition to your home. Don't miss the chance to meet Ruby; she's quite the gem!","ruby-9",""
"2021-07-01","Hunter Valley (Maitland/ Muswellbrook/Newcastle/Forster)","965000011705133","Max","2025-03-03","MALE","","This is Max - a dog that embodies the perfect blend of relaxation and confidence. With his cool demeanour, this charming chap is already winning hearts, and he's bound to win yours too. Max has been socialised with children and is always gentle and patient around them, making him a wonderful choice for a family with kids. He adores spending time with his loved ones, and it's guaranteed that he will shower you with loyalty and companionship as soon as he settles into your home. Traveling is a breeze with Max. He is comfortable with car rides and handles them like a seasoned veteran. Whether it's a short trip to the nearby dog park or a long weekend getaway, Max is always ready for some adventure. Max's personality is as sundrenched as they come. His great manners shine through in all aspects, making him a joy to be around. He's respectful on lead – walking impeccably without tugging. His perfect day includes a good long walk, a game of fetch, and quality time curled up next to you. If you are looking for a gentle, loving, and calm companion for your home, Max is the perfect candidate. His respectful personality and great manners make him a joy to have around, and he's ready to find his new family. Let Max fill your day with laughter, love, and an endless amount of cuddles!","max-11",""
"2020-09-01","Hunter Valley (Maitland/ Muswellbrook/Newcastle/Forster)","956000011580264","Dolly","2025-03-03","FEMALE","","Introducing Dolly, a precious little gem waiting to shine! Dolly may be a shy girl, but she is overflowing with potential to become the most loving and loyal companion. She's petite and placid, making her a perfect choice for those seeking a calm, low-energy pup. Dolly requires an experienced owner, someone who's willing to work with her on her comfort level and socialisation skills. Slowly but surely, she's building confidence and opening up to a new world of experiences. She's already proven that she can break out of her shell with the right, loving charisma! Don't underestimate this gentle soul; she's more than ready to give and receive love in abundance.","dolly-9",""
"2021-04-01","Northern Rivers (Grafton, Lismore, Casino)","956000011651683","Chickadee","2025-03-03","MALE","","Meet Chickadee, a friendly and playful, loving gentleman who is ready to meet his new family. This delightful dog is known for his fun-loving and amiable personality, and he's eager to share his heart with a compassionate, affectionate family. Chickadee has a wonderful rapport with children, especially those 8 years and older. He's not the sort who will tire out your kids with endless games of fetch, but prefers to spend time in children's company, quietly keeping them company while they do their homework or read stories. He loves leaning into a hearty pat and will choose to cuddle up next to you over toys any day. An interesting fact about Chickadee is that while he is a dog, he prefers the company of humans over other dogs. He's quite selective with his canine friends and might come off as aloof with dogs, particularly the smaller ones, which makes him ideally suited for a home where he can be the only pet. Chickadee is looking to bring his friendly and playful nature into a family who will offer him the same kindness and playfulness that he offers others in spades. He's ready for the next step and hopes to find a loving, forever home with a protective family to cherish him.","chickadee",""
"2021-01-01","Northern Rivers (Grafton, Lismore, Casino)","956000011709614","Berry","2025-03-03","FEMALE","","Meet Berry, one of the most outgoing, happy, and active dogs you'll ever come across! If you're searching for a devoted and heart-warming companion, look no further. This little lady is as sweet as her name suggests and has enough energy to keep up with family activities. Berry gets along well with small dogs and has shown great compatibility when meeting different furries at the dog park. She's not fazed by cats and gives them the space they need to feel comfortable, making her a good fit for multi-pet households. Berry has a curious side to her and loves exploring her surroundings, so she'd be a great match for a family who loves adventure as much as she does. Whether it’s a walk in the park or just wandering around your backyard, you'll always see her wagging tail popping up somewhere in curiosity, making her the perfect little 'sticky beak'! Berry is gentle when it comes to treats, and will happily accept them from your hand. She's always eager to learn new tricks and will quickly master them with some tasty incentive. As energetic and outgoing as she is, Berry adores relaxing and unwinding with her human companions - making her the ideal balance of activity and relaxation. She would make an amazing addition to any family, bringing with her endless smiles and laughter. If a fun-filled, lovable, and vivacious canine companion is what you're seeking, Berry would be excited to meet you! Just imagine the adorable, bubbly presence she'll bring to your home and your life.","berry-3",""
"2015-04-01","Northern Rivers (Grafton, Lismore, Casino)","956000004248651","Alley","2025-03-03","FEMALE","","Meet Alley, our friendly, senior female pup with a heart as golden as her years. Despite her age, Alley still carries a spark of puppyish charm in her eyes, making everyday feel like an adventure. Alley possesses the superb ability to bring life and joy into any room, with her boundless affection and unwavering loyalty. Well-socialised and incredibly friendly, Alley has had a great rapport with other small dogs and her fellow greyhounds. Her gentle and easygoing nature means she can find common ground with just about any dog she meets. She has even been socialised with cats and could probably coexist peacefully with the right feline friend. Alley's age doesn't slow her down. She has the physical agility of a much younger dog and loves playtime and walkies as much as curling up for a nap. Alley enjoys her walks and would be a wonderful companion to explore the neighbourhood parks with. Her ability to make friends so easily would also mean plenty of playdates with other dogs! As Alley's future family, you will be cherished with her loving gaze and affectionate rubs. If you're in search of an older, wiser pup who still knows how to have fun like a youngster, Alley just might be the loving companion you've been waiting for. Come meet her and let her amiable spirit brighten up your life!","alley",""
"2020-09-01","Western Sydney (Londonderry)","956000013091352","Joy","2025-03-03","FEMALE","","Fill your home with Joy! Sweet and little girl Joy is a very lovely girl! She is polite with the other dogs she has met and could be suited to living with another large breed dog. She is calm in the yard and has shown the ability to settle for short hours, possibly being able to build to longer hours. A home with older and respectful children could be suitable for Joy. A bundle of joy, apply to adopt this darling girl today!","joy-1",""
"2020-04-01","Hunter Valley (Maitland/ Muswellbrook/Newcastle/Forster)","956000007851461","Joe","2025-03-03","MALE","","","joe-7",""
"2018-10-01","Western Sydney (Londonderry)","956000006672377","Jessy","2025-03-03","MALE","","Happy and friendly Jessy is ready to find his forever home! Jessy is a beautiful boy who loves to greet with people with a happy wagging tail! He likes to play with toys and would love a backyard where he can throw his toys about and run around. Once he's had a play though he will happily hang out with his new family, getting lots of pats and treats in return for being a good boy. A home with older children could be suitable for Jessy as long as they can be respectful of his space. If Jessy sounds like the right boy for your family then apply to adopt him today.","jessy",""
"2019-12-01","Western Sydney (Londonderry)","956000007465978","Tiny","2025-03-03","FEMALE","","Tiny in name and in stature is this petite blonde beauty! Little miss Tiny is a bundle of joy! She is excited when walking in new environments and could benefit from living in a quieter area without too much stimulus when on walks. Tiny is friendly with people that she knows but can take some time to warm up to new people. A quiet home where she can settle in and thrive would be perfect for Tiny. Tiny would prefer to be the only dog in your home as she loves to be the centre of attention! She wants all of the pats and treats all to herself. Tiny is a sweet little dog who will make an amazing pet once she has settled in. If you think Tiny sounds like the right girl for you then apply to meet her today.","tiny-7",""
"2021-03-01","Hunter Valley (Maitland/ Muswellbrook/Newcastle/Forster)","956000011571452","Chilli","2025-03-03","FEMALE","","Introducing Chilli! Despite her fiery name, she's not the least bit spicy. Chilli is a darling with a charming overbite that's sure to capture hearts. When she's not soaking up the sun and indulging in some self-care, she's darting about, full of energy and fun. Chilli perfectly balances playfulness with politeness. We're eagerly looking forward to Chilli finding her forever home. Apply today to meet Chilli","chilli-4",""
"2019-05-01","Hunter Valley (Maitland/ Muswellbrook/Newcastle/Forster)","956000007854369","Zelda","2025-03-03","FEMALE","","Zelda is ready to dash into your life and steal your heart (and maybe your sandwich if you're not careful). Zelda's ideal home? One filled with laughter, love, and preferably a buddy to match her in wit and wag. Whether it's a human sidekick for cuddles or a medium to large canine companion for zoomies, Zelda is all about that #squadgoals life. Just picture it: morning sunbeams, afternoon naps, and evenings filled with tail wags and belly rubs. With Zelda around, every day is an adventure waiting to happen. So, if you're ready for a whirlwind romance with a greyhound who's equal parts silly and sweetheart, look no further than Zelda. Contact our Western Sydney Londonderry facility today to arrange to meet Zelda.","zelda-1",""
"2019-05-01","Western Sydney (Londonderry)","956000006792942","Meg","2025-03-03","MALE","","Meg is the epitome of gentle charm, with a touch of bashfulness that adds to his irresistible appeal. This shy guy isn't just looking for any home; he's on a quest for his own private sanctuary, where he can be the star of the show without any pesky co-stars stealing his spotlight. Meg's motto? ""One dog, one throne!"" He's not one for sharing his kingdom, but he'll gladly share his love with respectful children who understand the art of giving him space but love when he likes. With Meg around, every day is an adventure filled with quiet moments of contemplation, punctuated by bursts of zoomies when no one's looking. So, if you're ready to welcome a regal greyhound into your castle and bask in the glory of his majestic presence then Meg is the dashing companion you've been searching for. Contact our Western Sydney facility to arrange a meet and greet and get ready to embark on a journey of laughter, love, and endless tail wags with this shy but lovable boy!","meg-1",""
"2020-12-01","Central West (Bathurst/Dubbo/Coonabarabran)","956000007439582","Diesel","2025-03-03","MALE","","Introducing Diesel, a robust and muscular canine who just loves to play. Through his strength and size, Diesel is a impressive sweetheart who promises endless love and loyalty. He's a blend of power and heart, making him the ideal companion for anyone seeking a strong, playful, and affectionate dog. In playtime, Diesel is a true game-chaser. Whether it's a casual fetch game or a competitive game of chase, Diesel is always in for an energizing chase on your backyard lawn. He's especially fond of his toys, engaging with them in playful bouts that are delightful to watch. And when it comes to food, Diesel will show you a side of him that you'll find hard to resist - a dog who knows how to appreciate a good meal! Diesel would thrive best in a home where he's the single dog. He's a dog who prefers his solitude with his humans and as he is such a strong boy, he'll be able to provide all the canine companionship you need without any other dogs around. His need for love and attention is monumental, he wants all the love he can get. Because of his size and strength, he would do best with older children who can appreciate his strong personality and can withstand his powerful play. Diesel's tenacity is an element of his behavior that's impossible to change, but it's the same tenacity that makes him a steadfast, loyal, and brave companion. With a personality as potent as his name, Diesel is an unforgettable friend who will play, protect, and love with all his strength.","diesel-3",""
"2018-11-01","Central West (Bathurst/Dubbo/Coonabarabran)","956000009842074","Sandy","2025-03-03","FEMALE","","Introducing Sandy, a beautiful and gentle girl who is ready to bring a ton of joy into your life! Known for her soft and gentle demeanor, Sandy possesses the ability to fill any room with calmness and love. Sandy is not just a dog; she's a friend and companion. Her kind and loving nature ensures that she gets along beautifully with both children and other dogs. She is known for her soft, soulful eyes that seem to look straight into your heart. What Sandy would love the most is a family that showers her with the same affection that she effortlessly gives to others. In her new home, Sandy would enjoy a cozy corner to curl up in, a safe garden to explore, and a family that she can love and be loved by. Sandy is just waiting to create numerous wonderful memories with a family who adores her. She promises a lifetime of love and dedication to those who welcome her into their heart.","sandy-6",""
"2012-01-01","Central West (Bathurst/Dubbo/Coonabarabran)","956000009499446","Ash","2025-03-03","FEMALE","","Meet Ash, a beautiful and friendly companion. This stunning lady has charisma and charm in spades. Always eager to make connections, Ash is an affectionate and sociable creature, lavishing affection on anyone fortunate enough to catch her eye. She is always ready for a cuddle after a playful romp in the yard. Her soft coat makes for the perfect snuggling companion, inviting you to share a quiet moment or two on the couch. She finds deep satisfaction in routine, and her perfect day involves a dash of play, a smidgen of quiet snoozing time, with a sprinkle of cuddles throughout the day. Ash exhibits excellent manners with her canine peers. This shows her adaptable nature, making her an interesting companion to have around the house. Ash is looking for a forever family who will embrace her affectionate nature and big puppy-dog eyes. She is truly a precious gem waiting to shine in your loving home. We understand that a dog is not just a pet but a member of your family, and Ash is eager to become the loving companion in yours.","ash-2",""
"2019-01-01","Hunter Valley (Maitland/ Muswellbrook/Newcastle/Forster)","956000006671930","Wighton","2025-03-03","MALE","","Hello! My name is Wighton. I was known as Four Five on the racing tracks, but I hung up my racing collar late last year. I'm a courteous fellow, though I may take a little time to open up. Once I'm comfortable, I love to display my energetic zoomies. I've encountered several small dogs and they don't pique my interest much. I'm looking for a home with a backyard where I can have some space to myself from time to time. And, if you could take me on walks, that would be wonderful. I am looking forward to meeting my new human companions, so be sure to hit the 'apply' button when you can.","wighton",""
"2021-10-01","Hunter Valley (Maitland/ Muswellbrook/Newcastle/Forster)","956000011646676","Lara","2025-03-03","FEMALE","","Meet Lara! Lara hails from a sociable household where she has interacted with a Maltese terrier and frequently plays her fellow hound siblings. Initially, Lara may appear somewhat reserved, but with a touch of affection, care, and cuddles, she quickly warms up. She tends to be indifferent towards smaller dogs, often seeking reassurance from humans when they are present. With a lively spirit, Lara would be thrilled if her new human friends could take her on walks to let her energy out. Hit apply today to chat about your possible new addition.","lara-2",""
"2019-05-01","Western Sydney (Londonderry)","956000007856269","Jonah","2025-03-03","MALE","","Hi, I'm Jonah, and I'm a friend to felines and canines alike. I am a homebody and an introvert and would prefer a quiet home to call my own. I am happy to spend the day by myself, making me suitable for full time workers! I'm a happy boy who loves nothing more than ear scratches from my favourite people. I absolutely love food, and this is helping me to learn lots of new tricks including ""touch""! The GAP team have been helping me to build my confidence around new people and they would love to help you help me in your home! I have previously lived with another greyhound in my foster home and we got on well! A home with another dog could be suitable as long as they match my chilled-out personality as well. I have a medical condition called 'calcifying tendinopathy supraspinatus' which causes tendon degeneration in one of my shoulders. GAP are supporting me in my forever home with you by covering costs related to this. Reach out to the team at GAP to find out more information.","jonah",""
"2020-09-01","Hunter Valley (Maitland/ Muswellbrook/Newcastle/Forster)","956000007806804","Grace","2025-03-03","FEMALE","","Gorgeous Miss Grace is a spirited three-year-old greyhound with a heart full of love and energy to spare. Grace is on the lookout for a loving home where she can share her boundless energy with others. She would thrive in a household with respectful children who appreciate her playful nature. She could also possibly live with a large doggy friend pending a meet and greet. Grace is happiest when she's surrounded by those she loves. She adores people and is ready to be your loyal sidekick through all of life's adventures. She is always up for an adventure and enjoys everything from brisk walks to energetic play sessions with her favorite toys. If you're searching for a lively companion to add joy and excitement to your life, look no further than Grace!","grace-6",""
"2021-01-01","New England","956000012224275","Checky","2025-03-03","FEMALE","","Checky is a wonderful, happy dog with a gorgeous little smile! Checky is still a pup at heart and loves any opportunity she gets to socialise with people. She simply loves to make friends whenever she gets the chance and has a particular love of children. Checky has lived with kids aged 7 and older and got along great with them. She can get a little over excited and bouncy though so may best suit a family with older kids who can handle all her energy! Checky has also socialised with other dogs however her preference is definitely for her two-legged friends! She has met with smaller dog breeds including an Italian Greyhound and a Chihuahua and was fine with them overall but wasn’t their biggest fan. Checky could definitely benefit from more small dog training and introductions in the future but for now, she would need to be in a one-dog home. Checky is a smiley, happy dog who just wants humans to call her own. She is a cheeky little Checky and would make a wonderful addition to a family looking for a sweet and loving forever friend.","checky",""
"2016-02-01","New England","956000004928447","Fergie","2025-03-03","FEMALE","","Fergie is a gorgeous, friendly and confident older girl looking for her forever home. Fergie is a beautiful dog, inside and out! She is super friendly and outgoing and just makes friends wherever she goes! Fergie is still a pup at heart; she loves her toys, playing in the park, splashing around in water, and just having fun! Fergie is a dog just so full of joy and happiness that you won’t be able to resist cracking a smile in her presence. Fergie is incredibly social with humans and dogs alike. She is great with smaller dogs having met an Italian Greyhound and a Chihuahua, and even has experience living with a Jack Russell. Fergie has also spent time with smaller humans- she is great with kids! Fergie has spent time with children ages 8-18 years and got along with all of them very well- who couldn’t be friends with Fergie?! Fergie is a sweet, happy girl who just wants to have fun. She may be an older lady but she has a young and fresh spirit that you will fall in love with immediately. If you’re looking for a light in your life, Fergie is one of the brightest shining stars there is!","fergie",""
"2017-04-01","Central West (Bathurst/Dubbo/Coonabarabran)","956000009575301","Joseph","2025-03-03","MALE","","Say hello to Joseph, our big, strong, and friendly boy who's eager to share his love with you. With his endearing personality and playful energy, Joseph is certain to light up your life and home. This social butterfly is always ready to meet and greet new people but because of his size and strength, Joseph needs a home where he can get plenty of exercise and mental stimulation. He is well-suited for an active adult or older children household, where he can satisfy his need for engagement and play. Joseph can be quite excitable and has a lot of love to give, so he's more comfortable in a single-dog household where he can be the star of the show. Despite his size, he's a charming boy who's always eager to please his family. In summary, Joseph is a delightful mixed bag of quirkiness, exuberance, and love. If you're ready for a dog who can match your energy and zest for life, Joseph could be your perfect companion. He is waiting to show his new family just what a loving and fun-filled life they can have together.","joseph-1",""
"2020-08-01","Central West (Bathurst/Dubbo/Coonabarabran)","956000011713002","Usyk","2025-03-03","MALE","","Meet Usyk, a loving male dog who is seeking a simple and fulfilling life with a new family. He's a charismatic chap who adores medium-size canine companions and is always eager to make new friends. His kind-hearted nature and great spirit make him a treat to be around. Usyk is ready to embark on an enriching journey with a family that cherishes mutual growth and learning. He truly embodies the spirit of companionship and will surely become an integral part of your family. His intelligent eyes tell a story of love and loyalty that will reassure you in times of solitude and fill you with joy when times are good. Adventurous yet gentle, Usyk is the perfect companion for a family who enjoys a balance of outdoor activities and cozy time indoors. He's not a demanding pet; a simple life filled with love and care is all he aspires to. His only request? A nice, comfortable spot beside you. With a loving heart that is ready to expand and a spirit that is eager to learn, Usyk is the perfect companion for a family looking forward to welcoming a new member. He's surely the sweetheart you've been looking for. Begin a beautiful journey filled with comfort, companionship, and adventure with this wonderful dog. Usyk is excited to meet his new family and is ready to shower them with his unconditional love.","usyk",""
"2020-03-01","Central West (Bathurst/Dubbo/Coonabarabran)","956000007831124","Rusty","2025-03-03","MALE","","Meet our sweet and gentle friend, Rusty. This uniquely quiet personality is looking for a family with whom he can grow, learn, and receive all the encouragement and support he deserves. Rusty is a refined gentlemen who brings calmness wherever he goes. Don't be fooled by his calm demeanor though; Rusty loves to play games and will always be up for any fun activity that involves his family. This sweetheart is gentle and mild-mannered, although he is always ready for an adventure. With his calm, quiet nature, he'd make the perfect companion for afternoons spent lounging in the backyard or taking mindful, leisurely strolls through the park. Rusty is particularly keen on learning. He looks forward to positive reinforcement training sessions and loves the idea of learning new tricks and routines with his new family. Don't be surprised if Rusty quickly becomes the star of your local obedience class, proudly showing off his latest trick. What would Rusty's ideal family look like? Well, they would share his love for learning and growth, offering him all the encouragement he needs to flourish. A family who cherishes the small moments of life, from peaceful mornings together to effortless games of fetch in the backyard. In return, Rusty promises to show endless love, patience, and loyalty to his new family. With his quiet, gentle nature and his willingness to learn, he'll surely bring joy and companionship to any home. So if you're ready to give Rusty the supportive, loving family he's been craving - he just can't wait to meet you!","rusty-7",""
"2018-09-01","Central West (Bathurst/Dubbo/Coonabarabran)","956000005783456","Tim","2025-03-03","MALE","","Meet Tim, an excitable and playful boy who loves nothing more than having a good time. This fun-loving chap is looking for his new family who can keep up with his playful antics and share his joy for life. Tim is outgoing and always ready for an adventure, Tim also loves exploring new environments, sniffing out the mysteries of the world around him. His intelligent mind loves puzzles, so interactive play toys are a great option to keep him entertained. Whether you are an active individual or a highly energetic family with children, Tim would fit right in. His playful, social disposition means he's also excellent around other animals, so he could easily be a part of a multi-pet household. Tim's joy is infectious, his love is boundless, and his energy is limitless. If you're looking for a happy-go-lucky companion who will bring adventure and laughter into your everyday life, look no further. Adopting Tim means lots of love, endless play, and plenty of happy tail wags.","tim-7",""
"2014-04-01","Central West (Bathurst/Dubbo/Coonabarabran)","956000003286706","Bucky","2025-03-03","FEMALE","","Bucky is a lovely lady who despite her older age, has an excitable and happy attitude! Bucky is a very confident girl who walks well on the leash and enjoys exploring new environments. She loves to have a sniff around and munch on any treats she finds along the way! Bucky has been socialised with smaller dog breeds and after an initial assessment, she’ll usually disengage and move along with a bit of extra space- she’s honestly more focused on her human handler! Bucky is very human social and will happily approach in exchange for some pats and rubs. She is a lovely girl who just exudes a happy and positive energy! Bucky would make a wonderful pet in any home where she can have an easy-going lifestyle and get the love and attention that she needs- you’ll receive it back ten-fold!","bucky",""
"2019-01-01","Northern Rivers (Grafton, Lismore, Casino)","956000008235323","Tank","2025-03-03","MALE","","Tank is a gentle, kind doggy soul encased in a robust, athletic body. Don't let his strong, sturdy name fool you, Tank is soft and loving, and his friendly nature is sure to win everyone over in no time. He is exceptionally well-behaved, maintaining cleanliness with a natural knack for it, making him the perfect addition to your household. Although he has an energetic spirit, he always manages to channel his proud doggy energy in the most polite, fun ways. Tank has a special place in his heart for kids. He loves their boundless energy, their playful antics, and the endless tummy rubs they're always willing to share. Their laughter is music to his ears, and seeing them happy makes his tail wag harder! Friendly to his core, Tank gets along well with everyone he meets. He's a four-legged ambassador of goodwill, spreading joy wherever he goes. His ideal day consists of playful frolicking in the yard, a delightful nap in his comfy bed, and of course, lots of tasty treats! Tank's loving spirit and fun-loving nature make him a perfect family pet. He's excited to bring lots of joy, love, and incredible memories to his new family. So, if you're ready to add a sweet, loving, and well-behaved dog to your family, Tank is definitely your guy!","tank-2",""
"2014-07-01","Northern Rivers (Grafton, Lismore, Casino)","956000004096731","Miss Ling","2025-03-03","FEMALE","","Miss Ling is a big snuggle bunny. She is sweet and affectionate and will seek out affection Described as a happy girl she will bring a ray of sunshine to your life and be happy to be by your side through thick and thin. Miss Ling may be on the other side of 9 but she still has a lot of love to share and is looking for the right person to shower her love on","miss-ling",""
"2020-01-01","Central West (Bathurst/Dubbo/Coonabarabran)","956000007461264","Harlow","2025-03-03","FEMALE","","Harlow is on the look for a new place to call her own... could that be you? Harlow would love a home in a suburban setting one that isn't in the hustle and bustle of the big smoke but quiet enough for her to soak up the pet life. Harlow has a sensitive soul so a home that is willing to allow some time to settle in would be ideal. but don't worry it won't take long for her to feel at home. she has been around older kids growing up so a home with older kids would be ok with her. We have found Harlow gain confidence when hanging out with her doggy pal's so a home with a canine companion is more than welcome for her. Fun Fact Blue is my sister, and like all siblings we have our differences but we still love each other, should you have a place in your home for two. Apply online today to arrange a meeting with Harlow or come on down to our Bathurst Adoption day on the 9th of March.","harlow",""
"2020-01-01","Central West (Bathurst/Dubbo/Coonabarabran)","956000007466546","Blue","2025-03-03","FEMALE","","Are you ready to find the perfect grey for you? Then look no further than our gal Blue. This sweet, sensitive girl is full of life and an eagerness to brighten your days. Blue has such a charismatic personality and a cheeky soul. Blue would love her new home to have a backyard to frolic around in as she certainly enjoys her daily zooms and showing off just how fast she can run. Blue has shown polite manners around canine companions and having one in her home would certainly build her confidence and show her the ropes of how to be the best pet possible. This Blue girl enjoys her daily stroll so a home that is happy to go on some walks with her would suit her well. Blue has grown up around kids and would suit living with kids over the age of 5 to ensure she has some quiet time to herself. Apply online today for this sweet girl, she will be sure to wipe your blues away. Blue will also be attending our Bathurst Adoption Day on the 9th of March.","blue-5",""
"2017-12-01","","956000009568225","Luna","2025-03-03","FEMALE","","Say hello to Luna, a sociable and friendly female dog who is sure to win your heart. Luna's radiant persona lights up every room she enters, and her charming nature has a contagious effect that brightens up everyone around her. Luna's love for people is truly one of her fine characteristics. She adores being in the company of humans and is a strong advocate for endless belly rubs, cuddles, and ear scratches. She thrives off attention and relishes in making every moment delightful for you, and herself of course. Interactive playtime is Luna's favorite! She gets immense joy out of chasing toys, whether it's a game of fetch or squeaky toys that catch her attention. This playful activity helps Luna stimulate her mind and use her attentive nature to the best of her abilities. In a dog community, Luna prefers the companionship of medium to large breed dogs. She blends well with her fellow canine mates, her easygoing nature allowing her to adapt quickly to their play style. This adaptability makes her the perfect addition to a family with a medium to large breed dog. In stepping into Luna's life, be prepared for an overflow of love and memorable moments. Luna is ready to love her new family wholeheartedly, and promises to bring with her a bundle of joy, laughter, and playful adventures.","luna-7",""
"2020-02-01","Northern Rivers (Grafton, Lismore, Casino)","956000007839747","Fizzle","2025-03-03","MALE","","Meet Fizzle, the ultimate companion and a true gentle-dog. Fizzle is all about the good life; cuddling on a nice lounge, cuddling in a soft bed, cuddling while you enjoy a meal... did we mention Fizzle loves to cuddle? While Fizzle certainly enjoys a good play and the occasional muck-around, nothing beats leaning in for a snuggle by your side. Apart from his signature cuddles, Fizzle also enjoys the finer things in life. He appreciates good meal times and happily polishes off every bit. Moreover, Fizzle enjoys those little moments of love and affection—he's sensitive, sweet, and captures hearts swiftly with his endearing personality. Fizzle makes for a perfect addition to any family arrangement. Whether you need a goofball to distract the kids, a loyal partner in crime, or just a best friend who's always there to lend an ear (or a paw), Fizzle fits right in. His playful antics will bring joy and laughter, his calm comforting presence will provide warmth and companionship, and his unwavering loyalty will fill your home with love. In a nutshell, Fizzle is more than just a pet; he's a pal, a partner, and a piece of your heart you won't know you were missing until you meet him! Welcome to a world of endless laughter, boundless love, and unforgettable memories, all thanks to Fizzle. Your adventure is waiting!","fizzle",""
"2017-10-01","Central West (Bathurst/Dubbo/Coonabarabran)","956000009593105","Thomas","2025-03-03","MALE","","Meet Thomas, a greyhound with a heart as swift as his strides! Thomas is the epitome of grace on a leash, leading the way with impeccable manners. This charming gentleman is easily handled, making him a dream companion for walks and adventures. Thomas is a social butterfly with a preference for the ladies – his friendly nature shines brightest around female dogs. However, he's not a fan of his fellow gentlemen and prefers a more refined circle. Thomas thrives on the joy of a good run, showcasing his athletic prowess and zest for life. His love for a lively dash and his charming demeanour make him a standout choice for an active and loving home. Embrace the spirited elegance of Thomas and let him add a touch of charisma to your life!","thomas-1",""
"2015-09-01","Central West (Bathurst/Dubbo/Coonabarabran)","956000005385212","Casper","2025-03-03","FEMALE","","Meet Casper, an elegant greyhound with a heart of gold. This graceful explorer walks well on the leash, is easily handled, and enjoys the company of other dogs. Casper's loves a leisurely stroll and slow exploration as her sight is slowly diminishing but her spirit does not! Her adaptability and friendly nature make her the ideal companion for any home. Casper is ready to share a lifetime of love and joy with a family who appreciates her unique charm and gentle soul. Adopt Casper, and let her bring elegance kindness , love and warmth into your home.","casper-3",""
"2013-10-01","Central West (Bathurst/Dubbo/Coonabarabran)","956000002930556","Char","2025-03-03","FEMALE","","Introducing the Enchanting 'Just A Charade' – Your One-of-a-Kind Companion! Meet Char a captivating female greyhound whose age has only added to her charm, making her the perfect addition to your home. This beauty boasts a decade of wisdom, grace, and an abundance of love to share. Char is not just a greyhound; she's a living testament to the extraordinary bond that awaits with her lucky adopter. Her gentle demeanour and friendly nature make her an absolute joy to be around. From the moment you meet her, you'll be enchanted by her warm spirit and undeniable charisma. At 10 years young, Char is the embodiment of grace and tranquillity. Despite her mature age, she exudes an infectious playfulness, especially whenever she is around water whether it be a dip in the pool or a romp through a puddle, Char embraces the simple pleasures of life with pure delight. This remarkable greyhound is a dream to handle – people-friendly and easily led, making every interaction an easy and heartwarming experience. Her calm disposition extends to her interactions with other dogs, showcasing her adaptable and considerate nature. Adopting is a golden opportunity to welcome a once-in-a-lifetime companion into your home. She radiates love, companionship, and a unique charm that will undoubtedly leave an indelible mark on your heart","char-11",""
"2018-01-01","Hunter Valley (Maitland/ Muswellbrook/Newcastle/Forster)","956000009483201","Toby","2025-03-03","MALE","","Nightmare? Bad dream? Don't worry, sometimes names ARE deceiving, because our boy Toby, former Race Name Scary Dream, is anything but scary! ✅ Beautiful nature, a genuinely sweet duffer ✅ Big softie: this boy is your quintessential ""gentle giant."" He does get excited, but is very kind-hearted and means well. ✅ Very friendly and human social. Nothing makes him happier than being with his people. ✅ Loves hopping on the lounge and laying with you. Disclaimer: he's big and likes to hog most of the couch space! ✅ Enjoys playing, having fun, and just living his best life ✅ He can be exuberant and boisterous to start (oh my god life is so exciting!!) - but he does settle and eventually wants to find a lounge. ✅ Has been living inside his current home everyday - and is becoming quite accustomed to the spoils of pet life! ✅ Like most men, Toby LOVES his food! This will help with training as he is very easily influenced when free food is on offer! ✅ This patient boy settles when in the car or trailer ✅ Best suited as the only dog in the household - more attention for Toby 😉 ✅ The only hound Toby wouldn't mind sharing his new forever home with is his sister-from-another-mister: Winnie (Microchip: 956000009482109). - They currently live inside together and don't mind sharing all the love and attention. - Winnie is also available for adoption: https://www.gapnsw.com.au/our-greyhounds/winnie-2 Toby will need a bit of time to settle into his new home - it's a big transition moving to a new house. But with a bit of love and patience, you will be rewarded with a sweet, but funny, but lovable larrikin. Toby hasn't had the chance to interact with children yet. So would need a nice meet and greet to see how everybody goes, if potentially going into a home with kids. He is a big strong boy so likely would be best with older children. This sturdy lad is strong on lead - there's a big world out there and oh so little time, Toby feels like he must concur it stat! He does settle, and with a little training and patience will be a good walking companion or social wing man. Toby will be 6 at the end of January! Nothing bonds a family and new boy better than a birthday party right?!","toby-2",""
"2019-12-01","Hunter Valley (Maitland/ Muswellbrook/Newcastle/Forster)","956000012217180","Marn","2025-03-03","MALE","","Make room!! The Big Marn is here! He may bump around a little bit due to his left eye corneal abnormality, but he does it in style! With the former Race Name ""Son Of Thirty,"" Marn could be your very own Son - and he'll never grow up to talk back to you or sneak out the window! In fact, he is a beautiful boy: ✅ This gorgeous lad is used to his current owner calling him ""Handsome"" and has requested this nickname continue in his new home ;) ✅ Loves people! He will seek out attention so get ready to give some affection (he'll give you ample back don't worry) ✅ Marn has met Geese, ducks and a cat and was well behaved (he did remain on his lead and muzzled for these interactions) ✅ Good with other dogs: - Settled well with a blind West Highland Terrier, but would benefit from a bit more work with small dogs. - Regularly interacts extremely well with other Greyhounds. - He would still need very slow, gradual introductions to any new dogs. ✅ Good with older children: - Marn has only interacted with kids aged 6+ years old. - He hasn't had the chance to interact with younger children yet, so would need a nice meet and greet first to see how everybody goes. ✅ Always a gentleman, Marn is very clean and quiet in his kennel. Poor Ol' Marn does suffer from Pannus, mainly in his left eye, and will require ongoing treatment. This is easily managed and the GAP team will always provide advice and answer any questions or concerns you may have. Marn has lived in a kennel environment, so hopes his new family understand he will need a little time and patience to settle into his new pet-life world. Marn recently celebrated his 4th birthday! It's definitely not too late to welcome him into your home and throw him a combined Housewarming and Belated Birthday party - maybe just blow out the candles for him though!","marn-1",""
"2019-07-01","Hunter Valley (Maitland/ Muswellbrook/Newcastle/Forster)","956000007851472","Lucky","2025-03-03","MALE","","BOO!! Just kidding, it's in Lucky aka Phantom Ghost's nature to be a bit of a mysterious jokester! But don't be spooked by his former Race Name ""Phantom Ghost"" - as he is also Lucky! And you'll be feeling lucky too punk once you have our Lucky in your life: ✅ Very happy chap who somehow looks like he's always smiling! ✅ Loves people! He will give ample affection - but secretly hopes he gets it in return too! ✅ Has interacted with other dogs: - Regularly interacts with other Greyhounds - Has met a little West Highland Terrier and Italian Greyhound. Lucky was a little pushy to start but did settle once the novelty wore off. - He would be suited to other Medium-Large breed dogs - Lucky will need very slow, patient, and gradual introductions when meeting any new dogs ✅ Good with older children: - Lucky has only interacted with older kids - He can excited however (new friends! new friends!) and jump. Once he is told No he will settle. Continued training with this will help him learn. Lucky has lived in a kennel environment all of his life, so hopes his new family understand he will need a little time and patience to settle into his new world. If you think you should be so lucky, enquire about our Lucky aka ""Phantom Ghost"" below!","lucky-1",""
"2019-05-01","Hunter Valley (Maitland/ Muswellbrook/Newcastle/Forster)","956000006793938","Big Boy","2025-03-03","MALE","","Gold On Black may be all the rage fashionably, but our Big Boy, former Race Name ""Gold On Black,"" is even more trendy to have in your possession! This beautiful, sleek and dapper lad will make you the talk of the town! ✅ Big Boy is a nice boy ✅ Very social with people and happy to be handled ✅ Patient Big Boy sits in the car/trailer with no issues and is happy to just chill ✅ Big Boy has interacted with older kids. As long as they don't touch his food - he likes them! Big Boy loves to be king of the castle, so would prefer to be the only hound in the house At 35kg, Big Boy would be suited to an experienced dog owner And being the Big Boy that he is, Big Boy is very strong on lead and would need an adult walking him Like most men, Big Boy loves his food! - and is quite protective of it too. So he will need to be left alone when eating to avoid any resource guarding behaviour. If you would like to ring in the new year in style, enquire about Big Boy aka ""Gold On Black""","big-boy",""
"2020-02-01","Northern Rivers (Grafton, Lismore, Casino)","956000007466371","Hugo","2025-03-03","MALE","","Sensitive Hugo is on the lookout for his forever home. Not only is he gorgeous, Hugo also has some pretty impressive qualities: ✅ He is so lovely, but can be a bit of a sad sack sometimes! We think this may just be his ruse to get more attention!! ✅ Very friendly fella who just wants to be included ✅ Hugo loves to be involved so would be the family's shadow, whether going on walks and adventures or staying in watching TV ✅ Affectionate Hugo loves to receive pats so will always try to be a good boy ✅ Chilled lad, very laid-back ✅ Hugo is your typical ""nice"" guy ✅ Good with other dogs: - Well behaved when he met a little Italian Greyhound. - Regularly interacts with other Greyhounds. Seems to prefer being a ladies man and hanging out with female greyhounds. - He would still need very slow, gradual introductions to any new dogs or potential doggie housemates. ✅ This sweetheart is such a good boy in the kennels, very clean and quiet ✅ Happy to just bask in the sun Protective Hugo may be a bit noisy if new people rock up at his abode, but he will settle and quieten down after a while of them being there. Your Christmas miracle could be in the form of our graceful gentleman, Hugo! If you want your Christmas Wish (and Hugo's!) to come true - enquire about Hugo today!","hugo-2",""
"2017-12-01","Northern Rivers (Grafton, Lismore, Casino)","956000009568225","Luna","2025-03-03","FEMALE","","Check out the pretty girl we have for you! You won't regret meeting the gorgeous Luna (former Race Name: Marion's Regret). We're not sure what Marion was regretting because it certainly wouldn't be this perfect lass: ✅ Socialite Luna looooooves people! She seeks out interaction and attention. But she definitely knows how to make you feel appreciated and loved back. ✅ Helpful Luna jumps in the car herself and travels very well - so get ready for some road trips! ✅ Luna the Lady is a lovely house guest: she is very clean in her kennel, doesn't chew her bed, and doesn't bark. ✅ Loopy Luna does commit zoomies and thoroughly enjoys them! ✅ She also loves to chase toys so get your throwing arm ready! ✅ Ever the investigator, Luna is also more than happy to roam the yard and inspect all the news and smells. ✅ Even Lunas need downtime, and she does love nothing more than sitting on her couch on the veranda, surveying her lands and taking in the fresh air and vitamin D. ✅ Great with kids. Luna frequently interacts and is fine with children aged 5+ years. ✅ Good with other dogs: - Luna was a little shy at first when she met a small Italian Greyhound. She had no issues, just a bit standoffish. However she did soon settle and was fine. - Free-ranges in the yard with a male Greyhound housemate. - Regularly interacts with other Greyhounds. - She didn't like when dogs got in her face (I think we can all appreciate a bit of personal space!) but settled and was able to play and interact. - Luna would need very slow, gradual introductions to any new dogs or potential doggie housemates Yes, she does appear to have a massive tongue! This fair-haired maiden turns 6 years old very soon! How convenient - you can throw both a ""Welcome To Your New Home"" AND ""Birthday"" party for her 😉","luna-6",""
"2020-12-01","Northern Rivers (Grafton, Lismore, Casino)","956000011568166","Colby","2025-03-03","MALE","","Feelin' lucky? Well with Colby aka ""Rolling Aces"" in your life you'll be sure to feel like a winner when he's around! Just like drawing that sought after Ace card, Colby will fill you with glee! Just look at the hand he was dealt: ✅ Excellent with other dogs - big or small! Colby met a small West Highland Terrier and a Great Dane and behaved wonderfully with his new friends! ✅ Very quiet and just happy to loll about ✅ Shy at first but when he comes out of his shell he is a very sweet and sensitive soul Colby is not really interested in toys. He would prefer to hang around his people and receive love and attention. Colby likes to be included and would love to go on adventures with his family or simply sit with you whilst you read a book or watch the telly This old soul will only be turning 3 in December. Would you like to pick up your very own Ace and throw the best birthday party this sweet boy deserves? Enquire or Apply to adopt Colby aka ""Rolling Aces"" below!","colby",""
"2020-02-01","Northern Rivers (Grafton, Lismore, Casino)","956000007833930","Ruth","2025-03-03","FEMALE","","Do you need a friend? Did you know the name ""Ruth"" means Friendship or Compassionate Friend? Well our Ruth (former race name Anamaya) certainly lives up to her name!! ✅ Very friendly and loyal ✅ Loves people and receiving their attention ✅ Will only make noise if can see things going on (it's surely exciting stuff happening?!) Ruth was excited when she met a Chihuahua (new friend!!), but did settle. She has the potential to be small dog friendly with more exposure. She would need very slow and gradual introductions to any potential small dog housemate. Ruth is an energetic and enthusiastic lass so would love lots of walks and adventures with her people! If you want the prefect friend in your life - Ruth is looking to find hers too! Why not give this friendship a go?","ruth",""
"2017-12-01","Northern Rivers (Grafton, Lismore, Casino)","956000009416392","Maya","2025-03-03","FEMALE","","Every sunset brings the promise of a new dawn - and we have provided just that!! Maya aka ""Dawn's Dream"" will be the true light of your life! ✅ Lovely and sweet girl ✅ Very placid with a gentle temperament ✅ Loves people - especially if they're giving her pats and cuddles! ✅ Walks well on lead so will make a great walking or adventure companion ✅ Maya loves a nap and will need a cosy, warm bed or lounge to charge up on ✅ Good with small dogs but would still need slow, very gradual introductions to any new dogs: - Maya has met a little West Highland Terrier, gave a nice, polite sniff. Disengaged easily. Didn't care too much after that (was far more interested in her environment!) - Maya was a little pushy at first with the small Italian Greyhound she met. But once she had a sniff she was able to disengage. - Maya also lives with a Whippet Maya might be better suited to an older person who is home more often than not to keep her company Maya does suffer from Pannus and will require ongoing treatment. This is easily managed and the GAP team will always provide advice and answer any questions or concerns you may have. This sweet sunshine will be turning 6 in December. Will you welcome a new dawn into your life and help Maya aka ""Dawn's Dream"" celebrate her impending birthday?","dawn-4",""
"2020-04-01","Northern Rivers (Grafton, Lismore, Casino)","956000007471404","Betty Clover","2025-03-03","FEMALE","","Your search for the lucky four leaf clover is over - to be sure, to be sure!! Betty Clover is by far the most wonderful charm you could have in your life: ✅ Excellent with other medium-large dogs ✅ Needs slow and gradual interactions to small dogs, then she will settle ✅ Great with children. She is suited to kids 5+ years as she can get a little excited (it's very exciting meeting new friends!) ✅ Clean and quiet in her kennel like the good little lady she is ✅ Betty Clover is a quiet lass but once she feels comfortable she comes out of her shell and is very sweet If you want a little Lady Luck in your life, enquire or apply to adopt Betty Clover below!","betty-10",""
"2018-10-01","Northern Rivers (Grafton, Lismore, Casino)","956000009597182","Dime","2025-03-03","FEMALE","","Well we can guarantee “a dime a dozen” does NOT apply to this Dime!! This special little lady has her own unique personality and would love a forever family so she can come out of her shell. ✅ Excellent with children. She can get a little excited (new friends!) so would suit kids aged 5+ years. ✅ Gets along well with other medium-large dogs ✅ She is a perfect lady in her kennel: clean and quiet ✅ Dime can be a little shy at first but once she gets to know you she settles and shows the lovable lass that she is Dime will be turning 5 in October! Her only wish is to be able to celebrate this special day with a loving forever family. If you are able to grant Dime's wish, enquire or apply below.","dime",""
"2020-07-01","Northern Rivers (Grafton, Lismore, Casino)","956000011712073","Roy (aka ""Lend The Moose"")","2025-03-03","MALE","","Roy aka ""Lend The Moose"" is here to lend you a helping hand, hug, or love!! This gorgeous gentleman has a magnificent repertoire: ✅ Excellent with other dogs - big or small! (Roy has met an Italian Greyhound, West Highland Terrier and Boxer, PLUS lives with a Whippet and Border Collie) ✅ Doesn’t pay any attention to the cattle and kangaroos in the paddocks ✅ Very friendly! ✅ Human social - loves people! ✅ Quiet and happy lad ❌ Although Roy did not show any signs of aggression or lunging at the cats, he did whine a little and therefore it is too soon to deem cat tolerant ❌ No poultry Roy aka ""Lend The Moose"" has only just turned 3 years old! His birthday wish was simple: to be adopted by a loving forever family! Can you help Roy's wish come true?","roy-1",""
"2019-04-01","Hunter Valley (Maitland/ Muswellbrook/Newcastle/Forster)","956000006810672","Tori","2025-03-03","FEMALE","","Looking to spruce up your abode? We have some styling tips: Simply add the stunning Tori aka ""Rattlin' Style"" into your house! You'll be all the fashion and talk of the town! This strikingly elegant and beautiful girl has other lovely qualities too: ✅ Very affectionate little lady who thrives on human companionship. ✅ Good with older children: - Tori currently interacts with children aged 6+years old - She is relaxed and calm around older kids. She recognizes their gentle and caring presence, and her natural instincts guide her to be extra gentle and patient. - Tori is the kind of dog who will offer a warm nuzzle or a gentle paw to her young humans, ensuring an unbreakable bond. ✅ Tori is a good, polite girl in her kennel. ✅ This clever lass has an understanding of appropriate conduct and is respectful of boundaries. ✅ Good with Medium-Large breed dogs: - Regularly interacts with other Greyhounds. - Tori interacts best with male Greyhounds. - She would need very slow, gradual introductions to any new dogs. ✅ Tori loves her toys! Watching her play is a joy in itself. Her evident fun and energy is contagious! - so both Tori and you can have a grand old time! Tori will need a fully fenced yard. Tori can sometimes Resource Guard her food, so it is best if she is fed separately and left alone to eat her dins. If having a devoted dame in your life sounds like a pretty picture, then Enquire or Apply to Adopt Tori (Rattlin' Style) to style up your home 😉 She may just improve your life and happiness too!","tori-4",""
"2018-04-01","Hunter Valley (Maitland/ Muswellbrook/Newcastle/Forster)","956000009589911","Bago","2025-03-03","MALE","","🐾 Meet Bago, the Stylish Black Greyhound in Search of His Perfect Home! 🐾 Hey there, awesome folks! I'm Bago, a fashionable black Greyhound with a heart full of love, on the lookout for my forever family. I'm all about cozying up on a couch to call my own. Just imagine me, the epitome of style, lounging in comfort, and enjoying every moment of relaxation. Having a spot to call mine would be a dream come true! When it comes to making new friends, I'm a social butterfly. Meeting new people brings me so much joy, and I can't wait to shower you with affection. Let's embark on incredible adventures together and create a bond that'll last a lifetime. Now, I'm eagerly waiting to find my forever home, where I can show off my impeccable fashion sense and bring endless love and warmth to your life. Are you ready to welcome Bago, the stylish black Greyhound boy, into your heart? 🐾 Bago is ready to bring love, style, and a whole lot of snuggles to your home sweet home! 🐾","bago",""
"2021-02-01","Hunter Valley (Maitland/ Muswellbrook/Newcastle/Forster)","956000007466560","Lilly","2025-03-03","FEMALE","","Meet Lilly, At just two years old, Lilly is still learning how to walk well on a lead, but with a little bit of patience and practice, she is sure to be a pro in no time. Lilly is a sweet and gentle dog who loves nothing more than spending time with her human family. She has a playful and affectionate nature, and she always enjoys cuddling up with her loved ones for some quality time together. One of Lilly's favorite things in the world is food. She has a big appetite and loves nothing more than trying new treats and snacks. Her love of food makes her an ideal candidate for training and learning new tricks - she is a very quick learner and always eager to please. Because Lilly is still learning how to walk on a lead, she would be best suited to a family with children over the age of 10 years old. She is a gentle and kind dog, but she can be quite strong when she gets excited, so it is important that she is handled by someone who is confident and experienced. Lilly is an active girl who loves going for walks and exploring new places. She would make the perfect companion for anyone who enjoys an active lifestyle and loves spending time outdoors. She is always eager to please and would be a wonderful addition to any family. If you are looking for a sweet and playful dog who loves nothing more than spending time with her loved ones, Lilly might just be the perfect dog for you. Come meet her today and see for yourself what a wonderful companion she would be!","lilly-7",""
"2017-07-01","Central West (Bathurst/Dubbo/Coonabarabran)","956000009591988","Kyron","2025-03-03","MALE","","Introducing Kyron! Pictures say it all! This boy is a gem, he is quiet, gentle and sociable. Kyron gets along well with other dogs, he loves zooming in his yard with his mates and is well socialised with other breeds. Kyron loves being around people so a home where someone is around most of the time or another furry companion would be ideal. Book a meet today, you won't regret it!!","kyron",""
"2017-11-01","Northern Rivers (Grafton, Lismore, Casino)","956000009551915","Mick","2025-03-03","MALE","","Just like his namesake (Mick Dundee) this guy will provide you with lots of adventure, fun and laughs. He is a bit of a larrikin and also a ladies man. He would love to have a huge back yard to play in and if you go travelling don't forget to pack his bag as he would be a great companion on the road. But you will have to pack his toys as he loves to have a game with you and will even bring the toy back for you to throw again. Mick is a stud and he knows it, he is handsome and has just turned 4 years old so is past the puppy stage but still has lots of adventure left in him. If you think you would be the perfect companion for this guy send us a message and we will organise a meet and greet","mick-1",""
"2017-04-01","Central West (Bathurst/Dubbo/Coonabarabran)","956000004499510","Caeden","2025-03-03","MALE","","Hi everyone my name is Caeden. As you can see I'm a beautiful brindle boy looking for my perfect home. I am quite an active boy so my ideal home would be to someone who doesn't mind exercising me and spending a bit of time keeping me occupied. I am an alert boy and I like to know what is happening around me. I love socialising with my current family and am used to children and some other dogs. I am smart, well mannered and would love to join you in the adventures of life! I'd love to meet you and become your best mate.","caeden",""
"2018-12-01","Central West (Bathurst/Dubbo/Coonabarabran)","956000006810924","Tom","2025-03-03","MALE","","Tom is quite a gentleman, he is a laidback and easy going type of fellow. He enjoys exploring around the yard, lazing around in the sun and supervising whatever you may be doing. Tom would fit in most households and with a little tlc he would really bond well and be your best mate. He is social and gets along well with most other dogs, older children would probably suit better smaller children. Tom isn't overly active so a small amount of exercise would be fine and small to moderate size yards are ok. Tom would just like a chance to experience being a pet so if you have the room and would like to meet Tom apply today.","tom-5",""
"2019-08-01","Central West (Bathurst/Dubbo/Coonabarabran)","956000007855822","Marty","2025-03-03","MALE","","Hi I'm Marty, I'm a friendly and playful boy who would love to find my perfect home. I am moderately active and would suit a family with slightly older children who won't mind me chasing them around the yard. I have a few whippet buddies that I currently interact with so other dogs should be ok (depending on the dog). I enjoy pats and will really bond well to anyone willing to give me some attention. When you first meet me I might be a little quiet and tentative to engage with you but once I warm up you will feel the love! Give me a chance and organise a meeting, I'd love to get to know you!","marty",""
"2017-11-01","Central West (Bathurst/Dubbo/Coonabarabran)","956000009461635","Scamp","2025-03-03","MALE","","Hi my name is Scamp! As my name suggests I am a mischievous but likeable boy (a big goof really). I am not naughty but just a bit of a character. I love playing and getting stirred up, I will run around and engage in play with you. I am a big boy with a big roman nose which may not appeal to everyone but I think I'm pretty handsome! I do enjoy a bit of exercise so someone a little active or an active family with older children would be perfect. I enjoy people and getting attention, am happy go lucky and would make a great companion, all I need is a chance! If you are interested in adopting or even fostering me apply and the team at GAP can organise a meet and greet.","scamp",""
"2017-12-01","Central West (Bathurst/Dubbo/Coonabarabran)","956000009591426","Rocky","2025-03-03","MALE","","Just like his namesake in the movies Rocky could be your favorite underdog! Rocky is outgoing and friendly, loves pats and being spoilt by his human companions. He would suit a home that is moderately active as he likes a bit of a run and zoom around the yard. Rocky will really bond with his new owner and become a loyal companion. He has been socialised with his little pug friend but does require a little time when meeting new friends. If you have a bit of time for a new friend and are looking for a diamond in the rough apply to meet Rocky today!","rocky-9",""
