"DATEOFBIRTH","LOCATION","MICROCHIPNUMBER","NAME","RECORDEDDATE","SEX","SPECIFICNEEDS","TEXT","URLNAME","WHATWEHAVENOTICED"
"2024-02-01","Western Sydney (Londonderry)","956000016305360","Peppe","2026-06-01","MALE","","Peppe is a gorgeous, very sweet 2 year old boy, ready for his next step! He’s a sweet, mostly confident, but due to his young age he can take time to process new situations, but he becomes more engaged as he settles. He’s polite with other greyhounds, offering calm sniffs before moving on and could live with another dog his size. He’s fine in the crate with a little encouragement and settles once inside. Peppe is a gentle boy who will thrive with consistency to build confidence and continue developing into a lovely pet. As he is young, he has a whole exciting life ahead of him and he can't wait to meet you! Meet Peppe at Western Sydney.","peppe-8",""
"2023-02-01","Riverina (Wagga, Temora, Gundagai, Griffith)","956000015950253","Stanley","2026-06-01","MALE","","Stanley is lovely, friendly, soft-natured boy who loves to cuddle. He has a quiet nature and just loves to be around you and check out what you're doing as you go about your day - a sticky beak! He is an easy-going, gentle lad who will be your best friend. Stanley is the perfect gentleman and companion for retirees or workers, he doesn't need much of a walk or trips in the car, he's just happy to hang about at home. Stanley isn’t an energetic boy, very easy-care who would make a wonderful pet, also great with the grandchildren 9 and 13 when they come to visit. 🐾💙","stanley-7",""
"2022-10-01","Riverina (Wagga, Temora, Gundagai, Griffith)","956000014801733","Cheesey","2026-06-01","MALE","","Meet Cheesey – Your Loyal, Lovable Sidekick 🐾 Cheesey is a lovely-natured boy with a gentle, caring heart. He absolutely adores kids aged 10–13 and thrives on attention, pats, and plenty of love. When you come home, he’ll greet you with happy excitement, then quickly settle down after pats and play, content just to be by your side. On walks, Cheesey is a dream - once he get sgoing he happily strolls at your pace and enjoys taking in the world with you. After a nice walk and a zoom around the yard or some fun with his toys, he’s more than ready to flop on the floor for a well-earned rest. He’s attentive, loyal, and eager to please, making him a very trainable companion. Cheesey loves splashing in his water bowl or cooling off in a shell pool — he’s got a playful streak and a bit of a cheeky character that will keep you smiling. Importantly, Cheesey is also wonderfully patient and independent. He’s perfectly happy to relax on his own during the day if you’re at work - no fuss, no hassle. Just a steady, easygoing boy waiting for his people to come home. 🐾💙","cheesey",""
"2022-07-01","Western Sydney (Londonderry)","956000011780316","Tommy","2026-06-01","MALE","","Tommy is a gentle and sweet male greyhound who simply needs a little time to feel safe in new surroundings. When he first arrived, he was understandably nervous and avoidant with staff, but it didn’t take long for his true personality to shine through. Once he settled in, Tommy quickly warmed up and showed himself to be a calm, affectionate, and easy-going boy. One of Tommy’s favourite things is having a cosy crate to retreat to. He happily walks into his crate on his own and settles quickly, making it a comforting and safe space for him. He has also been very clean indoors and has had no toileting accidents so far, showing excellent house manners. Tommy has a playful side too and absolutely loves toys. Whether it’s carrying them around or enjoying some quiet playtime, toys quickly bring out his happy and relaxed nature. Because Tommy is naturally calm once settled, he may suit apartment living and could potentially cope well with longer periods alone. However, as he can initially feel nervous in unfamiliar environments, he will benefit from patient adopters who can give him time to adjust and build confidence at his own pace. With kindness, understanding, and a little patience, Tommy will reward his new family with loyalty, quiet companionship, and plenty of gentle affection. Meet Tommy at Western Sydney.","tommy-23",""
"2020-12-01","Northern Rivers (Grafton, Lismore, Casino)","956000011576219","Solly","2026-06-01","MALE","","Solly is a striking young man with a personality that’s equal parts energetic and laid-back. He thrives on an active lifestyle—think brisk walks, playtime, and the occasional burst of zoomies to burn off his youthful energy. After he’s had his exercise, Solly transforms into a mellow cuddle enthusiast, always ready to relax with a wagging tail and plenty of affection. His gentle nature would likely fit well into a family environment, and he also might be suited for homes with full-time workers as long as he gets his daily dose of activity. If you’re looking for a loyal companion who can keep up on walks and then happily settle down for some quality downtime, Solly might be the perfect match for you!","solly",""
"2020-04-01","Western Sydney (Londonderry)","956000012161547","Nelly","2026-06-01","FEMALE","","*I am in foster care & available to adopt!* Nelly is a gentle, sensitive soul who is just waiting for the right home to help her truly blossom. While she may be a little shy when meeting new people, once she gets to know you she becomes incredibly sweet, affectionate, and loyal. Nelly is looking for a quiet, calm house or apartment forever home where she can settle into pet life at her own pace. Busy households or lots of noise can feel overwhelming for her, so she would thrive in a peaceful environment with patient adopters who understand that confidence takes time to grow. She has been doing well with consistency in foster care. Because of her sensitive nature, Nelly's ideal home is with an adult-only household or older children aged 16+ with dog experience. She needs a predictable, calm environment to feel safe and secure. She would also really benefit from having a friendly, confident canine companion. A doggy friend could help show her the ropes, build her confidence, and encourage her to relax. Once she feels safe, Nelly settles beautifully indoors and is a huge fan of the couch and resting indoors. Snuggling up for a cozy evening is one of her favorite things! She’s the perfect companion for someone who enjoys quiet nights in, gentle walks, and sharing their home (and sofa!) with a loving best friend. If you have a calm home, a kind heart, and maybe even a friendly resident dog, Nelly could be the perfect addition to your family. Nelly is available via appointment at Western Sydney.","nelly-2",""
"2024-02-01","Western Sydney (Londonderry)","956000015766701","Joany","2026-06-01","FEMALE","","Meet Joany, Joany is a beautiful female Greyhound who is truly a sweet bundle of joy. Full of personality and affection, Joany brings happiness wherever she goes with her bouncy nature and loving heart. She absolutely adores attention and loves spending time with her people, happily soaking up pats, affection, and companionship whenever she can. Joany is an affectionate girl who enjoys being involved in everyday life and will quickly charm everyone she meets with her playful and happy personality. Joany is social with large breed dogs and enjoys canine company, making her a lovely companion both at home and out on walks. One of her favourite things is letting loose and doing zoomies, showing off her fun-loving spirit and joyful energy. With her affectionate nature, playful personality, and endless enthusiasm for life, Joany is ready to find a loving home where she can continue spreading happiness, cuddles, and zoomies every day. Book in to meet Joany in Western Sydney.","joany",""
"2019-09-01","Western Sydney (Londonderry)","956000007830548","Jasper","2026-06-01","MALE","","Jasper is a friendly and confident Greyhound who absolutely loves being around people. He thrives on affection and human interaction and is happiest when he’s included in everyday life with his family. Jasper enjoys being part of the action and will happily seek out attention and cuddles from his favourite humans whenever he gets the chance. With his social and outgoing nature, Jasper is a lovely companion to have around the home. He enjoys company and brings a warm, affectionate presence wherever he goes. His confidence and friendly personality make him an easy dog to bond with, and he loves feeling connected to the people around him. Jasper is social with other Greyhounds and would likely enjoy the companionship of another calm canine friend. He would benefit from a home with a secure backyard where he can stretch his legs, relax outdoors, and enjoy time with his family. Sweet, affectionate, and full of personality, Jasper is ready to find a loving home where he can continue being included, adored, and spoiled with all the attention he deserves. Meet Jasper at Western Sydney.","jasper-8",""
"2024-05-01","Western Sydney (Londonderry)","956000016716304","Rocky","2026-06-01","MALE","","*On adoption trial* Meet Rocky! Rocky is a handsome black male Greyhound with a sweet, confident personality and a love for being involved in everyday life. He is an active and curious boy who enjoys exploring his surroundings and taking in the world around him with enthusiasm and confidence. Rocky is social and well-mannered with both big and small dogs, making him a lovely companion out on walks and in social settings. He may also be able to live with cats, provided introductions are slow, thoughtful, and managed carefully to help everyone settle comfortably. He has a gentle and affectionate nature and enjoys spending time with people. Rocky would suit a home with children aged 8 years and older, and his easygoing temperament makes him the kind of dog who could fit beautifully into many different family environments. With his combination of confidence, sweetness, and sociable nature, Rocky is truly a lovely boy who is ready to become a cherished member of a lucky family. He has so much love to give and is sure to bring joy and companionship wherever he goes. Book in to meet Rocky at Western Sydney.","rocky-18",""
"2021-07-01","Western Sydney (Londonderry)","956000007466485","Uno","2026-06-01","MALE","","Meet Sweet Uno, Uno is a unique and sensitive Greyhound looking for a special home that can appreciate him for exactly who he is. He is a quirky boy with a gentle nature who takes a little time to feel safe and comfortable in new environments and around unfamiliar people. While he may initially come across as shy and reserved, Uno begins to show his sweet personality once trust has been built at his own pace. Uno is searching for a calm, patient, and understanding home that can support his individual needs and allow him the time he requires to settle in and gain confidence. He thrives with gentle handling, consistency, and a quiet environment where he feels secure. Because of his sensitive personality, Uno would be best suited to an adult-only household where life is calm and predictable. He is happy to coexist with other Greyhounds and may enjoy the quiet companionship of another calm canine friend. Uno may not be the kind of dog who rushes into new friendships, but for the right person willing to give him time and understanding, he has the potential to form a deeply rewarding bond. He is a truly special boy looking for someone who will see the beauty in his quiet and quirky nature. Find Uno at Western Sydney.","uno-2",""
"2021-09-01","Western Sydney (Londonderry)","956000014508389","Vince","2026-06-01","MALE","","Vince is a handsome male Greyhound with a confident and easy-going personality. He settles well into new environments and enjoys exploring his surroundings, taking everything in with curiosity and confidence. Whether he’s out on a walk or meeting new people, Vince carries himself with calm and polite manners. He walks beautifully on lead and is a pleasure to have by your side. Vince enjoys human interaction and happily approaches people for attention, often leaning in gently for a scratch and some affection. His friendly and relaxed nature makes him a lovely companion to spend time with. Vince would be best suited as the only animal in the home, where he can enjoy all the love, attention, and comfort for himself. He would thrive in a home that can continue providing him with companionship, routine, and opportunities to explore the world around him. With his confident personality, lovely manners, and affectionate nature, Vince is ready to become a loyal and cherished companion for a very lucky home. Meet Vince at Western Sydney.","vince-2",""
"2024-02-01","Western Sydney (Londonderry)","956000017133645","Yanna","2026-06-01","FEMALE","","Meet Yanna, Yanna is a lovely 2-year-old Greyhound with a social and friendly nature. She enjoys being around people and is comfortable with handling, showing a sweet and approachable personality when meeting those around her. Yanna initially presents as a confident young girl who is curious about her environment and enjoys taking in the world around her. As a younger Greyhound, Yanna would benefit from ongoing training and guidance to help her continue building confidence, routine, and positive life skills as she settles into home life. She is eager to learn and would thrive with patient encouragement and consistency. Yanna is polite around other dogs and interacts nicely with them, making her a lovely companion for walks and social outings. She would likely enjoy a home where she has space to stretch her legs and relax, and a house with a secure yard would suit her well. With her friendly personality and gentle nature, Yanna is a beautiful young Greyhound ready to find a home where she can continue to grow and flourish into a wonderful lifelong companion. Book in to meet Yanna at Western Sydney.","yanna",""
"2023-04-01","Southern NSW/ACT (Bulli, Nowra, Goulburn, Canberra)","956000015734836","Candy","2026-06-01","FEMALE","","Candy is an affectionate and incredibly sweet girl who wins people over with her beautiful nature and happy personality. She greets her people with excitement and enthusiasm and after a zoom then settles beautifully into relaxed companionship. Candy walks well on leash, is gentle around food and toys, and has shown herself to be a friendly, easy-going girl. She is stair capable and confident around new people. Raised around horses, cows and other hounds, Candy is well accustomed to a variety of animals and environments. She would suit a loving home looking for a loyal friend with an affectionate inquisitive temperament.","candy-8",""
"2021-11-01","Western Sydney (Londonderry)","956000012868356","Foxy","2026-06-01","FEMALE","","Foxy is a beautiful 4-year-old light fawn Greyhound with a gentle soul and a sweet personality that shines once she feels safe and comfortable. She can be a little nervous when first meeting new people and may need some extra time and patience to warm up to unfamiliar situations. Once she begins to trust you, Foxy’s soft little tail wag starts to appear, showing her affectionate and loving nature. Foxy is still building her confidence and would benefit from a calm, understanding home that can support her at her own pace. She responds best to gentle handling, kindness, and reassurance while she learns that the world can be a safe and positive place. Because of her sensitive nature, Foxy would be best suited to an adult-only household where she can enjoy a quieter environment and continue growing in confidence without too much pressure or noise around her. She could also happily live with other dogs, and the company of a calm canine companion may help her feel more secure. With patience, love, and understanding, Foxy has the potential to blossom into a wonderfully loyal and affectionate companion. Beneath her shy exterior is a sweet girl just waiting for the right person to help her shine. Book an appointment with Foxy at Western Sydney.","foxy-6",""
"2021-07-01","Northern Rivers (Grafton, Lismore, Casino)","956000011640638","Bella","2026-06-01","FEMALE","","Meet Bella – Your Beautiful, Water-Loving Companion 💕 Bella is a stunning black Greyhound with a gentle soul and a happy, outgoing personality. She’s the perfect mix of calm relaxation and playful energy, equally content lounging nearby or joining in on family adventures. This lovely girl has a relaxed and easygoing nature in the home, making her a wonderful companion for those quiet moments. But don’t be fooled—Bella also has a fun, energetic side! She enjoys getting out and about and would thrive with an active family who can include her in their daily walks and outings. One of Bella’s most adorable quirks is her love of water—she happily hops into the pool for a refreshing dip on warm days, making her a perfect match for a home that enjoys a splash of fun! Social and well-mannered, Bella gets along beautifully with both small dogs and larger breeds. She has also met children and has enjoyed their company, happily accepting pats and affection. She would be well suited to a home with polite, respectful children. Bella is a confident, friendly girl who loves meeting new people and making friends wherever she goes. Her affectionate nature and bright spirit make her a joy to be around.","bella-21",""
"2022-02-01","Western Sydney (Londonderry)","956000007466915","Mighty","2026-06-01","MALE","","Meet Mighty! Mighty is a stunning fawn-coloured male Greyhound with a confident, curious personality and a heart to match. This handsome boy loves exploring the world around him and is always investigating new sights and smells with his long nose leading the way. His gentle nature and calm confidence make him a joy to spend time with. When out on walks, Mighty is comfortable around small breed dogs and takes everything in stride with calm curiosity. He approaches life with a relaxed attitude and a sweet, affectionate nature that makes him easy to fall in love with. Mighty is truly a gentle, lovely boy who is ready to find a home where he can continue to grow in confidence, enjoy new experiences, and become a cherished companion. With his handsome looks and beautiful temperament, he is sure to make a wonderful addition to a lucky family. Meet Mighty by appointment at Western Sydney.","mighty",""
"2023-09-01","Western Sydney (Londonderry)","956000016784687","Red (Western Sydney)","2026-06-01","MALE","","Meet Red! Red is a handsome male Greyhound with a confident and gentle nature that makes him an easy dog to love. He enjoys being around people and carries himself with calm, polite manners in the home and out in public. Red is the kind of dog who enjoys simply being part of the family. He is social and well-mannered around other Greyhounds and is happy to interact with small dogs when out and about. Red approaches new situations and people with confidence, making him a relaxed and enjoyable companion to spend time with. Because of his calm temperament and confident nature when meeting new people, Red would be best suited to a home with children aged 12 years and older. He would thrive in a home where he can enjoy companionship, gentle affection, and a comfortable place to relax after his daily walks and adventures. Meet Red by appointment at Western Sydney.","red-13",""
"2022-12-01","Western Sydney (Londonderry)","956000015617416","Bear","2026-06-01","MALE","","Bear is a beautiful 3-year-old Greyhound with a calm, gentle nature. Bear is social around other dogs and could happily live with other Greyhounds or medium-sized dogs. He may also be able to live with smaller breed dogs if the match is right and introductions are handled slowly and thoughtfully. He walks very well on lead and enjoys getting out for daily strolls before returning home for a long nap and some quiet time with his family. A home with older children would suit Bear best, as he would appreciate a calm and respectful environment where he can feel comfortable and settled. He would also love a home with a secure backyard where he can stretch his legs, relax in the sunshine, and enjoy some outdoor time. Bear is a sweet, adaptable boy who has so much love to give. With his gentle temperament and lovely manners, he is ready to become a cherished member of a lucky family. Meet Bear by appointment at Western Sydney.","bear-22",""
"2022-01-01","","956000007425565","Boof","2026-06-01","MALE","","Boof is a big-hearted boy with an even bigger personality to match. A true “boof head” in every sense of the word, he’s playful, affectionate, and always ready to brighten your day with his goofy charm. This sweet soul enjoys connection, leaning his whole weight into you for a cuddle (greyhound-style hugs are his specialty!). He’s just as happy hanging out with fellow dogs, he loves a good play session and enjoys their company enormously. Boof’s gentle nature and affectionate demeanor make him an all-round delight to have around. He’s the kind of dog who will make you laugh with his antics one moment, then melt your heart the next with his soft gaze and signature lean. If you’re looking for a loyal, loving companion with a playful spirit and a whole lot of personality, Boof is your boy — a true boof head and proud of it! 💛","boof-5",""
"2021-11-01","Western Sydney (Londonderry)","956000013021064","Flossy","2026-06-01","FEMALE","","Flossy is a sweet and gentle greyhound who is looking for a calm, understanding home where she can continue building her confidence at her own pace. She has a soft nature and enjoys spending time with people, often seeking reassurance and quiet companionship from those around her. She walks nicely on lead and enjoys calmly exploring her surroundings, taking everything in with curiosity. While Flossy can be a little unsure in new situations at first, she settles best with patient guidance, predictable routines, and a supportive environment where she feels safe and secure. Flossy gets along well with other greyhounds and would enjoy a relaxed lifestyle with plenty of opportunities to rest, explore, and bond with her new family. She would likely suit a quieter home environment and shorter periods alone while she adjusts to pet life and learns new routines. Due to her level of interest in smaller animals, Flossy is best suited to a home without cats or small pets. Flossy has a kind and affectionate personality and will make a lovely companion for adopters willing to give her a little time and support as she settles into home life. Meet Flossy at Western Sydney!","flossy-6",""
"2021-08-01","Northern Rivers (Grafton, Lismore, Casino)","956000007429906","Noel","2026-06-01","MALE","","Meet Noel 🐾 Noel is a true gentle giant with a heart as big as his long, lanky legs. This handsome boy is incredibly social and has quickly become a crowd favourite thanks to his friendly nature and easy-going personality. He loves meeting new people and is always happy to soak up plenty of pats and attention. Cool, calm, and collected, Noel takes most things in life in his stride. Whether it’s hopping into the car or even enjoying a train ride, he handles new experiences with confidence and ease, making him a wonderful companion for a variety of lifestyles. But every hero has their kryptonite—and for Noel, it’s stuffed toys! The moment he spots one, it’s game on, and his playful, determined side comes to life. It’s all business when a soft toy is involved, and it’s sure to bring a smile to your face. Noel would thrive in a home where he can be part of the action, surrounded by people who will give him the love and attention he adores. If you’re looking for a sociable, affectionate, and entertaining companion with a playful streak, Noel might just be your perfect match. 💙","noel-2",""
"2022-04-01","Northern Rivers (Grafton, Lismore, Casino)","956000011711701","Missy","2026-06-01","FEMALE","","Meet Missy 🐾 Missy is a gentle, affectionate greyhound with a heart full of love and a calm, easy-going nature. She absolutely adores being around her people and will happily spend her days close by your side, whether that’s relaxing at home or enjoying a quiet outing together. Like many greyhounds, Missy has mastered the art of comfort—her bed is one of her favourite places, and she’s happiest when she can stretch out and enjoy a good snooze after some quality time with her humans. Missy has already shown her adaptable and easy-going personality by taking a train ride in her stride, proving she’s a lovely companion both at home and when out and about. She would thrive in a home where she can be part of the family and spend plenty of time with her people. Missy would also love the company of another friendly greyhound, or a calm medium-to-large breed dog, to share her days with. If you’re looking for a sweet, gentle companion who will bring warmth, quiet companionship, and plenty of love into your life, Missy could be the perfect match. 💛","missy-30",""
"2018-03-01","Western Sydney (Londonderry)","956000009461451","Jasper (Western Sydney)","2026-06-01","MALE","","*I have just gone to foster care!* Jasper is your quintessential low maintenance kinda guy, playful, but shy, and can take time to warm up. An owner who enjoys helping a shy greyhound come out of their shell is the best fit for Jasper. He likes slow adventures, where he can take things in at his own pace. He likes his quiet time and down time, and enjoys settling down when things are chill, and will go to his crate when he wants some time out. A house with a yard, in a quiet part of town, with a low dog population when out and about would suit Jasper perfectly as he can become overwhelmed with too much happening out and about. He loves all things food and puzzle enrichment, so a home that will provide ongoing mental stimulation in lieu of walkies and adventures will be Jaspers best match. Jasper is polite with other dogs his size at the adoption centre, and could live with one, however not a requirement. Meet Jasper at Western Sydney.","jasper-western-sydney",""
"2021-10-01","Central West (Bathurst/Dubbo/Coonabarabran)","956000011646138","Silver","2026-06-01","MALE","","Meet Silver✨ Just like his name, Silver has a stunning silverish coat that truly makes him stand out from the crowd. Paired with his calm and easy-going nature, this handsome boy is as lovely on the inside as he is on the outside. Silver enjoys a pat and spending time with his people, but he’s also more than happy to relax on his own and enjoy a peaceful snooze. With his chilled personality and gentle nature, he would make a beautiful companion for someone looking for a laid-back best friend. Even better, Silver gets along well with small dogs too!","silver-4",""
"2017-12-01","Central West (Bathurst/Dubbo/Coonabarabran)","956000009591500","Azzi","2026-06-01","MALE","","🤍 Meet Azzi Azzi is a beautiful older gentleman with the sweetest soul and a gentle nature that’s impossible not to love. He’s calm, affectionate and happiest simply spending time with his people, making him the perfect loyal companion to share your days with. Great with small dogs, Azzi has a kind and easy-going personality that would suit a home looking for a relaxed best friend. With his soft eyes and loving nature, this lovely boy is ready to enjoy the retired life full of comfort, companionship and plenty of love.","azzi-1",""
"2023-01-01","Central West (Bathurst/Dubbo/Coonabarabran)","956000014956830","Indie","2026-06-01","FEMALE","","Meet Indie 🌸 Indie is a beautiful quiet girl with a gentle nature and kind soul. While she may take a little time to feel comfortable in new surroundings, once she trusts you her sweet personality really begins to shine. She’s the kind of girl who will form a special bond with her people and happily keep you company by your side. With her calm presence and soft nature, Indi would love a patient home where she can settle in at her own pace and grow into the loyal best friend she’s meant to be.","indi-3",""
"2024-04-01","Central West (Bathurst/Dubbo/Coonabarabran)","956000015545344","Millie","2026-06-01","FEMALE","","Meet Millie! 🐾 With her adorable floppy ears and playful personality, Millie is sure to make you smile. She absolutely loves her toys and enjoys a good play, bringing plenty of happy energy wherever she goes. Behind her cheeky side is a sweet girl who, with a little time to settle in, will become your loyal little bestie.","millie-9",""
"2021-09-01","Riverina (Wagga, Temora, Gundagai, Griffith)","956000013018510","Mia","2026-06-01","FEMALE","","Meet Mia - a calm, confident and affectionate girl who has been happily living as part of the family, sharing her space with other greyhounds and enjoying the comforts of indoor life, too - especially naps on the couch and a 7-year-old’s bed! She is a relaxed, friendly girl who absolutely loves attention and a good pat. Easy to walk and a pleasure to have around, Mia enjoys her daily strolls, outdoor time and playing with her toys. She has also been introduced to labradors and even a cat, taking it all in her stride without concern. Mia would make a wonderful family companion. She is used to children, other pets, and spending most of her day happily lounging around and relaxing. If you’re a couple or single looking for an easy-going friend or a retiree wanting a loving companion, Mia could also be the perfect fit.","mia-13",""
"2022-04-01","Southern NSW/ACT (Bulli, Nowra, Goulburn, Canberra)","956000011330121","Snowy Rules","2026-06-01","FEMALE","","Snowy truly lives up to her name — a gorgeous, active girl with a huge zest for life and a love for adventure. Whether she’s zooming around the yard, splashing in the dam, or exploring the outdoors, Snowy thrives in an environment where she can stretch her legs and enjoy an active lifestyle. Raised on a property, Snowy has experience around a wide variety of dogs and gets along beautifully with all shapes and sizes, from tiny whippets and fluffy groodles through to fellow hounds. She’s also great with children, making her a wonderful option for a fun-loving family home. A true water baby at heart, Snowy’s favorite days are spent swimming, running, and soaking up the outdoors before settling down with her people. She would love a home that can continue giving her plenty of exercise, enrichment, and adventures to keep her happy and thriving. With her stunning looks, friendly personality, and energetic spirit, Snowy is ready to become someone’s perfect active companion.","snowy-rules-1",""
"2021-08-01","Southern NSW/ACT (Bulli, Nowra, Goulburn, Canberra)","956000012931680","Jake","2026-06-01","MALE","","Jake, also known as “Taw Commander,” is a striking young boy bursting with personality, enthusiasm, and charm. Extremely social with people, Jake thrives on human interaction and forms strong bonds with his handlers, listening well and loving being part of the action. A playful and energetic lad, Jake would suit an active home that can keep up with his zest for life. While he absolutely adores playtime, he can be a little unaware of his own size and strength, so he would be best matched with medium to large canine companions. He’s already proven himself capable of making great doggy friendships — his best mate is a Rottweiler! Jake has been acclimated to life inside the home and is looking for a family who will include him in their daily adventures, whether that’s walks, outings, or relaxing together after a fun-filled day. With his stunning looks, affectionate nature, and larger-than-life personality, Jake is sure to make an unforgettable companion.","jake-9",""
"2020-06-01","Western Sydney (Londonderry)","956000007826476","Emma","2026-06-01","FEMALE","","Emma is a little in size and big on personality! She is bright, fun-loving and an affectionate. She thrives around people and is incredibly friendly with medium to large dogs, often enjoying their company so much that she would likely love a canine companion in her future home. Because Emma can get a little enthusiastic and excitable during play, any dog friend would need to be tolerant and easy-going. While she can be energetic, Emma also settles beautifully indoors once she has had the chance to exercise and unwind making her suitable for apartment living with an active lifestyle. Some hours alone are suitable as a solo pet but an outlet for enrichment and stimulation is best suited. Due to her lively nature, she would be best suited to older klds. Meet Emma at Western Sydney.","emma-9",""
"2024-02-01","New England","956000017145953","Arlo","2026-06-01","MALE","","Arlo is an affectionate boy with a beautiful brindle coat. He’s a soft, social soul who adores being around people and thrives on gentle attention. At almost two years old, he’s in that perfect stage—playful and curious but already calm and well‑mannered. This sweet boy has a patient, gentle nature that makes him well-suited to families with children. He enjoys being involved in family life and loves soaking up pats, ear scratches, and cuddles from little humans. He also loves to play with other medium to large dogs. 🏡 Ideal Home Arlo would thrive in a home that: Enjoys daily walks, playtime, and plenty of affection Understands the needs of a young greyhound—soft beds, gentle routines, and occasional goofy antics ❤️ Why You’ll Love Him Arlo is all heart. He’s the kind of dog who bonds deeply, follows you with those big soulful eyes. Whether he’s snoozing in the sun, trotting happily beside a dog buddy, or leaning in for a cuddle, Arlo brings warmth and joy everywhere he goes.","arlo-4",""
"2023-02-01","Riverina (Wagga, Temora, Gundagai, Griffith)","956000015946227","Foxy","2026-06-01","MALE","","Foxy is a happy, playful and handsome blue boy with a big heart and an even bigger love for pats and cuddles. He enjoys his walks and is great on the lead, making him a lovely companion for an active family. Foxy has spent time both indoors and outdoors and been around the family children aged 9 and 12 years daily, as well as the 2.5-year-old under supervision. He’s friendly and social with other dogs too, getting along well with a pet dachshund, a pointer, and other greyhounds. Tigress has been his yard mate. With his affectionate nature, playful personality, and easy-going temperament, Foxy would suit a family looking for a fun, loving companion to include in everyday life.","foxy-5",""
"2023-05-01","Hunter Valley Mid Coast (Maitland/ Muswellbrook/Newcastle/Forster)","956000015766266","Red","2026-06-01","MALE","","Meet Red ❤️ Say hello to Red – a tender-hearted boy with a sweet soul and the most soulful eyes you’ve ever seen. Red may be a little reserved at first, but once he feels safe and settled, he shows his loving personality in the most heartwarming ways. Red is great with other greyhounds and enjoys their calm, familiar company. He’s also been around smaller dogs – he just may need a slower, thoughtful introduction to build his comfort and confidence. With the right introductions and guidance, he’s more than happy to share his space with gentle doggy friends. Red has been around children in a home environment and handles it well with his naturally gentle nature. However, due to his shy disposition, a quieter home – perhaps with older, dog-savvy kids – would be the best match for him. He thrives in calm, predictable spaces where he can truly feel at ease. Red can be a bit nervous when meeting new people or exploring new situations, but give him time and patience, and you’ll be rewarded with the trust and love of a truly special dog. He prefers to interact on his own terms – not pushy or demanding, just quietly curious and kind. Red enjoys his peaceful moments, lounging nearby, quietly observing, and choosing when to come over for a little affection or company. His independence, mixed with his loving nature, makes him a calm and comforting presence in the home. Red would thrive in a gentle, patient home where he can settle in at his own pace and build trust with his new family. He doesn’t ask for much – just kindness, understanding, and a safe space where he can be himself. In return, you’ll get a loyal, loving companion with the sweetest heart.","red-11",""
"2021-02-01","Western Sydney (Londonderry)","956000011639696","Pablo","2026-06-01","MALE","","Pablo is a beautifully relaxed and gentle companion with a calm nature that makes him a joy to spend time with. Whether he’s out on a walk or relaxing quietly at home, he carries himself with patience, ease, and an easygoing confidence that instantly makes people feel comfortable around him. One of Pablo’s greatest loves in life is toys. He absolutely adores playing, especially a fun game of fetch, and happily joins in whenever there’s an opportunity for playtime. His playful side is balanced perfectly by his calm temperament, making him just as content to settle independently and enjoy peaceful moments once the excitement is over. Pablo would thrive best in a home where he can be the sole animal or with a medium to large breed dog and receive all of the love and attention. He truly enjoys human company and forms lovely connections with the people around him. Meet Pablo in Western Sydney.","pablo-2",""
"2018-11-01","Western Sydney (Londonderry)","956000006355015","Louie","2026-06-01","MALE","","Louie is a gentle, low maintenance, laid back and quiet soul. If you're looking for a laid back senior greyhound, Louie might be perfect for you. Louie enjoys life in the slow lane and is looking for someone to spend quiet time with. Louie is a lovely greyhound who loves mingling with other dogs his size, settles well alone and would love a home with indoor outdoor access where he can independently alternate between exploring outside and resting on beds indoors. A solo pet home is best suited. He is suitable with older/respectful kids and dreams of a backyard/courtyard to snooze in. He would like a flat home without stairs, as he is still learning how to navigate staircases. Louie is a sweet gentleman and he hopes you come to meet him soon. Meet Louie at Western Sydney.","louie-3",""
"2020-08-01","Western Sydney (Londonderry)","956000011574916","Autumn","2026-06-01","FEMALE","","*I have just gone into a foster home - stay tuned for updates* Gorgeous red fawn girl Autumn is looking for her forever home! Autumn is a playful, affectionate girl well suited to fun-loving adopters! She absolutely loves playing with her squeaky toys, going for short sniffari-style walks and wriggling her way on to your lap for snuggles! Autumn is well behaved indoors and doesn't mind spending a few hours alone during the day, making her a good match for apartment/unit (no stairs please!) dwellers who are looking for a companion to spend time with after work. She would also suit respectful kids who enjoy a fun, sweet dog. She is more of a people dog and would prefer not to share her new home with other animals. She would like all the love and attention for herself! Beautiful Autumn will love you for more than just the season - she will be your bestie for life! Apply online to take her home.","autumn-1",""
"2022-09-01","","956000014888279","Tokyo","2026-06-01","FEMALE","","Tokyo is a stunning girl with a gentle soul. Initially shy, once she learns to trust you she forms a beautiful bond and looks to her favourite person for comfort and companionship. She loves stretching her legs and zooming around open spaces, but is equally happy curling up on the couch for a peaceful afternoon. Tokyo would thrive in a calm, quiet home with someone patient enough to let her blossom at her own pace. In return, she’ll reward you with loyalty, affection, and her striking good looks.","tokyo",""
"2020-03-01","Western Sydney (Londonderry)","956000007831124","Rusty (Western Sydney)","2026-06-01","MALE","","Rusty is a gentle soul with a quiet nature and a heart that slowly but surely opens once he feels safe and comfortable. He may take a little time to warm up to new people, but he is making wonderful progress with meeting strangers. Once he settles into his home, Rusty becomes the ultimate companion. He loves being near his people and will happily follow you from room to room like your own loyal shadow. He forms strong bonds with those he trusts and enjoys sharing calm moments together, especially when food is involved. Rusty’s love of snacks definitely shines through once he feels relaxed and confident around you. Rusty would thrive in a calm and predictable household with older children who can respect his gentle nature and give him the space he needs while settling in. He would also benefit from living with a calm large breed dog or another greyhound, as the company of a steady canine friend helps him feel more secure and confident. Behind his quiet exterior is a sweet, affectionate boy who simply wants to feel safe, loved, and included. For the right home, Rusty will become a devoted and loving companion who will be by your side every step of the way. Meet Rusty in Western Sydney.","rusty-14",""
"2021-08-01","Western Sydney (Londonderry)","956000007424877","Eddy","2026-06-01","MALE","","Eddy is a sweet, gentle and quiet boy looking for a family to thrive in. He might be going a little grey in the face but he is full of cuddles, life and happiness and can't wait to have a family to share his life with. He warms up with those he's confident with and would do best with a backyard/courtyard for sunbaking and sniffing the breeze with the occasional zoomie. He would suit a home with respectful/quiet kids and even a doggie friend or two! Eddy hasn't seen a lot of the world yet and would thrive with a home who is looking to show him all things pet life. He is very eager to please, friendly and sweet... Eddy can't wait to meet you and become a beloved family pet! Eddy is available at the Western Sydney adoption centre.","eddy-6",""
"2022-02-01","Western Sydney (Londonderry)","956000007431302","Choppy","2026-06-01","MALE","","Choppy has been in a foster care home, they say he is ""one of the sweetest boys you will ever meet"". The say he is goofy, loves squeaky toys, and that play is his love language. He will bounce a ball before you throw it, show off his helicopter tail and he will never say no to a good pat, and will be friendly to everyone he meets"" He's social, loves food and walks lovely on the lead too making you forget he is a large breed dog. He has shown to be OK in a crate too. A house with a yard/courtyard, some hours alone as a solo dog or a home with a dog friend/s would be a great fit. He's friendly and seeks attention, so shorter hours alone while he first settles in would suit best. Choppy would love a home with kids who can play with him, someone home to keep him company or another dog, but can do longer stretches of alone time when needed as seen in foster. He's learnt things like heel, stop, waiting for meals, toilet training and in home manners. He is a gentleman through and through. Choppy is at Western Sydney.","choppy",""
"2020-11-01","Western Sydney (Londonderry)","956000007364060","Ellie (Western Sydney)","2026-06-01","FEMALE","","I have just finished up my foster care time! Read my foster update: ""She was very shy at first & took to me quite quickly. It’s taking a little longer with others though. Ellie loves her walks in the mornings & afternoons & loves her toys, treats & new bed. We have started work on coming when she is called which she does do sometimes. Ellie is a beautiful, gentle girl who loves doing short zoomies in the backyard, walks in the mornings & afternoons and being with you for the rest of the day. She is also toilet trained and ok to stay in the yard on her own all day if necessary. She will make a great companion for her adoptive family."" Ellie loves her treats and her toys and we have found it to be a super rewarding experience to win her over! She may even delight you with her spontaneous joyful zoomies (that last approximately 7 seconds before she needs a nap). Ellie would suit a relaxed and laid back home and lifestyle and would love a backyard or courtyard to call her own. She is happy to share her home with another big or small dog, or could spend a few hours chilling alone during the day as a single dog. In foster she could be left for multiple hours. Older, respectful kids/teens are suitable, provided they can give Ellie space when she needs a break. If you think you can give Ellie the loving home she deserves, apply online today to adopt this sweet girl! Available at Western Sydney.","ellie-12",""
"2022-09-01","Central West (Bathurst/Dubbo/Coonabarabran)","956000014812070","Warren","2026-06-01","MALE","","Meet Warren 🐾 The lovable goofball who’s guaranteed to steal your heart and keep you laughing along the way. This happy boy loves a play, enjoys being by your side, and is just as content stretching out for a big snooze afterwards. With his fun personality and easy-going nature, Warren is the perfect mix of playful best mate and laid-back companion.","warren",""
"2022-11-01","Central West (Bathurst/Dubbo/Coonabarabran)","956000014887050","Jackson","2026-06-01","MALE","","Meet Jackson🐾 A joyful boy with a big personality and an even bigger smile! Full of life and always ready to brighten your day, Jackson has a fun-loving nature that will keep you smiling. Whether he’s being goofy, bouncing around happily, or just enjoying the moment by your side, this sweet guy brings a whole lot of happiness wherever he goes.","jackson-1",""
"2022-12-01","Central West (Bathurst/Dubbo/Coonabarabran)","956000014881925","Mumbles","2026-06-01","MALE","","Meet Mumbles 😄 A happy, friendly boy with the funniest personality and plenty of charm. While he loves being around his people and making you smile with his goofy nature, he’s just as happy relaxing by your side and enjoying the quieter moments too. Mumbles is the perfect mix of fun companion and goofy best friend.","mumbles",""
"2023-05-01","Central West (Bathurst/Dubbo/Coonabarabran)","956000015744107","Freddy","2026-06-01","MALE","","Meet Freddy 😄 The fun-loving goofball guaranteed to keep you smiling. With his cheeky personality and playful nature, Freddy loves being by your side and getting involved in whatever you’re doing. Whether he’s making you laugh with his silly antics or soaking up attention from his humans, this happy boy brings plenty of personality wherever he goes. Freddy is the kind of companion who will quickly become your shadow and your daily dose of entertainment.","freddy-2",""
"2023-02-01","Central West (Bathurst/Dubbo/Coonabarabran)","956000015033198","Chubbs","2026-06-01","MALE","","Meet Chubbs 💙 Chubbs is a gentle soul with a beautiful smile and an even sweeter personality to match. This lovely boy is happiest simply being by your side, whether it’s joining you for a stroll, relaxing at home, or soaking up affection from his humans. With his calm nature and companionable personality, Chubbs is the kind of dog who will quickly become your loyal best friend.","chubbs",""
"2022-09-01","Southern NSW/ACT (Bulli, Nowra, Goulburn, Canberra)","956000011359557","Fran","2026-06-01","FEMALE","","Fran is a lovely dynamic girl. She enjoys playing and just being your company. She loves a treat, she loves to stretch out to start the day and then she is happy to lounge around for the rest of the day. She gets on well with dogs of all shapes and sizes. She also shows signs of being cat workable.","fran-17",""
"2020-02-01","Western Sydney (Londonderry)","956000007827544","Blue (Western Sydney)","2026-06-01","MALE","","Blue is a uniquely patterned white and blue boy, who is gentle in his middle age. Blue is laid back, travels well, settles calmly, who has an overall charming and relaxed manner. On lead, he walks nicely without pulling, and can be shy around new people but likes to take treats and slowly warm up to you. Older kids with dog experience would be best suited. Blue is good with other dogs, showing relaxed body language and polite greetings with medium to large dogs. His favourite breed is Labradors! Overall, Blue is a kind, polite greyhound who will thrive in a quiet, understanding home where he can continue to build confidence and settle into a relaxed routine. Blue is available at Western Sydney.","blue-western-sydney-1",""
"2023-09-01","Central West (Bathurst/Dubbo/Coonabarabran)","956000016760806","Achilles","2026-06-01","MALE","","Meet Achilles Achilles is a fun-loving boy who brings the perfect mix of playful energy and laid-back charm 💙 He loves soaking up pats, spending time with his people and having a bit of fun, but he’s just as happy stretching out for a nap and enjoying the quiet life afterwards. With his sweet nature and easy-going personality, Achilles would make a wonderful companion and could also live with small dogs.","achilles",""
"2020-07-01","New England","956000007837152","Eleanor","2026-06-01","FEMALE","","Eleanor is a beautiful 5-year-old black greyhound with a fun personality. Known for her sweet nature and playful spirit, she brings a perfect balance of calm affection and bursts of joyful energy to every day. Don’t be fooled by her graceful, elegant appearance Eleanor loves to play! Whether she’s zooming around the yard in classic greyhound fashion or chasing after her favourite toy, her playful side shines through in the most delightful ways. She has a happy, light-hearted energy that’s impossible not to smile at. At heart, though, Eleanor is a sweetheart. She enjoys quiet moments just as much as playtime, happily leaning in for pats, cuddles, and companionship. Her gentle temperament makes her a wonderful friend, and she connects easily with people through her calm, loving presence. Eleanor is the kind of dog who brightens a room simply by being in it—playful when it’s time for fun, and soft and affectionate when it’s time to unwind. A true greyhound gem. 💫","eleanor-1",""
"2021-01-01","Western Sydney (Londonderry)","956000011717189","Umar","2026-06-01","MALE","","Umar is a confident and outgoing greyhound with a fun-loving personality and a zest for life. He enjoys being part of the action and is always eager to explore his surroundings, making him a wonderful companion for an active household. As a strong and enthusiastic walker, Umar will benefit from a family who can continue guiding him on lead and enjoy getting out and about with him. He thrives in environments where he has space to move, so a home with secure yard access would suit him perfectly. Whether he’s stretching his legs outdoors or taking in the world around him, Umar enjoys keeping busy and being involved in daily life. Umar is social and comfortable around people, happily spending time alongside his humans, although he tends to show his affection in a more independent and relaxed way. He enjoys companionship without being overly demanding and would suit a home that appreciates his easy-going nature. With his bright personality, confident outlook, and active spirit, Umar is looking for a home that will enjoy all the wonderful qualities he has to offer while giving him the space and lifestyle where he can truly thrive. You can meet Umar in Western Sydney.","umar-1",""
"2021-01-01","Western Sydney (Londonderry)","956000007466971","Alvin","2026-06-01","MALE","","Alvin is a gentle and sensitive greyhound looking for a quiet and calm household where he can relax and feel safe. With his quiet nature and sweet personality, Alvin would thrive in a peaceful household with a family who appreciates the softer side of life. He would be best suited to a home with a secure yard where he can stretch his legs, lounge in the sunshine, and enjoy his own space. Alvin enjoys relaxing and is happiest in an environment that is calm and predictable. While Alvin can be a little shy when meeting new people, with patience and kindness he gradually warms up and shows his affectionate and gentle nature. He is a quiet, timid boy initially, but once he feels comfortable, he becomes a lovely companion who enjoys simply being near his people. Because Alvin can be shy around young children, he would be best matched with a household with older children or adults only. A quieter home environment will help him continue to build confidence and feel secure. If you are looking for a calm, sweet-natured companion who enjoys a relaxed lifestyle and just needs a little time to blossom, Alvin could be the perfect addition to your family. Alvin is at Western Sydney.","alvin-2",""
"2023-05-01","Southern NSW/ACT (Bulli, Nowra, Goulburn, Canberra)","956000015756794","Tina","2026-06-01","FEMALE","","Tina, named after Tina Turner is a lovely, friendly and sociable young lass looking for her new best friend. She is extroverted and loves people as well as other dogs and has been raised around other hounds and people of all ages. She has proven herself to be calm and polite in the presence of a zooming whippet and shown a love for learning new things and a curious streak. She is a foodie and will do anything for a tasty treat. She is happy to cuddle all day and would love to adventure with her new family.","tina-14",""
"2023-01-01","New England","956000014816053","Ella","2026-06-01","FEMALE","","Ella is a sweet and playful greyhound with a gentle, loving nature. She has a beautiful temperament and quickly wins hearts with her friendly personality and happy spirit. Whether she’s enjoying a burst of playtime or relaxing by your side, Ella is the perfect mix of fun and calm companionship. One of Ella’s standout qualities is how well she gets along with others. She is wonderfully social and is comfortable around both dogs and cats, making her an excellent fit for a multi-pet household. Her easygoing nature means she settles in quickly and forms strong bonds with both people and furry friends alike. Ella would thrive in a home where she can share her affectionate personality, enjoy regular play, and be part of everyday life. If you’re looking for a gentle, playful companion who brings warmth and joy wherever she goes, Ella could be the perfect addition to your family. 💛","ella-8",""
"2024-03-01","Southern NSW/ACT (Bulli, Nowra, Goulburn, Canberra)","956000015761225","Dua","2026-06-01","FEMALE","","Meet Dua — a sweet, sensitive soul with a goofy streak that will keep you smiling every day. Initially a little shy, Dua quickly shows her true colours once she feels safe: affectionate, funny, playful, and always ready for a cuddle with her favourite human. Too slow for the racing world but perfectly suited to family life, Dua still loves to zoom around the yard and entertain everyone with her silly energy and lovable personality. She enjoys exploring new environments with a trusted companion by her side and is a very clever girl who likes to keep herself busy. Dua is searching for a calm, quiet home where she can truly relax and enjoy the simple things in life. She would thrive with another calm dog for company and companionship. Due to her impressive problem-solving skills and history of finding creative escape routes just to visit her hound friends, Dua will require a secure, fully fenced yard. If you’re looking for a loyal best friend who will make you laugh, snuggle close on the couch, and bring endless love into your life, Dua may just be your perfect match.","dua",""
"2022-12-01","Southern NSW/ACT (Bulli, Nowra, Goulburn, Canberra)","956000014907969","Kane Conquest","2026-06-01","MALE","","Meet Kane — a striking brindle boy with a huge heart and an even bigger love for people. This energetic sweetheart is all about attention, affection, and being close to his humans. Whether he’s splashing around in the water, happily settling into his crate for a car ride, or recalling enthusiastically to his name, Kane is eager to be involved in whatever you’re doing. Kane would thrive with an owner who can continue guiding him with structure and consistency. He’s best suited to an adult-only, single-dog home where he can soak up all the love and attention for himself. While he’s shown calm and appropriate interest through a small fence with a puppy, he’s happiest as the center of someone’s world. He takes food gently, travels well, and has an affectionate, soft nature that quickly wins people over. Kane is an absolute lover who just wants connection and companionship. If you’re looking for a loyal best mate with personality, affection, and a zest for life, Kane could be your perfect match.","kane-2",""
"2020-08-01","Western Sydney (Londonderry)","956000011586352","Charlie","2026-06-01","MALE","","Charlie is a sweet, dog social boy with a sweet personality to match his handsome looks. His happy personality is hard not to fall in love with, and he would suit a home with respectful kids. He lights up every room he enters with his infectious energy and signature grin. Whether he’s heading out for a walk, playing with his favourite toys, or simply soaking up attention, Charlie approaches life with enthusiasm and charm. Charlie enjoys having company around him and would love a home where he can be part of the daily routine and included in family life. One of Charlie’s greatest joys is playtime, especially when squeaky toys are involved. With his good looks, playful spirit, and affectionate nature, he’s sure to make a wonderful addition to a lucky family. Meet Charlie at Western Sydney.","charlie-22",""
"2023-12-01","Western Sydney (Londonderry)","956000013251181","Henry","2026-06-01","MALE","","Henry is a confident, goofy greyhound with a big personality and an even bigger love for people and has spent time around children and small dogs. He’s friendly, affectionate, and always keen for pats, sniffy walks, and hanging out with his humans. He travels beautifully in the car, settles calmly in a crate, and is generally an easy-going lad. Henry absolutely LOVES other greyhounds and would suit a playful dog companion, big or small. He’s social, gentle and full of cheeky charm. Henry is ready to find a home full of comfy couches, snacks, and a family to adore him. Meet Henry at Western Sydney.","henry-11",""
"2021-01-01","Western Sydney (Londonderry)","956000007375252","Eve","2026-06-01","FEMALE","","Eve is a bright, sweet girl with a big personality and an ever-bigger zest for life! She’s the kind of girl who brings energy and joy wherever she goes, always ready for a game, an adventure, or simply some attention from her people. Eve is very social with other dogs and especially enjoys playing with larger breeds and fellow greyhounds. While she can live alongside smaller dogs, she will need calm and slow introductions to help her settle and build confidence around them. Once comfortable, she adjusts well and enjoys having canine company. Having previously lived around small children, Eve would happily suit a family home and has a lovely, friendly nature that makes her easy to adore. She’s also incredibly food motivated, which makes training both rewarding and entertaining (especially if snacks are involved). Whether she’s zooming around with a toy, leaning in for affection, or eagerly waiting for her next treat, Eve approaches life with enthusiasm and sweetness. Eve is simply a lovely girl to be around! She's affectionate, playful, and full of personality. She’s ready to bring laughter, love, and plenty of entertainment to a very lucky home. Meet Eve by appointment at Western Sydney.","eve-4",""
"2021-12-01","Western Sydney (Londonderry)","956000007429012","Bolt","2026-06-01","MALE","","Bolt is a gentle, sweet-natured greyhound with a soft soul and plenty of love to give. While he can be a little reserved when first meeting new people, it doesn’t take long for his affectionate side to come through once he feels comfortable. He’s the kind of dog who builds strong bonds with his people and absolutely blossoms in a calm, supportive environment. He would thrive in a home with a calm medium to large breed dog to keep him company and to build his confidence. Bolt is wonderful to walk and has lovely lead manners, making outings together an easy and enjoyable part of the day. He would be happiest in a home with older children who can respect his gentle nature and give him the space he needs to settle in at his own pace. For someone willing to give him a little time and reassurance, Bolt will reward them with trust, loyalty, and the quiet kind of love that feels extra special because it’s earned. Available at Western Sydney.","bolt-1",""
"2022-12-01","Riverina (Wagga, Temora, Gundagai, Griffith)","956000015733842","Russell","2026-06-01","MALE","","Russell is a friendly, laid-back, and easy-going boy who’s ready to find his forever home. He loves people and has a gentle, affectionate nature that makes him a joy to be around. He’s been wonderful with the household children aged 3 and 7, showing patience and kindness in every interaction. Russell also gets along beautifully with other dogs. He enjoys playtime in the backyard with a Whippet cross and is equally happy socialising with other greyhounds. Whether it’s a relaxed stroll, a bit of play, lounging by your side or in the yard when you're out, Russell is an easy-care companion. He has been living as a pet in the backyard and inside, where he enjoys hopping up on the lounge for a nap or watching some TV when you're home. If you’re looking for a calm, loving dog who would easily into a family or any household life, Russell would be a great match. 💛","russell-1",""
"2022-10-01","Riverina (Wagga, Temora, Gundagai, Griffith)","956000014942476","Em-Jay","2026-06-01","MALE","","Meet Em-Jay - a happy, smoochy boy with a gentle nature and a love for ear scratches and pats. He enjoys a good run around the backyard, but he’s mostly a quiet, easygoing companion who’s happiest relaxing nearby, playing in his shell pool, or simply enjoying the day with his people. Em-Jay loves his street walks and takes in the world at his own pace. He can be a little shy when meeting new people, but once he gets to know you, he’s very happy to soak up affection and attention. Having lived a quiet life in a rural town, Em-Jay would suit a calm home where he can enjoy companionship, downtime, and being part of everyday life - whether that’s gardening, pottering around the yard, or relaxing at home together. He’s happy as an only dog or could live with a calm female dog, such as a Whippet. With his sweet nature, loving smooches, and gentle companionship, Em-Jay is ready to find a home where he can truly belong.","em-jay",""
"2021-05-01","Riverina (Wagga, Temora, Gundagai, Griffith)","956000012867851","Jenny","2026-06-01","FEMALE","","Meet Jenny - a sweet, gentle girl who loves being around people and has a calm, affectionate nature that makes her an easy companion to have by your side. She enjoys car trips, leisurely strolls and walks beautifully on lead, making outings together relaxed and enjoyable. Jenny is well suited to most households and gets along well with children aged 6+, small dogs, cats, and other greyhounds. She has inside living experience and comes with housetraining and crate training already established, making her an easy addition to the home. This lovely girl is low maintenance with short bursts of playful energy. She enjoys toys, responds to her name, and is happiest spending time with her people and relaxing around other dogs. If you’re looking for an easy-care, loving companion with a gentle soul, Jenny could be the perfect match.","jenny-11",""
"2022-11-01","Hunter Valley Mid Coast (Maitland/ Muswellbrook/Newcastle/Forster)","956000015618876","Kermit","2026-06-01","MALE","","Meet Kermit — a loving and affectionate grey with a big personality and an adventurous spirit. Kermit loves exploring the world around him and would thrive with a family who enjoys an active lifestyle and can include him in plenty of fun and daily activities. Curious, social, and full of enthusiasm, he’s always ready to see what’s happening next. Kermit is incredibly people-focused and absolutely adores affection. He can get a little over the top with his excitement, often jumping up for cuddles, kisses, and attention because he simply loves being close to his humans. His playful and affectionate nature makes him a wonderfully entertaining companion who brings plenty of energy and joy into a home. Because of his enthusiastic personality and lively approach to affection, Kermit would be best suited to a family or active household rather than an older adopter. With the right home, he’ll make a loyal, fun-loving companion who will happily shower his people with love every single day.","kermit",""
"2018-10-01","Hunter Valley Mid Coast (Maitland/ Muswellbrook/Newcastle/Forster)","956000006170070","Chewy","2026-06-01","FEMALE","","Meet Chewy — a confident and engaging grey who navigates the world with calm curiosity and an easygoing nature. Chewy enjoys taking in her surroundings and approaches new experiences with quiet confidence, making her a relaxed and enjoyable companion to have by your side. She’s a social girl who likes being involved in family life and forms lovely connections with the people around her. Whether she’s joining in on daily activities, exploring the backyard, or simply relaxing close to her family, Chewy brings a calm and steady presence wherever she goes. Chewy would be well suited to a family home with a yard where she can enjoy space to wander, explore, and unwind. With her confident temperament, gentle curiosity, and engaging personality, Chewy is sure to make a wonderful companion for a family looking for a loyal and easygoing grey to share life with.","chewy",""
"2024-04-01","Hunter Valley Mid Coast (Maitland/ Muswellbrook/Newcastle/Forster)","956000015565291","Pablo","2026-06-01","MALE","","Meet Pablo — an energetic bundle of joy bursting with personality and guaranteed to keep life fun and entertaining. This very cool grey has a big zest for life and loves being involved in whatever is happening around him. Whether he’s zooming around the yard, enjoying playtime, or soaking up attention from his people, Pablo brings enthusiasm and happiness everywhere he goes. Pablo absolutely adores cuddles just as much as he loves to play, giving him the perfect mix of affectionate companion and playful best friend. He thrives on interaction and enjoys spending quality time with his family, making him a wonderful dog for an active household that can match his fun-loving spirit. With his lively personality and energetic nature, Pablo would be best suited to a family lifestyle with a good-sized yard where he can stretch his legs, play, and enjoy regular activity. Full of charm, affection, and character, Pablo is the kind of grey who leaves a lasting impression and will bring endless love and laughter to his forever home.","pablo-3",""
"2022-07-01","Hunter Valley Mid Coast (Maitland/ Muswellbrook/Newcastle/Forster)","956000007467013","Jane","2026-06-01","FEMALE","","Meet Jane — a shy but absolutely adorable girl with a gentle nature and a calm, sweet personality. While she may take a little time to feel comfortable in new surroundings, Jane has all the makings of a loving and loyal companion for a family willing to give her patience, kindness, and reassurance. Jane is a very chilled girl who enjoys a peaceful environment and would thrive in a home where she can settle in at her own pace and gradually build confidence. With a loving and caring family by her side, she is sure to blossom and show more of her affectionate personality as she learns to feel safe and secure. Her relaxed and easygoing temperament makes her well suited to a variety of living situations, whether that’s a house with a yard to enjoy or a quieter unit complex lifestyle. Jane would make a wonderful companion for someone looking for a gentle, low-key grey to share life’s quieter moments with.","jane-6",""
"2022-04-01","Hunter Valley Mid Coast (Maitland/ Muswellbrook/Newcastle/Forster)","991003001973599","Duke","2026-06-01","MALE","","Meet this gentle boy — a sweet and sensitive grey who is looking for a patient and caring adopter to help him feel safe and settled in his new home. While he may be shy at first, with a little time and understanding he begins to build trust and show his lovely personality. Once he gets to know someone, his confidence grows and he becomes a much more relaxed and engaging companion. As he settles in, his playful side starts to shine through, and he enjoys having fun and interacting with those he feels comfortable around. Watching him come out of his shell and gain confidence is incredibly rewarding, and he forms strong bonds with the people who give him the time and reassurance he needs. He has also handled stairs well, showing he can adapt confidently to different home environments. This lovely boy would thrive in a calm, supportive home where he can continue building his confidence at his own pace and enjoy the companionship and security of a loving family.","duke-14",""
"2023-05-01","Hunter Valley Mid Coast (Maitland/ Muswellbrook/Newcastle/Forster)","956000015756336","Adrian","2026-06-01","MALE","","Meet Adrian — a very social and engaging grey with a confident, easygoing nature that makes him a pleasure to be around. Adrian enjoys interacting with people and naturally draws others in with his friendly personality and calm confidence. He’s the kind of companion who settles in quickly and enjoys being included in everyday life. Adrian has shown himself to be very confident in different situations, including being comfortable and capable with stairs, which makes him adaptable to a wide range of living environments. Whether in a busy family home, a quieter household, or a unit setting, Adrian’s relaxed and adaptable temperament means he is likely to thrive wherever he goes. He has also been exposed to younger children and has shown himself to be comfortable around them, making him a lovely option for families looking for a gentle and social companion. With his affectionate nature, confidence, and ability to fit easily into different lifestyles, Adrian is ready to bring companionship, warmth, and plenty of happy moments to his future home.","adrian",""
"2021-01-01","Hunter Valley Mid Coast (Maitland/ Muswellbrook/Newcastle/Forster)","956000007446623","Blaze","2026-06-01","MALE","","Meet Blaze — a confident, outgoing boy with a fun-loving spirit and a heart full of adventure. Blaze loves exploring the world around him and is always eager to see what’s happening, whether it’s heading out for a walk, discovering new places, or joining in on family activities. He’s a social and engaging companion who enjoys being around people and quickly wins everyone over with his friendly nature and charming personality. One of Blaze’s favorite things is playing fetch, and he’ll happily spend time chasing after toys and bringing them back with enthusiasm. He’s playful without being over the top and knows how to enjoy both active moments and relaxed downtime. Blaze also gets along beautifully with other greys, making him a wonderful addition to a home with canine companions or regular doggy playdates. With his confident nature, affectionate personality, and easygoing social skills, Blaze is the kind of dog who brings warmth, fun, and companionship wherever he goes.","blaze-9",""
"2022-10-01","Southern NSW/ACT (Bulli, Nowra, Goulburn, Canberra)","956000014886598","Angel","2026-06-01","FEMALE","","Angel is a lovely and beautiful blue fawn girl. She is confident and social, she relaxes well around other dogs regardless of size or breed. Great with kids and is good on the lead.","angel-12",""
"2022-03-01","Southern NSW/ACT (Bulli, Nowra, Goulburn, Canberra)","956000011352527","Rich","2026-06-01","MALE","","The handsome laid back gentleman lives on the south coast and has had a wealth of exposure to a range of different animals, mixed breeds of dogs and cats to name a few. He is great with all sized and aged people and is a happy confident boy.","rich-3",""
"2015-01-01","Western Sydney (Londonderry)","956000004012841","Macaroni","2026-06-01","FEMALE","","Macaroni is in a foster care home in an apartment - Foster Update: ""Everything has been going so well with sweet Macaroni, she’s truly been such an angel. As first-time fosters for a senior greyhound, we were a little nervous at first, but she has been nothing but gentle, loving, and easy to care for. She is also incredibly well toilet-trained, in the week we’ve had her, she has only toileted outside and hasn’t had a single accident indoors. Each day she’s been growing more comfortable and showing more of her sweet personality. She now gets excited for her morning and afternoon toilet walks, and around lunch and dinner time she’ll happily wag her tail and do little jumps of excitement. For an older girl, it’s so lovely to see those playful moments still shine through. As she settles in, Macaroni has also become more affectionate and enjoys being closer to her people throughout the day. We think once fully comfortable, she’ll become a true little love bug. I think Macaroni would thrive in a calm and loving home with someone who enjoys a quieter lifestyle and would love a gentle companion to relax alongside. She’s very brave and easygoing, sounds, music, cars, and general day-to-day activity don’t seem to bother her at all. She loves having cozy spots around the house to nap and sleeps peacefully through the night."" ----------------------------------- Macaroni is a gentle, quiet and independent little old lady who is happy to do her own thing. She is ultra calm, loves treats, is well mannered and oh so sweet and laid back. Once she knows you she will put her head on you for a pat. She would be best suited to an only-pet home as she prefers down time and chilled out vibes. She is apartment suitable, showing lovely toileting manners when indoors in our office all day, happy to snooze the day away then wake up to tell us it's toilet time. At 11 years young, it goes without saying that a quiet lifestyle and less brisk activity is best suited, as well as a home without stairs. Older/quiet kids are best suited as she loves to relax. She is very laid back and has been left alone for long stints in the office and done well so full time workers are suitable. She loves to sunbake so she can't wait to find the sunny patch at your place! Meet Macaroni by appointment with her foster family at Western Sydney.","macaroni-1",""
"2023-11-01","Northern Rivers (Grafton, Lismore, Casino)","956000015938031","Hilda","2026-06-01","FEMALE","","Meet Hilda – Beauty, Charm, and a Whole Lot of Heart 🐾 Hilda is a stunning 3 ½-year-old female greyhound who truly has it all — the looks, the personality, and the sweetest nature you could hope for. With her graceful elegance and gentle soul, she turns heads wherever she goes, but it’s her loving heart that will truly win you over. Hilda is a friendly, affectionate girl who adores being around people. She thrives on companionship and loves nothing more than spending quality time with her humans, whether that’s a relaxed afternoon by your side or a playful moment in the yard. Her happy, playful nature makes her a joy to have around, and she brings a lovely energy into every home she visits. Social and well-mannered, Hilda gets along beautifully with other dogs, making her a wonderful addition to a home with an existing canine companion or one where she can enjoy regular doggy friendships. Hilda is looking for a loving family who will welcome her as a treasured member of the household. She would flourish in a home where she can be included in daily life, given plenty of affection, and, of course, a little bit of spoiling (which she absolutely deserves!). If you’re searching for a loyal companion with a gentle spirit and a playful heart, Hilda might just be the perfect match. 💕","hilda-2",""
"2022-04-01","Western Sydney (Londonderry)","956000011370902","Mary","2026-06-01","FEMALE","","*Hi, I'm in a foster care home looking for my forever home!* Mary is a sweet, shy greyhound who is still building her confidence and would suit a calm home. She has been around children aged 6, 8, and 11 years old so she may suit a home with respectful, dog-savvy kids. Mary walks well on lead and after she settles in we think she'd love to get out and about on walks. She enjoys exploring and engaging with her environment so a house with a yard/townhouse size yard is best suited. Shorter hours alone is best suited. Socially, she is polite with other dogs and could live with a medium to large breed dog. Overall, Mary is a gentle greyhound who will thrive in a quiet, understanding home where she can build confidence at her own pace and gradually grow into a relaxed, affectionate companion. Mary is available at Western Sydney!","mary-10",""
"2022-04-01","Western Sydney (Londonderry)","956000011330719","Ernie","2026-06-01","MALE","","*Ernie is in a foster care home with a small dog - check in soon for updates!* Ernie is a small and shy boy who has made a lot of progress at the adoption centre. He is looking for a special home who will nurture him and continue his confidence building. He requires a family willing to take things slow with him as we have here. He would thrive as a solo dog with a 1-2 adults at home, or a calm dog to keep him company. He could spend a few hours alone or longer, with a secure yard or courtyard. He is very sweet, cuddle and adorable once he trusts you (see photos of all his cuddly moments!). It will be a highly rewarding journey for whoever adopts our special boy Ernie. He loves lying on blankets in the garden, sitting in his shell pool and cuddling you once he knows you. Meet Ernie by appointment at Western Sydney.","ernie-7",""
"2023-01-01","Southern NSW/ACT (Bulli, Nowra, Goulburn, Canberra)","956000014914471","Tilly","2026-06-01","FEMALE","","Tilly is a sweet and affectionate greyhound with a calm nature and a love for family life. A true water baby, she absolutely loves swimming in the dam and would thrive in a home where she can enjoy outdoor adventures and plenty of companionship. Tilly is polite and relaxed around other dogs, both big and small, and has experience living around farm animals, puppies, and children. Her gentle temperament and adaptable personality make her a wonderful candidate for a variety of homes. She loves affection, enjoys being close to her people, and responds well to her name when called. Tilly’s loving and easy-going nature shines through in everything she does, making her a beautiful companion both at home and out exploring. Tilly is now searching for a caring forever family who will cherish her kind heart, playful spirit, and love of life.","tilly-8",""
"2022-05-01","Southern NSW/ACT (Bulli, Nowra, Goulburn, Canberra)","956000014529709","Spud","2026-06-01","MALE","","Spud is a fun-loving boy with a big personality and an even bigger heart. Gregarious and excited when he first meets people, he settles quickly and shows just how affectionate and easy-going he really is. One of Spud’s favorite things in the world is toys — he absolutely loves them and proudly shows them off to everyone he meets. His playful nature and happy enthusiasm make him a joy to be around. He is a water baby who loves swimming with his friends! Spud has been raised around farm animals and is good with small dogs, showing polite manners around both food and toys. He is comfortable with being patted all over, travels well, and settle's nicely crate, demonstrating a calm and adaptable side once he relaxes. Full of character, Spud is looking for a home that will enjoy his playful spirit, loving personality, and entertaining charm. He is ready to become a loyal and much-loved companion.","spud-6",""
"2023-05-01","Southern NSW/ACT (Bulli, Nowra, Goulburn, Canberra)","956000015748192","Star","2026-06-01","MALE","","Meet handsome ✨ Star ✨ Star is a stunning male greyhound who is ready to find a loving forever home after deciding racing life just wasn’t for him — he was simply far too slow, but what he lacks in speed he more than makes up for in personality. Star has shown lovely manners around other dogs, including great interactions with Noodle the whippet. He is very easy-going, gentle boy to have around. Unlike some greyhounds, Star isn’t overly food motivated, but he absolutely loves toys and enjoys watching his canine friends zoom around and play. He is calm, observant, and happy to engage at his own pace. Star would suit a home looking for a relaxed, sweet-natured companion who enjoys company, enrichment, and a soft place to land. He’s ready to swap the racetrack for the couch and become someone’s best friend.","star-13",""
"2021-11-01","Western Sydney (Londonderry)","956000013341855","Fred","2026-06-01","MALE","","Meet Fred ! A loyal, intelligent boy looking for a calm and confident home where he can truly thrive. ❤️ Fred is searching for an experienced and understanding owner who can provide clear boundaries, consistency, and the confidence he needs to feel secure. Once he builds trust, Fred forms strong bonds with his people and loves being included in daily life , especially if it involves attention, companionship, and a comfy place to relax nearby. While Fred can be social with medium to large dogs out and about, he would much prefer a home where he can soak up all the love and attention for himself as the only dog in the household. Fred has the ability to gradually work up to being left alone for full-time hours with the right routine and settling period, making him a great companion for someone willing to give him time to adjust and feel comfortable in his new environment. Due to his needs, Fred would be best suited to an adult-only home or one with older, dog-savvy children who understand how to respectfully interact with dogs and can help maintain a calm household environment. For the right person, Fred will be an incredibly rewarding companion — loyal, affectionate, and ready to find a home where he can finally relax and belong. 🐾 Meet Fred at Western Sydney Adoption Centre","fred-8",""
"2021-02-01","New England","956000007464935","Nugget","2026-06-01","MALE","","Nugget is an absolute goofball who is guaranteed to keep you smiling every single day! This fun-loving greyhound has a big personality and an even bigger love for life, he’s always ready to be right in the middle of whatever’s going on. Full of playful energy, Nugget thrives on interaction and loves being part of the action. Whether it’s a game, a walk, or just hanging out with his people, he’s happiest when he’s included. His silly antics and cheeky charm make him endlessly entertaining, and he’s always finding new ways to make you laugh. Despite his playful nature, Nugget also has a sweet side and enjoys spending time with his humans, soaking up attention and companionship. He’s the kind of dog who brings joy, laughter, and a whole lot of personality into the home. If you’re looking for a fun, lively companion who will keep life exciting and full of love, Nugget is your guy","nugget-4",""
"2020-10-01","New England","956000007828081","Tiger","2026-06-01","MALE","","Tiger is a handsome boy with a calm, confident presence that makes him stand out from the crowd. True to his name, he carries himself with quiet strength, but underneath it all is a cruisey, easygoing companion who takes life in stride. Nothing much fazes Tiger. He approaches new situations with confidence and settles in quickly, making him a wonderful choice for someone looking for a relaxed, low-fuss dog. Whether he’s out enjoying a leisurely stroll or simply watching the world go by, Tiger is happiest when he can just cruise along at his own comfortable pace. He has a gentle, laid-back personality and enjoys the simple things, good company, a soft place to rest, and a bit of affection from his humans. Tiger isn’t demanding; he’s content to be by your side, offering quietly loyal companionship. If you’re looking for a steady, confident greyhound with a chilled-out vibe and a heart of gold, Tiger could be your perfect match","tiger-17",""
"2021-07-01","New England","956000011711790","Felix","2026-06-01","FEMALE","","Felix is a beautiful greyhound girl with a playful spirit and a heart full of love. She brings the perfect balance of fun and affection, making her an absolute joy to have around. Felix is a big fan of toys and loves nothing more than a good play session. Whether she’s happily carrying her favourite toy around or inviting you to join in the fun, her cheerful energy is sure to brighten your day. When playtime is over, Felix is all about the cuddles. She’s a total snuggle bug who adores being close to her people, soaking up pats and enjoying those quiet, cozy moments together. Her gentle, affectionate nature means she forms strong bonds and truly thrives as part of a loving home. Felix really is the best of both worlds—playful, loving, and endlessly sweet. If you’re looking for a wonderful companion who will keep you smiling and shower you with affection, Felix could be the perfect addition to your family.","felix-5",""
"2022-07-01","New England","956000007432092","Jane","2026-06-01","FEMALE","","Jane is a truly special greyhound with a gentle nature. Affectionate, playful, and incredibly sweet, she’s the kind of dog who effortlessly wins over everyone she meets. She adores being close to her people, happily leaning in for cuddles and soaking up every bit of attention she can get. Her loving personality makes her a wonderful companion, always ready to offer quiet comfort or a warm presence by your side. But Jane also has a playful spark! She enjoys her moments of fun, whether it’s a light game, a little burst of energy, or simply exploring her surroundings with curiosity and joy. Her balance of playful spirit and calm affection makes her easy to love and even easier to live with.","jane-5",""
"2022-10-01","New England","956000007428543","Betty","2026-06-01","FEMALE","","True to her name, Beautiful Betty is an absolute delight, inside and out. This gorgeous greyhound is bursting with love, joy, and a personality that lights up every room she enters. Betty has a zest for life that’s simply infectious. Whether she’s doing happy zoomies, exploring her surroundings, or soaking up attention from her favorite humans, she approaches each day with enthusiasm and charm. Her affectionate nature means she’s always ready for cuddles, leaning gently in for pats and sharing her sweet, loving presence. She thrives on connection and will quickly become the heart of any home. Betty’s warmth, playful spirit, and gentle soul make her the perfect companion for someone looking for a dog who brings both fun and comfort in equal measure.","betty-22",""
"2020-01-01","Western Sydney (Londonderry)","956000012179419","Sue","2026-06-01","FEMALE","","Meet Sue, a gorgeous 6-year-old black greyhound with a gentle soul and the sweetest little tail wag. This lovely middle-aged lady enjoys quiet exploring, friendly sniffs with other greyhounds, and slowly warming up to her people once she feels comfortable. Sue walks beautifully on lead and has a calm, easy-going nature, though loud environments can make her a little unsure. She’s friendly with other greyhounds and has shown manageable behaviour around small dogs, but she is not suitable for a home with cats. Sue is currently uncomfortable with crates and may need patience and reassurance with transport and confinement. With her soft nature and adorable personality, she’ll make a lovely companion for someone looking for a sweet and gentle best friend. Meet Sue at Western Sydney.","sue-5",""
"2022-01-01","Western Sydney (Londonderry)","956000007424484","Fin","2026-06-01","FEMALE","","Fin is a gorgeous girl looking for a calm, secure home to call her own. She can be quite shy when she first meets you but she responds beautifully to gentle encouragement, comes when called, and gradually relaxes over time. Fin is friendly with big and small dogs, walks lightly on lead, enjoying a sniff around gently and quietly. Once she warms up she likes to do zoomies and likes toys and treats. She is affectionate with other dogs big and small, greeting them softly and politely. Her best suited doggie pal is a medium to large breed. Due to her sensitive nature, she would be best suited to a quieter home without young children. With patience and reassurance, this lovely girl has all the makings of a gentle, perfect greyhound to be your new best friend. Meet Fin at Western Sydney.","fin-5",""
"2019-04-01","Western Sydney (Londonderry)","956000006697306","Wanda","2026-06-01","FEMALE","","Wanda is a gorgeous girl full of plenty of excitement. Pretty girl Wanda is friendly with other greyhounds, though a calm and tolerant companion would suit her best as she has a vibrant streak when around other dogs. She just wants to have fun with them! Being middle aged she is a perfect blend of calm, perky, but laid back when she needs to be. She is also suitable as a solo pet with shorter hours alone at the start of her pet journey. This gorgeous girl is full of love and can't wait to become a pet. If you have a small fully fenced garden, another dog her size, or older fun loving kids for this playful outgoing girl, get in touch with Western Sydney!","wanda-3",""
"2021-04-01","Hunter Valley Mid Coast (Maitland/ Muswellbrook/Newcastle/Forster)","956000007828698","Andy","2026-06-01","MALE","","Meet Andy — a loving and friendly boy who thrives on affection and being close to his people. With a confident and easygoing nature, Andy approaches life with curiosity and enthusiasm, always ready to head off on a new adventure by your side. He enjoys playtime and happily engages with his toys, bringing a fun and lighthearted energy to the home. Andy also walks nicely on the lead, making outings together relaxed and enjoyable for both of you. With his affectionate personality, confidence, and playful spirit, Andy would make a wonderful companion for someone looking for a loyal and engaging dog to share everyday moments and new experiences with.","andy-12",""
"2023-12-01","Hunter Valley Mid Coast (Maitland/ Muswellbrook/Newcastle/Forster)","956000017182640","Bullet","2026-06-01","MALE","","Meet Bullet — a very social greyhound with a friendly, easygoing nature and a love for being part of the action. With medium energy levels, he’s well suited to an active lifestyle, happily joining in on daily walks, outings, and family routines while still knowing how to relax at home. Bullet has been living in a house environment over the past two months and has adapted well to home life. He’s also been interacting with children, showing a comfortable and sociable temperament that makes him a great candidate for a family setting. With his outgoing personality and balanced energy, Bullet is a wonderful companion for those looking for a dog who can keep up with an active routine while also enjoying downtime surrounded by his people.","bullet",""
"2022-11-01","Hunter Valley Mid Coast (Maitland/ Muswellbrook/Newcastle/Forster)","956000011300682","Kirra","2026-06-01","FEMALE","","Meet Kirra — a gentle, small black greyhound with a quietly curious soul. At first, she can be a little reserved, taking her time to understand new surroundings and build trust. Kirra would benefit from some continued training and patient guidance to help her grow in confidence and truly come out of her shell. Once she feels safe and comfortable, though, Kirra’s personality begins to shine. She reveals a playful, fun-loving side that’s full of charm and warmth. Whether it’s engaging in a game, exploring her environment, or simply sharing a moment with her person, Kirra brings a sweet and joyful energy that makes her incredibly special. With the right support and a loving home, Kirra has all the makings of a loyal, affectionate companion who will reward patience with endless moments of connection and delight.","kirra",""
"2023-04-01","Southern NSW/ACT (Bulli, Nowra, Goulburn, Canberra)","956000014886756","Komodo","2026-06-01","MALE","","This dynamic fellow lives on the Southcoast around other hounds and lives well in a yard on his own at the moment. He is great with kids and good when left on his own. He is a happy and confident boy.","komodo",""
"2024-01-01","Mid North Coast","956000017134119","Mikey","2026-06-01","MALE","","Meet Mikey (MJ) 🐾 A soft-hearted, black-coated cuddle companion with the sweetest shadow you ever did see personality. Mikey is a young boy with a gentle, affectionate nature who absolutely adores people. If you’re looking for a dog who will be your constant little sidekick, he’s your guy. He loves staying close, happily following you from room to room just to be near you, and he never says no to a cuddle or a kiss (or several). Out and about, Mikey is calm and easygoing. He’s relaxed on the lead and enjoys exploring the world at your pace, happily sniffing his way through new sights and smells. He can be a little “help me in, please!” when it comes to getting into vehicles, but once settled, he travels calmly and quietly. Mikey is a social, friendly boy with a beautifully chilled attitude toward other dogs. He’s gentle and polite in their company and has shown he’s very comfortable sharing space in a relaxed, respectful way. With smaller dogs, he’s just as sweet and easygoing. He hasn’t yet met cats, but he continues to show a steady, adaptable nature in new situations. Food is definitely one of his love languages, but he’s polite and easy around it, showing no fuss or guarding, just happy anticipation for a tasty snack. He has a slightly unique front leg shape from when he was a young pup, but it doesn’t hold him back from enjoying life, exploring, and being his affectionate, cheerful self. Mikey would suit a calm, loving home where he can be part of everyday life, he doesn’t ask for much beyond companionship, kindness, and a few nice walks. In return, he offers unwavering loyalty, gentle affection, and the kind of companionship that quietly fills a home with warmth. If you’re after a devoted little companion who will adore you wholeheartedly and never be far from your side, Mikey is ready to be your very best friend.","mikey-5",""
"2022-03-01","Southern NSW/ACT (Bulli, Nowra, Goulburn, Canberra)","956000011345499","Pete","2026-06-01","MALE","","Pete is a gentle boy who is social and fun. He plays well with young kids, he knows his name and comes when called. Pete can do stairs and likes playing with toys. You would never feel lonely with Pete in your life.","pete-8",""
"2022-09-01","Hunter Valley Mid Coast (Maitland/ Muswellbrook/Newcastle/Forster)","956000015732535","Poppy","2026-06-01","FEMALE","","** Poppy is currently in foster-care** Poppy is a gentle, goofy girl who’s stealing hearts while living her best foster life with a golden retriever buddy. She’s incredibly well-mannered, toilet trained, and even knows her basic commands – she’ll sit, lay down, and patiently wait for the go-ahead before eating. What a superstar! This gorgeous girl loves snuggles, going for walks, and being around her people. She’s got a curious nature and thrives on companionship, both human and canine. Poppy would do best in a home with another friendly dog to keep her company and help her continue building confidence. She has no problems with resource guarding and doesn't mind sharing her food and toys. While she’s mostly chill, Poppy does get a little sooky when you leave the house – but she settles down pretty quickly. Ideal Home: A secure backyard with fencing (a must for this curious girl!) Another friendly dog would be a bonus No cats or staffys, please An active lifestyle – she loves walks and adventures A home where someone is around a bit more often than not","betsy-1",""
"2023-01-01","Western Sydney (Londonderry)","956000014911054","Shadow (Western Sydney)","2026-06-01","FEMALE","","*Hello, I have just gone to foster care! I'll have some updates soon!* Little 3 year old girl Shadow can't wait to meet you! This adorable, 3-year-old girl is new to pet life and can be a little nervous at first. She is an active and curious greyhound who is learning about the world around her. Out and about, she enjoys exploring her surroundings, happily sniffing, investigating, and showing an interest in everything going on around her. A house with a backyard would be a great fit so she can retreat if needed. A home with another medium/large dog would suit her too. She has a fun, playful side and will happily chase after toys, showing off her light, bouncy side when she’s feeling excited. With people, she is shy but friendly and we are sure she will blossom into a perfect pet. A home with older kids is best as she has her shy moments. She is most relaxed around other greyhounds, happy to move along without fuss. With her playful energy, curiosity, and friendly nature, this girl is ready to become a fun and engaging companion in her new home. Meet sweet little Shadow at Western Sydney.","shadow-western-sydney",""
"2022-09-01","Western Sydney (Londonderry)","956000014888802","Pepsi","2026-06-01","MALE","","Hot weather getting you down? This bubbly little guy is just the refreshment you need! Young and vibrant Pepsi is looking for a new home to pop into. 3-year-old Pepsi is absolutely fizzling with love! That’s right, no added sugars needed here! This little sweetheart is super affectionate with his beloved humans. Pepsi is suited to those who work part time, and would happily share his new home with another medium/large canine companion too. His playful nature makes him suited to older kids who will definitely enjoy his goofy side. He loves toys and will jump up for a cuddle with toy in his mouth (we think it's so cute!. He has been around older kids aged 11 and 15 before. Pepsi would happily accompany you around town on adventures as he is a confident guy, although he is still learning to be a gentle walker. So if you’re ready to shake things up by bringing this bottle of fun into your home, fill our an application online today to take Pepsi home!","pepsi-4",""
"2022-04-01","Western Sydney (Londonderry)","956000011309268","Jack (Western Sydney)","2026-06-01","MALE","","Jack is a gentle, shy and thoughtful greyhound. He will meet you with a gentle wagging tail, with polite manners and will lean in for love. Once he knows you he warms up quickly. He’s been seen carrying toys around and is happy to explore what’s around him which we think is so sweet. He would suit a house with a courtyard to backyard size outdoor area to roam around. Jack has previously been around children aged 12 and 7 and has also spent time around a Labrador, showing he can live alongside kids and other dogs when interactions are calm and respectful. With other greyhounds he’s easygoing with a quick sniff and move on, he responds well to recall and could improve further with training and exposure. Jack is a sweet gentle boy who would love to meet you. Ps did we mention he has an adorable overbite?! Available at Western Sydney.","jack-western-sydney-3",""
"2020-12-01","Western Sydney (Londonderry)","956000011781953","Andy","2026-06-01","MALE","","*I have just gone into a foster home, check back for updates* Some notes from foster: ""Andy has been settling in well and from what I’ve experienced of him these past few days I’m already confident he will be a wonderful pet in someone’s home! He walks beautifully on the lead, has taken well to toilet training and is already better at walking up the two stairs at our back door. He comes alive when I get out a tennis ball or small soft toy and has been enjoying rolling himself on the grass in the back yard."" Andy has been able to be alone in foster for a few hours, enjoys sleeping in and is doing very well learning routines. Sweet, handsome, quiet and charming, meet lovely Andy. Andy is a gentle boy with a playful side. Andy can be a bit reserved at first but give him some time and he really comes out of his shell. Once he’s comfortable, he shows his sweet nature and enjoys a bit of fun especially chasing soft toys and taking them off to bed. He’s very food motivated, which will help with training as he settles at your place. He’s happy to chill in a crate and can currently manage 3–5 hours alone, with the potential to build up to full-time hours. He also loves having a yard where he can potter around or relax. Andy is looking for a quiet home where he can be the only pet. He’s fine passing dogs out and about. A home without kids would suit him best. Although he can do stairs, a home without them is recommended for his long-term comfort. Andy would suit someone patient and easygoing who’s happy to let him settle in at his own pace. In return, you’ll get a sweet, low-key companion with a playful streak. Meet Andy at Western Sydney.","andy-11",""
"2021-05-01","Western Sydney (Londonderry)","956000011580558","Benny (Western Sydney)","2026-06-01","MALE","","Whether it's posing for photos or playing with toys, Benny has an amazing personality he can't wait to share with you. He has continued to embrace training, responding very well to positive reinforcement techniques. His ideal home would be one who enjoys an active dog, who enjoys engaging in play (eg toys!) and structured routines. His food drive is high which makes him easily motivated but boundaries around human items is best. Overall, he is a lovely, resilient, and confident boy who always gets the excited wiggles whenever he sees staff at the centre. He loves food BUT! He loves toys more, and is a very motivated and eager to please type boy. He engages with enrichment like a champ, showing off his skills as he works through puzzle toys and snuffle mats, keeping him entertained while you're gone. He can coexist nicely with other greyhounds and can be rehomed along side one, but doesn't seem to need a dog friend in his life and would be comfortable as a solo pet. A home without young kids would suit Benny as he does like to check out what treats or toys might be in your hands! A quieter suburb with space for him to run around would be perfect. Benny dreams of a townhouse/backyard with an outdoor area, and would be happy to show you his skills on staircases if you have stair access. As a solo pet, shorter hours alone at the start are best as he learns resilience. Meet this handsome boy at Western Sydney.","benny-12",""
"2020-02-01","Western Sydney (Londonderry)","956000012206605","Tommy (Western Sydney)","2026-06-01","MALE","","Tommy is a confident gorgeous natured boy. Tommy is comfortable with travelling, walks lightly on the lead and loves toys. He is a social boy, loves attention and being included. Tommy enjoys engaging with his surroundings and is playful at heart. Tommy would enjoy a home with respectful kids who could keep him entertained with play after school. A house with a yard would be a great outlet for him! He is polite with other dogs, and could live with another medium to large dog. With larger dogs and greyhounds, he is relaxed. Overall, Tommy is a bright, engaging greyhound with strong potential who will thrive in a steady, supportive home that helps him continue building confidence at his own pace. Meet Tommy at Western Sydney.","tommy-western-sydney",""
"2020-12-01","Hunter Valley Mid Coast (Maitland/ Muswellbrook/Newcastle/Forster)","956000007444094","Pb","2026-06-01","MALE","","PB is a distinguished gentleman with a wonderful zest for life. He carries himself with a calm confidence but still has plenty of enthusiasm for getting out and about, making him a great match for someone who enjoys an active lifestyle. He would be best suited to a home with a yard where he can stretch his legs and enjoy the outdoors, balanced with time spent relaxing alongside his people. PB brings a lovely mix of maturity and energy—happy to join in on adventures, then settle in like the true gentleman he is. If you’re looking for a loyal companion who appreciates both activity and downtime, PB could be the perfect addition to your home.","pb",""
"2018-10-01","Hunter Valley Mid Coast (Maitland/ Muswellbrook/Newcastle/Forster)","956000006675911","Polly","2026-06-01","FEMALE","","Polly is a gentle greyhound who just needs a little time and patience to show her true self. She can feel unsure around new people and unfamiliar surroundings, so she’ll do best with an understanding adopter who’s willing to let her settle in at her own pace. With kindness and consistency, Polly gradually builds her confidence—and when she does, it’s incredibly rewarding to see her personality shine. She becomes engaging, affectionate, and enjoys connecting with her people in her own sweet way. For someone willing to give her that extra time and reassurance, Polly will blossom into a loyal and loving companion.","polly-13",""
"2021-01-01","Hunter Valley Mid Coast (Maitland/ Muswellbrook/Newcastle/Forster)","956000013076354","Congo","2026-06-01","MALE","","Congo is a social, outgoing greyhound with a confident personality and a real love for people. He engages beautifully with those around him and is always happy to be part of whatever’s going on, making him a fun and easy companion to have by your side. This charming boy also has a soft, affectionate side—he’ll happily come over for cuddles and enjoys that close connection with his humans. His confidence helps him settle in quickly, and his friendly nature means he’s ready to make himself at home in no time. If you’re looking for a greyhound who brings both playful energy and loving companionship, Congo could be the perfect fit.","congo",""
"2022-07-01","Western Sydney (Londonderry)","956000014802479","Scarlett","2026-06-01","FEMALE","","Scarlet is a confident and curious girl who loves toys and food and all things fun. She hopped out of the van and into the yard with confidence, happily exploring, playing with toys, and showing a love of food. She has been around the grand kids aged 6 and up and is great with kids! With other dogs she is friendly but can be a bit overenthusiastic and could live with a tolerant doggie companion. Scarlet would love a house with a yard or townhouse. Meet Scarlet at Western Sydney!","scarlett-1",""
"2021-05-01","Hunter Valley Mid Coast (Maitland/ Muswellbrook/Newcastle/Forster)","956000007425086","Star","2026-06-01","MALE","","Star is a bright, playful greyhound with a confident and social nature that makes him an instant favourite wherever he goes. He thrives on interaction and enjoys being part of the action, whether that’s playtime, walks, or simply hanging out with his people. Adaptable and easygoing, Star would fit well into just about any home environment. His confidence helps him settle in quickly, and his friendly personality means he’s always ready to make new friends. He also knows his own name and responds well, which is a great foundation for further training. With his cheerful energy and affectionate side, Star is the kind of companion who brings fun, warmth, and loyalty into everyday life.","star-12",""
"2022-08-01","Southern NSW/ACT (Bulli, Nowra, Goulburn, Canberra)","956000015731511","Albo","2026-06-01","MALE","","Albo is a charming boy who likes to stretch his legs in the yard, he has been living in a rural environment surrounded by native and domestic animals. He is happy to be left alone and plays well with children. Intelligent and active he would make the perfect training partner. He is not only handsome but is eager to please and would excel in a dog sport such as sprint dogs, agility or even fly ball with the correct training and acclimation.","albo",""
"2021-04-01","Mid North Coast","956000012226369","Guthro","2026-06-01","MALE","","Meet Guthro 🐾 Guthro is a handsome black greyhound with a gentle, affectionate nature and a wonderfully endearing personality. At five years old, he is a calm, people-focused boy who thrives on connection and companionship. Guthro walks nicely on lead and is easy to go along with, happily moving with you while also taking time to follow interesting scents and explore his surroundings. He enjoys a good sniff and has a playful side, occasionally enjoying little bursts of energy and zoomies. He is very human-oriented and loves affection, often leaning in for pats and happily soaking up attention. Guthro forms strong bonds with his people and enjoys being close, showing a soft and trusting nature. He is also comfortable being handled and is easy to interact with in a calm, gentle way. Guthro is social and relaxed around other greyhounds, particularly enjoying the company of calm dogs. He is also known to enjoy the company of female dogs and generally settles well in social settings when things are calm and balanced. He would suit a home where he can form a close bond with his people, ideally with someone who enjoys a loyal, affectionate companion. Guthro is well suited to a relaxed household where he can enjoy both cuddle time and gentle daily walks, and he will thrive with someone looking for a true “one-person style” bond. With his loving nature, soft personality, and playful charm, Guthro is a very special boy ready to become a deeply devoted companion.","guthro",""
"2020-01-01","Mid North Coast","956000007842470","Blakey","2026-06-01","MALE","","Meet Blakey 🐾 Blakey is a handsome black greyhound with a laid-back personality and a friendly, easygoing nature. At just over six years old, he is a mature, chilled-out boy who enjoys life at a relaxed pace. Blakey can be a little strong at the start of a walk, but quickly settles into a steady rhythm and enjoys moving out to sniff and explore his surroundings. Once he’s underway, he’s calm, relaxed, and content to potter along. He is a very people-friendly dog with a super friendly, easygoing attitude. Blakey enjoys attention, is comfortable being handled, and has a relaxed, “good bloke” personality that makes him easy to have around. Blakey is social and relaxed with other dogs, both in close proximity and when travelling, and settles well in shared environments. He is also described as a calm, low-stress traveller who is happy to lie down and rest. He would suit a relaxed home environment, including apartment living, where he can enjoy a steady routine, short walks, and plenty of downtime. Blakey is well suited to someone looking for a calm, friendly companion who doesn’t ask for much but brings a steady, reassuring presence to the home. With his gentle nature and easy temperament, Blakey is a true “easy living” greyhound ready to settle into a comfortable forever home.","blakey-1",""
"2023-01-01","Hunter Valley Mid Coast (Maitland/ Muswellbrook/Newcastle/Forster)","956000014891144","Penny","2026-06-01","FEMALE","","Meet Penny 🐾 Penny is a beautiful black greyhound with a bright, friendly personality and a lovely zest for life. At just over three years old, she is a confident and social girl who brings warmth and enthusiasm wherever she goes. Penny is very comfortable on lead and enjoys her walks, moving along with a happy, wagging tail as she explores the world around her. She is curious and engaged in new environments, happily sniffing and taking everything in while remaining relaxed and easygoing. She is highly people-oriented and loves human interaction, happily soaking up pats, cuddles, and attention. Penny has a very affectionate and engaging nature, making her a joyful companion who thrives on connection. Penny is social with other greyhounds and travels well alongside them. She has a generally easygoing approach to her surroundings and is a confident, adaptable young dog. She would suit a loving and active home that can enjoy her friendly, outgoing nature and include her as part of daily life. Penny is well suited to family environments and has experience being handled by children. She will thrive with people who appreciate a sociable, affectionate dog who enjoys being part of the action. With her sweet temperament, confidence, and love of people, Penny is a truly delightful companion ready to bring happiness and energy to her new home.","penny-15",""
"2023-01-01","Hunter Valley Mid Coast (Maitland/ Muswellbrook/Newcastle/Forster)","956000014881814","Estella","2026-06-01","FEMALE","","Meet Estella 🐾 Estella is a beautiful black greyhound with a calm, gentle nature and a wonderfully relaxed outlook on life. At just over three years old, she is a soft, easygoing girl who enjoys a peaceful pace and simple comforts. Estella walks beautifully on lead, moving with a relaxed rhythm and a wagging tail as she takes in the world around her. She is very settled in new environments, happily sniffing and exploring while remaining calm, composed, and easy to handle. She is extremely human-oriented and enjoys gentle affection, happily leaning in for pats and cuddles. Estella is calm, polite, and affectionate without being demanding, making her a lovely companion for a relaxed home environment. Estella is social and easygoing with other greyhounds and travels comfortably with them. She shows little to no interest in smaller animals, remaining calm and neutral in their presence. Estella would suit a calm, loving home where she can enjoy a predictable routine and plenty of quiet companionship. She is well suited to both house and apartment living and will thrive with owners who appreciate a gentle, affectionate, and low-key companion.","estella",""
"2022-03-01","Hunter Valley Mid Coast (Maitland/ Muswellbrook/Newcastle/Forster)","956000011365030","Tommy","2026-06-01","MALE","","Meet Tommy 🐾 Tommy is a handsome blue greyhound with a calm, gentle nature and a quietly steady presence. At just over four years old, he is a relaxed and easygoing boy who enjoys life at a peaceful pace. Tommy is comfortable on lead and walks nicely, taking in his surroundings with a relaxed attitude and enjoying a good sniff and explore. He is confident in new environments without being overwhelmed, and generally carries himself with a soft, settled energy. Around people, Tommy is polite and undemanding. While he is not overly attention-seeking, he is happy to receive gentle pats and affection and allows handling without concern. He is an easy companion to have nearby. Tommy gets along well with other greyhounds and travels comfortably with them. He shows polite interest in smaller dogs and responds well to gentle guidance, he remains calm and easy to manage. With slow, careful introductions, he may be able to live successfully in a home with small dogs. He has a known skin sensitivity that may require occasional care, along with routine ear maintenance, but is otherwise in good general health with a nice coat, clear eyes, and good condition overall. Tommy would suit a calm and relaxed home where he can enjoy a predictable routine and a peaceful environment. He would fit well into both house and apartment living and would thrive with owners who appreciate a gentle, low-key companion. With his easy nature and soft temperament, Tommy is a quietly lovely dog who will bring calm companionship to the right home.","tommy-22",""
"2022-09-01","Hunter Valley Mid Coast (Maitland/ Muswellbrook/Newcastle/Forster)","956000014886772","Spud","2026-06-01","MALE","","Meet Spud 🐾 Spud is a striking black greyhound with a big heart and an even bigger zest for life. At just over three and a half years old, he is an energetic, confident, and affectionate boy who brings enthusiasm and joy wherever he goes. Spud is a very social and people-focused dog who loves interaction and is always excited to say hello. He is bouncy, engaging, and full of personality, often greeting people with happy enthusiasm and a wagging tail. On lead, he is strong and lively, enjoying his walks with plenty of energy and curiosity, and will thrive with someone who enjoys an active lifestyle. He is highly confident in new environments, happily sniffing, exploring, and taking everything in stride. Spud also travels well and enjoys the company of other greyhounds, showing friendly and social behaviour when out and about with his peers. Spud has a skin sensitivity that may require occasional management, particularly during wetter seasons, but he is otherwise in good health with a lovely coat and bright, clear eyes. He will suit an active home that can match his energy and enthusiasm, where he can enjoy plenty of exercise, structure, and positive engagement. Spud may be too enthusiastic for smaller animals, so a pet-free home or one experienced with managing high-energy dogs would be ideal. With his affectionate nature, playful spirit, and boundless enthusiasm, Spud is a truly lovable companion who will bring fun, energy, and plenty of personality to the right home.","spud-5",""
"2022-09-01","Hunter Valley Mid Coast (Maitland/ Muswellbrook/Newcastle/Forster)","956000014886938","Apple","2026-06-01","FEMALE","","Apple 🐾 is a vibrant black greyhound with a big personality and an even bigger love for life. At just over three and a half years old, she is full of energy, confidence, and enthusiasm, bringing a fun and lively presence wherever she goes. Apple is an outgoing and social girl who absolutely adores people. She greets the world with a wagging tail and a joyful, bouncy attitude, always ready to say hello and be part of the action. On lead, she is confident and eager, enjoying her walks with plenty of excitement and curiosity as she takes in her surroundings. She thrives in new environments, happily exploring, sniffing, and engaging with everything around her. Apple also gets along well with other greyhounds and larger dogs, travelling comfortably alongside them and showing relaxed, friendly behaviour. She has shown a positive, manageable interest in smaller dogs, responding well and remaining engaged and happy. At home, Apple will suit an active household that can embrace her zest for life and continue to guide her as she channels her enthusiasm. She would love owners who enjoy getting out and about and can provide both physical activity and mental enrichment to keep her happy and fulfilled. With her confident nature, affectionate personality, and playful spirit, Apple is a wonderfully engaging companion who will bring energy, fun, and plenty of smiles to the right home.","apple-1",""
"2022-05-01","Hunter Valley Mid Coast (Maitland/ Muswellbrook/Newcastle/Forster)","956000011309440","Jett","2026-06-01","MALE","","Meet Jett 🐾 Jett is a striking black greyhound with a sensitive nature and a gentle soul. At nearly four years old, Jett is still building his confidence and will truly flourish in the right supportive home. Jett is a thoughtful boy who is very aware of his surroundings and benefits from a calm, predictable environment. Once he has time to settle, he shows his softer side and begins to relax, taking comfort in routine and familiarity. He travels well and has lovely manners around food and his belongings, making him an easy companion in day-to-day life. He enjoys the company of other greyhounds and larger dogs, where he feels comfortable and at ease. Jett would benefit from a confident canine companion or a home that can continue to gently build his confidence at his own pace. With patience and understanding, he will continue to grow into a more relaxed and secure dog. Jett would be best suited to a quiet, low-traffic home with owners who can provide a calm and consistent environment. He will thrive with people who are happy to give him the time and space he needs to settle in and feel safe. A home without small pets or young children is recommended. With kindness, patience, and a steady routine, Jett has all the potential to become a deeply loyal and rewarding companion.","jett-6",""
"2022-02-01","Hunter Valley Mid Coast (Maitland/ Muswellbrook/Newcastle/Forster)","956000011354513","Boof","2026-06-01","MALE","","🐾Meet Boof 🐾 A handsome black greyhound with a calm, gentle presence and an independent streak. At just over four years old, he has settled into a relaxed and confident nature, taking life in stride and enjoying things at his own easy pace. Boof is a lovely walking companion, moving beautifully on lead and taking in the world with quiet curiosity. He enjoys a gentle sniff and explore, all while remaining composed and unbothered by his surroundings. At home, Boof is very comfortable in his own company and is happiest simply sharing space with you, making him a wonderful match for those who appreciate a more laid-back, undemanding companion. He adapts well to new situations, travels comfortably, and shows lovely manners around food. Boof also socialises nicely with other greyhounds and larger dogs, displaying relaxed and easygoing behaviour. Boof would be well suited to a calm household, including apartment living, where he can enjoy a peaceful routine of short walks and plenty of rest. He’ll thrive with owners who value a low-maintenance, independent dog. With a little guidance around smaller pets, Boof will make a gentle, quietly rewarding companion.","boof-4",""
"2022-11-01","Riverina (Wagga, Temora, Gundagai, Griffith)","956000014910696","Kim","2026-06-01","FEMALE","","Kim is a gentle, affectionate, and social girl who loves everyone she meets. She has a special soft spot for kids 4-15 years, and will happily soak up all the pats and attention they can give. 🤗 On the lead, Kim is calm, easygoing, and a pleasure to walk. She enjoys getting out and about and is just as happy hopping in the car for a ride, making her a lovely companion for everyday adventures. Kim has experience living with other greyhounds, but if she had to choose, she’d much prefer being your one-and-only so she can enjoy all the love and attention for herself. That said, she’s polite and friendly with other dogs (and cats) with slow, gentle introductions on lead. She’s spent time both indoors and in a crate, is housetrained, and is content to relax outside when you’re not home. Kind and sweet-natured, Kim is the kind of dog who quietly works her way into your heart… and stays there. 💘 🐾","kim-3",""
"2021-04-01","Southern NSW/ACT (Bulli, Nowra, Goulburn, Canberra)","956000011704976","Bruce","2026-06-01","MALE","","Bruce is great company and very gentle. He is a clean and tidy boy with all the attributes to suit an apartment lifestyle. He seems to get along with everybody. He shares his space well with other hounds and plays well with the young puppies also.","bruce-5",""
"2023-03-01","Southern NSW/ACT (Bulli, Nowra, Goulburn, Canberra)","956000015747460","Sky","2026-06-01","FEMALE","","Sky is an amazing young hound, she is very pretty and pleasant. She plays fetch, is very inquisitive and is great with kids. She is confident and would be a great addition to your life.","sky-8",""
"2024-04-01","Southern NSW/ACT (Bulli, Nowra, Goulburn, Canberra)","956000015662141","Kaique","2026-06-01","MALE","","This young boy is very handsome, extremely friendly and affectionate. He is great company, good around young kids and social with other hounds. He would make a great family addition.","kaique",""
"2024-03-01","Southern NSW/ACT (Bulli, Nowra, Goulburn, Canberra)","956000016752529","Mazy","2026-06-01","FEMALE","","Mazy is a fun excited young hound. She has not had any racing experience, she is young and vibrant, loves to play, loves toys and loves affection. She is confident and always happy to meet new people and explore new places.","mazy",""
"2020-04-01","Mid North Coast","956000007855215","Cornelius","2026-06-01","MALE","","Meet Cornelius 🐾 — a happy, bouncy boy with a fun-loving personality. At 6 years old, Cornelius (or “Corn chip” to his friends) is full of cheerful energy and curiosity. He loves getting out and about, happily exploring his surroundings with a playful, bounding style that’s sure to make you smile. Cornelius is very people-friendly and enjoys a good pat, often coming over to say hello and spend time with you. He travels beautifully, hopping into the car on his own and settling in calmly for the ride. On lead, he can be a bit enthusiastic and likes to zig-zag as he takes everything in, but he’s not strong—just excited to be out and about. With a little guidance and routine, he’ll make a fun and engaging walking companion. He’s comfortable around other greyhounds and enjoys their company, happily sharing space and settling well alongside them. Ideal Home Cornelius would suit: An active home that enjoys getting out for walks and adventures Owners happy to guide a slightly enthusiastic walker A home with another medium/large dog/s or as a solo dog with plenty of interaction Families with older children If you’re looking for a friendly, upbeat companion who brings a bit of joy and personality to every day, Cornelius could be your perfect match.","cornelius",""
"2020-08-01","Mid North Coast","956000007828601","Abbey","2026-06-01","FEMALE","","Abbey 🐾 A gentle, affectionate girl who just wants to be close to you. At 5 years old, Abbey is a calm and relaxed lady with a soft, loving nature. She enjoys wandering at an easy pace but much prefers staying nearby, soaking up pats and attention. She’s a true “smoocher,” often leaning in or resting her head on you for extra closeness. Abbey is wonderfully friendly, coming when called and happily showering her people with licks. She travels quietly, walks beautifully on lead, and settles easily into a calm routine at home. She’s generally quiet, only speaking up if there’s something exciting going on. She gets along well with other dogs and is comfortable sharing her space, though she does love being the centre of attention and will happily remind you when it’s her turn for pats. Ideal Home Abbey would suit: A calm home where she can enjoy plenty of affection Owners looking for a cuddly, people-focused companion A home with another dog or as a solo pet who gets lots of attention Families with older children If you’re after a sweet, snuggly girl who will stick by your side and fill your home with love, Abbey is ready to meet you.","abbey-3",""
"2020-03-01","Mid North Coast","956000007852031","Vinnie","2026-06-01","MALE","","Meet Vinnie 🐾 — a laid-back, gentle boy looking for a relaxed home to call his own. At just over 6 years old, Vinnie is a calm and easygoing companion who enjoys life at his own pace. He’s happiest having a quiet sniff and wander, taking in the world without any rush, and then settling down for a well-earned rest. Vinnie is a friendly, affectionate boy who enjoys a good pat and relaxed company. He travels well, settles easily, and brings a peaceful presence to the home. Around other dogs, he’s social and comfortable, happy to say hello before doing his own thing or sharing space calmly. On lead, Vinnie can be a strong boy, but with the right setup he walks nicely and is very manageable. Once he’s into a routine, he’s a cruisy walking companion. Ideal Home Vinnie would suit: A calm home that enjoys a slower pace of life Owners comfortable handling a bigger dog on walks A home with another relaxed dog or as a solo companion Families with older children If you’re looking for a chilled-out, affectionate dog who’s happy to take life easy, Vinnie could be the perfect fit.","vinnie-6",""
"2020-05-01","Mid North Coast","956000007851393","Simon","2026-06-01","MALE","","Meet Simon 🐾 Simon is a gentle, easygoing boy with a calm nature and a heart of gold. A true homebody at heart, he’s happiest enjoying the simple things in life—relaxing in a comfortable space, heading out for a peaceful stroll, and spending quiet time with his favourite people. This lovely boy walks beautifully on lead, keeping things loose and relaxed while he takes in the world at his own pace. He enjoys a good sniff and explore, making each outing a calm and enjoyable experience. He’s also a fantastic traveller, settling easily in the car and happily coming along for the ride. Simon is friendly and affectionate, taking a moment to get to know new people before forming strong, loving bonds. Once he knows you, his sweet and gentle nature really shines through. He enjoys pats and quiet companionship, and his calm presence makes him a wonderfully soothing addition to the home. At home, Simon is content and low-key. He enjoys his routine, values his downtime, and thrives in a relaxed environment where he can feel safe and settled. He’ll appreciate having his own space to enjoy meals and downtime. His Ideal Home 🏡 Simon will thrive in a calm, understanding home that appreciates his gentle nature. He would suit: A quieter household or relaxed lifestyle Owners who enjoy a calm, low-maintenance companion A home with older children who can respect his space A consistent routine, including simple routines in place around mealtimes Potentially a home with other larger dogs, with thoughtful introductions Why You’ll Love Simon ❤️ Calm, gentle, and easygoing Walks beautifully on lead Loves the car and travels well Affectionate and forms strong bonds Perfect companion for a relaxed home environment Simon is the kind of dog who will quietly steal your heart and become a loyal, comforting presence in your life. If you’re looking for a sweet, laid-back companion to share your days with, Simon could be the perfect match.","simon-4",""
"2023-05-01","Mid North Coast","956000015756682","Astrid","2026-06-01","FEMALE","","Meet Astrid 🐾 Astrid is a bright, high-spirited young girl who brings enthusiasm and energy wherever she goes. Just under three years old, she’s full of life and loves to run, explore, and engage with the world around her. She’s very people-oriented—super friendly, quick to offer a wagging tail, and always happy for a pat. Once she’s had a good run to burn off energy, she settles in and enjoys interaction and attention from her people. Astrid thrives in active environments and loves to move, chase, and investigate her surroundings. She’s best suited to safe, secure spaces where she can enjoy her zest for life and build good routines that help her settle after exercise. She is comfortable around other greyhounds in calm, structured settings such as shared spaces or travel, but she does best with her own space at home. Her enthusiasm means she will benefit from calm, steady introductions to new dogs and environments. Astrid travels well and handles new places confidently, especially when given time to settle into her rhythm. She would thrive in an active, experienced home that enjoys providing structure and outlets for her energy. A secure yard and regular exercise will help her shine. She may be best suited as an only dog, or with carefully managed introductions over time. She is best suited to a home without small animals due to her enthusiasm and high energy. Full of spark and personality, Astrid is an exciting young dog who will thrive with guidance, space to run, and a family who enjoys her zest for life.","astrid-3",""
"2020-12-01","Northern Rivers (Grafton, Lismore, Casino)","956000007374945","Gus","2026-06-01","FEMALE","","Meet Gus – a laid-back, affectionate greyhound with a love for the simple pleasures in life. Gus is a friendly, easy-going boy who takes everything in his stride. He has a calm, chilled nature and is happiest when he’s by your side, soaking up attention and enjoying a good pat. His affectionate personality makes him a wonderful companion for someone looking for a loyal and loving friend. One of Gus’s favourite things is a car ride – he’s always keen to hop in and join you on an adventure, whether it’s a quick trip or a longer outing. At home, he’d love nothing more than his own comfy couch to stretch out on, along with a yard where he can have a play and enjoy some fresh air. Gus is the kind of dog who fits easily into a home, bringing a relaxed and loving presence wherever he goes. If you’re looking for a gentle, affectionate boy to share your days with, Gus could be just the one.","gus-13",""
"2020-05-01","","956000007358382","Harvey","2026-06-01","MALE","","Harvey is a handsome male greyhound who is nearly 6 years old and has a wonderfully cruisy, easy-going nature. He takes life in his stride and settles quickly into new environments, making him a very adaptable companion. Harvey is polite and relaxed around small dogs, showing a calm and easy-going attitude when meeting them. He enjoys getting out and about, especially if it involves a car ride, which he absolutely loves. On warmer days, Harvey likes to cool down by dipping his paws in water – a simple pleasure that suits his laid-back personality. At home, he’s happiest relaxing on his bed and enjoying the comforts of a quiet space. With his gentle nature and relaxed outlook, Harvey would make a wonderful addition to a home looking for a calm, easy companion to share life’s everyday moments.","harvey-4",""
"2022-07-01","Northern Rivers (Grafton, Lismore, Casino)","956000007840890","Boondy","2026-06-01","MALE","","Boondy is a calm, cuddly boy who has been described as an all-round great dog and a lovely companion. He thrives on human connection and would much rather spend his time with his people than anything else. He enjoys the water and isn’t one to pass up the chance for a dip in a pool, making him a fun addition to a home that enjoys relaxed outdoor time. Boondy has been socialised with small dogs and, while he was happy to say hello, he showed little interest beyond that, preferring the company of humans. He loves getting out for a walk, though he can be a little strong on the lead at times, so he would suit a confident person who can continue to guide him. With his gentle nature and affectionate personality, Boondy is ready to find a home where he can be loved, included, and enjoy the simple things in life.","boondy",""
"2023-10-01","","956000015766934","Flynn","2026-06-01","MALE","","Meet Flynn 🐾 Flynn is a handsome young blue greyhound with a gentle nature and a big love for people. At just over two years old, he’s at a wonderful stage of life where he’s ready to leave his racing days behind and settle into a relaxed, loving home. He’s a happy, smoochy and social boy who truly enjoys human company, happily leaning in for pats and attention whenever he gets the chance. Flynn is a confident and easygoing dog who enjoys exploring his surroundings and having the occasional burst of playful zoomies before settling down again. He has a lovely balance of playfulness and calm, making him an easy companion to have around the home. He also travels very well, remaining relaxed and content in both the car and crate, which will make outings and trips with him an enjoyable experience. He can be a little strong on the lead to begin with, but he settles quickly and walks along well, and with some ongoing guidance and consistency he will continue to improve. Flynn gets along well with other greyhounds and would likely do well either as an only dog soaking up all the attention, or in a home with another medium to large, calm canine companion. Flynn would thrive in a loving home where he can be part of the family, with access to a secure yard for the occasional zoomies and owners who can continue to guide him as he transitions into pet life. With his affectionate personality, relaxed nature and willingness to engage, Flynn is a lovely young greyhound who will make a loyal and rewarding companion.","flynn-2",""
"2023-12-01","Riverina (Wagga, Temora, Gundagai, Griffith)","956000007916812","Wes","2026-06-01","MALE","","Meet Wes 💙 Wes is a big, gentle softy with a heart full of love and cuddles. Calm and quiet by nature, he can be a little shy when first meeting new people, but it doesn’t take long before he warms up and decides you’re his new best friend. He loves spending time with his people and is happiest being wherever they are, inside or out. Wes enjoys playing in the backyard with kids aged 8 and 11, or happily tossing his toys around when on his own. He’s also great on lead, confidently walking around town and near schools. Wes enjoys his daily walk. Car rides are another favourite, especially when he can snooze most of the way! Wes would make a wonderful family pet for a home with children aged 8+ or a loving companion, preferably a female looking for a loyal shadow. He could be matched with another greyhound or be an only dog where he can soak up all the love and attention, preferably with someone home some of the day, retired, working from home or part-time. 🐾💙","wes-2",""
"2022-01-01","Southern NSW/ACT (Bulli, Nowra, Goulburn, Canberra)","956000007431256","Amber","2026-06-01","FEMALE","","Amber is a stunning quiet girl, she is sweet and affectionate, has lived around kids and has also had exposure to domestic and native animals. She also shares her space well with the other hounds.","amber-8",""
"2022-01-01","Southern NSW/ACT (Bulli, Nowra, Goulburn, Canberra)","956000011658999","Anna","2026-06-01","FEMALE","","Anna is a beautiful who is very friendly with a dynamic personality. She would make a great addition to the family. She is clean and loves to play.","anna-12",""
"2022-04-01","Western Sydney (Londonderry)","956000011355133","Simon","2026-06-01","MALE","","Simon is in foster care & available to adopt! Our foster care superstar Simon is a beautifully natured greyhound who is currently living with 2 greyhounds and small dogs (cavoodles). Simon would love an adults only home, with a townhouse/backyard to enjoy. He requires a multi-dog household to keep his confidence growing. He is shy by nature, and would love a structured home, in a quiet area (he is currently in suburban South Sydney). A home with maximum 2 adults is required as a busier home with lots of humans is an overwhelming thing for Simon. Simon will take some time to trust you, as he took a few weeks to trust his foster carers. Simon has grown his confidence around busier areas while being on a dual lead with the other greyhound, so he definitely needs a doggie friend/s by his side. Simon still gets spooked by loud noises, but can shake it off and carry on now that he has spent longer in foster and has his dog friend with him. He seeks comfort from the other greyhounds, so a home with a greyhound (or a greyhound and other breeds) is the best match. His foster carers leave Simon with the other dogs for their full time working schedule. A word from the fosters: ""He understands that he needs to toilet outside, will take him outside after dinner, point down to the backyard and say “go toilet” and he will do it every night before we go to bed.. his toileting is excellent 10/10, can’t fault it (don’t think there’s been a single accident in the house since he first came to us.) He’s not afraid to approach Erin or myself for a pat, when we first had him here, he wouldn’t come near me when I would get home from work, would always be standing in the background while I gave love to Wanda, Finn & Coast.. now he’s trying to push through them all trying to get love from me and I love it!, sometimes he now even sleeps on the bed with us of a night. Simon has shown us that he’s fine around 2-3 people, but I feel he does find large groups of people overwhelming. Simon does get on perfectly fine with Wanda, Finn and Coast and has no problem sharing his space with them, has shown no signs of aggression whatsoever towards any of them. His new people will need to be patient with him, as he is on the shy side, he will take time to get comfortable in a new environment while he adjusts but once he comes out of his shell he will approach people for a pat/cuddle and is a very sweet/cute boy."" Simon is a beautiful boy who has really come out of his shell with us and has come a long way since he first came to us.. he doing so well! 😊 If you're a quiet, understanding home with greyhound experience, another greyhound/others, enquire to meet Simon by appointment (with his foster family) at Western Sydney.","simon-3",""
"2020-02-01","Western Sydney (Londonderry)","956000007839382","Carrie","2026-06-01","FEMALE","","Carrie is a sweet, shy girl who needs time to warm up to new humans. She would benefit from a quieter home with a gentle approach to introducing her to all things pet life. Carrie likes the simple things, being outdoors, the sunshine, playing with a ball or sunbaking. She also loves water. Carrie is a gentle, middle-aged girl with a calm, mostly independent nature. She enjoys quietly exploring her surroundings and is happy doing her own thing, making her a great match for someone looking for a laid back, low maintenance type pet. Carrie is polite around other larger dogs and can live with a medium to large dog. She walks beautifully on lead and is generally easy to handle, though she can be shy. Carrie will thrive in a calm, predictable home where she can settle in at her own pace. Meet Carrie at Western Sydney!","carrie-2",""
"2021-12-01","Central West (Bathurst/Dubbo/Coonabarabran)","956000012899081","Hanno","2026-06-01","MALE","","Meet Hanno - your gentle giant with the softest soul 💛 Hanno is a big, beautiful boy with an even bigger heart. True to his gentle nature, he absolutely adores people and will happily rest his head on your lap for pats, cuddles, and all the love you can give. He has a sweet, easygoing temperament and is just as happy playing with his toys as he is lounging around and soaking up a quiet moment with you. Whether it’s a little playtime or a lazy afternoon on the couch, Hanno is simply content being by your side. If you’re looking for a calm, affectionate companion Hanno might just be your perfect match 🐾","hanno",""
"2022-01-01","Hunter Valley Mid Coast (Maitland/ Muswellbrook/Newcastle/Forster)","956000007468142","Archie","2026-06-01","MALE","","🐾 Meet Archie Archie is a confident and curious greyhound who enjoys getting out and exploring the world around him. On walks, he is easy to handle, happily moving along at a relaxed pace while taking in all the sights and smells. He’s a friendly boy who will say hello and enjoys attention, though he’s just as content following his nose and exploring his surroundings. Archie has a more independent nature, making him a great match for someone who appreciates a dog that enjoys both company and doing his own thing. Archie travels calmly and has shown himself to be relaxed in new environments, taking everything in stride. Archie would be best suited to a home without small dogs or cats, where he can feel comfortable and focus on his walks and daily routine. If you’re looking for a laid-back, independent greyhound who enjoys exploring and living life at his own pace, Archie could be a great addition to your home.","archie-15",""
"2022-11-01","Hunter Valley Mid Coast (Maitland/ Muswellbrook/Newcastle/Forster)","956000015030611","Elvis","2026-06-01","MALE","","🐾 Meet Elvis Elvis is a happy, confident greyhound who brings a fun and enthusiastic energy to everything he does. He enjoys getting out and about, approaching the world with curiosity and excitement, always keen to explore what’s around him. On walks, Elvis can be strong on lead at times, especially when something catches his interest, but he settles into the outing and enjoys a good wander. He’s an engaging companion who likes to be part of the action and see what’s going on. Elvis is very people-friendly and loves affection. He’ll happily come up for pats, wagging his tail and staying close to soak up the attention. He’s also been around children and has shown a positive, social nature. He travels calmly and is comfortable in new environments, taking things in stride while still enjoying the excitement of getting out and about. Elvis would benefit from a home that can continue to guide him on lead and support his enthusiasm. Elvis would be best suited to a home without small dogs or cats, where he can comfortably enjoy his surroundings and focus on his adventures. If you’re looking for a fun, affectionate greyhound who enjoys being out and about and loves a good cuddle, Elvis could be a great match.","elvis-4",""
"2021-10-01","Hunter Valley Mid Coast (Maitland/ Muswellbrook/Newcastle/Forster)","956000013033190","Anna","2026-06-01","FEMALE","","🐾 Meet Anna Anna is a gentle and calm greyhound who enjoys life at an easy pace. On walks, she is well-mannered with no pulling, happily taking her time to explore her surroundings in a relaxed and curious way. She is very friendly and enjoys affection, happily coming up for pats and quietly soaking up attention. Anna is relaxed around small dogs and happily goes about her own business, enjoying her walks and exploring at her own pace. Anna is calm in new environments and travels well, showing a steady, easy-going nature that makes her a lovely companion. If you’re looking for a gentle, affectionate greyhound who enjoys quiet exploration and plenty of cuddles, Anna could be a wonderful addition to your home.","anna-11",""
"2021-10-01","Hunter Valley Mid Coast (Maitland/ Muswellbrook/Newcastle/Forster)","956000013025440","Rhino","2026-06-01","MALE","","🐾 Meet Rhino Rhino is a confident and independent greyhound with a calm, relaxed demeanour. On walks, he enjoys exploring at his own pace and can be a little strong on lead, showing his enthusiasm for new sights and smells. He approaches the world with curiosity, sniffing and investigating everything around him with quiet confidence. Rhino is an independent thinker who loves to explore and take in his surroundings. He enjoys pats and attention when it’s offered, and is happiest when allowed to discover the world at his own pace. Rhino is a calm and easy-going companion who adjusts well to new environments. He’s happy to share space with small dogs, giving them plenty of room while he goes about his own relaxed explorations. If you’re looking for an independent, confident greyhound who enjoys gentle walks, quiet exploration, and a relaxed lifestyle, Rhino could be a great companion to share your home and adventures with.","rhino-1",""
"2021-05-01","Hunter Valley Mid Coast (Maitland/ Muswellbrook/Newcastle/Forster)","956000011704679","Murray","2026-06-01","MALE","","🐾 Meet Murray Murray is a calm and easy-going greyhound with a gentle, friendly nature. He walks nicely on lead without pulling, happy to take his time having a sniff and quietly exploring his surroundings. He approaches life in a relaxed way, showing a steady confidence in new environments and taking things as they come. Around people, Murray is warm and approachable, he’s happy to come over for a pat and enjoys affection without being over the top. Murray travels calmly and has shown himself to be low-stress and settled in different situations so far. He has also shown positive, relaxed behaviour around small dogs. Murray may suit a range of homes, particularly those looking for a laid-back and gentle companion. He would enjoy regular walks, a comfortable place to rest, and plenty of pats and quiet company. If you’re after a relaxed, friendly greyhound who enjoys a simple life of strolls, naps, and affection, Murray could be a lovely addition to the right home.","murray-1",""
"2022-04-01","Hunter Valley Mid Coast (Maitland/ Muswellbrook/Newcastle/Forster)","956000011358430","Buddy","2026-06-01","MALE","","🐾 Meet Buddy Buddy is a relaxed and easy-going greyhound who is beginning to show just how nicely he can settle into home life. He walks beautifully on lead, happily taking his time to explore the world with a wagging tail and calm curiosity. He’s a very people-friendly boy who comes when called and truly enjoys affection, Buddy absolutely loves pats and will happily lean in to soak up all the attention you’re willing to give. He travels calmly and has handled new environments with quiet confidence, taking things in stride. Buddy would suit a range of homes, particularly those looking for a gentle and affectionate companion. He would enjoy regular walks, a comfy place to rest, and plenty of pats and company as he continues to adjust to home living. If you’re after a relaxed, loving greyhound who enjoys both a gentle stroll and a good cuddle, Buddy could be a lovely addition to the right home.","buddy-18",""
"2021-07-01","Western Sydney (Londonderry)","956000007469041","Zena","2026-06-01","FEMALE","","*Zena is in a foster care home & and is available to adopt! She had lived in foster with a Borzoi in an apartment - update below!* ""She is really improving and becoming less nervous as the days go by. We have started leaving her by herself a bit more and she can now manage 2-3 hours without problems. We are also exposing her to new situations regularly and she is much calmer than she used to be. I think she is ready for a family of her own, just not a very noisy one! Zena LOVES going for walks/outings and wants to join in every time someone leaves the house. She travels well in the car and walks perfectly on the lead. She ignores small dogs when walking. We have brought her along to various football matches without problem, but she needs a little time to observe from a distance before going closer. She gets on well with our dog and we haven't seen any problematic behaviour around other dogs. Zena is very playful and has started to pick up toys, although she doesn't quite know what to do with them once she's picked them up. She has managed to play tug-of-war with our dog a couple of times and they generally play well together. Overall, Zena is a very affectionate little dog (once she knows and trusts you) that would make a lovely pet, but perhaps in a quieter household."" ----------- Zena is a happy, friendly girl, who would suit a nurturing, calm household to really thrive into the cheeky, confident girl we've seen here at the adoption centre! She can take a little time to adapt and feel comfortable in new environments and requires understanding pawrents willing to take new things slow. A home without kids would support her confidence the best. Zena socialises well with other dogs around her size and she doesn't mind if it's dog or human, but she would love some company during the day. Zena's favourite activity is settling down in a cozy area while enjoying a Kong or a food puzzle, since treats are her favourite thing! She is phenomenal with her training here at GAP HQ - she has learned how to navigate stairs, responds to her name, knows ""down"", ""touch"" a hand target, ""shake"" and even ""sit"" which is a tricky one for most greyhounds! What a clever girl! Zena is available at the Western Sydney adoption centre so let us know if you are interested in taking her home!","zena-1",""
"2020-09-01","New England","956000011719419","Libby","2026-06-01","FEMALE","","Libby is a gorgeous girl with a playful spirit and the sweetest nature. She loves having fun, whether that’s zooming around the yard or sharing gentle moments with her people. Libby is especially comfortable around other medium to large dogs and enjoys their company, making her a great match for a home with larger canine friends. True to her cheerful personality, Libby has a cheeky habit of jumping up when she gets excited, it’s her way of saying hello and showing how happy she is to see you. With a little guidance, this enthusiasm will easily turn into beautifully polite greetings. Affectionate, lively, and full of charm, Libby is sure to bring laughter, love, and plenty of tail wags to her forever home.","libby-1",""
"2021-10-01","Central West (Bathurst/Dubbo/Coonabarabran)","956000012931801","Luella","2026-06-01","FEMALE","","Meet Luella 🤍 Luella is a quiet, sweet-natured girl with so much love to give. At 4 years old, she is gentle and easy to walk, making her the perfect calm companion. She loves her humans, enjoys affection, and would suit a relaxed home where she can be by your side. Even better, Luella is small dog friendly and ready to find her forever family 🐾","luella",""
"2022-07-01","Northern Rivers (Grafton, Lismore, Casino)","956000014886527","Hunter","2026-06-01","MALE","","🐾 Meet Hunter 🐾 Hunter is a lovely, easy‑going greyhound who is ready to find his forever home. He has been well socialised with children as young as 2 years old and would suit a home with polite, dog‑savvy kids who understand how to interact respectfully with dogs. Hunter loves getting out and about and enjoys his daily walks. He walks nicely on lead and is inquisitive without being overwhelming, making him a pleasure to handle. He also has a fun side — especially when water is involved — and happily splashes around whenever he gets the chance! He gets along well with other dogs and would be happy living with a canine companion or as an only dog with regular social interaction. Overall, Hunter is an adaptable, relaxed, and friendly boy who will settle easily into a range of home environments. Hunter is looking for a home where he can enjoy his walks, spend time with his people, and be included as part of the family.","hunter-10",""
"2022-09-01","Mid North Coast","956000015733132","Henry","2026-06-01","MALE","","Meet Henry, a charming greyhound full of playful personality. Henry is a confident and happy boy who loves to explore and play wherever he goes. On the lead, he can be strong at first, but he quickly settles and walks nicely once he finds his rhythm. He enjoys car rides and is happy to travel to new adventures, though he can bark if things pass close to the car, he just wants to make sure everyone is safe! Henry is incredibly friendly and super excited to meet new people. He adores attention and loves to engage, making him a perfect companion for a family who enjoys an active, playful friend. He’s used to being around children and has been a happy, gentle playmate, sharing his joyful energy without hesitation. Henry is a confident, social, and affectionate boy ready to join a loving home. He thrives on human companionship and is looking for a family to play with, cuddle with, and bring endless smiles to every day. Henry is ready to bring his playful spirit, wagging tail, and happy heart to his forever family, filling their lives with fun, laughter, and love.","henry-10",""
"2020-12-01","Hunter Valley Mid Coast (Maitland/ Muswellbrook/Newcastle/Forster)","956000007442925","Digger","2026-06-01","MALE","","Meet Digger, a playful and confident 5-year-old greyhound who loves being part of the action. Digger is an energetic and friendly boy who enjoys exploring his surroundings and having fun while staying responsive and easy to manage. He’s confident, playful, and happy to come when called. He’s affectionate and loves a pat, often seeking out attention from his humans. On lead, Digger is excitable but controllable, making walks enjoyable for those who like a happy, lively companion. He travels well in the car and is relaxed during outings. Digger gets along well with other greyhounds and has been exposed to small dogs on his property, showing no interest in them. With his confident, playful nature and love for pats, Digger is ready to join a loving home and bring joy every day.","digger-5",""
"2021-01-01","Hunter Valley Mid Coast (Maitland/ Muswellbrook/Newcastle/Forster)","956000007469216","Dixon","2026-06-01","MALE","","Meet Dixon, a sweet black greyhound with a calm and gentle personality. Dixon is a relaxed and easygoing boy who enjoys exploring his surroundings at his own pace. He’s confident but calm, taking new environments in stride and happy to sniff around while staying composed. He’s affectionate and approachable, happily coming over when called and enjoying quiet attention. Dixon gets along well with other greyhounds and shows no interest in small dogs, preferring to keep his own space. On lead, Dixon is well-mannered and relaxed, making walks enjoyable. He also travels calmly in the car. Dixon would thrive in a home where he can enjoy a calm, stable environment, with people who appreciate his gentle and easygoing nature.","dixon",""
"2021-01-01","Hunter Valley Mid Coast (Maitland/ Muswellbrook/Newcastle/Forster)","956000011710750","Duke","2026-06-01","MALE","","Meet Duke, a stand out greyhound with a laid-back personality and a heart of gold. Duke is the definition of an easygoing companion. Often described as a bit of a “dude,” he takes life in stride with a relaxed, happy attitude. He enjoys having a sniff and a wander but is just as content to cruise along and take things slow. He’s friendly and approachable, happily coming up for pats and enjoying quiet affection. Duke has a calm, gentle presence that makes him a lovely dog to have around the home. On lead, Duke is relaxed and easy to handle, walking along without fuss. He travels well and remains calm in the car, making outings simple and stress-free. Duke is social with other greyhounds and truly stands out for his incredibly calm nature around small dogs, making him a great candidate for homes with smaller canine companions. If you’re looking for a chilled, low-maintenance companion with a sweet and gentle nature, Duke could be your perfect match.","duke-13",""
"2019-01-01","Hunter Valley Mid Coast (Maitland/ Muswellbrook/Newcastle/Forster)","956000006794248","Cracker","2026-06-01","MALE","","Meet Cracker, a handsome 7-year-old greyhound with a big personality and a love for people. Cracker is a confident and cheerful boy who enjoys getting out and about, happily exploring his surroundings with a wagging tail and a bouncy, upbeat attitude. He brings a fun energy to his walks and loves being part of the action. He’s incredibly people-focused and engaging, often approaching for pats and happily sticking around to soak up the attention. Cracker thrives on interaction and would make a wonderful companion for someone who enjoys a social and affectionate dog. Cracker walks well on lead and travels nicely in the car, making him an easy addition to day-to-day life. He’s confident in new environments and takes everything in stride. He gets along well with other big dogs and has previously been around small dogs in a home environment. However, he can become very overexcited, so he would be best suited to a home without small pets where he can remain calm and comfortable. If you’re looking for a confident, affectionate, and fun-loving companion who will keep you company and bring a bit of joy to your day, Cracker could be the perfect match.","cracker-1",""
"2022-01-01","Hunter Valley Mid Coast (Maitland/ Muswellbrook/Newcastle/Forster)","956000007374639","Frankie","2026-06-01","MALE","","Meet Frankie, a fun-loving greyhound with a happy personality and a playful spark. Frankie is a confident and easygoing boy who enjoys exploring his surroundings, happily sniffing and taking everything in. While he’s generally calm and relaxed, he also has a playful side and loves the occasional burst of zoomies, adding a bit of joy and energy to his day. He’s a friendly and approachable dog who will come over with a wagging tail to say hello and enjoy a pat. Frankie has a lovely nature and strikes a great balance between being affectionate and independent. On lead, Frankie is confident and responsive, walking nicely without pulling and happy to slip straight into a walk. He travels well and remains calm in the car, making him an easy companion for outings. Frankie gets along well with other greyhounds and shows calm, friendly behaviour around small dogs. If you’re looking for a cheerful, well-mannered companion with a playful streak and a friendly nature, Frankie could be the perfect addition to your home.","frankie-16",""
"2020-12-01","Hunter Valley Mid Coast (Maitland/ Muswellbrook/Newcastle/Forster)","956000007455038","Dave","2026-06-01","MALE","","Meet Dave, a handsome greyhound with a confident nature and a friendly, easygoing personality. Dave is a relaxed and happy boy who enjoys getting out and about, exploring his surroundings with a wagging tail and curious nose. He takes new environments in his stride and brings a calm confidence to everything he does. He’s an affectionate companion who will happily come over for pats and enjoys spending time with his people. Dave has a lovely balance of independence and friendliness, making him an easy dog to have around. On lead, Dave is confident and can be strong at times, but he responds well to guidance and settles nicely with consistent handling. He travels well and is relaxed in the car, making him a great companion for outings and adventures. Dave has great social skills and gets along well with other big dogs. He has also lived with small dogs and showed calm, friendly behaviour during assessment, making him a fantastic option for homes with smaller canine companions. If you’re looking for a confident, friendly, and well-rounded companion who will enjoy both exploring the world and relaxing by your side, Dave could be the perfect match.","dave-6",""
"2020-07-01","Hunter Valley Mid Coast (Maitland/ Muswellbrook/Newcastle/Forster)","956000007375081","Cleo","2026-06-01","FEMALE","","Meet Cleo, a happy personality and a love for exploring the world around her. Cleo is a cheerful and curious girl who enjoys getting out and about, happily sniffing, exploring, and taking everything in with an enthusiastic wagging tail. She has a fun, bouncy energy and brings a sense of joy to her surroundings. On lead, Cleo is a pleasure to walk. She is relaxed, easy to handle, and walks nicely with a loose lead, making daily outings enjoyable and stress-free. She also travels well and remains calm in the car. Cleo is friendly with people and will come over for pats, enjoying attention and companionship. Cleo is ideally suited to a home with similarly sized dogs or as a solo companion. If you’re looking for a happy, active companion who enjoys her walks and brings a bit of bounce and curiosity to your day, Cleo could be the perfect match.","cleo-5",""
"2022-07-01","Hunter Valley Mid Coast (Maitland/ Muswellbrook/Newcastle/Forster)","956000011363215","Holly","2026-06-01","FEMALE","","Meet Holly, a beautiful 3.5-year-old greyhound with a bright, happy personality and a love for life. Holly is a confident and cheerful girl who approaches everything with enthusiasm. She loves to explore her surroundings, happily sniffing and taking it all in, while remaining calm and self-assured in new environments. She is incredibly people-focused and full of joy, when you call her name, she’ll come bounding over with a wagging tail, ready for pats and attention. Her affectionate and playful nature makes her a wonderful companion for someone looking for a loving and interactive dog. Holly walks well on lead with a confident, happy attitude and travels beautifully, even hopping into the car on her own. She’s an easy dog to take along on outings and will happily join in whatever you’re doing. She gets along well with other greyhounds and shows curiosity in small dogs. If you’re looking for a fun, affectionate, and confident companion who will greet you with excitement and brighten your day, Holly could be the perfect match.","holly-6",""
"2022-03-01","Mid North Coast","956000014808463","Albert","2026-06-01","MALE","","Meet Albert, a gentle and people-loving greyhound who is ready to settle into a relaxed home life. Albert has already had a taste of home living and absolutely thrives in it. He enjoys trips to the beach, loves a splash in the water, and is happiest when he’s close to his people. Affection is his favourite thing, he’ll happily come over for pats, respond to his name, and stay nearby to soak up all the attention he can get. He is a calm and easygoing boy who travels well and walks beautifully on lead without pulling. In new environments, Albert is relaxed and confident, enjoying a quiet explore but always happiest when he can check back in with his humans. Albert gets along well with other greyhounds and shows good general manners. He can be unsure around small dogs, particularly if they enter his personal space. He would be best in a home where he gets to soak up all the attention. If you’re looking for a loyal, affectionate companion who will stick by your side, join you on outings, and happily relax with you at home, Albert could be the perfect match.","albert-3",""
"2022-09-01","Hunter Valley Mid Coast (Maitland/ Muswellbrook/Newcastle/Forster)","956000014689324","Sean","2026-06-01","MALE","","Meet Sean, a handsome 3.5-year-old greyhound with a calm, confident nature and a quietly affectionate personality. Sean is an easygoing boy who enjoys exploring his surroundings at a relaxed pace. He’s confident in new environments and takes everything in stride, happily sniffing and observing the world around him without becoming overwhelmed. While he may not be overly demanding of attention, Sean will happily come up for a pat and enjoys gentle affection. He has a lovely, independent streak balanced with a sweet, approachable nature. On lead, Sean can be a little eager at first, but he settles quickly and walks along nicely once he’s into the rhythm. He travels well and remains calm, making him a good companion for everyday life. Sean is relaxed around both large and small dogs and is happy to quietly go about his own business. If you’re looking for a relaxed, low-maintenance companion with a gentle nature and a quiet confidence, Sean could be the perfect addition to your home.","sean",""
"2020-11-01","Southern NSW/ACT (Bulli, Nowra, Goulburn, Canberra)","956000011781303","Johnny","2026-06-01","MALE","","This boy is inquisitive and affectionate, great with young kids and social with other hounds. Lives around farm animals and wasn't bothered by the cat living on the property.","johnny-10",""
"2021-12-01","Southern NSW/ACT (Bulli, Nowra, Goulburn, Canberra)","956000007421884","Ace","2026-06-01","MALE","","This pretty boy is confident and inquisitive, he likes playing in the yard and going on walks. He has been with small kids his whole life and is very gentle and obedient with them. He has had exposure to farm animals and some natives.","ace-10",""
"2020-07-01","Southern NSW/ACT (Bulli, Nowra, Goulburn, Canberra)","956000007833520","Marley","2026-06-01","MALE","","This young gent has grown up around farm animals with visits from local natives. Has small children around daily helping with his daily routine. Gorgeous boy.","marley-9",""
"2022-01-01","Southern NSW/ACT (Bulli, Nowra, Goulburn, Canberra)","956000007425971","Yazzi","2026-06-01","FEMALE","","This dynamic girl is very social and confident, she has had exposure to farm animals and the odd visit from the local native critters. Since she is so confident and social she would adjust to many different lifestyles.","yazzi",""
"2021-01-01","Hunter Valley Mid Coast (Maitland/ Muswellbrook/Newcastle/Forster)","956000007365487","Lucy","2026-06-01","FEMALE","","Meet Lucy, a joyful and affectionate 5-year-old greyhound who is ready to find her forever home. Lucy is full of personality and absolutely adores people. She thrives on human interaction and will happily seek out attention, often greeting you with excited little jumps and a constantly wagging tail. Her enthusiasm for life is contagious, she truly “loves everything” and brings a bright, happy energy wherever she goes. She travels beautifully, showing a relaxed and positive attitude around vehicles, and walks well on lead with manageable excitement. Lucy is confident in new environments and takes everything in stride, making her an easy companion to bring along on daily adventures. Lucy would suit a home where she has plenty of company, as she forms strong bonds with her people and doesn’t enjoy being left alone for long periods. She will thrive in a household that can give her the attention and companionship she craves. While Lucy is friendly with other greyhounds and larger dogs, her excitement can be a bit much for smaller dogs, so she would be best suited to a home without small pets. She’s a loving, lively girl who just needs the right family to share her big heart with. If you’re looking for a happy, people-loving companion who will greet you like you’re the best part of her day, Lucy might be your perfect match.","lucy-26",""
"2020-01-01","New England","956000012246993","Skippy","2026-06-01","MALE","","Meet Skippy, the greyhound who never quite figured out he isn’t a kangaroo. With springs for legs and joy in his heart, Skippy bounds everywhere he goes, whether he’s leaping across the yard, bouncing into your arms, or boinging from room to room just to say hello. This super-friendly boy is the embodiment of good vibes. He greets every human like a long‑lost friend, every dog like a potential playmate, and every day like the Best Day Ever. Skippy's tail wags with such enthusiasm it could almost power a small wind farm. Skippy brings sunshine, silliness, and a whole lot of love wherever he goes. If you're lucky enough to share life with him, get ready for bouncy greetings, warm snuggles, and endless joy.","skippy-1",""
"2022-09-01","Southern NSW/ACT (Bulli, Nowra, Goulburn, Canberra)","956000015734545","Flash","2026-06-01","MALE","","Flash is a confident and affectionate boy. He can operate the stairs, he comes when called upon in a large area. Has had exposure to mixed dog breeds and has been around children. Flash has also had exposure to native animals that live in the area.","flash-10",""
"2022-09-01","Southern NSW/ACT (Bulli, Nowra, Goulburn, Canberra)","956000015735168","Gus","2026-06-01","MALE","","Gus is a special boy who is confident and inquisitive. He comes when called upon, he is extremely friendly. Gus can do stairs and has had some inside experience. He is a beautiful boy who would make a fantastic family member.","gus-12",""
"2021-08-01","Southern NSW/ACT (Bulli, Nowra, Goulburn, Canberra)","956000011552652","Bart","2026-06-01","MALE","","Bart is a handsome confident boy who prefers being a lone ranger. He is confident and happy on his own and not big on sharing his space with other animals. He is loyal and would make a perfect companion for someone who needs a low maintenance mate to keep them company at home.","bart-4",""
"2024-05-01","Southern NSW/ACT (Bulli, Nowra, Goulburn, Canberra)","956000015624081","Betty","2026-06-01","FEMALE","","Beautiful Betty is the sister of Poppy who is also searching for a forever home. They are very similar, both petite and smaller in size. Betty loves a run in the yard and exploring, she does come when called upon, she can do stairs and she gets along with everyone she meets. She has had exposure to a diverse mix of domestic and native animals.","betty-20",""
"2024-05-01","Southern NSW/ACT (Bulli, Nowra, Goulburn, Canberra)","956000015659345","Poppy","2026-06-01","FEMALE","","Poppy is a beautiful vibrant girl, she is still very young and was destined for pet life given her free spirit personality and playful behavior. She gets along with everyone she meets and has exposure to the local native animals on her south coast property.","poppy-12",""
"2021-05-01","Central West (Bathurst/Dubbo/Coonabarabran)","956000011722552","Max","2026-06-01","MALE","","Meet Max 🐾 Max is an energetic, fun-loving boy who’s always ready for action! He absolutely loves playtime and will happily keep himself (and you!) entertained with his toys and zoomies. Full of life and personality, Max brings a playful spark to every moment, but he also has a sweet, affectionate side and enjoys spending time with his humans. Max is the perfect mix of outgoing and loving. If you’re looking for a happycompanion who will keep you smiling, Max is your guy!","max-18",""
"2021-02-01","Central West (Bathurst/Dubbo/Coonabarabran)","956000012226114","Jett","2026-06-01","MALE","","Meet Jett 🖤 Jett is a confident, fun-loving boy with a big personality and an even bigger heart. He absolutely adores being around his humans and will happily follow you wherever you go, just to be part of the action. This cheeky boy loves his toys and is always up for a play, bringing a playful and energetic vibe into the home. Jett’s loving nature makes him a wonderful companion, whether it’s playtime or just relaxing by your side. If you’re looking for a loyal, affectionate, and entertaining best mate, Jett is your guy!","jett-5",""
"2021-10-01","Southern NSW/ACT (Bulli, Nowra, Goulburn, Canberra)","956000012867456","Reggie","2026-06-01","MALE","","This handsome fella lives on the south coast in a residential area. He is great walking on the lead and getting around the community. He gets on well with dogs of all sizes and loves all size people he meets. he is an extroverted confident boy who is great company.","reggie-9",""
"2022-05-01","Southern NSW/ACT (Bulli, Nowra, Goulburn, Canberra)","956000012956136","Rusty","2026-06-01","MALE","","Rusty is a quirky young hound. He is a little quiet and nervous at first and may need to warm up a little. He is a handsome affectionate boy with lots of love to give. Given an opportunity he will soon become a loving, affectionate family member.","rusty-13",""
"2021-05-01","Central West (Bathurst/Dubbo/Coonabarabran)","956000012792024","Hank","2026-06-01","MALE","","Hank is a bold and spirited boy who brings a fun, lively energy wherever he goes. Full of personality, he loves to stretch his legs and show off his playful side with a good burst of zoomies. He’s a strong, active boy who will thrive in a home that enjoys getting out and about. Hank would suit someone who can match his enthusiasm. Behind his energetic nature is a sweet, loyal companion who enjoys being around his people and settling in once he’s had his fun. With the right home, Hank will be a rewarding and entertaining addition to the family 🐾","hank-9",""
"2021-02-01","Central West (Bathurst/Dubbo/Coonabarabran)","956000012227767","Phoenix","2026-06-01","MALE","","Phoenix 🐾 Meet Phoenix, a confident and fun-loving boy with a big personality to match! This clever lad comes straight over when called, always eager to be part of the action. He absolutely loves his toys and brings a playful, energetic vibe wherever he goes. Phoenix is full of life but equally full of love - he thrives on attention and will happily soak up pats and affection from his people. With his bright nature and loyal heart, Phoenix would make a wonderful companion for someone looking for a happy, active, and devoted best mate.","phoenix-2",""
"2021-08-01","Northern Rivers (Grafton, Lismore, Casino)","956000013018406","Friend","2026-06-01","MALE","","🐾 Meet Friend – the Gentle, Easy‑Going Soul If you’re looking for a calm, sweet-natured companion to slot effortlessly into family life, Friend might just be your perfect match. This handsome male greyhound truly lives up to his name—he’s gentle, placid, and simply loves being by your side. 🌊 Beach-Loving Boy Friend’s happy place is the beach. Whether it’s strolling along the shoreline or quietly watching the waves, he’s in his element. He’s not the racing-around type—just content to enjoy the fresh air and take things at his own relaxed pace. 💤 Low-Energy & Laid-Back If you’re imagining a couch buddy who’s just as happy to nap as he is to join you for a leisurely walk, Friend is your guy. He’s not overly energetic and is perfectly suited to a quieter lifestyle. 👨‍👩‍👧 Great with Kids Friend is wonderfully tolerant and patient with children aged four and up, who are respectful and polite. His calm nature and soft approach make him a lovely fit for a family looking for an easy-going canine companion. ❤️ Why You’ll Fall in Love Placid and affectionate Easy to handle and easy to live with Loves gentle outings like beach trips Friend is ready to bring warmth, companionship, and a steady presence into his new home. If you’re after a loyal boy with a soft heart and an even softer stride through life, Friend is waiting to meet you.","friend",""
"2020-10-01","Northern Rivers (Grafton, Lismore, Casino)","956000011579627","Indiana","2026-06-01","FEMALE","","Meet Indiana Indiana is a sweet and affectionate girl who forms strong bonds with her people. She loves being involved in whatever you’re doing, whether that’s relaxing at home or enjoying a bit of outdoor fun. Indiana has a happy, playful nature and brings a lovely energy to her surroundings. She gets along well with other greyhounds and is comfortable sharing her space, making her an easy companion in a multi‑dog home. On warm days, Indiana’s favourite place is the pool—she’s always ready for a splash or a cool dip to beat the heat. When it comes to small dogs, she can get a little excited at first, but with a calm handler and a moment to settle, she quickly relaxes and focuses again. She shows every sign of being a girl who simply needs a bit of guidance and consistency. Indiana is looking for a home that will enjoy her gentle affection, playful moments, and loyal companionship.","indiana",""
"2021-11-01","Northern Rivers (Grafton, Lismore, Casino)","956000012864206","Buster","2026-06-01","MALE","","Meet Buster Buster is a fun, beach‑loving male Greyhound who’s happiest with sand under his feet and waves splashing around him. He loves the beach, enjoys swimming in the surf, and never says no to chasing a ball along the shoreline. He’s a very friendly boy with a cheerful nature and makes an excellent housemate—clean, well‑mannered, and easy to have around. Buster has no concept of personal space and loves to check out what is going on. Buster has met small dogs and is polite, but he can be quite exuberant and playful, so he’s best suited to a home with medium to large breed dogs who can match his energy. Buster has met children and would make a great companion for polite dog savvy children who want to play with him, but remember he is active. If you’re looking for an affectionate, active companion who will happily join you on seaside adventures, Buster might be your perfect match.","buster-12",""
"2022-11-01","Northern Rivers (Grafton, Lismore, Casino)","956000014887732","Tilly","2026-06-01","FEMALE","","Meet Tilly Tilly is an easygoing, relaxed girl who takes new environments in her stride. She travels well in both the car walks nicely on lead, settling quickly and showing good manners. She has a naturally chilled, social temperament—happy to explore, have a sniff, and calmly spend time with other dogs. Tilly is very friendly with people, coming over for pats when called and showing a lovely, gentle interest. Tilly mixes well with dogs of all sizes. She was polite and appropriate with small dogs and interacted comfortably with the larger dogs she met, showing confident yet relaxed social skills. One thing to note: Tilly does not like sharing her food, so mealtimes are best managed separately from other dogs. Overall, Tilly is a swee, and well‑mannered girl who would make a wonderful companion for someone seeking a friendly, relaxed Greyhound who blends easily into day‑to‑day life.","tily",""
"2020-04-01","Northern Rivers (Grafton, Lismore, Casino)","956000007836582","Turbo","2026-06-01","MALE","","Turbo is an active, outgoing Greyhound with a friendly and confident personality. He enjoys playtime and getting involved in what’s happening around him, but once he’s had his fun, he settles well and is quiet and easy to have around. He’s very people‑oriented and would suit a home with children aged 10 and over who can enjoy his playful side while giving him space when he’s resting. Turbo’s mix of energy, friendliness, and calm downtime makes him a great fit for families or individuals looking for a sociable but well‑mannered companion.","turbo-8",""
"2022-11-01","Central West (Bathurst/Dubbo/Coonabarabran)","956000015727490","Gemma","2026-06-01","FEMALE","","Meet Gemma Gemma is a sweet little girl with a beautiful nature and a cheeky personality to match. This lovely lady has a gentle heart but also a playful, fun side that will keep you smiling. Gemma loves being around people, though is also fine being on own. With her gorgeous looks and lovable personality, Gemma is sure to steal hearts wherever she goes. She would make a wonderful companion for someone looking for a beautiful girl with a mix of sweetness and cheeky charm. 🐾","gemma-6",""
"2021-02-01","Central West (Bathurst/Dubbo/Coonabarabran)","956000012258823","Chester","2026-06-01","MALE","","Meet Chester a sweet and gentle boy who is looking for a loving home where he can truly shine. Chester has a calm and affectionate nature and enjoys being close to his people. He’s the kind of companion who will happily sit by your side, enjoying quiet moments and soaking up all the attention you can give. With his kind personality and loving heart, Chester would make a wonderful companion for someone looking for a loyal friend to share their days with. All he needs is a caring home where he can feel safe, loved, and part of the family.","chester-5",""
"2020-09-01","Central West (Bathurst/Dubbo/Coonabarabran)","956000007466926","Jax","2026-06-01","MALE","","Meet Jax, a calm and sweet-natured boy who will quickly win you over with his gentle personality. Jax is a friendly companion who enjoys being around people and thrives on affection and attention. He loves the company of other dogs and would happily share his home with a canine friend. With the right, slow introduction, Jax could also potentially be cat workable, making him a great option for a variety of homes. With his easygoing temperament and loving nature, Jax is the kind of loyal companion who will happily be by your side for walks, relaxing days, and plenty of pats. Anyone looking for a friendly and affectionate greyhound will find a wonderful mate in Jax.","jax-6",""
"2021-04-01","Central West (Bathurst/Dubbo/Coonabarabran)","956000011659317","Jay","2026-06-01","MALE","","Meet Jay, a fun-loving boy with a beautiful nature. This happy boy has a bright bubbly personality and a friendly spirit that makes him a joy to be around. Despite his playful side, he also has a gentle temperament and loves attention and affection from his people, just look at that cheeky smile! With his sweet personality and charm, Jay will make a wonderful companion for someone looking for a loyal, fun, and loving greyhound to share their days with.","jay-7",""
"2021-08-01","New England","956000011713619","Jess","2026-06-01","FEMALE","","Jess is a lively and affectionate dog who loves getting out and about. She’s great on the lead and enjoys exploring with her people. Jess has a playful personality and absolutely loves to run around and have her zoomies when the mood strikes. She can be a little skittish around new or loud noises, so she would do best with a patient and experienced owner who can help her build confidence and feel secure. Jess has had good socialisation with a cattle dog and enjoys canine company when introductions are done properly. With the right home, guidance, and plenty of love, Jess will make a loyal and entertaining companion.","jess-10",""
"2022-04-01","Southern NSW/ACT (Bulli, Nowra, Goulburn, Canberra)","956000014524588","Ken","2026-06-01","MALE","","Ken is a lovely boy who is very friendly, plays well with toys, good with kids and great on the lead, he also lives around native and domestic animals.","ken-8",""
"2022-03-01","Northern Rivers (Grafton, Lismore, Casino)","956000011301539","Muza","2026-06-01","FEMALE","","Maza is a sweet and gentle girl . She can be a little shy at first and prefers to stick close to her favourite humans, but once she feels comfortable, her affectionate and playful side shines through. She gets along well with other dogs, both small and large, and enjoys joining in on gentle play. Maza travels well in the car and is very food-motivated, which makes training and bonding with her easy. Once she opens up, she’s full of fun and love, making her a loyal and delightful companion.","muza",""
"2022-12-01","Northern Rivers (Grafton, Lismore, Casino)","956000014884881","Dolly","2026-06-01","FEMALE","","Meet Dolly! Dolly is a calm, confident, and happy greyhound who loves exploring and spending time with people. She is gentle, friendly, and extremely affectionate, enjoying pats and attention from anyone she meets. Dolly loves to travel in the car, settles easily in new places, and is clean in her kennel. She is great with children, polite around small dogs, and super excited to meet other greyhounds. If they are playing then she wants to join in too! Dolly enjoys a sunny snooze spot, adventure walks and most of all time with her humans.","dolly-15",""
"2020-09-01","Western Sydney (Londonderry)","956000007821199","Timmy","2026-06-01","MALE","","Timmy is a handsome, charismatic blue brindle guy! Timmy has spent a short amout of time in a home and his carers have said he is a big cuddly teddy bear of a dog with a goofy side! He is a dream to walk on the lead, loves to collect his toys on his bed, is a quick learner and is hilarious when he plays with his squeaky toys. They found he loves to nap and relax and didn't mind being left alone up to 3 hours if he gets a nice sniffy walk beforehand, but would propably prefer a home where someone is around fairly often to keep him company. Timmy would be suitable to live with older/experienced kids, as Timmy can get excited and forget his size in the heat of the moment. He can live with another dog his size however he doesn't need the companionship. We have also noticed Timmy is a smart boy here at GAP HQ and loves his food. He can even do stairs! So come and meet Timmy at the Western Sydney adoption centre. He can't wait to meet you!","timmy-8",""
"2021-11-01","Western Sydney (Londonderry)","956000012930673","Ace (Western Sydney)","2026-06-01","MALE","","Hi, I'm Ace! I walk nicely on the lead and warm up after I get to know you. I like toys, and am described as friendly and calm. I would be happy to live with another dog after a meet and greet with them. As I can be shy, a dog who can help me come out of my shell could be a good match for me! As I have not experienced much of pet life yet, a home willing to take it nice and slow with me is best suited. A home with older/respectful kids would suit me best, as well as a house with a backyard for me to spend time in. Meet me at Western Sydney.","ace-western-sydney",""
"2023-09-01","Western Sydney (Londonderry)","956000015734329","Thunder","2026-06-01","MALE","","Thunder is a playful, funny, confident and friendly boy. He has an upbeat personality, and would love a home with toys, fun, and adventures! In his preperation to become a pet, he has learnt crate training, swimming in pools and dams, seen things like mowers, vehicles, and has been around kids 2-6 years old. He can be eager to get going on walks so a family who can walk a stronger dog is best suited. He could live with another doggie his size, however not a requirement. He is bouncy, friendly, and fun loving. A home with a backyard and shorter hours alone when he first settles in would be a great fit for Thunder. Meet Thunder at Western Sydney!","thunder-2",""
"2024-03-01","Western Sydney (Londonderry)","956000015564790","Patchy","2026-06-01","MALE","","Hi, I’m Patchy — a young, gentle boy looking for a calm, nurturing home. I’d love a backyard where I can relax and have some quiet time, in a peaceful neighbourhood with a family who understands that I may take a little time to settle in. I’m naturally quiet and curious, and once I feel safe my sweet personality begins to shine. Because I’m a sensitive soul, a home without children or lots of hustle and bustle would suit me best. Meet me by appointment in Western Sydney. 🐾","patchy-1",""
"2020-03-01","New England","956000007829839","Georgia","2026-06-01","FEMALE","","Georgia is a timid girl who will need a patient and understanding home to help her feel safe and settled. She can be quite reserved at first, so she will benefit from adopters who have experience and are willing to give her the time and gentle guidance she needs to build confidence at her own pace. Georgia is happy to quietly observe the world around her and tends to be quite independent, preferring to take things in from a comfortable distance while she learns to trust her surroundings. She has shown that she can do well with medium sized dogs and may appreciate a calm canine companion. With plenty of patience, consistency, and a supportive environment, Georgia has the potential to slowly come out of her shell and feel secure in her new home. 🐾","georgia-4",""
"2020-10-01","New England","956000012192590","Danny","2026-06-01","MALE","","Danny is a lovely, placid boy who enjoys spending time with his people and soaking up plenty of pats. With his gentle nature, he truly values human companionship and is happiest when he’s close by, happily engaging with those around him. He also has a soft spot for children, showing a calm and patient demeanor that makes him a wonderful family companion. One of Danny’s favourite things is water, whether it’s splashing around, wading in, or simply being near it. This love of water adds a fun and playful side to his otherwise relaxed personality, making outings to the river or a safe swimming spot especially rewarding for him. Danny is great with all dogs, he walks well on the lead even with children. Overall, Danny is a sweet, affectionate companion who will thrive in a home that can provide him with plenty of love. In return, he’ll offer loyalty, warmth, and a calm, loving presence plus a little splash of fun wherever there’s water involved.","danny-5",""
"2022-04-01","Central West (Bathurst/Dubbo/Coonabarabran)","956000011305312","Ruthie","2026-06-01","FEMALE","","Meet Sweet Ruthie 🐾 Ruthie is a beautiful 3-year-old greyhound who is gentle and has a petite little frame. She has a calm, sweet nature and carries herself with quiet grace. Ruthie has been wonderful around small dogs, showing respectful and polite manners, and she takes everything in her stride with her soft, easygoing temperament. She would make a truly lovely addition to a family looking for a gentle, affectionate companion. With her sweet personality and kind heart, Ruthie is ready to settle into home life and share all the love she has to give. If you're searching for a calm, cuddly best friend with the sweetest soul, Ruthie might just be your girl!","ruthie",""
"2021-02-01","Western Sydney (Londonderry)","956000011661850","Obi Wan Kenobi","2026-06-01","MALE","","This is Obi-Wan Kenobi — a brave Jedi knight using the Force to steal hearts across the adoption centre. Obi-Wan Kenobi loves his walkies and might even do a little happy dance when he sees his lead! Loves an adventure, making him a great fit for an active family who enjoy long walks through the galaxy. He is perfectly behaved indoors at the adoption centre. Gentle, affectionate, and loves chilling out, Obi has the quintessential greyhound personality — laid back with moments of playfulness. Obi-Wan Kenobi seeks a family who will respect his Jedi calmness but also embrace his playful side. He’s suited for homes with a peaceful vibe and a little space to run around. Apply for our special boy Obi — and may the peace, paws, and happiness be with you! 🌟🐾","obi-wan-kenobi",""
"2020-12-01","Central West (Bathurst/Dubbo/Coonabarabran)","956000011710830","Ferrari","2026-06-01","FEMALE","","Don’t let her name fool you - Ferrari is a gentle, quiet girl with a soft and reserved nature. She may take a little time to come out of her shell, but with patience and love, her sweet personality truly begins to shine. Ferrari has a stunning black and white coat that makes her just as beautiful on the outside as she is on the inside. She would suit a calm home where she can settle at her own pace and build confidence in a safe, loving environment. With the right home Ferrari will be a loyal and affectionate companion who will quietly steal your heart 🐾","ferrari-1",""
"2021-04-01","New England","956000012227509","Rocky","2026-06-01","MALE","","Rocky is a gentle, affectionate greyhound with a heart as big as his soulful eyes. This lovely boy thrives on human company and is searching for a home where he can be the centre of someone’s world. Rocky is a naturally sweet, loving, and people focused dog. He adores cuddles, leans, and quiet moments with his favourite humans. He’s the kind of boy who bonds deeply and shows endless loyalty once he feels safe and loved. While Rocky is a total sweetheart with people, he’s at his happiest in a home where he can be the only pet. He loves having his own space and his own humans all to himself—he truly shines when he’s the solo star of the household.","rocky-17",""
"2022-11-01","Mid North Coast","956000014911264","Zues","2026-06-01","MALE","","Meet Zeus A handsome boy with a charming short tail and a confident outlook on life, Zeus is a curious and capable greyhound who enjoys exploring his surroundings and taking in the world around him. Zeus is confident and inquisitive on walks. He travels well in the car and handles new environments with ease. While he enjoys a pat, food is definitely the way to his heart! He’s very food motivated, which will make ongoing training both rewarding and fun. Like many bright young hounds, he can become distracted by interesting sights and smells, so he’ll benefit from continued engagement and positive reinforcement to help him stay focused. Zeus has been well behaved around other greyhounds and has previously been kennelled with his sister. However, he can be selective with his canine company and would be best suited as the only dog in the home, where he can soak up all the attention. He would thrive with an owner who can provide structure, enrichment and regular adventures while continuing to build his skills. If you’re looking for a confident, clever and engaging companion to share your days with, Zeus could be the perfect fit.","zues",""
"2021-01-01","Hunter Valley Mid Coast (Maitland/ Muswellbrook/Newcastle/Forster)","956000012804663","Stewy","2026-06-01","MALE","","Stewy is a happy, excited boy who brings fun and energy wherever he goes! He’s playful, full of personality, and absolutely loves a good round of zoomies to burn off his enthusiasm. This lively lad enjoys engaging with his people and will happily come over for pats, attention, and of course — cuddles. After a burst of play, he’s more than ready to snuggle up and soak in the affection. Stewy would suit a home that enjoys an interactive, playful companion and is ready to embrace his joyful spirit. If you’re looking for a dog who will make you smile every single day, Stewy might just be your perfect match. 💙","stewy",""
"2021-09-01","Hunter Valley Mid Coast (Maitland/ Muswellbrook/Newcastle/Forster)","956000013043461","Hazel","2026-06-01","FEMALE","","Meet Hazel 🌿 Hazel is a sweet girl with a placid, gentle nature that makes her a lovely companion. She has a quiet charm about her and thrives in a peaceful, steady environment. Hazel will need a little time to warm up to a new home, as new surroundings can feel overwhelming at first. With patience, reassurance, and a calm household, she will gradually come out of her shell and show her affectionate and loyal personality. She would do best in a calm home where she can settle at her own pace and build confidence. A slow and thoughtful introduction to a cat will be important, and she could be workable with a small dog companion with the right match and gentle introductions.","hazel-8",""
"2022-02-01","Hunter Valley Mid Coast (Maitland/ Muswellbrook/Newcastle/Forster)","956000011658772","Aurora","2026-06-01","FEMALE","","Aurora is a sweet, cuddly girl with a gentle heart and a loving nature. She adores affection and will happily soak up all the pats and snuggles once she feels safe and settled. She may be a little timid at first when meeting new people or adjusting to a new environment, but with patience and reassurance in a calm home, Aurora will soon blossom into a devoted and affectionate companion. Aurora would thrive in a semi-active household that enjoys a balance of relaxed downtime and daily walks or playtime. She is suitable for families with children of all ages, especially in a home that encourages kind and gentle interactions. With a slow and positive introduction, she could be workable with a small dog companion. If you’re looking for a soft, loving girl who will reward your patience with cuddles and loyalty, Aurora could be your perfect match. 🐾💕","aurora-1",""
"2017-12-01","Hunter Valley Mid Coast (Maitland/ Muswellbrook/Newcastle/Forster)","956000009592622","Mavis","2026-06-01","FEMALE","","Meet Mavis 🤍 Mavis is a gentle, sweet-natured girl looking for a calm and chilled home where she can truly relax and feel safe. She has a quiet presence and would thrive in a semi-active household that enjoys a balance of peaceful downtime and relaxed walks. She may be a little timid when first settling in, but with patience and reassurance, Mavis will gradually warm up and show her affectionate, loyal personality. Once she feels secure, she forms lovely bonds with her people and enjoys simply being nearby. Mavis would be best suited to a home with older children who can respect her space and understand her gentle nature. A slow and considered introduction to cats and small dogs will be important to help her adjust comfortably. She would particularly suit a part-time or work-from-home household, or an older couple looking for a devoted companion to share their days with.","mavis-2",""
"2022-11-01","Hunter Valley Mid Coast (Maitland/ Muswellbrook/Newcastle/Forster)","956000011647032","Licorice","2026-06-01","MALE","","Licorice is a big, sooky boy with an even bigger heart. He absolutely loves being around his people and thrives on companionship, affection, and attention. If you’re looking for a loyal shadow who wants to be part of everything you do, Licorice is your guy. He enjoys an active lifestyle and will happily join you for walks and playtime, but his new family will need to be mindful of his leg and ensure his exercise is appropriate and not overly strenuous. A balanced routine that keeps him engaged without overdoing it will suit him best. Licorice can be prone to separation anxiety, so he would do best in a home where someone works from home or is around for much of the day. Alternatively, a well-matched female dog friend could help keep him company and build his confidence when left alone. Due to his size and excitability, Licorice would be best suited to a home with older children who can handle his enthusiasm and help maintain calm, consistent boundaries.","licorice",""
"2021-09-01","Hunter Valley Mid Coast (Maitland/ Muswellbrook/Newcastle/Forster)","956000007433374","Maple","2026-06-01","FEMALE","","Meet Maple 🍁 Maple is a beautiful, placid girl with a gentle soul and a sweet nature. She has a calm presence that makes her a wonderful addition to a relaxed, loving home. Maple can be a little timid when first meeting new people or adjusting to new surroundings, but with a bit of patience and reassurance, she will slowly come out of her shell. Once she feels safe and comfortable, her affectionate and loyal personality truly shines. She would thrive in a calm household with a semi-active lifestyle — a home that enjoys a balance of quiet downtime and leisurely walks or play sessions. Maple is suitable for families with children of all ages, especially where kindness and gentle interactions are encouraged. With the right introduction, she would be workable with a small dog companion.","maple",""
"2017-12-01","Hunter Valley Mid Coast (Maitland/ Muswellbrook/Newcastle/Forster)","956000009592212","Tilly","2026-06-01","FEMALE","","Meet Tilly Sweet 💕 Tilly Sweet is a placid, gentle girl with a heart as soft as her name. She has a calm and loving nature, making her a wonderful companion for a family looking for a sweet and steady presence in their home. While Tilly may be a little timid when first meeting new people or entering a new environment, she warms up beautifully when given a calm, reassuring space to settle in. Once she feels comfortable, her playful side shines through — she absolutely loves a good zoomie around the yard and enjoys spending time playing with her favourite toys. Tilly would suit a semi-active household where she can enjoy both relaxed downtime and some fun bursts of activity. She’s treat motivated, which makes training a rewarding experience and a great way to continue building her confidence. She could be workable with a small dog companion and would do best with a slow, gentle introduction to a cat. Tilly is suitable for a home with children of all ages, especially in an environment where interactions are calm and respectful as she continues to grow in confidence.","tilly-7",""
"2022-02-01","Central West (Bathurst/Dubbo/Coonabarabran)","956000007425862","Addison","2026-06-01","FEMALE","","Meet Addison 🐾 Addison is the sweetest 4-year-old girl who will completely steal your heart. With her adorable personality and affectionate nature, it’s impossible not to fall in love with her. To say Addison enjoys a cuddle and a pat is truly an understatement — she absolutely adores affection and will happily soak up all the love you’re willing to give. Her gentle, loving nature and beautiful soul melt the hearts of everyone she meets, she would fit well into a home with smaller dogs too. Addison is the kind of girl who will quickly become the centre of the family, bringing warmth, companionship and plenty of cuddles to her lucky forever home.","addison",""
"2020-02-01","Western Sydney (Londonderry)","956000012225921","Ferb","2026-06-01","MALE","","A word from his foster family: ""Ferb has been going really well, we are really hopeful he will find a lovely family as he has such a gorgeous nature. He can be left alone for around 6 hours - ideally with a stimulation toy to play with or lick mat/similar or he does get a bit bored and lonely! He’s very well toilet trained. We think he would be a fantastic family dog as he is non-reactive and so good natured, he loves cuddles and being around people as much as possible. He is good on walks and will respond to commands (most) of the time, he has been very happy to meet lots of new friends."" Ferb is a super loving and affectionate guy who will go up to anyone and everyone and snuggle right into them! He steals the heart of everyone he meets and we just adore him! Ferb also loves other medium-large size dogs and would gladly have a canine brother or sister for company while you are away at work. Ferb loves his food and is responding very well to training her at GAP HQ - he already walks perfectly on loose lead, recalls well, has been fantastic with toilet training, can lay down when asked and can walk up and down stairs. What a clever boy! Ferb would gladly share his home with older, respectful kids. A quieter home without too much hustle and bustle beyond the fence is best suited for Ferb. Apply to adopt Ferb today - available at Western Sydney.","ferb",""
"2022-04-01","Western Sydney (Londonderry)","956000011352250","Messi","2026-06-01","MALE","","Messi is a confident, excitable and friendly young boy. He would love a home with a yard where he can explore and smell all the interesting things in his new world. He enjoys time with people and would love a home that is willing to share adventures with him and continue teaching him about the best things in life. Messi would be happy to live with another dog who is happy to play and explore but also relax together. He enjoys going out for walks and would love to get some nice treats from a family ready to share their life with him. Available by appointment at Western Sydney","messi",""
"2021-01-01","Western Sydney (Londonderry)","956000011710398","Rocco","2026-06-01","MALE","","Rocco is a sweet and affectionate gentleman who can be a little shy at first but quickly decides he wants to be your cuddle buddy. He is a gentle middle-aged boy who has spent time with children and other dogs who respectfully shared space with him. Rocco has been getting used to the daily grind, walking in busy park areas meeting people and seeing dogs but he would also love a quiet yard to laze around in the sun. Rocco would be best suited to a canine companion who is quiet and calm like he is and also would prefer to live with calm, older children. He would love someone home to settle him in and spend time with him getting him used to your world and helping him grow his confidence and show his sweet, affectionate nature. Available by appointment at Western Sydney","rocco-2",""
"2021-11-01","Western Sydney (Londonderry)","956000014810040","Gus","2026-06-01","MALE","","Hey, It's me, Gus! I am confident and have been around lots of different things before...cars, dams, different surfaces, radios and TV's, all in preparation to meet my forever family! I have gone for walks to the local shops and seen lots of things that make me a confident well rounded dog. I am an excellent traveller and would be a great match for a family who are on the road a bit and want to take their dog with them. I have met people on street walks and enjoy the attention, I would also suit a home with a calm small or large dog. Small dogs seem to like my vibe! My overall energy is calm, friendly with bouts of playfulness guess I am your quintessential greyhound... I hope to meet you soon. Meet me by appointment at Western Sydney!","gus-11",""
"2021-07-01","Western Sydney (Londonderry)","956000007465988","Barney","2026-06-01","MALE","","If Barney's sweet and soulful eyes have caught your attention, keep reading to find out if you could be the perfect fit for our special guy, Barney. Barney is available to a home who can nurture a shy greyhound out of their shell. Barney requires a special home with a quiet lifestyle and a backyard with secure fencing where he can retreat to and enjoy the peace and quiet away from people when he needs it. A home without children is a must for our shy Barney, however a calm, wise and understanding dog of any size (small or large) would be a lovely companion to help him build his pet skills and help him adapt to his new life with his forever family. If you are someone who can provide a shy dog the structure, support, and ongoing confidence training that he needs to thrive as a pet, we'd love to hear from you. Barney is available for fostering or adoption by discussion with GAP team. We can't wait to hear from Barney's perfect family!","barney-6",""
"2021-03-01","Southern NSW/ACT (Bulli, Nowra, Goulburn, Canberra)","956000007432560","Leggy","2026-06-01","MALE","","This handsome fellow is currently sharing a yard with another greyhound and spending time playing with a little Italian greyhound. He is very sweet and affectionate, loves to play and loves affection. Would be an excellent supervisor while your working in the yard.","leggy-1",""
"2019-08-01","Southern NSW/ACT (Bulli, Nowra, Goulburn, Canberra)","956000011103512","Luna","2026-06-01","FEMALE","","Luna is an energetic girl that enjoys a yard where she can cut loose in the morning and bust out some zoomies. Then like most greyhounds she's done, finished gone for the day and happy to cuddle up and relax. She shares a yard with Bubba and good left alone.","luna-15",""
"2021-02-01","Western Sydney (Londonderry)","956000011563768","Malley","2026-06-01","MALE","","Hi, I'm Malley! I've been learning lots of things about the world while I wait to be adopted. I am super friendly and will make a sensational first impression, if I do say so myself! I am very charming and think you will just love me! I know what a lounge is, how to navigate those weird things called ""stairs"", and have enjoyed spending time in an open crate, and spending time indoors, too. I'm a good traveller, I also love toys and treats and my handlers call me a big softie! I would prefer short hours alone as a solo pet and a slow intro to the big wide world as my horizons slowly expand as a pet with you. If you thought you might like a big affectionate softie like me simply reach out to the Western Sydney adoption centre :)","malley",""
"2020-10-01","Southern NSW/ACT (Bulli, Nowra, Goulburn, Canberra)","956000012808371","Bonnie","2026-06-01","FEMALE","","Bonnie was breed to be on the couch, she likes to lounge around and keep it real. She is a pretty girl that looks like she would suit the apartment lifestyle.","bonnie-9",""
"2021-07-01","Southern NSW/ACT (Bulli, Nowra, Goulburn, Canberra)","956000007421604","Max","2026-06-01","MALE","","Max is a beautiful active boy who loves to go on adventures max is suited to full time workers max loves older kids as he loves to play with toys and can sometimes forget his size with younger children. despite his energy max walks very well on lead max requires a larger fenced area to ensure he stays in the backyard all day as he can sometimes want to go and hang out around the neighbourhood. max is a clean and healthy boy and would suit your more active lifestyle","max-17",""
"2019-01-01","Southern NSW/ACT (Bulli, Nowra, Goulburn, Canberra)","956000006676985","Lilo","2026-06-01","FEMALE","","Lilo loves to feel the earth under her feet and be in the yard but she does also like affection and being close the ones she loves. She likes the water and cooling down on hot days. She will inspect new people she meets and will come around once she approves.","lilo-3",""
"2020-03-01","Southern NSW/ACT (Bulli, Nowra, Goulburn, Canberra)","956000007833551","Stitch","2026-06-01","FEMALE","","Stitch has lived around farm animals and native animals most of her life so she is unbothered by a lot of things. She may get excited but she calms down quite quickly. She is very confident and happy and would love a yard to look after.","stitch-3",""
"2019-01-01","Southern NSW/ACT (Bulli, Nowra, Goulburn, Canberra)","956000006804085","Rapunzel","2026-06-01","FEMALE","","Rapunzel loves any form of affection. She will come to you when called, she is confident and not bothered by much in life.","rapunzel",""
"2022-12-01","Northern Rivers (Grafton, Lismore, Casino)","956000015031593","Geno","2026-06-01","MALE","","Meet Geno, a sweet and happy boy who's sure to steal your heart with his wagging tail and bright eyes, as he loves nothing more than receiving pats from everyone he meets. Geno is a sociable pup who revels in the company of other dogs. His friendly demeanor means he'll quickly become a beloved member of any dog-friendly household. He's a fan of good meals and thoroughly enjoys his food. One of Geno's most endearing qualities is his love for the water. Geno loves to splash in his paddle pool and Geno is the perfect companion for those who appreciate a mix of play and relaxation. If you're looking for a sweet, happy dog who's as charming as he is friendly, Geno could be the perfect match for you. With Geno, every day is an opportunity for fun, affection, and shared experiences.","geno",""
"2021-04-01","Northern Rivers (Grafton, Lismore, Casino)","956000011704804","Dex","2026-06-01","MALE","","Meet Dex, the strikingly handsome and robust canine companion who loves for water and has a zest for life, Dex is the ideal pet for those who appreciate an adventurous soul . Dex exudes strength and charm, preferring the company of larger dogs who match his playful energy and enthusiasm. Whether he's splashing around in a pool, pond, or simply enjoying a sunny day outdoors, Dex is happiest when he's with his big-sized friends. Toys are another passion of Dex's; he enjoys the simple pleasures of tug-of-war or a good game of fetch. His playful antics with his toys will surely keep you entertained. While he adores the companionship of big dogs, he prefers a home without small dogs to ensure everyone's comfort and harmony. Dex's energetic nature would thrive in a home with an active lifestyle, spacious yard, or access to dog-friendly outings. Embrace the adventure and heartwarming fun that Dex brings to every day. Are you ready to welcome a strong, water-loving, toy-enthusiast into your life.","dex-3",""
"2022-07-01","New England","956000014850536","Kota","2026-06-01","FEMALE","","🌸 Meet Kota - A Gentle Soul Looking for a Patient, Loving Home Kota is a very special girl with a soft heart and a sensitive spirit. She may take a little while to warm up, but once she trusts you, she forms deep, meaningful bonds that make every moment worth the wait. 💗 A Sensitive, Quiet Beauty Kota can feel a bit unsure in new environments, and she prefers to take things slowly. She’s not the kind of dog who rushes into new situations, she observes, thinks, and opens up at her own pace. But beneath that initial shyness is a truly affectionate, loyal companion. 🏡 Needs a Calm, Patient Home Kota will thrive in a warm, gentle, and patient household where she can feel safe and loved. She’ll do best with people who understand that trust takes time, and who are happy to give her the space and reassurance she needs to blossom.","kota",""
"2022-12-01","Western Sydney (Londonderry)","956000015726981","Ray","2026-06-01","MALE","","Hey, I'm Ray! You could say I am a ray of sunshine, I'm so friendly and vibrant and ready to light up your life! 🔆 I will give you cuddles, licks and give you an amazing first impression with my confident personality. My best suited home is a home who loves all things greyhounds - from my zoomies to my naps. I love zoomies and play, and I will be your sweet and joyful companion who will always be wiggly and cute when you get home from work. I will run around and keep you active, so a home with a yard is going to be great for me and my sunshine personality! I can be excited to get going on the lead but I will be eager to learn and walk nicely once we get into routine. My best suited home is one with shorter hours alone while I settle in, I can also go home with a medium to large canine companion. If you need some more rays of sunshine in your life, come and meet me at Western Sydney!","ray-4",""
"2023-12-01","Hunter Valley Mid Coast (Maitland/ Muswellbrook/Newcastle/Forster)","956000016770827","Shelby","2026-06-01","FEMALE","","Shelby is a very energetic greyhound who’s always ready to go. She’s best suited to an active lifestyle with plenty of opportunities to burn off her energy and enjoy structured play. If Shelby is rehomed with another dog, she’ll need an experienced owner and a canine companion who can truly match her energetic play style. She plays hard and would do best with a confident, compatible dog who enjoys the same level of activity. A secure backyard is a must for Shelby, giving her the space she needs to run, play, and unwind. In the right home, Shelby will thrive as a fun, lively companion for someone who loves an active dog.","shelby-4",""
"2020-11-01","Hunter Valley Mid Coast (Maitland/ Muswellbrook/Newcastle/Forster)","Microchip Number 956000007807685","Lenny","2026-06-01","MALE","","Lenny is a beautiful male greyhound who knows exactly what he likes—and he likes his own space. He’d be happiest as a solo dog, where he can fully relax and enjoy being the center of attention. Out and about, Lenny is perfectly fine around other dogs and handles public settings well, but he’s not a fan of other dogs getting too close in his personal bubble. Because of this, he’s best suited to a home where he can have his space respected. Lenny would thrive in a semi-active household and is accustomed to being handled by kids, making him a great option for a family that understands dog boundaries. He’s a lovely boy with lots to offer the right home.","lenny-13",""
"2021-05-01","Hunter Valley Mid Coast (Maitland/ Muswellbrook/Newcastle/Forster)","956000011704931","Roger","2026-06-01","MALE","","Roger is a handsome black greyhound with a calm, easygoing vibe. He’s a pretty chill dude who enjoys a relaxed lifestyle and doesn’t ask for much beyond comfort, kindness, and a good routine. Roger would do best as a solo dog or with a female canine companion. He can be workable with small dogs and even cats, given the right introductions and management. His laid-back nature makes him a great match for full-time workers or a family looking for a low-key, affectionate dog. If you’re after a gentle, uncomplicated companion who’s happy to go with the flow, Roger might just be your guy.","roger-3",""
"2019-12-01","Northern Rivers (Grafton, Lismore, Casino)","956000012246946","Mickey","2026-06-01","MALE","","Mickey is a gorgeous white and blue male greyhound with a truly lovely personality — and he’s a smaller boy too, which just adds to his charm. He’s sweet, gentle, and a pleasure to have around. Mickey has spent time in a house and is comfortable being indoors, though he hasn’t lived full-time inside yet. He can manage stairs going up, but will need some support and patience with coming back down as he continues learning. He is workable with small dogs and, with the right slow and careful introductions, may also be cat workable. His future family will need to be prepared to put in the time and consistency to help him succeed, but Mickey’s kind nature makes him well worth the effort.","mickey-2",""
"2021-11-01","Northern Rivers (Grafton, Lismore, Casino)","956000013022342","Fang","2026-06-01","MALE","","Fang is a striking white and red brindle male greyhound with a gentle, sensitive nature. He walks nicely on lead and enjoys getting out for calm, relaxed strolls. When first meeting new people, Fang can be a little nervous and appreciates a slow, patient approach. He will come over for pats, but prefers things to be taken at his pace — once he feels safe, he settles beautifully and shows his sweet, trusting side. Fang had a calm interaction with a small dog, enjoying a polite sniff before disengaging, and he showed lovely manners around other greyhounds during his assessment. He would do best in a home that understands shy dogs and is happy to let him build confidence in his own time.","fang",""
"2023-02-01","Western Sydney (Londonderry)","956000014914658","Romeo","2026-06-01","MALE","","*Romeo is in a foster care home in the Inner West and he is available to adopt! Foster Update: Romeo is super happy, affectionate and playful pup (no resource guarding or sleep startle observed). He is quite confident and outgoing at home. When he’s asleep he is angelic and when he is awake, he is effervescent. He has settled in quickly, he knows where his beds are and has a sleep bed and a play bed, he figured out very quickly where his toys live and how to dig the goat horn his favourite toy out of the basket. Romeo is a quick learner and has now mastered indoor and outdoor steps. He is responding to his name most of the time. His playful antics make us laugh to no end. He is happy to pass dogs on a footpath without much notice. Favourite things about him: His beautiful soulful eyes, his stunning looks, his mischievous personality, his independence and his affectionate behaviour. *Romeo is available from the Western Sydney adoption centre via appointment with his foster carer*","romeo-1",""
"2018-09-01","Western Sydney (Londonderry)","956000009417122","Lou","2026-06-01","MALE","","If you're looking for a friendly and outgoing companion, check out Lou! Lou has recently spent time in foster care where he mastered going to markets and meeting all the stall holders. Lou is a sweet, people-focused boy who enjoys routine, gentle companionship, and having his humans within eyesight. He walks beautifully on lead, took inner-city living in stride during foster care, and happily relaxed at cafés, pubs, and markets. He’s polite with other dogs on walks, enjoys calm play with other greyhounds, and absolutely adores squeaky toys and fetch. Lou is independent but affectionate, active in the mornings, and a cosy snoozer by evening when he has a comfortable spot to unwind. He will do best in a house with yard access, as smaller apartments made it difficult for him to fully settle and find his own space. When sharing a home with a medium–large dog, he benefits from structure around resting places and clear routines to keep everyone comfortable. Lou is a loving, joyful companion who thrives when given room to relax, predictable guidance, and a household that enjoys his mix of active playtime and peaceful downtime. Read below to see what Lou's foster carers had to say about him! ""Lou is a beautiful boy with a lot of love to give. He walks very very well on the lead, ignores most birds and bush turkeys. He is not very interested in saying hi to other dogs and will respectfully walk straight past them. He loves squeaky toys with a passion and plays fetch with them with so much joy. He is a master of stairs. He would benefit from living in a house with a backyard, as our small apartment was a bit tight for him (he likes a safe space). In saying that he still wants to be within eyesight of you. He’s an independent but people loving doggie. He would benefit from an active owner - he is full of beans and loves longer walks and play time. He is most active in the mornings and is up for cuddles and play time, in the evening he likes to curl up and snooze independently."" Apply now to meet Lou from our Western Sydney program.","lou-5",""
"2016-02-01","Northern Rivers (Grafton, Lismore, Casino)","956000004253160","Keith","2026-06-01","MALE","","Keith is a handsome black greyhound with a touch of grey that only adds to his character — and don’t let it fool you, he’s still as active as ever. He’s social with smaller dogs and has a very easy-going, engaging nature that makes him a joy to be around. Keith loves company and would likely benefit from having a canine friend at home to share his days with. With his relaxed attitude and friendly personality, Keith would make a wonderful, loyal companion.","keith-4",""
"2021-11-01","Northern Rivers (Grafton, Lismore, Casino)","956000012864888","Lukey","2026-06-01","MALE","","Lukey is a gorgeous brindle greyhound with a friendly, easygoing nature. He’s social with smaller dogs and enjoys getting out and about with nice walking manners. Lukey is very engaging with people and absolutely loves his cuddles, happily leaning in for affection. He also has a playful side that comes out once he’s comfortable, making him a lovely mix of fun and calm. Lukey would make a wonderful companion for someone looking for a sweet, affectionate greyhound with a bit of sparkle.","lukey-1",""
"2022-10-01","Northern Rivers (Grafton, Lismore, Casino)","956000011362476","Arrow","2026-06-01","MALE","","Arrow is a striking black male greyhound with loads of energy and a playful spirit. He’s still building his confidence and engagement with people, but once he feels comfortable, he really enjoys pats and quiet affection. Arrow is a very active boy who loves to play and would suit a home ready to match his enthusiasm. At this stage, he’s not suitable to live with small dogs. On lead, Arrow can become excited and will benefit from some initial training and guidance to help him settle into walks. With patience, structure, and a bit of fun, Arrow has all the potential to shine.","arrow-2",""
"2022-09-01","Northern Rivers (Grafton, Lismore, Casino)","956000014887343","Streak","2026-06-01","MALE","","Streak is a handsome black male greyhound with a gentle, charming nature. He offers a polite introduction to new situations and is very workable, including being comfortable around small dogs. Streak travels well and settles easily, making him a great companion for outings or adventures. He enjoys a good burst of zoomies when the mood strikes, but he’s just as happy to slow down for cuddles afterward. Very engaging with people, Streak loves human attention and forms sweet connections with those around him. He’s a wonderful mix of playful energy and affectionate calm.","streak",""
"2021-11-01","Western Sydney (Londonderry)","956000011647263","Maestro","2026-06-01","MALE","","Foster Update ""He is so affectionate and loving and a bit goofy, all around a lovable boy!"" and more below: - He loves to be near you or see where you are. I have left him at home for short stretches and a couple of times for longer stretches, but I haven't left him for a full workday. I think he could work up to this over time, but he would prefer to be in a home where people are around more frequently. He's not fussed about who is home, just likes any human being there. - He is friendly towards everyone and fine with meeting new people. - He doesn't really like walks right now. I have been working with him on this consistently. He will do okay in quiet areas and is good on the lead. - Huuuuuge couch potato. I usually can't get him out of bed until the afternoon, not even for breakfast! I think it's because he's a bit of a night owl; he has been more active late at night. - Super unphased by all animals. Not fussed about dogs coming up to him, barely flinches when he walks past houses with reactive dogs in them. ---------------- Maestro is a happy, big-hearted dog who knows how to enjoy the good things in life. His three greatest loves are food, affection, and toys, and he approaches all of them with pure enthusiasm. Treats are the fastest way to his heart, but cuddles and playtime come in a very close second. Maestro prefers shorter hours alone while he settles in and would prefer human companionship at the start of his adoption journey. He has shown within a fortnight in foster he can already settle for 6 hours on his own. Maestro is a friendly, social guy who does well with other dogs and enjoys their company. Whether it’s a shared walk, a play session, or just hanging out together, he’s comfortable having canine friends around. Come meet Maestro and see if he’s ready to make beautiful music with your family. 💛🐾","maestro",""
"2021-04-01","Western Sydney (Londonderry)","956000012862216","Miguel","2026-06-01","MALE","","Say Hola to our beautiful boy Miguel! This adorable, bouncy little guy is going to make the best pet! Miguel is an outgoing boy who absolutely loves people, getting out for a stroll and about and playing with his humans. He's a clever cookie who loves food, making him very trainable and fun to teach new things. Miguel would love a chilled out home environment with a backyard or apartment to call his own to play and relax in. He loves to chill on a couch or in his crate. He would prefer to be the only pet in the household so he can take all the love and attention for himself. He has shown he has potential to work up to longer hours alone and has mastered crate training as well. So if you're looking for a fun-loving, adaptable, and trainable companion, Miguel is your guy! Apply to adopt this handsome boy online today.","miguel",""
"2023-10-01","Northern Rivers (Grafton, Lismore, Casino)","956000016291465","Ellie","2026-06-01","FEMALE","","Ellie is a beautiful 2-year-old female greyhound with a heart as big as her smile. Happy, playful, and affectionate, she is truly one of the loveliest dogs you will ever meet. 💕 Ellie adores people and has a gentle, friendly nature that makes her a joy to be around. She gets along wonderfully with dogs of all sizes and would happily share her home with a canine companion. Ellie also loves her toys and will entertain herself (and you!) with her playful antics. Great with kids and full of love to give, Ellie would make a fantastic family dog. She’s ready to settle into a home where she can be part of everyday life, enjoy playtime, and soak up plenty of affection.","ellie-13",""
"2020-07-01","Hunter Valley Mid Coast (Maitland/ Muswellbrook/Newcastle/Forster)","956000011711970","Louie","2026-06-01","MALE","","Louie is a happy boy who strikes the perfect balance between playful and laid-back. He loves zoomies and playing with toys, but he’s just as content relaxing and doing his own thing when it’s time to unwind. Louie is food motivated, which makes him a fun and rewarding boy to work with. He’s small-dog workable and enjoys human connection, while also being perfectly fine spending time independently. Due to his enthusiastic spirit, Louie would be best suited to a family with older children. A semi-active lifestyle will suit Louie well — one that includes playtime, daily outings, and plenty of chill time at home. If you’re looking for a greyhound with a great mix of fun and flexibility, Louie could be a wonderful addition to your family. 🐾","louie-2",""
"2020-12-01","Northern Rivers (Grafton, Lismore, Casino)","956000011585892","Ace","2026-06-01","MALE","","Ace is a handsome black male greyhound who may be a little shy at first, but with a few gentle cuddles and some reassurance, he quickly comes out of his shell. Once settled, his sweet and affectionate nature really shines. Ace walks beautifully on lead, making daily outings calm and enjoyable. He also has a playful side and loves spending time with his toys, happily entertaining himself or joining in for a game. He’s a well-mannered boy around other dogs and is good with larger breed dogs. A big plus is Ace’s excellent disengagement skills, making him small-dog and cat workable with appropriate introductions and management. His thoughtful, responsive nature shows just how well he listens and adapts to his environment. Ace would thrive in a patient, loving home that understands he just needs a little time to feel safe—once he does, you’ll be rewarded with a loyal, cuddly companion. If you’re looking for a gentle greyhound who blossoms with kindness and affection, Ace could be your perfect match 🐾","ace-9",""
"2022-02-01","Hunter Valley Mid Coast (Maitland/ Muswellbrook/Newcastle/Forster)","956000007429143","Booboo","2026-06-01","MALE","","Booboo is a handsome black male greyhound with a confident nature and a big love for comfort. One of his favourite pastimes is relaxing on a nice cozy bed, but don’t let that fool you—he’s also a very playful boy who enjoys having fun before happily settling back down. He’s best suited to a semi-active lifestyle and would fit in well with a family with older children who can respect his space. Booboo could also be workable with medium to large breed dogs with appropriate introductions. He’s comfortable with a full-time worker household, as he’s content chilling at home once his needs are met. Booboo is food motivated, which makes training and bonding an enjoyable experience. While confident in general, he can become frightened during thunder storms and would benefit from a calm home that can offer reassurance and a safe, cozy place to retreat during noisy weather. Due to his prey drive, Booboo is not suitable to live with small dogs or cats. If you’re looking for a playful yet relaxed companion who loves his comforts and enjoys being part of a calm, structured home, Booboo could be the perfect addition 🖤","booboo",""
"2022-02-01","Hunter Valley Mid Coast (Maitland/ Muswellbrook/Newcastle/Forster)","956000011658305","Nosey","2026-06-01","MALE","","Nosey is a gorgeous black greyhound with a big heart and a happy-go-lucky personality. He’s a confident, cheerful boy who brings a lovely balance of playful energy and laid-back chill to everyday life. Suited to a semi-active lifestyle, Nosey enjoys his walks and playtime but is just as content relaxing at home. He’s confident on lead, making outings easy and enjoyable, and he absolutely loves his toys. Add food into the mix and you’ve got his full attention—Nosey is very food motivated, which makes training a breeze. Nosey would do well with a full-time worker or as a solo dog, as he’s comfortable spending time on his own once settled. He’s adaptable and would suit a variety of adopters looking for a friendly, easygoing companion. Due to his prey drive, Nosey is not suited to living with smaller dogs or cats, but he more than makes up for it with his affectionate nature and joyful spirit. If you’re looking for a confident, fun-loving greyhound who knows how to switch between play mode and relaxation, Nosey might just be your perfect match 💛","nosey-3",""
"2020-12-01","Northern Rivers (Grafton, Lismore, Casino)","956000011576219","Solly","2026-06-01","MALE","","Solly is a striking young man with a personality that’s equal parts energetic and laid-back. He thrives on an active lifestyle—think brisk walks, playtime, and the occasional burst of zoomies to burn off his youthful energy. After he’s had his exercise, Solly transforms into a mellow cuddle enthusiast, always ready to relax with a wagging tail and plenty of affection. His gentle nature would likely fit well into a family environment, and he also might be suited for homes with full-time workers as long as he gets his daily dose of activity. If you’re looking for a loyal companion who can keep up on walks and then happily settle down for some quality downtime, Solly might be the perfect match for you!","solly",""
"2021-09-01","Northern Rivers (Grafton, Lismore, Casino)","956000014500559","Charlie","2026-06-01","MALE","","Charlie is a friendly, playful, and affectionate male greyhound who enjoys being part of everyday life. He loves cooling off with a paddle in the pool on warm days and is always happy to jump in the car for an outing. Charlie thrives on spending time with his people and would suit a family who can include him in adventures, playtime, and fun activities. Charlie walks very well on a lead and is calm and reliable when out and about. He has confidently been walked by children aged nine years and older, making him a lovely option for a family with older kids. With his easy-going nature and love of companionship, Charlie would make a wonderful addition to the right home.","charlie-21",""
"2023-11-01","Northern Rivers (Grafton, Lismore, Casino)","956000017130991","Sandy","2026-06-01","FEMALE","","Meet Sandy 🐾 Sandy is a young female greyhound with a happy, active personality and a playful spirit. She is full of enthusiasm and would thrive in a home that enjoys spending time with her and helping her learn the basics of everyday life. Sandy would benefit from a family who are happy to put time into some gentle training and guidance. She is eager, playful, and would love a companion who will engage with her, play games, and help her build confidence as she learns life’s basics. With patience, consistency, and plenty of affection, Sandy will grow into a wonderful and rewarding companion for an active and caring home.","sandy-15",""
"2023-09-01","Western Sydney (Londonderry)","956000015733897","Girl","2026-06-01","FEMALE","","Hi, I'm Girl! I'm young, cute, and looking for a new family. I can be shy in new places but I promise to be a big brave girl once I become a member of your family. Due to being a bit nervous, older children would be best suited for me. A home with a place to retreat would be the best, as I learn to thrive along side you, so a house with a yard or my own room would be really great! I am friendly with other dogs and show a cute little tail wag, showing off my brave side. I'm still young so a family who can train me and teach me all about the world would be amazing! Meet me by appointment at Western Sydney.","girl-3",""
"2021-07-01","Northern Rivers (Grafton, Lismore, Casino)","956000011663055","Bandit","2026-06-01","MALE","","Meet Bandit Bandit is a handsome male greyhound with a heart as big as his soulful eyes. He’s a quiet and easy-going boy who loves a calm environment. While he may be a little shy at first, Bandit quickly warms up and shows his sweet, affectionate nature. He’s great with small dogs and knows how to share his space politely. Bandit is also polite and well-mannered with children and has been around kids aged 7 and under, making him a wonderful family companion. A clean and tidy housemate, Bandit uses a doggie door like a pro, making him low-maintenance and independent. If you’re looking for a gentle soul who will bring peace and companionship to your home, Bandit is ready to steal your heart.","bandit-4",""
"2019-10-01","Northern Rivers (Grafton, Lismore, Casino)","956000007462010","Dan","2026-06-01","MALE","","Dan is a handsome 6-year-old male greyhound with a need for speed—he’s very fast and loves to run! When he’s not showing off his racing skills, Dan enjoys taking it easy and lazing around. He’s great with other dogs and relaxed around children, making him a wonderful companion for families. If you’re looking for a gentle, friendly boy who loves both adventure and chill time, Dan is your guy!","dan-6",""
"2021-11-01","Western Sydney (Londonderry)","956000007424198","Dusty","2026-06-01","MALE","","*I have just gone to foster care!* Hi, I'm Dusty, a distinguished, gentle boy looking for a couch to call my own. I am polite with other dogs and would suit a home with a calm medium-large companion - although not essential. A house with a backyard would be perfect, as I love to sniff around and enjoy the indoor outdoor lifestyle. A home who will continue training and enrichment games would be great as I am smart and have shown I'm eager to learn. A home without children is best as I can be shy around lots of stimulus. I need a home that is calm and consistent so I can build my confidence and settle in well. Meet me at Western Sydney!","dusty-8",""
"2019-05-01","New England","956000006804151","Ollie","2026-06-01","MALE","","Friendly, playful, and full of charm! Ollie is a sweet and sociable greyhound who loves making new friends—both human and canine! He’s playful without being over-the-top, and his gentle nature makes him a joy to be around. One of Ollie’s cutest quirks? When he gets excited, he likes to “nibble” your hands with his nose—a little affectionate nudge that will melt your heart. He’s looking for a loving home where he can enjoy cozy naps, fun play sessions, and plenty of attention. Ollie would thrive with someone who appreciates his affectionate personality and is ready to share lots of cuddles. Why you’ll love Ollie: Calm yet playful temperament Loves people and enjoys gentle interaction Unique and adorable habit of nudging hands when happy If you’re ready to welcome a loyal companion who will brighten your days, Ollie is waiting to meet you!","ollie-5",""
"2021-04-01","Southern NSW/ACT (Bulli, Nowra, Goulburn, Canberra)","956000012917379","Stunner","2026-06-01","FEMALE","","Stunner is stunning (hence the name), she lives in a rural environment around native and domestic animals and has always had young kids in her life. She is keen on playing with toys and walks well on the lead.","stunner",""
"2021-07-01","Southern NSW/ACT (Bulli, Nowra, Goulburn, Canberra)","956000012896329","Bev","2026-06-01","FEMALE","","Bev is a lovely girl who lives in a rural setting. She lives amongst domestic animals and has no shortage of roos, wombats, echidnas and birds coming past.","bev-1",""
"2020-03-01","Southern NSW/ACT (Bulli, Nowra, Goulburn, Canberra)","956000007834471","Fiama","2026-06-01","FEMALE","","This special girl loves getting outside just so she can soak up the sun. She knows her name well and is good when left alone in the yard. She has grown up around kids and plays well with the other greyhounds.","fiama",""
"2021-05-01","Western Sydney (Londonderry)","956000011552559","Hamish","2026-06-01","MALE","","Hi, I'm Hamish, a gorgeous blue fawn boy. I can walk up and down stairs, and loves a snuggle once I get to know you! I have been described as calm and well behaved, with a lovely nature. I'm a great traveller and would be happy to settle in the car for road trips. I'm calm and a bit playful around other dogs and would suit a home with another dog my size/medium to large size. Meet me at Western Sydney by appointment.","hamish",""
"2022-07-01","Northern Rivers (Grafton, Lismore, Casino)","956000007431612","Bernie","2026-06-01","MALE","","Bernie is a laid-back legend who loves car rides and walks! He’s great on the lead and enjoys taking life at a relaxed pace. While he might be a little shy at first, Bernie warms up quickly and will soon be your loyal mate. He’s easy-going, chilled, and gets along with all dogs—making him the perfect companion for a calm and happy home. “Bernie – Your easy-going adventure buddy!”","bernie-2",""
"2017-01-01","New England","956000004878602","Flossy","2026-06-01","FEMALE","","Flossy is a beautiful greyhound who’s nearly 9 years young and still full of grace. She’s the perfect mix of calm and affectionate, making her an ideal companion for someone looking for a loving, easygoing friend. Personality: Flossy is gentle, sweet-natured, and loves being part of a family. She enjoys quiet moments and will happily curl up beside you for a snooze. Compatibility: She gets along well with other dogs, so she’d fit perfectly into a multi-pet household. Lifestyle: Flossy is past her racing days and prefers a relaxed pace. A comfy bed, a few short walks, and plenty of cuddles are all she needs to thrive.","flossy-5",""
"2021-07-01","Northern Rivers (Grafton, Lismore, Casino)","956000013032808","Astro","2026-06-01","MALE","","Astro is a heart-melting, affectionate boy looking for a forever home full of love, snuggles, and good company. While he's great with dogs of all sizes, he requires a home without another dog in the home but would thrive with doggy play dates and group walkies. He settles well in a crate and has shown to know his name and learning recall. This sweet soul is very cuddly and affectionate – a true Velcro dog who wants to be near his people. Whether it's curling up on the couch, following you around the house, or gently resting his head on your lap, Astro’s love knows no bounds. He’s a great inside dog with lovely house manners, making him a perfect match for someone who is home more often than not. If you’re looking for a loyal best friend who gives as much love as he gets, Astro is your guy. Astro is available at the Western Sydney adoption centre.","astro",""
"2021-07-01","Southern NSW/ACT (Bulli, Nowra, Goulburn, Canberra)","956000007420083","Panda","2026-06-01","MALE","","Panda is a very tidy dog who is easy to train and fit in. He is confident and very affectionate. He loves to play and loves to wipe out and relax by your side. He is comfortable on his own which would make him suitable for fulltime workers or a busy family. Panda can do stairs and is very gentle and friendly boy.","panda-3",""
"2021-10-01","Northern Rivers (Grafton, Lismore, Casino)","956000012917875","Aussie","2026-06-01","MALE","","Say hello to Aussie! 🐾 Aussie is a handsome 4-year-old black boy with a big heart and an even bigger love for people. If there’s a pat going, Aussie’s first in line — he never says no to some quality human affection! He’s a dream to have around: travels well, and has a calm, social nature that makes him great company wherever he goes. The handsome gentleman is more than happy to entertain himself in the backyard or curl up with you on the couch. He is great walking on the lead and has no issues exploring new places. Aussie gets along wonderfully with dogs of all shapes and sizes — small, medium, and large — and is always up for making new friends. With his gentle manners, easygoing vibe, and love for life, Aussie would make an amazing addition to almost any home. 💙","aussie",""
"2020-09-01","Northern Rivers (Grafton, Lismore, Casino)","956000007842773","Benny","2026-06-01","MALE","","Meet Benny🐾 Say hello to Benny, our big-hearted greyhound with an even bigger personality! This handsome lad is full of life, energy, and affection — the perfect mix of fun and love. Benny absolutely adores people and thrives on human company. Whether he’s greeting you with a wagging tail or leaning in for pats, he’s sure to win you over in seconds. Benny would love a family with a backyard where he can stretch his long legs, zoom around, and play to his heart’s content. After playtime, he’s more than happy to flop down and relax, enjoying some quiet time — he’s quite independent when he wants to be! When it comes to other dogs, Benny can be a bit selective with male dogs, so he’d likely be happiest as the only dog in his new home (as long as he has that backyard and plenty of human love, he’ll be in heaven!). If you’re looking for a big, goofy, affectionate companion who’ll make you smile every day, Benny is your boy. He’s ready to fill your home with love, laughter, and a few joyful zoomies!","benny-10",""
"2022-02-01","Northern Rivers (Grafton, Lismore, Casino)","956000011652693","Stella","2026-06-01","FEMALE","","Meet Stella🌟 Say hello to Stella, a gorgeous greyhound with a heart as big as her smile! This social butterfly absolutely adores her canine friends and loves nothing more than a good play session with her doggy pals. Stella isn’t fazed by much — she takes everything in her stride with her calm, easy-going nature. Whether she’s out on an adventure or lounging at home, Stella is simply happy to be part of the fun. She’s a big fan of her humans too! Pats, ear rubs, and cuddles are always on her wish list, and she’ll happily follow you around or curl up at your feet once playtime is over. When she’s not making friends, Stella enjoys playing with her toys or just relaxing in a comfy spot nearby. With her affectionate personality and playful charm, she’s the perfect all-round companion. Stella’s dream home is one where she can share her days with loving humans (and maybe a furry friend or two) who will give her the love and attention she so happily returns.","stella-7",""
"2019-12-01","Western Sydney (Londonderry)","956000007833840","Vern","2026-06-01","MALE","","Vern is a gentleman who walks nicely on the lead, who is confident and happy around new people and happy to go gentle walks around the block everyday. A fenced backyard and a home who will include him in daily activities would be a great fit for him. Vern has a positive and welcoming nature which would see him suit a family with children. Meet Vern by appointment at the Western Sydney adoption centre.","vern",""
"2021-07-01","Western Sydney (Londonderry)","956000007432910","Billy","2026-06-01","MALE","","Hi, I'm Billy! I'm a handsome fawn boy looking to find my perfect forever home. He is happy exploring new places and would enjoy a home with a fenced yard to call his own. He would love to be included in daily adventures like walks to and from the school pick up or spending time at the park! Billy is suitable to live with other dogs after a meet and greet. You can meet Billy at the Western Sydney adoption centre by appointment.","billy-21",""
"2021-07-01","Western Sydney (Londonderry)","956000012867205","Teddy","2026-06-01","MALE","","Affectionate boy Teddy is a sweet boy who walks gently on the lead and will greet you with a gentle tail wag. He is a calm, loving and sooky boy looking for someone to dote on him. He's easy to walk and has an easy going nature. He is friendly around other greyhounds and would suit a home with another dog. This cutie is available by appointment at the Western Sydney adoption centre!","teddy-9",""
"2021-01-01","Northern Rivers (Grafton, Lismore, Casino)","956000011711698","Jack","2026-06-01","MALE","","Meet Jack🐾 Say hello to Jack, a cheerful and affectionate greyhound who’s ready to find his forever family! Jack has grown up around children and is wonderfully gentle and patient with them — he loves being part of family life and joins in with whatever’s going on, always making sure everyone is happy and safe. This lovely boy gets along brilliantly with other large dogs and enjoys having a playmate who can keep up with his energy. He can be a little unsure around smaller dogs at times, so he’d benefit from some calm, positive socialisation to help him feel more confident with them. Jack’s playful side really shines when he’s surrounded by his toys. He loves tossing them around, chasing after them, and showing off his collection to anyone who’ll watch! Between play sessions, Jack takes his role as “family supervisor” very seriously, checking in regularly with his people to make sure all is well before settling down again with a big grin and wagging tail. With his happy, affectionate nature and gentle heart, Jack would make a wonderful companion for a family looking for a fun, loving dog to share their days with. He’s full of character, always up for a bit of play, and even happier just to be near his humans. If you’re searching for a loyal, joyful friend who’ll bring laughter and love into your home, Jack is your guy. He’s ready to meet his forever family — and he can’t wait to check in with you! 💛🐶","jack-36",""
"2021-11-01","Northern Rivers (Grafton, Lismore, Casino)","956000013017828","Keith","2026-06-01","MALE","","Meet Keith🐾 💛 Say hello to Keith, a stunning boy with a big personality and an even bigger heart. This charming boy has grown up surrounded by children, so he’s used to family life and all the noise, laughter, and cuddles that come with it. He’s gentle and patient with kids, always happy to join in on playtime or relax nearby while they do their thing. Keith is an excellent traveller, he hops into the car with ease and settles down quietly for the ride. Whether it’s a trip to the countryside or a quick run to the shops, he’s the perfect co-pilot who loves to be part of the action. When it comes to other dogs, Keith gets along beautifully with larger breeds and enjoys having a playmate of similar size and energy. He can be a little unsure around smaller dogs and would benefit from some gentle, supervised socialisation. True to his greyhound nature, Keith is a lovely mix of playful and laid-back. He adores his bursts of energy in the garden or at the park — chasing toys, stretching those long legs, and showing off his zoomies, but he’s just as happy curling up for a snooze on the sofa afterwards. He’s got the balance just right! Keith would suit most family environments, especially those looking for a single dog who can be the centre of attention. He thrives on affection and companionship and will reward his new family with endless loyalty, love, and plenty of cuddles.","keith-3",""
"2022-05-01","Northern Rivers (Grafton, Lismore, Casino)","956000014529171","Bj","2026-06-01","MALE","","Meet BJ🐾 BJ is a wonderful male greyhound who’s great with all dogs and would fit perfectly into a home with children. He’s had positive experiences around kids before, making him a calm and gentle companion for family life. This affectionate boy absolutely loves pats and cuddles — he’s always ready to lean in for some extra love and attention. BJ also enjoys a splash in shallow water, happily cooling off and having fun when the chance arises. With his friendly nature, love for affection, and easy going temperament, BJ is a fantastic all-rounder who will bring warmth and happiness to any household. If you’re looking for a sweet, sociable greyhound who thrives in a family environment and gets along with everyone, BJ could be the perfect match for you.","bj-2",""
"2021-07-01","Western Sydney (Londonderry)","956000007374088","Sully","2026-06-01","MALE","","*I have been in a foster care home for 6 weeks - read the update below!* ""Sully is going well and has settled in and shows signs of improvement almost everyday. He is very good with children and with all types of dogs. He loves a walk and is good on the lead. On the lead he is well behaved and does not respond when other dog are walking near him. If I stop and talk with another dog walker Sully is calm and relates appropriately with other dogs. Sully loves to drive in the car and enjoys the wind in his face as he keeps his head out of the window. He loves a cuddle and pat in the morning and anytime during the day if he is awake."" ------------ Hi, I’m Sully — a gentle, quiet-natured blue boy looking for my new home. I love being around my people, get along well with other dogs, and I’m perfectly happy spending time in the yard while you’re out. I also love having the freedom to wander in and out as I please. I love the water – so much so that I even took a dip in the river (see photos)! I also travel great in the car and enjoy my walks, especially in quiet areas while I continue building my confidence. I like to take my time getting used to new environments, and once I do, I’m all in. I have even learnt to walk up and down stairs! I’m happiest in a home with a yard where I can stretch my legs and enjoy the fresh air throughout the day. I also like to sleep outside and would love a family who respects my boundaries when I’m resting or asleep. I also have experience in a pet home, so I already know the routine of a home life. I’m comfortable being left alone for a few hours, especially with a yard to explore and settle in. And when the day winds down, you’ll find me cozied up in my crate – it’s my little safe haven where I sleep soundly through the night. I'm available now at the Western Sydney adoption centre!","sully-2",""
"2021-02-01","Hunter Valley Mid Coast (Maitland/ Muswellbrook/Newcastle/Forster)","956000007421962","Jack","2026-06-01","MALE","","Jack is a playful, sweet-natured boy with a cheeky streak and a big heart. He’s lived with a young cattle dog puppy and showed plenty of patience, and he currently shares his life with a couple of toddlers who climb all over him—he doesn’t mind a bit! Jack LOVES his toys (especially fetch!) and is super treat-motivated, which makes training and bonding a breeze. He’s all about having a good play, then flopping onto a comfy bed for a well-earned nap. Jack’s also been known to “reorganise” shoes around the house—just his way of helping with interior design! If you’re after a fun-loving, kid-friendly companion with a mischievous grin and a heart of gold, Jack’s your guy.","jack-34",""
"2021-12-01","Hunter Valley Mid Coast (Maitland/ Muswellbrook/Newcastle/Forster)","956000011658719","Burt","2026-06-01","MALE","","Burt is a total character who thrives on human attention and isn’t shy about making sure you notice him! He can pull like a pro at first on walks, but give him a little time and he settles right down. Burt gets along with other greyhounds at home but prefers to be the king of his castle—he’s got a strong “mine” vibe when it comes to his food and toys. He’s great with kids of all ages and has plenty of experience being a patient, lovable buddy. Burt’s looking for someone who’s home most of the time to keep him company and soak up all his charm. Cats aren’t really his cup of tea, so a feline-free home would suit him best. Ready for a lively, loyal companion? Burt’s your guy!","burt",""
"2019-12-01","Hunter Valley Mid Coast (Maitland/ Muswellbrook/Newcastle/Forster)","956000012255310","Bertha","2026-06-01","FEMALE","","Bertha is a calm and quiet lady who walks well on lead and prefers a relaxed lifestyle—perfect for someone looking for a low-key companion. She enjoys a little play with toys now and then, plus the occasional zoomie to remind you she’s still got some pep in her step. Bertha is best suited as a solo dog and would be a wonderful match for someone who wants a peaceful friend to share their days with—especially if you work from home and can keep her company. While she’s not a fan of cats, Bertha’s easy-going nature makes her a sweet and steady companion for the right home.","bertha-2",""
"2018-10-01","Hunter Valley Mid Coast (Maitland/ Muswellbrook/Newcastle/Forster)","956000006809967","Jimmy","2026-06-01","MALE","","Jimmy is a confident, energetic guy who walks beautifully on lead and loves to bound around with enthusiasm. He’s super engaging with people and thrives on treats—perfect for training and bonding! While Jimmy enjoys playing with other greyhounds during his outings, he prefers to be the only dog in the home to keep things calm and comfortable. Jimmy requires a cat-free home/small animal home. All-in-all Jimmy will require an experienced greyhound owner. Jimmy would shine in an active household where he can join in on plenty of adventures and daily fun. If you’re looking for a lively, loyal, Jimmy is your guy!","jimmy-11",""
"2020-05-01","Northern Rivers (Grafton, Lismore, Casino)","956000007466484","Hammer","2026-06-01","MALE","","Ready to nail the perfect companion? Meet Hammer 🐾 Hammer is the ultimate all-rounder—a friendly, happy-go-lucky greyhound who gets along famously with other dogs of all shapes and sizes. Whether it’s a tiny terrier or a big labrador, Hammer’s easy going nature means he’s ready to make friends wherever he goes. This lively boy absolutely loves his zoomies and would thrive in a home with a backyard where he can race around and let loose to his heart’s content. When he’s not zooming, Hammer is a wonderful family dog—gentle, affectionate, and great with people of all ages. He’s equally happy as a solo dog or as the perfect companion for a young couple looking for a loving, energetic friend. Hammer is a cuddler at heart and enjoys spending quiet moments snuggled up with his humans after a day of fun and play. His engaging personality and happy disposition make him a joy to be around, always eager to say hello and share some love. If you’re searching for a playful, affectionate, and well-rounded greyhound who’s ready to bring energy and warmth into your home, Hammer might just be the perfect match!","hammer",""
"2019-05-01","Northern Rivers (Grafton, Lismore, Casino)","956000006793938","Big Boy","2026-06-01","MALE","","Say hello to Big Boy 🐾 Big Boy is a gentle giant with a heart as big as his name! This confident and max relaxer greyhound is a true people pleaser who adores everyone—from dogs and cats to children of all ages. He’s got a warm, friendly nature that makes him an instant hit wherever he goes. While Big Boy loves socializing, he prefers to be the king of his castle and would do best as a solo dog in his forever home. That said, he’s always up for a fun doggy playdate to stretch his legs and enjoy some furry friendship time. He knows how to keep things chill and relaxed, so his play dates tend to be happy and harmonious affairs. Big Boy would thrive in a home with a backyard where he can soak up the sunshine, lounge on the grass, or explore at his own leisurely pace. He’s happiest when a family member is working from home or part-time, as he enjoys company but is also perfectly content to kick back and chill solo when needed. Whether he’s snoozing quietly or spending quality time cuddling with his humans, Big Boy’s laid-back vibe brings calm and comfort to any household. On walks, Big Boy is a star walker, calm and confident on the lead, making every outing a peaceful pleasure for both dog and human. If you’re looking for a lovable, relaxed companion who’s a true social butterfly with a preference for solo living and fun play dates, Big Boy could be your perfect match. Ready to settle in and steal your heart, he’s waiting to become the gentle giant of your family!","big-boy-1",""
"2020-04-01","Mid North Coast","956000012226800","Nitro","2026-06-01","MALE","","Meet Nitro! ⚡️ Nitro is a fun-loving, affectionate greyhound with a playful spark and a big heart to match. At six years young, this handsome black boy brings a wonderful mix of lively energy and laid-back companionship. One moment he’s enjoying a happy burst of zoomies and exploration, and the next he’s soaking up pats and relaxing close to his people. Nitro is a confident little adventurer who loves getting out and about, taking in the world with curious sniffs and an enthusiastic stride. He enjoys being part of the action and has a bright, cheerful nature that makes him a delight to have around. He’s especially fond of affection and happily leans in for attention, enjoying every pat and cuddle on offer. Having spent time around children, Nitro is familiar with family life and enjoys being included in everyday activities. He’s social with other greyhounds too, enjoying playful interactions and friendly companionship with his fellow hounds. If he were to share his home with another dog, Nitro would likely be happiest with dog friends who enjoy a lively play style and can match his enthusiasm. Nitro travels beautifully, settles well during car rides, and is comfortable relaxing in his crate when it’s time to unwind after a day of adventures. He’s an eager walking buddy who enjoys being out in front, ready to lead the way with confidence and excitement. This charming boy would thrive in a home that can give him a balance of fun, companionship, and comfy downtime. Whether it’s an active household that enjoys daily walks and outings, or a family wanting an affectionate companion to share life with, Nitro is ready to bring plenty of love and personality into the home. If you’re looking for a sweet, spirited greyhound with a playful nature and a loving soul, Nitro could be the perfect addition to your family.","nitro-1",""
"2019-01-01","Western Sydney (Londonderry)","956000006812015","Matey","2026-06-01","MALE","","*I have just aced my 8 weeks of foster care and I'm ready to go home with you!* Foster Update: ""Matey is going great, enjoys his walks, enrichment toys and especially enjoys food! He now comes inside and runs straight to his bed and lies down, without me even needing to tell him, we are blown away with how well he is going!"" Ahoy Matey! Matey is the finest gem of them all! With his pretty blue coat, floppy ears and gentle, curious and affectionate nature, this Matey is a bounty of charm waiting to be adopted! He is a super outgoing boy who just loves everyone he meets, especially if you have some yummy treats or play a game of fetch with him! Matey suits full time workers and loves spending his days outside with enrichment during the day - making him a great outdoor dog for a family looking for a pet who spends most of their time outside. Matey is an enthusiastic, gentle, smart and fun-loving boy making him suitable for those wanting a laid back yet playful friend. Matey suits full-time workers, and would enjoy a small yard to call his own. This handsome boy is available now from our Western Sydney adoption centre.","matey-2",""
"2019-05-01","Western Sydney (Londonderry)","956000006795720","Cindy","2026-06-01","FEMALE","","Cindy is a sweet, quiet girl, who is lovely and soft with other dogs. She warms up well once you get to know her and becomes very sweet and affectionate. Cindy would suit a nurturing home where they can take things slow, but we're sure she will come out of her shell! A quiet home with a backyard to retreat to would be a perfect match for Cindy as she settles into pet life. A home without little kids is best suited as she is on the shy side. Available at Western Sydney!","cindy-6",""
"2024-01-01","Northern Rivers (Grafton, Lismore, Casino)","956000017173454","Tails","2026-06-01","FEMALE","","Meet Tails 🐕‍🦺 Tails has been in foster care with a wonderful family and their 2 greyhounds now for a few months. 💕 Tails has flourished in foster with Winnie and Potato teaching her the ropes. She loves going for walks and enjoys the beach. Tails is a collector of all things, she has learnt to clean up her toys and take them to her bed at night. She also collects many other things and looks after them. Tails would benefit from another confident playful greyhound friend like Potato to teach her the ropes and continue to bring out her confidence. Tails loves to play and run with her friend Potato in the yard while Winnie supervises watching fromt he sidelines ready to be the fun police if required.","tails-1",""
"2019-01-01","Western Sydney (Londonderry)","956000006169035","Wooly","2026-06-01","MALE","","Hey, I'm Wooly! I'm a quiet guy, looking for a quiet home. I warm up to new people but would prefer a nurturing chilled out place to call my own. I'd love my own backyard and don't mind mingling with other dogs big or small. I love food and will enjoy learning new tricks in my forever home. A home without children is best for me. I can't wait to meet you! Available at Western Sydney.","wooly",""
"2021-01-01","New England","956000007454924","Turtle","2026-06-01","MALE","","Meet Turtle 🐢! A super social and playful boy. Turtle would prefer to live in a house where he has plenty of space to move around, explore, and feel comfortable. While he enjoys his energetic playtime, he also has a big heart and absolutely adores affection and attention from his humans. Whether it’s a good belly rub, a cozy cuddle, or just being near the people he loves, Turtle is happiest when showered with love. Another great thing about Turtle is that he’s crate trained, which means he’s not only fun and affectionate but also well-behaved and easy to manage in a family setting. He’s looking for a forever home where he can be part of an active family who understands his playful nature and can provide the exercise, companionship, and care he deserves. If you’re looking for a loyal, strong, and loving companion who will fill your home with joy and energy, Turtle is the perfect boy for you!","turtle-2",""
"2019-01-01","Northern Rivers (Grafton, Lismore, Casino)","956000006803507","Jill","2026-06-01","FEMALE","","Jill is a confident, friendly and affectionate girl described as 'wonderful' by her trainers here at the adoption centre. If you're looking for a super smart and focused girl, Jill's known cues are: name/recall, 'on your bed', off, down, touch, shake, chin rest, and drop (a toy). Jill loves toys & will play fetch with you. Her ideal home is a house with a backyard with colorbond fencing with shorter hours alone while she settles in. Jill requires a home without exposure to other dogs and requires an owner who lives in a low small dog populated area. She would thrive with an experienced greyhound owner who can continue her human engagement, training, focus training, and things like stationing on a bed, performing cues and recalling. She is happy to entertain herself in the yard during the day making her a good fit for those who work full-time and want a loving companion welcome them home everyday. Meet Jill at Western Sydney!","jill-8",""
"2017-08-01","Northern Rivers (Grafton, Lismore, Casino)","956000009574469","Spring","2026-06-01","FEMALE","","Meet Spring! 🌼 Spring is a sweet-natured girl with a heart as soft as her gorgeous greyhound coat. She’s one of those dogs who makes life easier just by being around – relaxed, gentle, and incredibly easy to handle. Whether you’re an experienced dog owner or new to life with pups, Spring fits in effortlessly. She’s a real social butterfly, getting along brilliantly with all other dogs and loving the company of people. If you’ve got visitors, expect Spring to be first in line for a gentle hello and a little tail wag. She's a friendly soul who just wants to be included in the love. Spring would be a great fit for a family home, including one with respectful children. Her calm and steady personality makes her a safe and lovely companion for little ones. While she’s a joy in almost every way, Spring is still working on perfecting her lead manners – nothing too tricky, just a bit of ongoing training and consistency, and she’ll have it down in no time. If you're looking for a sweet, low-maintenance, and loving dog who enjoys companionship and will bring a peaceful energy to your home, Spring could be your perfect match.","spring-1",""
"2019-11-01","Northern Rivers (Grafton, Lismore, Casino)","956000012226511","Belle","2026-06-01","FEMALE","","Belle is a happy, vibrant and energetic girl who is affectionate and social! She loves all the fun things in pet life - treats, zoomies, attention and play! She would love a fun active home to keep her stimulated and meet her training and enrichment needs. She is very friendly, and would suit a home with another dog big or small. She would suit kids experienced with large breed dogs. A fully fenced yard with somewhere for her to romp around and sunbake would be ideal for Belle! Available via Northern Rivers.","belle-5",""
"2021-11-01","Northern Rivers (Grafton, Lismore, Casino)","956000013018423","Gem","2026-06-01","FEMALE","","Meet Gem 💎! This gorgeous girl has a heart full of love and a gentle, shy nature that takes a little time to come out of her shell. At first, Gem might feel a bit reserved as she gets used to new surroundings and people, but with patience and a calm environment, she quickly settles in and reveals her true, loving self. Gem would thrive best in a household where someone is usually around—whether working from home, part-time, or just a steady presence—so she never feels alone and can build her confidence at her own pace. One of Gem’s greatest joys is spending time with her doggy friends. She loves to play and interact with other dogs, showing her friendly and sociable side once she feels comfortable. Gem also adores children and enjoys their playful energy, making her a wonderful companion for families with kids who can engage her in gentle games and fun activities. Though she may start off a little shy, once Gem has warmed up to you, she’s a total cuddle queen. She loves curling up close, soaking in affection, and sharing those quiet, cozy moments that truly bond a dog and their human. Her sweet, gentle spirit shines through in these calm times, reminding you just how special she is. If you’re looking for a patient, loving, and devoted friend who will blossom beautifully in a supportive and caring home, Gem is waiting to meet you. With time, love, and consistency, this gentle girl will become a treasured member of your family, bringing warmth and happiness every day.","gem-9",""
"2016-11-01","Northern Rivers (Grafton, Lismore, Casino)","956000004482938","Lonnie","2026-06-01","FEMALE","","Hey, I'm Lonnie! With my big happy smile, I hope I catch your eye! I'm a friendly girl to people and dogs alike, making me a wonderful family pet. I walk perfectly on the lead, and I have a lovely gentle personality. I like car rides, adventures and having fun with my people. I would love a home who will show me all about the big wide world and include me in daily activities. I have a soft, gentle personality and would love to meet you! Available in Northern Rivers.","lonnie",""
"2018-11-01","Northern Rivers (Grafton, Lismore, Casino)","956000006672042","Angel","2026-06-01","FEMALE","","Hi, I'm angel, a gentle mannered quiet girl looking for a forever home. I'm middle aged, making me sweet and calm and ready to snooze by your side. I can take a little time to warm up but I promise to be your best friend once I get to know you. Another dog does give me some more confidence so maybe you have a confident doggie for me to be friends with? I'd love a courtyard or backyard to call my own, as I love being outside in the sunshine. Available in Northern Rivers.","angel-9",""
"2020-11-01","Hunter Valley Mid Coast (Maitland/ Muswellbrook/Newcastle/Forster)","956000011576753","Danny","2026-06-01","MALE","","Meet Danny 🐕 Danny is a charming and affectionate boy with a big heart and a friendly soul. He absolutely adores other greyhounds and thrives in their company. Although he hasn’t been tested around smaller dogs yet, his gentle and calm nature suggests he could adapt well with the right introduction. Danny has lived happily with young children and has proven to be a patient and loving friend to the little ones in his life. He’s used to the hustle and bustle of a busy home and enjoys being part of a family environment where he can share lots of love and attention. One of Danny’s standout qualities is how beautifully he walks on the lead — calm, polite, and well-mannered, he makes every walk a pleasant experience. He’s also very trainable and responds well to crate training, which helps him settle and feel secure when needed. Danny would do best in a home that has a backyard or safe outdoor space where he can stretch his legs, enjoy some fresh air, and have the freedom to relax and play. He’s not just an energetic pup; he’s a true people-lover who thrives on companionship and bonds closely with his humans. If you’re looking for a gentle, friendly, and devoted greyhound who will fit seamlessly into a loving home, Danny could be your perfect match. He’s ready to share his heart and make new memories with a family that can give him the care and affection he deserves.","danny-4",""
"2023-03-01","Northern Rivers (Grafton, Lismore, Casino)","956000014887458","Jerry","2026-06-01","MALE","","Hi, I'm Jerry! I love kids aged 2 up and have lots of experience with them, I'm gentle and love the attention if I'm honest! I'm overall laid back & gentle, and have done all sorts of things to get ready to be your perfect pet, including meeting a staghound & Great Dane x. I'm super easy on lead, not an active dog but loves attention when seeing visitors, and would love to get out and have a play with you in the yard during the day! I like travelling in cars and vans, easy to walk on the lead and love playing with squeaky toys. I could live with other dogs male or female, and I'm ready to show off my happy go lucky energy!","jerry-7",""
"2020-10-01","Hunter Valley Mid Coast (Maitland/ Muswellbrook/Newcastle/Forster)","956000007455878","Bob","2026-06-01","MALE","","Meet Bob 🐾 Introducing Bob, a gentle, affectionate greyhound with a heart full of love and a calm, easy-going nature. Bob is the kind of companion who doesn’t need much – just a quiet home, some treats, and a loving human (or two) to call his own. Bob is friendly with other dogs, cat-tolerant, and would do well in a home with older, respectful children. His gentle demeanour and soft, soulful eyes make him a peaceful presence, and he’s happiest when surrounded by the people he loves. This sweet boy has so much affection to give and loves nothing more than being close to his human family. He’s more than happy to chill out for most of the day, watching the world go by from a comfy spot in the house, or curling up next to you for some quiet company. Bob isn’t looking for adventure – just a calm, loving home where he can feel safe, relaxed, and cherished. If you’re after a loyal companion who will bring peace, love, and gentle tail wags into your life, Bob might just be the perfect match. He’s ready to settle down and soak up all the love his forever family has to offer – could that be you?","bob-16",""
"2020-07-01","Hunter Valley Mid Coast (Maitland/ Muswellbrook/Newcastle/Forster)","956000007840661","Emma","2026-06-01","FEMALE","","Meet Emma 🐾 Say hello to Emma, a gentle, affectionate, and quietly charming greyhound with a heart full of love. With her graceful presence and calm nature, Emma is the kind of dog who quickly becomes the heart of any home. She loves nothing more than spending time with her people – whether that’s relaxing on the couch, following you around the house, or just being nearby while you work or unwind. Emma walks beautifully on the lead and enjoys her daily strolls, especially when she gets to catch up with her greyhound friends. She’s well-mannered around other medium to large dogs and has a calm, friendly way about her that makes her easy to get along with. Emma is also great with children and would be a wonderful companion for a family or a household with visiting grandkids. While she’s happy to snooze the day away in true greyhound fashion, Emma does best when she has company. She would thrive in a home where someone is around most of the time – whether you work part-time or from home, Emma will be your loyal and loving sidekick. If you’re looking for a gentle soul with lots of love to give, Emma is ready to steal your heart and become your new best friend.","emma-5",""
"2021-01-01","New England","956000014510438","Jimmy","2026-06-01","MALE","","Jimmy is the sweetest boy a heart full of love and legs built for adventure. This playful boy is looking for his forever home where he can shine as either your one-and-only or alongside another medium to large dog who matches his energy and style. 🐾 Personality & Temperament: Playful & affectionate – Jimmy loves to play and thrives on human interaction. Walk enthusiast – Walks are his favorite part of the day, and he’ll happily trot beside you rain or shine. Kid-friendly – Best suited to homes with older children who understand gentle dog manners. 🏡 Ideal Home: Jimmy would do best in a home where he’s either the only pet or paired with another dog of similar size. He’s not suited to living with small dogs or cats, but he’s got plenty of love to give to his human family.","jimmy-10",""
"2020-09-01","Northern Rivers (Grafton, Lismore, Casino)","956000012805487","Zara","2026-06-01","FEMALE","","Zara is a chilled and easy going girl Zara would like a quiet home where she can chill with her family and perhaps go on a short walk every few days Zara has been living in a home and is quiet and easy to live with Zara has been socialised with small dogs and would be fine with a relaxed quiet small friend","zara-6",""
"2021-01-01","Hunter Valley Mid Coast (Maitland/ Muswellbrook/Newcastle/Forster)","956000007456471","Bob","2026-06-01","MALE","","Bob is a vibrant and playful greyhound who’s full of life and always ready for the next adventure. He would thrive in an active home with a yard to run around in and older kids to keep him company. Bob is high on life, he loves his zoomies, enjoys playing with toys (his absolute favourite activity), and is always up for a cuddle once he’s had his fun. He walks well on lead and is very social, enjoying the company of people and other dogs. While he’s not a fan of cats, he might do well with a medium to small dog in the home, provided introductions are done slowly and with care. Bob travels beautifully in the car and takes everything in stride. He will need an experienced owner or someone patient and understanding, as he may take a little time to learn house manners and settle into a routine. He’s smart, enthusiastic, and eager to please, he just needs the right guidance. Overall, Bob is just happy to be here. With the right family, he’s going to be an incredibly fun and loving companion.","bob-15",""
"2019-11-01","Northern Rivers (Grafton, Lismore, Casino)","956000012226511","Royal","2026-06-01","FEMALE","","Meet Royal 👑🐾 Royal is a delightful girl who truly lives up to her name. She’s a playful and affectionate sweetheart who adores making friends—especially with other dogs, no matter their size! Royal’s favourite thing in the world is playing with her furry pals, and she’ll happily invite any dog she meets to join in on the fun. Whether it’s a game of chase, tug, or just a joyful romp, Royal is always ready to play. This gentle lady would make a wonderful family pet. She’s calm and confident, not easily stressed by new people or environments, which makes her adaptable and easygoing in all kinds of settings. Royal loves her toys and can spend hours happily entertaining herself or sharing playtime with her favourite humans. When she’s not busy playing or making new friends, Royal is a cuddle bug who loves to snuggle up and soak in all the love and attention she can get. She’s a perfect balance of lively and laid-back—a true joy to have around. If you’re looking for a loving, playful, and incredibly social companion who will bring laughter and warmth into your home, Royal is ready to steal your heart and become your family’s new best friend.","royal-2",""
"2020-02-01","Hunter Valley Mid Coast (Maitland/ Muswellbrook/Newcastle/Forster)","956000007842710","T Rex","2026-06-01","MALE","","Meet T-Rex 🦕 Dog Friendly: Yes – best with medium to large dogs Child Friendly: Yes – best suited to a home with older children Ideal Home: A family with a secure backyard and an active lifestyle Don’t let the name fool you – T-Rex is all heart and happiness! This big, bouncy boy is bursting with personality and ready to find a family who’ll love his enthusiastic, affectionate nature. T-Rex is a social butterfly through and through. He’s currently living with other greyhounds and thrives in their company, especially those who can match his playful energy. He’s also friendly with medium and large dogs, and loves being part of a pack. This boy lives for his people – always close by, always ready to join in. Whether you're moving around the house or heading out for an adventure, expect T-Rex to be your loyal shadow. He’s interactive, affectionate, and happiest when included. T-Rex would do best in a home with older children who can enjoy his energy and help guide his big personality. A backyard is a must – he’s got some serious zoomie skills and needs space to stretch those long legs. While he’s eager to get out and explore, T-Rex can be strong on the lead, so he’ll need confident handlers who can continue his training and help him channel his excitement on walks. He will be your super social and loyal shadow and sidekick If you’re ready for a fun, affectionate, and outgoing greyhound who will bring non-stop joy and energy into your life, T-Rex is your guy.","t-rex",""
"2021-03-01","Northern Rivers (Grafton, Lismore, Casino)","956000014517931","Zippa","2026-06-01","MALE","","Meet Zippa!🐾 Zippa is a charming, affectionate boy who’s never met a dog he didn’t want to be friends with—especially if they’re fellow greyhounds! He thrives on canine company and is always the first to say hello with a happy wag and a gentle nuzzle. This social superstar settles quickly into new environments and brings calm confidence wherever he goes. Whether it’s a bustling park or a cozy home, Zippa makes himself right at home in no time. He absolutely adores human affection and will happily lean in for cuddles, neck scritches, and all the love you’re willing to give. With his friendly nature and easy-going personality, Zippa is a joy to have around and will make a wonderful companion for a home with other dogs—or just humans ready to shower him with love.","zippa",""
"2022-11-01","Western Sydney (Londonderry)","956000015729131","Son","2026-06-01","MALE","","*I am currently on an adoption trial* Hi, I'm Son! I've been described as calm, loving, sociable, and easy going! I'm happy travelling, snoozing in crates, snuggling into new people for a bit of attention and pats. I've got a charming nature and I think I'm pretty adaptable in new situations! I would suit respectful kids and a backyard to search for my toys in! I'm a confident fella who can't wait to meet you. You can meet me at the Western Sydney adoption centre!","son-7",""
"2021-09-01","New England","956000012790590","Diesel","2026-06-01","MALE","","With his sweet little undershot jaw, Diesel oozes character both on the outside and on the inside! This sweet dog is good with children and other dogs, he is ready to slot right into family life and find a sofa to call his own. Whist he loves to play ball and goof around, Diesel is also happy to curl up next to his person for a cuddle and a snooze!","diesel-6",""
"2021-09-01","Hunter Valley Mid Coast (Maitland/ Muswellbrook/Newcastle/Forster)","956000007432818","Boris","2026-06-01","MALE","","Meet Boris! 🐕 Boris is a high-energy, fun-loving boy with a big personality and an even bigger heart. With his confident nature and bouncy enthusiasm, he’s always ready to play, explore, and soak up all the affection he can get. Boris gets along great with medium to large dogs and would thrive in an active home where he can be part of the action. Whether it’s going on adventures, playing in the yard, or just enjoying time with his people, Boris is all in. He would also love a friend at home to keep him company and is happy to play with him. If you’re an energetic family looking for a lively, loving companion who brings joy wherever he goes, Boris is your guy!","boris-4",""
"2019-12-01","Western Sydney (Londonderry)","956000012257986","Gazza","2026-06-01","MALE","","Gazza is a sweet boy who travels well in vans, cars and trailer, also walks well on lead on adventures out and about. Gazza has shown polite manners with children ranging from 20 months to 9 years old, showing a gentle & polite indifference. Gazza has spent time mingling with big and small dogs and would suit a home looking for a laid back boy happy to go with the flow. Gazza dreams of a little backyard to spend his days in and kids to keep him entertained during the day. He can be adopted at the Western Sydney adoption centre.","gazza-1",""
"2019-07-01","Southern NSW/ACT (Bulli, Nowra, Goulburn, Canberra)","956000006794477","Sooky","2026-06-01","FEMALE","","walks well on lead Confident and social. higher energy dog for someone thats looking for adventure and likes fitness jumps up and down playful and jumps up to give cuddles likes to go off and explore would love a big backyard good for fulltime working hours enjoys a zoomie","sooky",""
"2021-09-01","Hunter Valley Mid Coast (Maitland/ Muswellbrook/Newcastle/Forster)","956000011705157","Franky","2026-06-01","MALE","","Meet Franky 🐾 Franky is a sweet boy who adores the company of other dogs and would do well living with a feline friend, provided they have a very slow and gentle introduction. With his engaging personality, Franky loves to sniff and explore his surroundings, always curious about the world around him. He would thrive in a home with another pet to keep him company, especially where someone works from home or part-time, so he can enjoy plenty of companionship throughout the day. Franky’s playful spirit and affectionate nature make him a wonderful addition to a loving family ready to share adventures and quiet moments alike.","franky",""
"2021-07-01","Hunter Valley Mid Coast (Maitland/ Muswellbrook/Newcastle/Forster)","956000013034060","Davie","2026-06-01","MALE","","Introducing Davie 🐾 Davie is a gentle, affectionate boy with a heart of gold and a tail that never stops wagging! This easy going boy is the perfect fit for just about any household – whether you have children, other dogs, or just need a calm companion by your side. He walks beautifully on a loose lead and has wonderfully relaxed body language, making strolls together an absolute pleasure. Davie is a social butterfly who gets along with dogs of all shapes and sizes, and his sweet, patient nature makes him a hit with kids too. Whether it’s lounging at home, greeting new friends, or enjoying a quiet walk, Davie’s laid-back personality and loving nature shine through in everything he does. If you're looking for a loyal, low-maintenance friend with lots of love to give, Davie might just be your perfect match!","davie",""
"2022-03-01","Northern Rivers (Grafton, Lismore, Casino)","956000011646777","Zane","2026-06-01","MALE","","Say hello to Zane! 🐾 Say hi to Zane, a lovable boy with a bright personality and a constantly wagging tail! Zane is the kind of dog who takes life in stride—always happy, always friendly, and ready to make new friends wherever he goes. Zane gets along beautifully with dogs of all shapes and sizes. Whether he’s meeting other Greyhounds or mingling with different breeds, he’s calm, polite, and loves being part of the action. Busy environments? No problem for Zane! He takes everything in with a relaxed attitude and copes well with new places, people, and experiences. He’s curious, confident, and always up for a new adventure—especially if there are treats involved (his favourite!). Zane would thrive in a home where he gets to be part of the fun and share his joy with others. If you’re after a gentle, friendly companion who brings sunshine wherever he goes, Zane might just be your perfect match.","zane",""
"2022-04-01","Hunter Valley Mid Coast (Maitland/ Muswellbrook/Newcastle/Forster)","956000011647482","Chloe","2026-06-01","FEMALE","","Meet Chloe — the confident, friendly tail-wagger who loves her doggy pals! 🐾💖 Chloe is a happy-go-lucky greyhound with a big heart and an even bigger tail — because she just can’t stop wagging when she’s around other dogs! 🐕💨 She already lives with a small dog and absolutely loves having furry friends to share her days with. With her confident and friendly personality, Chloe is always ready to say hello, make new friends, and spread good vibes wherever she goes. Whether she’s meeting new pups on a walk or chilling at home with her canine buddy, she’s a true social butterfly. 🦋🐶 If you’re looking for a cheerful, outgoing greyhound who adores company and knows how to make friends easily, Chloe is the perfect match!","chloe-12",""
"2020-01-01","Hunter Valley Mid Coast (Maitland/ Muswellbrook/Newcastle/Forster)","956000007357256","Garth","2026-06-01","MALE","","Introducing Garth… 🐾✨ Garth is a clever, confident greyhound who is happy to sniff out the world around him. 🌍👃 Whether it’s a leafy park, a busy street, or a quiet trail, Garth’s nose is always on a mission. He’s got a serious sniff game going on, taking in all in. But don’t let his independent streak fool you — when it’s time to wind down, Garth transforms into a total cuddle champ. 🥰 He’s a pro at snuggling up close, giving the best warm, cozy vibes after a long day of exploring. 🐕❤️ On walks, Garth is the perfect gentleman: calm, focused, and walking nicely on the lead. 🐕‍🦺 He’s happy to take the lead on where to sniff next, but always by your side. If you’re after a smart, easy-going companion who loves his independence but knows how to share the love, Garth is your guy and he can’t wait to meet you! 💙","garth",""
"2021-03-01","Western Sydney (Londonderry)","956000012863981","Canya","2026-06-01","MALE","","Canya is a cute guy, happy to settle where ever and go with the flow. He walks nice on lead, happy around new people and happy wagging tail where ever he goes. Canya would enjoy an outdoor area to call his home whether that's a courtyard or backyard. Super friendly and easy going, Canya would happily join a family with children or other dogs. He will lean on you and be forever grateful and love you forever for the adventures and treats that come his way! Canya is available at the Western Sydney adoption centre.","canya",""
"2017-08-01","Hunter Valley Mid Coast (Maitland/ Muswellbrook/Newcastle/Forster)","956000009462053","Sadie","2026-06-01","FEMALE","","Say hello to Sadie! 🌸 Sadie is a cool, calm, and confident greyhound who knows exactly what she wants out of life — and that includes plenty of chill time 😌. She’s an independent lady who’s perfectly happy entertaining herself with a comfy bed 🛏️, a toy or two 🎾, and a quiet corner to call her own. She would suit a household with full time workers or with another chilled out dog. Relaxed and self-assured, Sadie takes new experiences in her stride. If you're looking for a low-maintenance companion who brings a calm presence and quiet charm into your home, Sadie could be the perfect fit 🐾💕","sadie-5",""
"2020-12-01","Hunter Valley Mid Coast (Maitland/ Muswellbrook/Newcastle/Forster)","956000007449362","Shakey","2026-06-01","FEMALE","","Meet Shakey! 🐾 Shakey is a lovable greyhound with a heart full of affection for humans and fellow dogs alike❤️. Always the initiator of cuddles and belly rubs, Shakey thrives on connection and companionship. Curious and adventurous, he loves exploring new surroundings and enjoys every walk — especially because he’s such a pro on the lead! 🚶‍♂️ He’d be happiest in a busy, lively home where there’s plenty going on and would be more than happy with another furry friend to share the fun 🐕🎉. If you’re looking for a gentle, sociable, and well-mannered greyhound to brighten your days, Shakey might just shake her way into being your perfect match!","shakey",""
"2022-08-01","Central West (Bathurst/Dubbo/Coonabarabran)","956000015731404","Tommy","2026-06-01","MALE","","Meet Tommy – The Tail-Wagging Bundle of Joy! 🐾🎉 Tommy is a happy greyhound whose tail never stops wagging! He’s a lovable guy who thrives on cuddles, pats, and playtime—always ready to share his infectious enthusiasm with everyone he meets. Tommy loves exploring new places and sniffing out adventures, making every walk an exciting journey. His joyful spirit and affectionate nature make him the perfect companion for anyone looking for a fun-loving, loving friend. If you want a happy, playful pal who’s always up for a cuddle and a romp, Tommy’s your guy!","tommy-18",""
"2020-02-01","Hunter Valley Mid Coast (Maitland/ Muswellbrook/Newcastle/Forster)","956000007837824","Bruiser","2026-06-01","MALE","","Meet Bruiser – Big Heart, Bigger Tail Wags! 🐶💕 Don’t let the name fool you – Bruiser is a total softie! This happy-go-lucky boy is bursting with love and has a tail that never stops wagging. He’s always ready to greet you with a smile and a nuzzle, and he thrives on affection from his human friends. Bruiser is full of energy and enjoys his playtime, walks, and any chance to explore the world by your side. He’s been around children aged 8 and up and would do well in a home where he can continue building those bonds – he loves being part of the action! Whether it’s zoomies in the yard or cuddles on the couch, Bruiser brings a joyful spark to every moment. He’d be a wonderful match for an active family or anyone looking for a loyal, loving companion. Ready to meet your new best friend? Bruiser can’t wait to wag his way into your heart!","bruiser-4",""
"2018-10-01","Hunter Valley Mid Coast (Maitland/ Muswellbrook/Newcastle/Forster)","956000005106467","Maggie","2026-06-01","FEMALE","","Meet Maggie – Your Future Snuggle Buddy! 🐾 Say hello to Maggie, a sweet and gentle greyhound with a heart full of love and legs made for graceful strolls. This lovely girl is as affectionate as they come – she absolutely adores pats, cuddles, and being close to her people. Maggie is a dream on the lead and makes every walk a pleasure. She gets along well with other dogs and would happily share her space with a canine friend. Whether it’s a walk around the block or a cozy nap on the couch, Maggie is content just being near those she loves. While Maggie can be redirected around cats, she still needs a bit more work and supervision in that area, so a cat-free home would be best. If you're looking for a calm, cuddly companion who will melt into your side and brighten your days, Maggie might just be the perfect match!","maggie-17",""
"2020-08-01","Central West (Bathurst/Dubbo/Coonabarabran)","956000011574597","Sonny","2026-06-01","MALE","","Sonny is a gentle, easy-going boy with a calm and placid nature. He loves a good snuggle but is just as happy doing his own thing or spending time with his people. With a slow introduction, he may get along well with smaller dogs. Sonny is a relaxed companion ready to bring quiet joy to a loving home.","sonny-5",""
"2021-05-01","Northern Rivers (Grafton, Lismore, Casino)","956000007430419","Charlie","2026-06-01","MALE","","Meet Charlie! 🐾 Charlie is a social butterfly who loves spending time with people and gets along great with other dogs. He’s full of energy and can be a bit strong on the lead at first, but he quickly settles into a calm and well-mannered walker once he gets going. Charlie is also a pro traveller—he enjoys van rides and is comfortable on the road, making him a great adventure buddy. If you’re looking for a friendly, outgoing greyhound who’s ready to join you on walks and trips, Charlie is your guy!","charlie-15",""
"2022-10-01","Northern Rivers (Grafton, Lismore, Casino)","956000011349543","Jack","2026-06-01","MALE","","Jack is a calm, easygoing greyhound who’s as lovely on the inside as he is on the outside. With his gentle nature and relaxed attitude, he settles into new environments quickly and takes everything in his stride. Jack is fantastic with children and other dogs, making him a wonderful family companion. He’s always polite, friendly, and happy to be part of the group – whether it’s a quiet day at home or a walk around the neighbourhood. He walks beautifully on the lead, never pulling or fussing, and is more than happy to stroll along at your side. Jack’s chilled-out personality and kind soul make him a joy to have around.","jack-32",""
"2019-07-01","Northern Rivers (Grafton, Lismore, Casino)","956000007829359","Greg","2026-06-01","MALE","","Meet Greg – A Gentle Soul Ready to Bloom 🌟🐾 Greg is a sweet and sensitive greyhound with a quietly charming personality. He can be a little shy at first, but it doesn’t take long for him to warm up – and once he does, you’ll see a loving and loyal companion who enjoys being part of the action in his own gentle way. Greg gets along well with other dogs and enjoys their company. He walks beautifully on the lead and is a dream to take out and about, always calm and well-mannered. He also travels well in the car, making adventures easy and stress-free. With a little patience and a lot of love, Greg will continue to come out of his shell and show you just how affectionate and easy going he really is. He’s a quiet star who’s just waiting for the right person or family to help him shine.","greg-1",""
"2019-07-01","Northern Rivers (Grafton, Lismore, Casino)","956000007857162","Sheila","2026-06-01","FEMALE","","Meet Sheila – A Sweet Soul with a Playful Heart 🐾💖 Sheila is a beautiful greyhound with a gentle nature and a heart full of love. She can be a little shy when meeting new people or exploring new places, but give her a bit of time and patience, and you’ll see her blossom into a joyful, playful girl with the happiest little tail wags. Once Sheila feels safe and settled, her playful side shines through. She loves to run, bounce around, and enjoy the company of her doggy friends – she gets along wonderfully with other dogs and thrives in their company. Sheila would do best in a calm and supportive home where she’s given the space to build her confidence. In return, she’ll reward you with sweet affection, gentle playfulness, and a loyal heart.","sheila-2",""
"2019-07-01","Northern Rivers (Grafton, Lismore, Casino)","956000007853681","Penny","2026-06-01","FEMALE","","Meet Penny🎾🐾 Penny is a bright, bubbly greyhound with a zest for life and a serious love for fetch! Toss a ball and watch her light up with joy – she could play all day if you let her. Her playful spirit and happy nature make her an absolute delight to be around. Always cheerful and full of personality, Penny brings positive energy wherever she goes. She travels well in the car, making her a great companion for outings and adventures, and she’s perfectly content relaxing in her crate when it’s time to wind down. Penny is the perfect mix of fun and easy going. Whether she’s chasing a ball, enjoying a ride, or snoozing in her crate after a busy day, she does it all with a wagging tail and a happy heart.","penny-11",""
"2019-07-01","Northern Rivers (Grafton, Lismore, Casino)","956000007856122","Glen","2026-06-01","MALE","","Meet Glen – The Ultimate Companion with a Heart of Gold 💛🐾 Glen is a handsome greyhound with a big heart and an even bigger love for life. Friendly, affectionate, and full of charm, Glen adores people and never misses an opportunity for a cuddle or a kind word. His tail is always wagging, especially when he's surrounded by his favourite humans. Glen gets along wonderfully with other dogs and is a real social butterfly. Whether he's playing with his pals or just chilling nearby, he brings calm, friendly energy wherever he goes. A big fan of toys, Glen loves a bit of playtime and will happily keep himself entertained with a squeaky or two. He also travels like a dream in the car, making him the perfect buddy for road trips, weekend getaways, or even just a quick drive to the park.","glen-2",""
"2019-07-01","Northern Rivers (Grafton, Lismore, Casino)","956000007855335","Donnie","2026-06-01","MALE","","Meet Donnie – The Social Butterfly with a Love for Fun! 🐶🎾 Donnie is a happy-go-lucky greyhound who’s always up for a good time! Whether he’s heading out on a road trip or making new doggy friends at the park, Donnie takes it all in stride. He travels like a pro – calm, relaxed, and ready for the next stop on the journey. This playful boy has a soft spot for toys and will happily entertain himself with a squeaky or a tug toy, bringing a smile to everyone around him. He gets along wonderfully with other dogs and thrives in social settings, making him a great fit for families with existing canine companions. Donnie walks beautifully on the lead and loves exploring the world at a comfortable pace by your side. His friendly nature, confidence, and zest for life make him a joy to have around.","donnie",""
"2019-07-01","Northern Rivers (Grafton, Lismore, Casino)","956000007853642","Dougall","2026-06-01","MALE","","Meet Dougall🚗🐾 Dougall is a charming greyhound with a heart as big as his love for car rides. This gentle soul is always ready to hop in the car and join you on your next adventure – whether it’s a weekend getaway or just a trip to the shops, Dougall’s happy place is right by your side. With excellent leash manners, Dougall walks beautifully on the lead, making strolls a breeze. He’s polite and friendly around other dogs, and his calm nature makes him a wonderful companion in a variety of settings. Dougall also has a soft spot for affection. He’ll happily lean in for a cuddle or nuzzle up for some ear scratches – he may be sleek and speedy, but he’s really just a big softie at heart.","dougall",""
"2020-01-01","Central West (Bathurst/Dubbo/Coonabarabran)","956000007467365","Uno","2026-06-01","FEMALE","","Uno is a sweet-natured, gentle girl with a calm and placid demeanor. She may be a little shy at first, but with patience and a supportive home, she’ll blossom beautifully. Uno does well with kind, understanding children and gets along with smaller dogs. With a slow and careful introduction, she may also do well with cats. Uno is looking for a calm, nurturing environment where she can continue to grow in confidence and love.","uno-1",""
"2022-01-01","Mid North Coast","956000011646731","Beau","2026-06-01","MALE","","Beau is a confident, happy-go-lucky boy bursting with puppy-like energy and a love for life! Playful and engaging, he’s always up for a game or some quality time with his people—and he’s never short on tail wags. Beau would thrive in a home with another medium to large dog who can match his energy and playful nature. He’s full of enthusiasm on walks and can be strong on the lead, so a family with older kids who can keep up with his strength and spirit would be ideal. If you're after a fun-loving, social companion who brings joy wherever he goes, Beau is ready to be your new best mate!","beau-6",""
"2022-05-01","Mid North Coast","956000011334010","Jimmy","2026-06-01","MALE","","Jimmy is a happy, confident boy with a playful heart and a relaxed outlook on life. He’s the kind of dog who’s just as content having a romp around the yard as he is chilling out by your side, soaking up cuddles and pats (his favourite!). Jimmy walks with enthusiasm and might be a bit strong on the lead at times, but with a bit of practice, he’ll settle into a great walking buddy. He could potentially get along with smaller dogs too, given slow and careful introductions—he’s a sociable guy who just likes to take his time getting to know new friends. If you're after a cheerful, affectionate companion with a lovely balance of energy and calm, Jimmy could be the perfect fit!","jimmy-9",""
"2022-05-01","Mid North Coast","956000011332727","Jj","2026-06-01","MALE","","JJ is a sweet, happy-go-lucky boy with the playful energy of a puppy and a heart full of love. Confident and full of charm, he’s always ready for fun — whether that’s a zoom around the garden or a goofy game with his canine pals. He’s still working on his lead manners (he’s just so excited to explore!), but with a bit of guidance, he’ll be strutting like a pro in no time. JJ might be cat-workable, but he’s definitely more in his element around other greyhounds or larger dogs. In fact, he’d thrive in a home with a doggy friend to play with and help show him the ropes. If you’re looking for a cheerful, fun-loving companion with a heart of gold, JJ is your guy!","jj-3",""
"2019-04-01","Western Sydney (Londonderry)","956000006677803","Henry","2026-06-01","MALE","","Henry has lived his life surrounded by children, and would suit a home with a family of children who are eager to give him lots of love. Henry is a social butterfly who loves a bit of attention! He would suit a home with another medium to large dog who is on the chill side like him. His previous owners have summed him up as a big goof ball, who is placid, even a little bit clumsy! He settles well on his bed and is happy to watch the world go by with you by his side. Henry is available at the Western Sydney adoption centre.","henry-9",""
"2020-04-01","Central West (Bathurst/Dubbo/Coonabarabran)","956000012114782","Chief","2026-06-01","MALE","","Meet Chief – a handsome, easy-going boy with a heart of gold. This laid-back fella is happy entertaining himself or just chillin' solo 😎. Patient and gentle, Chief is great with small children and gets along well with other animals. He grew up around a cattle dog and has been exposed to goats, so farm life is nothing new to him. Whether he's playing or relaxing in the sun, Chief brings a calm, loyal energy to any home 🐾.","chief-6",""
"2021-08-01","Central West (Bathurst/Dubbo/Coonabarabran)","956000012863585","Flow","2026-06-01","FEMALE","","🐾 Meet Flow! 🌸 Flow is a very sweet girl with a heart full of potential. 💕 She's ready to learn, grow, and succeed with the help of a loving, supportive home. With a little training and plenty of encouragement, she’ll blossom into an amazing companion. She’d do best with older, understanding children and could be a great match for a calm, medium-large dog friend. If you're looking for a kind soul to grow with, Flow is ready to start her journey with you! 🐶💫","flow-1",""
"2021-11-01","Central West (Bathurst/Dubbo/Coonabarabran)","956000012861144","Jasper","2026-06-01","MALE","","🐾 Meet Jasper! 💙 Jasper is an affectionate, sweet, and kind-hearted boy who just wants to be loved. 🐶 He’s playful and gentle, with so much potential to shine in the right home. He’s still learning and will need a supportive family to continue his training and help build his confidence. Jasper would do best with older, understanding children and could get along well with a compatible medium-large dog. If you're ready to open your heart to a truly lovable companion, Jasper is waiting for you! 💕","jasper-5",""
"2022-03-01","Central West (Bathurst/Dubbo/Coonabarabran)","956000012917914","Reggie","2026-06-01","MALE","","🐾 Meet Reggie! 🐶 Reggie is an active, playful, and seriously handsome boy! 😍 He's full of energy and would love a yard where he can run, play, and burn off that puppy spirit. Still working on his manners, Reggie needs a patient, understanding family ready to guide him with love and consistency. He’d do best with older kids and could be a great match for a friendly medium-large dog buddy. If you’re looking for a fun-loving companion to grow with, Reggie’s your guy! 💙","reggie-7",""
"2021-11-01","Central West (Bathurst/Dubbo/Coonabarabran)","956000013022670","Emma","2026-06-01","FEMALE","","🐾 Meet Emma! 💖 Emma is a gentle soul with so much love to give. She may be a little shy at first, but with patience and kindness, her sweet personality shines through. 💕 She’s looking for a calm, supportive family to help her grow in confidence with continued training and socialisation. Emma enjoys the company of well-mannered dogs (especially larger ones!) and would do best with older, understanding children. A secure yard to play and explore would be the cherry on top for this lovely girl. 🐶🌿","emma-3",""
"2021-11-01","Central West (Bathurst/Dubbo/Coonabarabran)","956000012861951","Goofy","2026-06-01","MALE","","Meet Goofy – A Special Boy Looking for His Special Home 🐶💛 Goofy is a sweet male with a quirky charm and a heart ready to bond. He’s looking for a quiet, patient home where he can take things at his own pace. Goofy needs someone who understands that dogs like him need time, gentle guidance, and a whole lot of love to build trust. He’s still learning about the world, so training and socialization will be key to helping him grow into his best self. Goofy would do best as the only dog in the home, with older, understanding children who can respect his boundaries. With the right people, Goofy will shine – could that be you?","goofy",""
"2021-02-01","Central West (Bathurst/Dubbo/Coonabarabran)","956000013017722","Sofia","2026-06-01","FEMALE","","Meet Sofia – A Loving Blue Beauty Looking for Her Forever Home 💙🐾 Sofia is a beautiful blue female with a gentle soul and a heart full of potential. She's looking for a home that can offer her support, understanding, and time—someone patient and committed to helping her grow with continued training and care. Sofia has an old injury to her front leg, so she’ll need a family that understands her physical needs and can help her feel safe and comfortable. She thrives best as a single dog in the household and would be happiest with older, dog-savvy children who can respect her space and needs. If you’re ready to offer a calm, loving home where Sofia can continue her journey, she’s ready to meet you. 💙","sofia",""
"2017-11-01","Northern Rivers (Grafton, Lismore, Casino)","956000009463034","Tylah","2026-06-01","FEMALE","","Tylah is a beautiful, gentle soul who’s mastered the art of relaxing. She’s a laid-back lady who loves her naps and cozy spots, but don’t let that fool you—she still has her zoomie moments! Short bursts of energy are her specialty, followed by lots of lounging and cuddles. She’s happiest when she’s with her people, always close by and ready to share her calm, loving presence. Loyal, sweet, and full of quiet charm, Tylah is the kind of companion who makes every day feel a little more peaceful. If you're looking for a loyal, low-maintenance best friend who will love being by your side (especially on the couch), Tylah might just be the perfect match. 💕","tylah",""
"2019-12-01","Central West (Bathurst/Dubbo/Coonabarabran)","956000007831473","Digger","2026-06-01","MALE","","Digger is a curious, affectionate boy who loves to learn and be involved in whatever you're doing. He’s attentive, enjoys playing with his toys, and thrives on interaction. Digger would do best as the only dog in the home and would love having older children to play and bond with.","digger-4",""
"2018-12-01","Central West (Bathurst/Dubbo/Coonabarabran)","956000006812686","Brad","2026-06-01","MALE","","Brad is a lively, energetic boy once he feels at home. He enjoys playtime, especially in a backyard where he can stretch his legs and have fun. Brad is good with smaller dogs and would do well in a home with older children. A sweet, active companion ready for his next adventure!","brad-3",""
"2022-11-01","Central West (Bathurst/Dubbo/Coonabarabran)","956000011345375","Dempsey","2026-06-01","MALE","","Dempsey is a fun-loving, affectionate boy with a big personality and an even bigger love for his toys. He's interactive, silly, and always ready to make you laugh with his goofy antics. Dempsey does well with smaller dogs after a slow, safe introduction. A joyful companion who’s all about play, cuddles, and good vibes!","dempsey",""
"2021-10-01","Northern Rivers (Grafton, Lismore, Casino)","956000012864402","Bruce","2026-06-01","MALE","","Meet Bruce! 🖤 Bruce is a sweet, laid-back boy with a charming personality. He gets along well with small dogs and is always happy to spend time with his human friends. Bruce does have pannus, a condition that affects his eyes. While it's not curable, it’s easily managed with treatment to keep him comfortable. If you’re looking for a friendly, easy-going companion with a big heart, Bruce is ready to bring his charm into your life!","bruce-4",""
"2020-11-01","Western Sydney (Londonderry)","956000007357481","Vox","2026-06-01","MALE","","*I have just gone into a foster home, check back soon for updates* From foster: Vox is getting more confident every day! He is doing well by himself when we are at work, however he prefers to be inside the house. He is a gentle boy who is happy sitting on his bed and just being around you. He has done a lot of learning with toilet training and he really is a beautiful dog. Vox is a gentle, affectionate boy who’s ready to find his forever home. One filled with patience, calm, and understanding. While he can be a little reserved at first, his sweet, loving nature shines through once you get to know him. He’s now ready to take the next step and find a calm, experienced home that can continue to help him build confidence and guide him through life’s adventures. Vox thrives in a peaceful environment where he can take things at his own pace and be gently encouraged to try new experiences. Once he feels settled, Vox’s affectionate and goofy side shines through. He enjoys quiet companionship, gentle affection, and the comfort of a predictable routine. Vox would do best in a home without other dogs or children, where he can enjoy a calm, stable environment and the undivided attention of his family. He would thrive with someone who understands sensitive dogs and can offer him patience, consistency, and kindness. In the right home, this beautiful boy will continue to flourish and become a devoted, lifelong friend. If you’re looking for a gentle companion and have the time and experience to help a sweet soul like Vox grow in confidence, he could be the perfect match for you. 💛 He is available now from our Western Sydney centre.","vox",""
"2021-12-01","Western Sydney (Londonderry)","956000014800665","Rowdy","2026-06-01","MALE","","Meet Rowdy! The handsome social butterfly with a heart full of love and a nose for treats! This confident and friendly guy absolutely adores people and will charm his way into your heart (and maybe your snack stash) in no time. Rowdy is super trainable and eager to learn, especially if food or toys are involved – a home that is interested in furthering his training and development is ideal Rowdy is still learning the ropes when it comes to other animals, so he’s best suited as a solo dog or with another greyhound friend who can help him find his groove. He’d thrive in a home with a yard to explore and a family who can support him through his transition to pet life. With a little guidance and a lot of love, Rowdy will be the ultimate loyal companion – cheeky, charming, and full of fun. Rowdy is available through our Western Sydney Adoption Centre.","rowdy",""
"2019-08-01","Central West (Bathurst/Dubbo/Coonabarabran)","956000009589667","Blaze","2026-06-01","MALE","","Meet this laid-back, placid boy—our sweet male Blaze! He's the definition of a ""dopey"" cuddle bug who loves nothing more than a good snuggle. As a single dog household pup, he's very content with his quiet life in the backyard, and he's happy to share his space with older children who understand his calm nature. Experienced owners will appreciate his lazy demeanor and gentle temperament. He’s all about relaxing and enjoying the simple things in life!","blaze-7",""
"2021-04-01","Central West (Bathurst/Dubbo/Coonabarabran)","956000012917728","Bertha","2026-06-01","FEMALE","","Bertha is a playful, cheeky, and energetic female greyhound who loves people and is very social. She’s curious and full of fun, always ready for an adventure. With the right introduction, she might get along with smaller dogs, making her a great addition to an active and engaging home.","bertha-1",""
"2017-01-01","Central West (Bathurst/Dubbo/Coonabarabran)","956000004889171","Collie","2026-06-01","FEMALE","","Collie is a sweet older female with a calm, relaxed, and easy-going nature. She’s happy to please and would thrive in a slower-paced home. Older children are best for her, and she’s fine with smaller dogs and cats, making her a wonderful companion for a peaceful and loving household.","collie",""
"2020-12-01","Central West (Bathurst/Dubbo/Coonabarabran)","956000012805049","Dare","2026-06-01","MALE","","Dare is a big, gentle giant with a very sweet and playful nature. He’s fun-loving yet shows a patient and calm side when needed. Confident and happy, Dare is the perfect mix of energy and tranquility, making him an affectionate companion for any home.","dare-1",""
"2022-05-01","Central West (Bathurst/Dubbo/Coonabarabran)","956000011351882","Windy","2026-06-01","MALE","","Windy is a very sweet-natured male dog who can be a little shy at first but quickly comes out of his shell, especially when playing with toys. Confident on his own, he gets along well with smaller breeds of dogs and is sure to bring joy and warmth once he settles in.","windy-1",""
"2020-12-01","Central West (Bathurst/Dubbo/Coonabarabran)","956000011710299","Hank","2026-06-01","MALE","","Hank is a calm, easy-going, and very friendly dog with an affectionate and interactive nature. He loves to connect with others and is great with smaller breeds of dogs. Hank’s gentle personality makes him a wonderful companion for any home looking for a sweet and sociable pet.","hank-6",""
"2021-04-01","Central West (Bathurst/Dubbo/Coonabarabran)","956000012861460","Tom","2026-06-01","MALE","","Tom is a happy boy who thrives on his own in a single-dog household. He needs a supportive home where he can grow and learn. With patience and encouragement, Tom will blossom into a loving and confident companion.","tom-18",""
"2020-12-01","Central West (Bathurst/Dubbo/Coonabarabran)","956000011711067","Scotch","2026-06-01","MALE","","🐾 Meet Scotch! 🖤 Scotch is a happy, confident greyhound with a heart full of joy. Due to a past leg injury, he enjoys a slower-paced home and shorter walks—but don’t worry, he can still move around and play just fine! 🐾 Engaging, affectionate, and full of love, Scotch thrives in a calm environment where he can relax and enjoy life at his own pace. If you're looking for a gentle, loyal companion, Scotch is ready to win your heart. 💕","scotch",""
"2018-01-01","Central West (Bathurst/Dubbo/Coonabarabran)","956000009589973","Uno","2026-06-01","FEMALE","","🐾 Meet Uno! 🌟 Uno is a lovely older lady with a confident, engaging personality and a heart full of love. 💕 She’s sweet, kind, and always happy—bringing a warm, joyful presence wherever she goes. With her calm nature and affectionate spirit, Uno makes the perfect companion for a caring, loving family ready to share their home with a gentle soul. 🐶💫 If you’re looking for a steady, loving friend, Uno is ready to make your heart her home.","uno",""
"2020-12-01","Central West (Bathurst/Dubbo/Coonabarabran)","956000007436627","Dozer","2026-06-01","MALE","","Dozer, or ""Little D,"" is a sweet boy who needs time and patience to learn and grow. He’ll thrive in a quiet home where he can feel safe and supported as he blossoms into his best self. With the right care, he’s sure to become a loving companion.","dozer-2",""
"2020-03-01","Central West (Bathurst/Dubbo/Coonabarabran)","956000007827233","Lexi","2026-06-01","FEMALE","","Lexi is a sweet and placid female greyhound with a calm demeanor. Eager to learn, she needs room to grow and thrive, along with patience and understanding. A single-dog household would be ideal, providing her with the space and care she needs to flourish.","lexi-7",""
"2019-12-01","Central West (Bathurst/Dubbo/Coonabarabran)","956000012179623","Aggi","2026-06-01","FEMALE","","Aggi is a pretty female greyhound who can be a little shy at first. She needs encouragement, support, love, and time to grow. A single-dog household would be ideal, where she can feel secure and receive the attention she needs. Aggi is eager to learn and thrive with the right care and patience.","aggi-2",""
"2021-12-01","Central West (Bathurst/Dubbo/Coonabarabran)","956000007431437","Micha","2026-06-01","FEMALE","","🐾 Meet Micha! 💖 Micha is a sweet and sensitive female greyhound looking for a calm, loving home to help her blossom. With the right support and encouragement, she’s eager to learn and grow into a confident companion. She’ll thrive in a quiet environment where she feels safe and secure. Micha would do best as the only dog to start with, giving her the space and attention she needs to adjust and build trust. If you have a gentle heart and a peaceful home, Micha is ready to find comfort by your side. 🐶💕","micha-1",""
"2021-07-01","Central West (Bathurst/Dubbo/Coonabarabran)","956000007424531","Tubby","2026-06-01","FEMALE","","🐾 Meet Tubby! 💗 Tubby is a sweet girl who just needs a little time and patience to truly shine. 🌸 She can be a bit unsure at times, but with the right support and encouragement, she’ll blossom into a loving, confident companion. She’d do best in a calm, single-dog household where she can feel safe and truly be herself. With your love and guidance, Tubby is sure to thrive. 🐶💕","tubby",""
"2021-07-01","Central West (Bathurst/Dubbo/Coonabarabran)","956000011552057","Sassy","2026-06-01","FEMALE","","Sassy is a female greyhound looking for a quiet, supportive, and loving home. She needs room to grow, learn, and thrive, along with the encouragement and patience to help her blossom. A single-dog household would be ideal, where she can receive all the attention and care she deserves.","sassy-1",""
"2021-07-01","Central West (Bathurst/Dubbo/Coonabarabran)","956000007428296","Molly","2026-06-01","FEMALE","","Molly is a sweet female greyhound who can be a little shy and unsure at first, but she’ll open up with time and patience. She needs space, encouragement, and room to grow in a supportive environment. Molly thrives in a single-dog household where she can receive the love and attention she needs to feel comfortable and secure.","molly-11",""
"2016-02-01","Central West (Bathurst/Dubbo/Coonabarabran)","956000004489012","Minni","2026-06-01","FEMALE","","Minni is a laid-back, easy-going older gal with a calm and confident demeanor. She’s curious and independent, but also affectionate and loves a good snuggle. Minni is the perfect companion for someone looking for a relaxed and loving pet.","minni-6",""
"2018-05-01","Central West (Bathurst/Dubbo/Coonabarabran)","956000006810145","Lucy","2026-06-01","FEMALE","","Lucy is a very friendly and affectionate older girl who loves to give and receive cuddles. She can be relaxed and easy-going, but also has a cheeky, playful side that adds fun to her personality. Good with smaller breeds of dogs, Lucy makes a sweet and loving companion for any home.","lucy-21",""
"2021-10-01","Central West (Bathurst/Dubbo/Coonabarabran)","956000013039547","Lucy","2026-06-01","FEMALE","","Beautiful Lucy is lady who needs to find a supportive, patient & kind family. Lucy shows interest in wanting to be a part of a family, grow, learn how to be confident & playful, she just needs that support & encouragement to do so. A quiet home at first would be ideal. Lucy has spent time indoors, around children & a smaller breed of dog. With the correct introduction & supervision, Lucy may become best friends with your smaller fluff's. Please reach out if you would like to meet Lucy :)","lucy-20",""
"2018-07-01","Hunter Valley Mid Coast (Maitland/ Muswellbrook/Newcastle/Forster)","956000009589443","Red","2026-06-01","MALE","","This is our boy Red. Say hello to this charming boy who is looking for his forever home. Red is relaxed on lead, great to handle, making your daily walks very enjoyable. He has had frequent exposure to leisurely strolls in town and enjoys the slow paced lifestyle. He is very friendly and will stop for pats or to say hello. At times Red can be apprehensive in new environments. Once he has found his feet, he takes the world in his stride and settles into a happy pace of life. He would suit a quieter home with any humans, big or small, that are willing to give him all of the love in the world.","red-8",""
"2021-09-01","Central West (Bathurst/Dubbo/Coonabarabran)","956000007430066","Paddy","2026-06-01","MALE","","Mr Paddy! This gentle giant is such an easy-going, laid-back goof ball! He is always down to clown or just take it easy and rest his feet. He gets on well with smaller breeds of dogs- there's a Yorkie always saying hello :) Paddy interacts positively with new people, even younger children. He would love to have yard where he can run about, chasing toys thrown by his new best friends :)","paddy-2",""
"2019-08-01","Central West (Bathurst/Dubbo/Coonabarabran)","956000006702904","Millie","2026-06-01","FEMALE","","Looking for a sweetheart that loves children, engaging in fun play & snuggling? Then Millie is the girl for you! Millie is very excitable & playful! Loves to run around being a little silly & cheeky. Quick to jump in a body of water.... even on picture day hehe :)","millie-4",""
"2017-04-01","Central West (Bathurst/Dubbo/Coonabarabran)","956000009435360","Chucky","2026-06-01","FEMALE","","Sweet & adorable older gal. Independant & confident. Will adpat to full time workers. Has spent time around young grandchildren. Relaxed in new spaces & around new people. Sister to Storm! Would you consider welcoming both into your family?","chucky-2",""
"2018-03-01","Northern Rivers (Grafton, Lismore, Casino)","956000009464574","Garnet","2026-06-01","FEMALE","","**Garnet has lived in a foster home in the city CBD with full time workers, is affectionate and intelligent, and loves long walkies and would enjoy an active family to keep fit and go on daily adventures with** She's been a joy to foster! Here's a glimpse into Garnet's wonderful traits: - Garnet is an early bird who enjoys morning naps after joining you in bed. - A fearless adventurer, she's unbothered by much and walks in loud, busy city streets. - Walks in the rain without hesitation. - Patiently waits outside shops while you run quick errands. - Curious by nature, Garnet follows you around, eager to be part of your activities. - Loves to relax and roach on the couch. - Enjoys chasing Frisbees, balls, and playing with squeaky toys. - An exceptional office companion and assistant. - Incredibly friendly and affectionate, she welcomes pats from everyone she meets. - Gentle with children she meets. - Gets super excited about snacks, especially denta sticks! - Loves to taste a variety of foods, from peanut butter, hot chips, and banana. - Garnet has accompanied professional dog walkers, who have consistently praised how well she walks on the lead. Garnet has been a delight in the home, and I'm sure she'll make an excellent addition to a loving family. We’ll certainly miss her! If you're looking for a dog to fill your home with love and joy then apply to adopt the gorgeous Garnet today!","garnet",""
"2015-04-01","Northern Rivers (Grafton, Lismore, Casino)","956000004256320","Pattie","2026-06-01","FEMALE","","Meet Pattie, a gentle and gracious senior who has spent her life expertly spreading love and warmth. Pattie has been in the company of children and copes well with if they are polite and well mannered. Pattie is a well-mannered lady who carries herself with a polite serenity, she has been socialised with small dogs and although she would prefer a large companion she is polite around small dogs. Pattie has slowed in her senior years, but she would love a foster home where she can settle and would be the perfect companion for someone looking for an older calm companion.","pattie",""
"2020-09-01","Southern NSW/ACT (Bulli, Nowra, Goulburn, Canberra)","956000007466509","Katie","2026-06-01","FEMALE","","Quote from foster career, We have loved getting to know Katie and giving her the opportunity to enjoy her new life as a pet. Being the older sister, she is very independent and settles very easily. She is very happy to sit on her bed whilst you work or go about your day. She is toilet trained and has fallen into her new routine very easily. She gets so excited to see us, as exemplified with her happy, whipping tail (duck for cover!). She tends to jump up on you when she’s very excited, but this is something we are working on and have already seen great improvements on. Katie walks well on a leash and doesn’t react negatively to other dogs, big or small. She has done well approaching small dogs and children and saying hello. Katie would be a great pet for a someone looking for an independent dog that will also shower you will love and affection. __________________________________________________________________________ Katie is a lovely hound. She is happy and confident, very playful. Does appreciate a good lay down also. Has been living in a rural setting is no stranger to native animals and is now in suburban foster care enjoying cuddly toys, living out the back and coming in the home for the evening.","katie-9",""
"2020-01-01","Western Sydney (Londonderry)","956000012252567","Flash (Western Sydney)","2026-06-01","MALE","","Flash is a lovable boy with a heart as big as his appetite! If you’re looking for a sweet companion who knows how to enjoy the simple things in life, Flash might just be your perfect match. This handsome pup is a fan of food (treats are definitely the way to his heart 🍖), and he never says no to a fun toy. But his true specialty? Mastering the art of relaxation. Flash absolutely thrives when he’s stretched out on the couch, soaking up the good life. Flash has experience in a foster home and has shown that he could be left alone for multiple hours as long as he somewhere comfy to stretch out and relax Flash is currently learning all sorts of new tricks at the adoption centre. He is a fast learner and with a little time and practice, he's shown he can do amazing things. A large yard where Flash can stretch his legs and zoom around is a must! He loves a good run, and a big space is perfect for his energy. Flash would prefer a home where this is no small children or other animals as he prefers to be a solo guy. Flash is available at the Western Sydney adoption centre. Watch Flash here: https://youtu.be/a4Vk92SvmEY?si=qwlyZhvy56Jmp_Oa **Flash is on daily medication - enquire with GAP for more info**","flash-8",""
"2014-01-01","Northern Rivers (Grafton, Lismore, Casino)","956000003031937","Spot","2026-06-01","MALE","","Meet Spot, our distinguished older gentleman who is looking for the perfect match. Spot isn't just any dog; he carries himself with the grace and ease that only a seasoned greyhound can. Spot has had the pleasure of living in the serene setting of a granny flat, making him an expert in enjoying the quieter side of life. However, don’t let his age fool you; thanks to a thorough training program, Spot is sharp and responsive. He comes eagerly when his name is called and possesses a well-mannered set of tricks, including ""touch"" and ""paws up,"" that make him a delight to teach and interact with. His training, combined with his naturally loyal temperament, makes Spot an excellent fit for a single person looking for a true companion. He understands the comforting routine of a single household and offers unwavering loyalty in return. Spot embodies the best qualities of an older dog. Devoted and endearing, he is ready to join someone who values thoughtful companionship and has room in their heart for a truly dignified and loving friend.","spot-6",""
"2021-08-01","","956000012866851","Raffa","2026-06-01","MALE","","This bundle of joy loves human interaction and adventure. Raffa loves to run around his big yard area and shows you how fast he can be. Raffa gets very excited for the first five minutes you meet him before settling down. After getting his morning energy out and jumping around Raffa settles down and loves to lay in the sun. Raffa is fine around older kids and would make a great pet for a family with a big yard or a young couple who are fit and active.","raffa",""
"2018-07-01","Western Sydney (Londonderry)","956000009518190","Ronald","2026-06-01","MALE","","Ronald is a cheerful, confident and friendly lad looking to bounce straight into your home. We know Ronald to be a charismatic, charming and affectionate boy. With these qualities in mind, we think he'd suit a family with children and preferably shorter hours alone while he begins to settle in. This beautiful boy is at the magical age of 7 where he has his lazy side but has moments of playfulness, too. A perfect blend for many family types! Did we mention he currently lives with another greyhound? He'd love it if you had another hound for a play mate and nap buddy. Get in touch with the Western Sydney centre to meet Ronald.","ronald",""
"2020-01-01","Western Sydney (Londonderry)","956000007467933","Baby","2026-06-01","FEMALE","","Nobody puts baby in the corner! This little lady is looking to learn all about the world with you! She would suit short hours alone as a solo girl, or longer hours with a canine companion. Polite with dogs big or small, beautiful Baby has so much love to give and is searching for the right place to call home. If this Baby girl sounds like the perfect addition to your family, apply to take her home from the Western Sydney adoption centre.","baby-2",""
"2020-09-01","Hunter Valley Mid Coast (Maitland/ Muswellbrook/Newcastle/Forster)","956000011722890","Irena","2026-06-01","FEMALE","","Are you ready to be laughing with your newest furry friend? Well, Irena will have you cackling. She is a true definition of a little pocket rocket, she will be showing all aspects of her zoomies and how confident she is in doing so. Irena enjoys spending her days showing off and basking in the sunshine. She loves to have someone's full-attention so is best suited to being an only dog. Irena knows her name well and with a little bit of getting used to your voice she will come (running) straight back.","irena",""
"2022-04-01","Hunter Valley Mid Coast (Maitland/ Muswellbrook/Newcastle/Forster)","956000011366429","Ralph","2026-06-01","MALE","","Are you after a little fire-cracker in your life? Look no further than our boy Ralph! He is all things active/fun-loving and absolutely hilarious; Ralph will have your grinning from ear to ear. Ralph would suit an active family with a backyard who can walk him daily and throw his favourite toy around, Ralph hasn't been exposed to an indoor setting as yet so may take some time adjusting but I think he will happily follow you around. His favourite game is showing his friends how quick his zoomies are so a nice backyard will do the trick so he can show off to you. If you're interested in hearing more about Ralph, please apply now.","ralph-4",""
"2019-12-01","Hunter Valley Mid Coast (Maitland/ Muswellbrook/Newcastle/Forster)","956000012226004","Moses","2026-06-01","MALE","","Are you after a dog to be totally besotted by you? Well meet Moses, a quirky and loveable boy whose after his forever home. Moses boasts confidence and is extremely gentle in his approach. He has been around children 4+ and will request frequent pats. He has been brought up with a jack russel at home, but would benefit from a meet and greet prior to being adopted. Moses will be attending our Adoption Day at Glandore Wines on the 5th of October.","moses",""
"2019-02-01","Hunter Valley Mid Coast (Maitland/ Muswellbrook/Newcastle/Forster)","956000008235593","Spot","2026-06-01","FEMALE","","Spot is independent and enjoys spending time roaming around. Spot would suit a family who is after a companion to cruise around the backyard with. At times Spot can be weary and a bit timid in new environments but with the right re-assurance, she recovers really well. If you're interested in meeting our darling Spot, please apply now.","spot-4",""
"2019-12-01","","956000007837203","Julian","2026-06-01","MALE","","Julian is best described as a distinguished gentleman. He is calm, friendly and an easy-going boy who just goes about his day without a fuss. He's walked around busy streets, schools, shopping centres as well as farms and paddocks. Nothing much fazes Julian, including other large dogs, small dogs and children. He loves people and pats and loves a walk, rarely pulling. Julian would suit most households and make a very special and loving companion who wants to be with you.","julian",""
"2020-05-01","Central West (Bathurst/Dubbo/Coonabarabran)","956000012195521","Gus","2026-06-01","MALE","","Meet Gus: The Gentle Soul Gus is a serene and soft-natured Greyhound who thrives in a calm and loving environment. His gentle demeanor and shy personality make him a unique and endearing companion for the right home. Gus may be a bit reserved at first, but his gentle nature shines through once he feels comfortable. He’s the kind of dog who appreciates a quiet and patient approach, revealing his sweet personality in a calm and loving setting. Gus thrives in a peaceful environment where he can feel secure and relaxed. He’s not a fan of loud noises or bustling activities, so a tranquil home is ideal for him. Despite his shy nature, Gus is friendly and gets along well with other dogs. He enjoys their company and can be a great addition to a home with existing canine companions. If you’re looking for a sweet, soft-natured Greyhound who will flourish in a calm, loving home, Gus is the perfect match. He’s ready to bring his gentle presence and quiet companionship into your life.","gus-8",""
"2021-07-01","Central West (Bathurst/Dubbo/Coonabarabran)","956000014506260","Sub","2026-06-01","FEMALE","","Sub is a joyful greyhound whose enthusiasm and positive energy are truly contagious. She approaches each day with a wagging tail and a bright smile, spreading happiness wherever she goes. She is a high-energy girl who thrives on regular physical activity. Her zest for life is evident in her love for playtime and her eagerness to engage in various activities. Sub absolutely adores zoomies! She loves to let loose and sprint around her playful bursts of speed are a sight to behold. Sub is a vibrant and spirited greyhound looking for an energetic home where her zest for life can shine. If you’re ready to embrace her joyful nature and provide a dynamic environment, Sub is eager to become your new best friend!","sub-1",""
"2019-12-01","Central West (Bathurst/Dubbo/Coonabarabran)","956000006807059","Corene","2026-06-01","FEMALE","","Corene carries herself with a natural poise and assurance. She navigates new environments and situations with a calm self-assuredness that makes her a standout companion. Corene loves to stay on the move. Whether it’s a brisk walk, a run in the park, or playtime in the backyard, she’s always ready for an adventure. Corene’s curiosity knows no bounds. She’s always exploring her surroundings with an eager eye, making sure she’s aware of all that’s happening around her. Corene gets along well with medium and large dogs. She’s confident and social, but her interactions are best suited for companions of similar size and energy levels. Smaller dogs may find her enthusiasm overwhelming. Corene is a spirited and delightful greyhound ready to bring her energy and enthusiasm into a loving home. If you’re looking for a confident and active companion, Corene might be the perfect match for you!","corene",""
"2020-02-01","Hunter Valley Mid Coast (Maitland/ Muswellbrook/Newcastle/Forster)","956000007828567","Bailey","2026-06-01","MALE","","Are you looking for a new furry companion to help bring out of their shell? Bailey would be the ideal companion for you! Bailey is our beautiful nervous nelly, he loves his routine and the people he is around all the time, but new people can make him revert into his greyhound bubble. Bailey is searching for home that is quiet and will allow him the time to really show off his personality. He would suit an avid Knights fan as he enjoys spending his Sunday afternoons by the TV, Bailey enjoys basking in the sunshine and having a splash at the beach. He is currently living inside/outside and is quiet and relaxed, he is okay to be left alone so long as he is in his safe spot.","bailey-3",""
"2022-02-01","Central West (Bathurst/Dubbo/Coonabarabran)","956000007423998","Zarva","2026-06-01","MALE","","Meet Zavra! Zarva is a very sweet natured boy. He is very curious & interested in the world. He positively interacts with those around him; children & smaller dogs :) Zarva wants to be involved. He'll be happy doing almost about anything. Whether it's a family movie day or spending a day outside going on adventures :) Enquire now & arrange to meet Zarva!","zarva",""
"2016-07-01","Central West (Bathurst/Dubbo/Coonabarabran)","956000005412613","Maisie","2026-06-01","FEMALE","","Meet Maisie! She might have the age of a senior lady, but definitely doesn't show it! Maisie is sweet curious girl. Eager to explore & learn. She might take a little while to warm up but once she does, she is full of character. Maisie would be best suited to a home with bigger dogs only, or a single dog home. Older kids to play with her preferred. Maisie would become a very loyal part of your home once settled & feeling comfortable :)","maisie",""
"2019-05-01","Hunter Valley Mid Coast (Maitland/ Muswellbrook/Newcastle/Forster)","956000006792942","Meg","2026-06-01","MALE","","Meg is the epitome of gentle charm, with a touch of bashfulness that adds to his irresistible appeal. This shy guy isn't just looking for any home; he's on a quest for his own private sanctuary, where he can be the star of the show without any pesky co-stars stealing his spotlight. Meg's motto? ""One dog, one throne!"" He's not one for sharing his kingdom, but he'll gladly share his love with respectful children who understand the art of giving him space but love when he likes. With Meg around, every day is an adventure filled with quiet moments of contemplation, punctuated by bursts of zoomies when no one's looking. So, if you're ready to welcome a regal greyhound into your castle and bask in the glory of his majestic presence then Meg is the dashing companion you've been searching for. Contact our Western Sydney facility to arrange a meet and greet and get ready to embark on a journey of laughter, love, and endless tail wags with this shy but lovable boy!","meg-1",""
"2018-11-01","Central West (Bathurst/Dubbo/Coonabarabran)","956000009482074","Sandy","2026-06-01","FEMALE","","Introducing Sandy, a beautiful and gentle girl who is ready to bring a ton of joy into your life! Known for her soft and gentle demeanor, Sandy possesses the ability to fill any room with calmness and love. Sandy is not just a dog; she's a friend and companion. Her kind and loving nature ensures that she gets along beautifully with both children and other dogs. She is known for her soft, soulful eyes that seem to look straight into your heart. What Sandy would love the most is a family that showers her with the same affection that she effortlessly gives to others. In her new home, Sandy would enjoy a cozy corner to curl up in, a safe garden to explore, and a family that she can love and be loved by. Sandy is just waiting to create numerous wonderful memories with a family who adores her. She promises a lifetime of love and dedication to those who welcome her into their heart.","sandy-6",""
"2019-01-01","Hunter Valley Mid Coast (Maitland/ Muswellbrook/Newcastle/Forster)","956000006671930","Wighton","2026-06-01","MALE","","Hello! My name is Wighton. I was known as Four Five on the racing tracks, but I hung up my racing collar late last year. I'm a courteous fellow, though I may take a little time to open up. Once I'm comfortable, I love to display my energetic zoomies. I've encountered several small dogs and they don't pique my interest much. I'm looking for a home with a backyard where I can have some space to myself from time to time. And, if you could take me on walks, that would be wonderful. I am looking forward to meeting my new human companions, so be sure to hit the 'apply' button when you can.","wighton",""
"2014-07-01","Northern Rivers (Grafton, Lismore, Casino)","956000004096731","Miss Ling","2026-06-01","FEMALE","","Miss Ling is a big snuggle bunny. She is sweet and affectionate and will seek out affection Described as a happy girl she will bring a ray of sunshine to your life and be happy to be by your side through thick and thin. Miss Ling may be on the other side of 9 but she still has a lot of love to share and is looking for the right person to shower her love on","miss-ling",""
"2017-12-01","","956000009568225","Luna","2026-06-01","FEMALE","","Say hello to Luna, a sociable and friendly female dog who is sure to win your heart. Luna's radiant persona lights up every room she enters, and her charming nature has a contagious effect that brightens up everyone around her. Luna's love for people is truly one of her fine characteristics. She adores being in the company of humans and is a strong advocate for endless belly rubs, cuddles, and ear scratches. She thrives off attention and relishes in making every moment delightful for you, and herself of course. Interactive playtime is Luna's favorite! She gets immense joy out of chasing toys, whether it's a game of fetch or squeaky toys that catch her attention. This playful activity helps Luna stimulate her mind and use her attentive nature to the best of her abilities. In a dog community, Luna prefers the companionship of medium to large breed dogs. She blends well with her fellow canine mates, her easygoing nature allowing her to adapt quickly to their play style. This adaptability makes her the perfect addition to a family with a medium to large breed dog. In stepping into Luna's life, be prepared for an overflow of love and memorable moments. Luna is ready to love her new family wholeheartedly, and promises to bring with her a bundle of joy, laughter, and playful adventures.","luna-7",""
"2017-12-01","Northern Rivers (Grafton, Lismore, Casino)","956000009568225","Luna","2026-06-01","FEMALE","","Check out the pretty girl we have for you! You won't regret meeting the gorgeous Luna (former Race Name: Marion's Regret). We're not sure what Marion was regretting because it certainly wouldn't be this perfect lass: ✅ Socialite Luna looooooves people! She seeks out interaction and attention. But she definitely knows how to make you feel appreciated and loved back. ✅ Helpful Luna jumps in the car herself and travels very well - so get ready for some road trips! ✅ Luna the Lady is a lovely house guest: she is very clean in her kennel, doesn't chew her bed, and doesn't bark. ✅ Loopy Luna does commit zoomies and thoroughly enjoys them! ✅ She also loves to chase toys so get your throwing arm ready! ✅ Ever the investigator, Luna is also more than happy to roam the yard and inspect all the news and smells. ✅ Even Lunas need downtime, and she does love nothing more than sitting on her couch on the veranda, surveying her lands and taking in the fresh air and vitamin D. ✅ Great with kids. Luna frequently interacts and is fine with children aged 5+ years. ✅ Good with other dogs: - Luna was a little shy at first when she met a small Italian Greyhound. She had no issues, just a bit standoffish. However she did soon settle and was fine. - Free-ranges in the yard with a male Greyhound housemate. - Regularly interacts with other Greyhounds. - She didn't like when dogs got in her face (I think we can all appreciate a bit of personal space!) but settled and was able to play and interact. - Luna would need very slow, gradual introductions to any new dogs or potential doggie housemates Yes, she does appear to have a massive tongue! This fair-haired maiden turns 6 years old very soon! How convenient - you can throw both a ""Welcome To Your New Home"" AND ""Birthday"" party for her 😉","luna-6",""
"2019-04-01","Northern Rivers (Grafton, Lismore, Casino)","956000006810672","Tori","2026-06-01","FEMALE","","Looking to spruce up your abode? We have some styling tips: Simply add the stunning Tori aka ""Rattlin' Style"" into your house! You'll be all the fashion and talk of the town! This strikingly elegant and beautiful girl has other lovely qualities too: ✅ Very affectionate little lady who thrives on human companionship. ✅ Good with older children: - Tori currently interacts with children aged 6+years old - She is relaxed and calm around older kids. She recognizes their gentle and caring presence, and her natural instincts guide her to be extra gentle and patient. - Tori is the kind of dog who will offer a warm nuzzle or a gentle paw to her young humans, ensuring an unbreakable bond. ✅ Tori is a good, polite girl in her kennel. ✅ This clever lass has an understanding of appropriate conduct and is respectful of boundaries. ✅ Good with Medium-Large breed dogs: - Regularly interacts with other Greyhounds. - Tori interacts best with male Greyhounds. - She would need very slow, gradual introductions to any new dogs. ✅ Tori loves her toys! Watching her play is a joy in itself. Her evident fun and energy is contagious! - so both Tori and you can have a grand old time! Tori will need a fully fenced yard. Tori can sometimes Resource Guard her food, so it is best if she is fed separately and left alone to eat her dins. If having a devoted dame in your life sounds like a pretty picture, then Enquire or Apply to Adopt Tori (Rattlin' Style) to style up your home 😉 She may just improve your life and happiness too!","tori-4",""
"2019-02-01","Northern Rivers (Grafton, Lismore, Casino)","956000009597274","Jeremy","2026-06-01","MALE","","Meet Jeremy – A True Distinguished Gentleman 🐾 Jeremy is a handsome, older gentleman who perfectly embodies the calm and graceful nature of a classic Greyhound. With his gentle manners and relaxed personality, he’s the kind of companion who brings a quiet, comforting presence into any home. He walks beautifully on lead, making outings with him an easy and enjoyable experience. At heart, Jeremy is a laid-back boy who much prefers lounging around and taking life at his own relaxed pace—he’s truly earned his title as a “distinguished gentleman.” Jeremy is very social and gets along well with both small dogs and larger breeds, making him a great addition to a multi-dog household. His easygoing nature also means he settles in nicely and enjoys simply being around his people. If you’re looking for a calm, affectionate companion who is past the busy puppy stage and ready to enjoy the quieter side of life, Jeremy could be the perfect match.","jeremy",""
