"DATEOFBIRTH","LOCATION","MICROCHIPNUMBER","NAME","RECORDEDDATE","SEX","SPECIFICNEEDS","TEXT","URLNAME","WHATWEHAVENOTICED"
"2020-10-01","Western Sydney (Londonderry)","956000011576275","Minnie","2026-04-07","FEMALE","","*Minnie is in a foster care home* Foster update: ""Minnie can be left alone for a couple of hours, we leave her in our enclosed garden. She has mastered the steps. She has met children (my grand son is 11), she is excellent with kids. Minnie has gone to the café, loves walks & has gone to the field when my grandson plays soccer. We have noticed Minnie loves to be in open spaces, loves raw bones & roast chicken. She has an excellent character. She loves car rides, jumps into the car herself, very well toilet trained, does not bark when left alone, sleeps through the night, suits apartment living, loves one walk a day"" ---------- Minnie is a sweet, bubbly girl. Minnie is friendly, affectionate, a tad goofy, and oh so lovable! Minnie is a great blend of silly and calm, being middle aged she's ready to kick off her lounge lizard era, and can't wait to meet you! A home with a yard to perfect her zoomies, and some children to entertain her after school, would be a great fit. She also suits apartment living due to enjoying being indoors, being toilet trained, and happy to sit inside with you. In return Minnie promises to keep everyone upbeat and having fun every day. This gorgeous girl can be adopted at our Western Sydney Adoption Centre.","minnie-8",""
"2022-11-01","Western Sydney (Londonderry)","956000011348690","Clavell","2026-04-07","FEMALE","","Clavell is a gentle, shy girl who has been living as a pet while awaiting her forever home. In this time she has learnt toilet training, sleeps indoors, and has spent time with kids aged 12 and 14. She is low confidence at heart and needs time and patience to feel safe. Clavell is best suited to a calm, experienced home that can give her the time and understanding she needs to build confidence and feel secure. She would love a backyard and a home without loud/excitable kids. Meet Clavell at Western Sydney,","clavell",""
"2020-02-01","Western Sydney (Londonderry)","956000007839382","Carrie","2026-04-07","FEMALE","","Carrie is a sweet, shy girl who needs time to warm up to new humans. She would benefit from a quieter home with a gentle approach to introducing her to all things pet life. Carrie likes the simple things, being outdoors, the sunshine, playing with a ball or sunbaking. She also loves water. Carrie is a gentle, middle-aged girl with a calm, mostly independent nature. She enjoys quietly exploring her surroundings and is happy doing her own thing, making her a great match for someone looking for a laid back, low maintenance type pet. Carrie is polite around other larger dogs and can live with a medium to large dog. She walks beautifully on lead and is generally easy to handle, though she can be shy. Carrie will thrive in a calm, predictable home where she can settle in at her own pace. Meet Carrie at Western Sydney!","carrie-2",""
"2019-10-01","Western Sydney (Londonderry)","956000007851676","Yoko","2026-04-07","FEMALE","","Yoko is a friendly and curious, bubbly greyhound with a sweet, wiggly greeting and a love of human company. She walks well on lead, comes when called, and enjoys meeting new people. In new environments, Yoko can be a little excited at first but settles as she grows more comfortable. She is happy to mingle with other dogs her size and can be rehomed with medium to large dogs. She also loves the water! Yoko is a lovely girl who will thrive in a calm, supportive home where she can have an outlet for fun, games and enrichment, and a family who will support her confident bubbly nature. Meet Yoko at Western Sydney.","yoko",""
"2023-11-01","Northern Rivers (Grafton, Lismore, Casino)","956000017132572","Slim","2026-04-07","MALE","","Meet Slim! Slim is a young greyhound who has decided that the pet life is definitely for him. As a young dog, he will benefit from some ongoing training and guidance, and he is a strong, active boy who will enjoy regular exercise and mental stimulation. Slim has met small dogs and has been polite and friendly in his interactions. He has adorable lopsided ears, which certainly don’t stop him from hearing the crinkle of a biscuit packet or the jingle of a treat pouch. Slim is a real stickybeak who loves to be involved in whatever is happening around him and enjoys being part of the action. With the right home willing to invest time in his training and include him in daily life, Slim will make a fun and rewarding companion.","slim-4",""
"2021-09-01","Western Sydney (Londonderry)","956000007426320","Maddie","2026-04-07","FEMALE","","Little 25kg Maddie is friendly to kids, and has a quiet and gentle personality. She had a docile and shy personality, and would suit a quiet lifestyle to begin her adoption journey. A backyard or townhouse is best suited so she can enjoy some peace and quiet when needed. She is gentle with other dogs his size, and can live alongside respectful children as she has had some exposure to kids before. Maddie is a sweet girl who will thrive as a pet in a calm and understanding home! Meet Maddie at Western Sydney.","maddie-5",""
"2022-09-01","","956000014889796","Jamima","2026-04-07","FEMALE","","Jamima 🖤 Jamima is a sweet, easy-going girl who’s happy doing her own thing while still being close to her people. She has a calm, independent nature and is more than content to potter around, find a comfy spot, and settle in for a good chill. While she enjoys her quiet time, Jamima is also a gentle companion who will happily come over for pats and share those soft, special moments with you. She’s the perfect balance of independent and affectionate never demanding, just quietly lovely to have around. If you’re looking for a low-key, sweet girl who will fit seamlessly into your home, Jamima might just be your perfect match.","jamima",""
"2022-06-01","Western Sydney (Londonderry)","956000011362603","Dom","2026-04-07","MALE","","Meet Dom, an energetic and excitable young man, he will keep you entertained with his antics and happy personality. Whether it's zooming, finding toys and playing with them, exploring the garden or getting cuddles, Dom is all about fun and games. Dom would suit a family with older children who have an active lifestyle. An owner who can walk a stronger dog on the leash would be a great fit as he still has excitable moments on the lead when you first get going, but calms nicely. A backyard is a must for Leo as he is itching to get out and about. He's learnt his name, and also mingles nicely with other dogs his size. If you're looking for a confident, charming boy, meet handsome Dom at Western Sydney,","dom-3",""
"2023-12-01","","956000016781139","Beauty","2026-04-07","FEMALE","","Beauty 🖤 True to her name, Beauty is a gentle, calming soul who will quietly steal your heart. With her cutest floppy ears and soft, loving nature, she’s happiest when she’s by your side soaking up pats and affection. She’s an easy-going girl who doesn’t ask for much, just a comfy spot, kind company, and plenty of cuddles. Whether it’s lounging around the house or enjoying a relaxed day with her humans, Beauty is more than happy to simply hang out and be your loyal companion. If you’re looking for a sweet, affectionate girl with a peaceful presence, Beauty is your perfect match.","beauty-2",""
"2024-03-01","Riverina (Wagga, Temora, Gundagai, Griffith)","956000013235511","Snow","2026-04-07","MALE","","Meet Snow – Your Happy, Gentle Companion! '🐾💙 Snow is a handsome, affectionate young lad who’s ready to bring love and laughter into his forever home. With his easy going nature and friendly personality, Snow quickly wins over everyone he meets. He’s wonderful on the lead, making walks a breeze, and he absolutely adores getting out and about for daily adventures. Snow is especially fond of people and thrives on attention - whether it’s pats, cuddles, being dressed up by the kids or simply being by your side. He’s great with children aged 6–11 and has a gentle, calm demeanor that makes him a lovely family companion. At home, he gets along beautifully with a pet Dachshund and other retired greyhounds. This sweet boy would love to be part of a family lifestyle. He enjoys car rides, tagging along for school pick-ups and going on walks. Snow is happiest when he’s included in everyday moments, soaking up the love and sharing his cheerful spirit.","snow-7",""
"2021-07-01","Western Sydney (Londonderry)","956000007422319","Branch","2026-04-07","MALE","","Are you looking to BRANCH out this Autumn? Meet Branch, our sweet, shy, small animal social greyhound here at GAP HQ. Branch is a quiet, reserved boy who would suit an owner who can nurture a shy greyhound out of their shell. Indoor cats, understanding dogs of any size (small or large) are welcome in Branch's new home! We would love to see Branch go into an experienced greyhound owners' home with a quiet lifestyle and a backyard with secure fencing where he can retreat to and enjoy the peace and quiet away from people when he needs it. A home without young kids is ideal, however experienced teenagers would be suitable. If you are someone who can provide a shy dog the structure, support, and ongoing confidence training that he needs to thrive as a pet, we'd love to hear from you. Meet Branch at Western Sydney!","branch",""
"2021-12-01","Central West (Bathurst/Dubbo/Coonabarabran)","956000012899081","Hanno","2026-04-07","MALE","","Meet Hanno - your gentle giant with the softest soul 💛 Hanno is a big, beautiful boy with an even bigger heart. True to his gentle nature, he absolutely adores people and will happily rest his head on your lap for pats, cuddles, and all the love you can give. He has a sweet, easygoing temperament and is just as happy playing with his toys as he is lounging around and soaking up a quiet moment with you. Whether it’s a little playtime or a lazy afternoon on the couch, Hanno is simply content being by your side. If you’re looking for a calm, affectionate companion Hanno might just be your perfect match 🐾","hanno",""
"2018-12-01","Western Sydney (Londonderry)","956000006675657","Boots","2026-04-07","FEMALE","","Shine your boots and walk on in to our centre to come and meet me and take me home....Hi, my name is Boots and I'm a very sweet girl who would love to find a calm, patient family to help me truly shine. I get a bit nervous sometimes meeting new people but if you show me I can be respected and loved I will be your best friend. I would love to have a chilled out canine buddy who can show me the best things in life and be my guide if I find new things to learn about. I also wouldn't mind living with a cat if we get to know each other slowly. I would be best suited to a home with a yard but I might also like an apartment as long as my home environment is quiet and calm. I don't mind having alone time but would appreciate someone willing to work up to leaving me alone for a long time. If you think you might be the special person to take me on my new adventure, I'd sure love to meet you! Available at Londonderry, at Western Sydney.","boots-4",""
"2022-01-01","Northern Rivers (Grafton, Lismore, Casino)","956000007425168","Jetta","2026-04-07","FEMALE","","Jetta is a happy, affectionate girl who would make a wonderful addition to almost any home. She thrives on human companionship and absolutely loves being around people, always ready to share her cheerful energy and cuddly nature. As long as she gets her regular walks and daily exercise, Jetta adapts well to different living environments. Whether it’s a busy household or a quieter space, she brings warmth, joy, and a loving presence wherever she goes. With her friendly personality and bright spirit, Jetta is sure to win hearts and become a loyal, loving companion.","jetta-1",""
"2022-01-01","Hunter Valley Mid Coast (Maitland/ Muswellbrook/Newcastle/Forster)","956000007468142","Archie","2026-04-07","MALE","","🐾 Meet Archie Archie is a confident and curious greyhound who enjoys getting out and exploring the world around him. On walks, he is easy to handle, happily moving along at a relaxed pace while taking in all the sights and smells. He’s a friendly boy who will say hello and enjoys attention, though he’s just as content following his nose and exploring his surroundings. Archie has a more independent nature, making him a great match for someone who appreciates a dog that enjoys both company and doing his own thing. Archie travels calmly and has shown himself to be relaxed in new environments, taking everything in stride. Archie would be best suited to a home without small dogs or cats, where he can feel comfortable and focus on his walks and daily routine. If you’re looking for a laid-back, independent greyhound who enjoys exploring and living life at his own pace, Archie could be a great addition to your home.","archie-15",""
"2022-11-01","Hunter Valley Mid Coast (Maitland/ Muswellbrook/Newcastle/Forster)","956000015030611","Elvis","2026-04-07","MALE","","🐾 Meet Elvis Elvis is a happy, confident greyhound who brings a fun and enthusiastic energy to everything he does. He enjoys getting out and about, approaching the world with curiosity and excitement, always keen to explore what’s around him. On walks, Elvis can be strong on lead at times, especially when something catches his interest, but he settles into the outing and enjoys a good wander. He’s an engaging companion who likes to be part of the action and see what’s going on. Elvis is very people-friendly and loves affection. He’ll happily come up for pats, wagging his tail and staying close to soak up the attention. He’s also been around children and has shown a positive, social nature. He travels calmly and is comfortable in new environments, taking things in stride while still enjoying the excitement of getting out and about. Elvis would benefit from a home that can continue to guide him on lead and support his enthusiasm. Elvis would be best suited to a home without small dogs or cats, where he can comfortably enjoy his surroundings and focus on his adventures. If you’re looking for a fun, affectionate greyhound who enjoys being out and about and loves a good cuddle, Elvis could be a great match.","elvis-4",""
"2022-02-01","Hunter Valley Mid Coast (Maitland/ Muswellbrook/Newcastle/Forster)","956000007428674","Brax","2026-04-07","MALE","","🐾 Meet Brax Brax is a friendly and confident greyhound with a happy, engaging personality. On walks, he moves with a relaxed, sniff-and-explore style, wagging his tail and showing curiosity about the world around him. He walks well on lead with no pulling, making walks enjoyable for both him and his person. He loves spending time with people, happily coming up for pats and engaging with a wagging tail. Brax has experience around children and is comfortable inside a home environment, showing himself to be calm and relaxed. He is calm in the car and adjusts well to new environments, showing a low-stress, easy-going nature. If you’re looking for a confident, affectionate greyhound who enjoys walks, exploration, and plenty of pats, Brax could be a wonderful addition to your home.","brax-1",""
"2022-08-01","Hunter Valley Mid Coast (Maitland/ Muswellbrook/Newcastle/Forster)","956000015735347","Hog","2026-04-07","MALE","","🐾 Meet Hog Hog is a confident and friendly young greyhound with a curious and playful nature. On walks, he may start off a little strong with excitement, but he quickly settles into a happy, relaxed pace, happily sniffing and exploring his surroundings. He enjoys human company and is affectionate, happy to receive pats and attention while maintaining his easy-going personality. Hog has started learning to move around indoors and has been exposed to children, showing a positive, adaptable temperament. He is relaxed around small dogs, happily going about his own business. Hog is calm in the car and comfortable in new environments, showing a low-stress, confident attitude. If you’re looking for a playful yet relaxed greyhound who enjoys exploration, pats, and spending time with people, Hog could be a wonderful companion.","hog-2",""
"2021-06-01","Hunter Valley Mid Coast (Maitland/ Muswellbrook/Newcastle/Forster)","956000014517629","Jaynee","2026-04-07","FEMALE","","🐾 Meet Jaynee Jaynee is a friendly and relaxed greyhound who enjoys exploring her surroundings at a gentle, happy pace. On walks, she happily sniffs and investigates while staying calm and easy to manage. She loves spending time with people, coming up for pats and wagging her tail as she soaks up attention. Jaynee is content to stay close for affection, making her a sweet and sociable companion. She has shown herself to be calm and easy-going around small dogs, happily going about her own business. Jaynee is also comfortable in the car and adapts well to new environments, showing a steady, relaxed nature. If you’re looking for a gentle, affectionate greyhound who enjoys both quiet exploration and plenty of cuddles, Jaynee could be a wonderful addition to your home.","jaynee",""
"2018-10-01","Hunter Valley Mid Coast (Maitland/ Muswellbrook/Newcastle/Forster)","956000006354897","Minty","2026-04-07","FEMALE","","🐾 Meet Minty Minty is a friendly and confident greyhound who enjoys exploring the world at her own pace. On walks, she’s curious and happy to sniff around, sometimes showing a little extra enthusiasm for interesting smells, but she’s always manageable and enjoys taking it all in. She’s very people-oriented and loves attention, happily soaking up pats and affection. Minty has also spent time around children and shows a relaxed attitude towards small dogs, showing herself to be relaxed and gentle. Calm in the car and comfortable in new environments, Minty is a steady, easy-going companion who enjoys both exploration and quiet moments. If you’re looking for a gentle, affectionate greyhound who enjoys walks, sniffing adventures, and plenty of cuddles, Minty could be a perfect addition to your home.","minty",""
"2018-01-01","Hunter Valley Mid Coast (Maitland/ Muswellbrook/Newcastle/Forster)","956000009480128","Cutie","2026-04-07","FEMALE","","🐾 Meet Cutie Cutie is a cheerful and confident lady who brings a lot of joy wherever she goes. She loves leading the way on walks, sniffing and exploring her surroundings with excitement and a wagging tail. She’s very friendly and enjoys spending time with people, happily soaking up pats and attention. Cutie has experience around children and has shown herself to be calm and happy in their company. She travels well and adjusts easily to new environments, showing a relaxed and happy nature. If you’re looking for a friendly, outgoing greyhound who loves to explore and enjoys lots of cuddles, Cutie could be a wonderful companion.","cutie-1",""
"2021-10-01","Hunter Valley Mid Coast (Maitland/ Muswellbrook/Newcastle/Forster)","956000013033190","Anna","2026-04-07","FEMALE","","🐾 Meet Anna Anna is a gentle and calm greyhound who enjoys life at an easy pace. On walks, she is well-mannered with no pulling, happily taking her time to explore her surroundings in a relaxed and curious way. She is very friendly and enjoys affection, happily coming up for pats and quietly soaking up attention. Anna is relaxed around small dogs and happily goes about her own business, enjoying her walks and exploring at her own pace. Anna is calm in new environments and travels well, showing a steady, easy-going nature that makes her a lovely companion. If you’re looking for a gentle, affectionate greyhound who enjoys quiet exploration and plenty of cuddles, Anna could be a wonderful addition to your home.","anna-11",""
"2021-10-01","Hunter Valley Mid Coast (Maitland/ Muswellbrook/Newcastle/Forster)","956000013025440","Rhino","2026-04-07","MALE","","🐾 Meet Rhino Rhino is a confident and independent greyhound with a calm, relaxed demeanour. On walks, he enjoys exploring at his own pace and can be a little strong on lead, showing his enthusiasm for new sights and smells. He approaches the world with curiosity, sniffing and investigating everything around him with quiet confidence. Rhino is an independent thinker who loves to explore and take in his surroundings. He enjoys pats and attention when it’s offered, and is happiest when allowed to discover the world at his own pace. Rhino is a calm and easy-going companion who adjusts well to new environments. He’s happy to share space with small dogs, giving them plenty of room while he goes about his own relaxed explorations. If you’re looking for an independent, confident greyhound who enjoys gentle walks, quiet exploration, and a relaxed lifestyle, Rhino could be a great companion to share your home and adventures with.","rhino-1",""
"2021-05-01","Hunter Valley Mid Coast (Maitland/ Muswellbrook/Newcastle/Forster)","956000011704679","Murray","2026-04-07","MALE","","🐾 Meet Murray Murray is a calm and easy-going greyhound with a gentle, friendly nature. He walks nicely on lead without pulling, happy to take his time having a sniff and quietly exploring his surroundings. He approaches life in a relaxed way, showing a steady confidence in new environments and taking things as they come. Around people, Murray is warm and approachable, he’s happy to come over for a pat and enjoys affection without being over the top. Murray travels calmly and has shown himself to be low-stress and settled in different situations so far. He has also shown positive, relaxed behaviour around small dogs. Murray may suit a range of homes, particularly those looking for a laid-back and gentle companion. He would enjoy regular walks, a comfortable place to rest, and plenty of pats and quiet company. If you’re after a relaxed, friendly greyhound who enjoys a simple life of strolls, naps, and affection, Murray could be a lovely addition to the right home.","murray-1",""
"2022-11-01","Hunter Valley Mid Coast (Maitland/ Muswellbrook/Newcastle/Forster)","956000014910524","Happy","2026-04-07","FEMALE","","🐾 Meet Happy Happy is a bright, energetic girl who truly lives up to her name. She approaches life with enthusiasm, bouncing into new environments with confidence, curiosity, and a wagging tail. On walks, she’s active and playful without being a strong puller, enjoying a good explore while keeping things fun and engaging. She’s very people-oriented and loves attention, Happy will happily come up for pats and soak up all the affection on offer. Her cheerful, affectionate nature makes her a lovely companion for someone who enjoys a dog with a bit of personality and spark. Happy travels well and has shown low stress in new situations, taking everything in stride with her upbeat attitude. She would suit a home that can match her energy and continue to guide her as she settles into a routine. Happy would be best suited to a home without small animals, including small dogs, cats, or birds. If you’re looking for a fun, affectionate greyhound who brings a bit of bounce to your day and plenty of love to your home, Happy could be a great match.","happy-7",""
"2021-11-01","Hunter Valley Mid Coast (Maitland/ Muswellbrook/Newcastle/Forster)","956000011646280","Butters","2026-04-07","MALE","","🐾 Meet Butters Butters is a happy, confident greyhound who brings a lovely mix of curiosity and affection to everything he does. On walks, he enjoys a bit of a zig-zag adventure, taking in all the interesting smells around him, but he’s also great at checking back in with his handler, making him both engaging and easy to walk. He approaches the world with a relaxed confidence, happily exploring new environments with a wagging tail and an upbeat attitude. Around people, Butters is just as charming, he’ll come over for a pat and is more than content to stay close, soaking up all the attention. He’s the kind of dog who genuinely enjoys company and will make the most of any affection on offer. Butters travels calmly and has shown himself to be settled and low-stress in different situations so far. He may suit a variety of homes, especially those looking for a friendly, interactive companion who enjoys both exploring and relaxing. If you’re after a cheerful, affectionate greyhound who loves a good wander followed by plenty of pats, Butters could be a wonderful match.","butters-2",""
"2021-05-01","Riverina (Wagga, Temora, Gundagai, Griffith)","956000012866944","Freya","2026-04-07","FEMALE","","Meet Freya 💛 Freya is a happy-go-lucky girl with a lovely, placid nature. She absolutely loves people and greets everyone with a wagging tail and a warm, gentle presence that instantly makes you feel at ease. This sweet girl is quiet and affectionate, happiest when she’s by your side - whether that’s enjoying a leisurely walk or simply relaxing together at home. Freya walks beautifully on lead, staying close and calmly taking in the world around her. Freya gets along well with small dogs (she’s spent time with the family Mini Groodle and Kelpie cross) and is wonderful with children aged 7 and up. Her placid temperament and easy-care nature make her a joy to have around. If you’re looking for a gentle, loving companion or a loyal family pet, Freya could be the perfect match. She’s ready to bring warmth, calm, and plenty of tail wags into her forever home. 🐾","freya-3",""
"2021-06-01","Western Sydney (Londonderry)","956000007469041","Zena","2026-04-07","FEMALE","","*Zena has just gone to foster with a Borzoi in an apartment - update below!* ""Zena is still anxious around unknown people and in new situations. We have brought her along to various football matches without problem, but she needs a little time to observe from a distance before going closer. The same applies to new situations. She gets on well with our dog and we haven't seen any problematic behaviour around other dogs. Zena is very playful and has started to pick up toys, although she doesn't quite know what to do with them once she's picked them up. She has managed to play tug-of-war with our dog a couple of times and they generally play well together. Overall, Zena is a very affectionate little dog (once she knows and trusts you) that would make a lovely pet, but perhaps in a quieter household."" ----------- Zena is a happy, friendly girl, who would suit a nurturing, calm household to really thrive into the cheeky, confident girl we've seen here at the adoption centre! She can take a little time to adapt and feel comfortable in new environments and requires understanding pawrents willing to take new things slow. A home without kids would support her confidence the best. Zena socialises well with other dogs around her size and she doesn't mind if it's dog or human, but she would love some company during the day. Zena's favourite activity is settling down in a cozy area while enjoying a Kong or a food puzzle, since treats are her favourite thing! She is phenomenal with her training here at GAP HQ - she has learned how to navigate stairs, responds to her name, knows ""down"", ""touch"" a hand target, ""shake"" and even ""sit"" which is a tricky one for most greyhounds! What a clever girl! Zena is available at the Western Sydney adoption centre so let us know if you are interested in taking her home!","zena-1",""
"2023-06-01","Riverina (Wagga, Temora, Gundagai, Griffith)","956000014886306","Custard","2026-04-07","MALE","","Meet Custard! 💛 Custard is a beautiful friendly boy, the colour of creamy custard and just as delicious! He's a smart cookie who can get the backdoor open and work his way inside and onto the sofa, and especially loves riding around in the Winnebago! King of the road! He is outgoing and very affectionate, adoring the company of his people. He'll greet you with excitement and a wagging tail, making you feel loved every day. He enjoys the company of the grandchildren from 6 months to 12 years old, socializing with other greys, and lying in the back yard with the pet fox terriers, basking in the sun. Custard is well-behaved on street walks and easy to manage on lead once he has got over his excitement of seeing you. He'll happily settle by your side calmly and be a loyal companion or family pet. He loves a bath and is also comfortable around aviary birds in the backyard. This lovable boy would be a perfect fit for an active couple or a family with older kids/grandkids and happily cohabit with other dogs. Mr. Custard is all smiles & a bit of a character, guaranteed to bring you plenty of joy. 🥰🐾","custard-1",""
"2020-09-01","New England","956000011719419","Libby","2026-04-07","FEMALE","","Libby is a gorgeous girl with a playful spirit and the sweetest nature. She loves having fun, whether that’s zooming around the yard or sharing gentle moments with her people. Libby is especially comfortable around other medium to large dogs and enjoys their company, making her a great match for a home with larger canine friends. True to her cheerful personality, Libby has a cheeky habit of jumping up when she gets excited, it’s her way of saying hello and showing how happy she is to see you. With a little guidance, this enthusiasm will easily turn into beautifully polite greetings. Affectionate, lively, and full of charm, Libby is sure to bring laughter, love, and plenty of tail wags to her forever home.","libby-1",""
"2021-11-01","Western Sydney (Londonderry)","956000007428081","Dakota","2026-04-07","FEMALE","","Dakota is so beautiful and charismatic, we know she will steal your heart as soon as you meet her! Dakota recently had a weekend vacation at a staff member's home and she was the perfect houseguest! She was confident and resilient learning a new place and routine, she was excellent with toileting and slept soundly through the night with no issues! She spent few hours alone indoors and just snoozed away until the humans returned - what a good girl! Dakota is on the active side for a greyhound and she really enjoyed longer walks where she got to do lots of sniffing on the longline. She also loves a good play with toys and enrichment activities throughout the day and would be well suited for someone looking for a fun-loving companion confident enough to join them on their social outings. Apartments/units are suitable as long as you are willing to spend some quality play/walk time with her daily. Older kids are suitable and would enjoy her goofy nature! Dakota is friendly and sociable with other medium-large size dogs and greets and plays with them nicely. She loves her food and is highly trainable, having already mastered longline recall, ""down"" and ""off"". This outgoing girl can't wait to join you on all your adventures! Apply online to add Dakota to your family.","dakota-2",""
"2021-08-01","Western Sydney (Londonderry)","956000011552657","Jimmothy","2026-04-07","MALE","","Goofy little Jimmothy will steal your heart and never give it back! “I’ve just starred in foster care and now I’m looking for my special home!” ✨ Jimmothy is suitable for full-time workers and was content in foster living in an apartment, where his family was away from 7am to 4pm. He stayed indoors during the day and has shown he can settle beautifully, with perfect toilet training—making him a great fit for apartment living and busy households. His fosters say he is ‘fantastic alone’ and gets so excited when you get home! Jimmothy is a super funny and adorable guy who will have you in stitches 24/7! He enjoys a spontaneous zoomie and gives the best cuddles in the world! As soon as you sit on the floor or the couch, he is right there next to you laying on your lap asking for pats. He loves other dogs, big and small, and would gladly join a family with other dogs in the picture. He loves being indoors but would also enjoy a small courtyard or backyard to stretch his legs and toss his toys around. Respectful kids who can give him his chill time will adore his cuddly, playful nature. Jimmothy truly is one-of-a-kind and we know he is going to bring you joy every day! Submit an application to meet our special boy, Jimmothy!","jimmothy",""
"2022-06-01","Northern Rivers (Grafton, Lismore, Casino)","956000014888501","Bear","2026-04-07","MALE","","Bear is a gorgeous greyhound with a big heart and an even bigger love of life. He absolutely loves riding in the car and is always happy to head out for an adventure. Toys are another favourite — Bear enjoys playtime and will happily entertain himself or invite you to join in. Bear can be a little shy when he first meets new people, but once he feels comfortable, his true personality shines through. When he gets to know you, Bear will quickly become a loyal and affectionate best friend. He’s an active boy who enjoys playing, which means he’s best suited to living with medium to large dogs only, with a good introduction. He can be a bit too enthusiastic for small dogs as he just wants to play and interact. Despite his playful energy, Bear is good with polite children who understand how to give dogs space and respect their boundaries. Bear is looking for a home that will give him time to settle, enjoy his playful side, and include him as part of the family. With patience, love, and a few toys, Bear will reward you with endless loyalty and companionship.","bear-20",""
"2022-06-01","Northern Rivers (Grafton, Lismore, Casino)","956000014886527","Hunter","2026-04-07","MALE","","🐾 Meet Hunter 🐾 Hunter is a lovely, easy‑going greyhound who is ready to find his forever home. He has been well socialised with children as young as 2 years old and would suit a home with polite, dog‑savvy kids who understand how to interact respectfully with dogs. Hunter loves getting out and about and enjoys his daily walks. He walks nicely on lead and is inquisitive without being overwhelming, making him a pleasure to handle. He also has a fun side — especially when water is involved — and happily splashes around whenever he gets the chance! He gets along well with other dogs and would be happy living with a canine companion or as an only dog with regular social interaction. Overall, Hunter is an adaptable, relaxed, and friendly boy who will settle easily into a range of home environments. Hunter is looking for a home where he can enjoy his walks, spend time with his people, and be included as part of the family.","hunter-10",""
"2023-08-01","Southern NSW/ACT (Bulli, Nowra, Goulburn, Canberra)","956000015756221","Scout","2026-04-07","FEMALE","","This beautiful girl is great company, she is gentle and affectionate, comes when called and easy to walk on the lead. She is a very relaxed girl who has had inside experience.","scout-4",""
"2023-08-01","Southern NSW/ACT (Bulli, Nowra, Goulburn, Canberra)","956000015739744","Buddy","2026-04-07","MALE","","Buddy is a good boy, he is happy while your out and is social and confident. He has grown up around domestic farm animals, he has been around the young pups and has seen the local native animals that come past.","buddy-17",""
"2020-12-01","Mid North Coast","956000011585254","Primero","2026-04-07","MALE","","Meet Primero, a kind greyhound with a laid-back and easygoing nature. He’s the kind of dog who enjoys life at his own pace, whether that’s chilling in the yard, settling in the car for a ride, or soaking up a gentle pat from a human friend. Primero is affectionate and confident—he happily comes over for attention and responds with calm, friendly energy. He also travels well ready to explore new places with his people. This kind-hearted boy would thrive in a home where he can enjoy companionship, gentle walks, and lots of love from humans who appreciate a dog with a steady, friendly nature.","primero",""
"2022-09-01","Mid North Coast","956000015733132","Henry","2026-04-07","MALE","","Meet Henry, a charming greyhound full of playful personality. Henry is a confident and happy boy who loves to explore and play wherever he goes. On the lead, he can be strong at first, but he quickly settles and walks nicely once he finds his rhythm. He enjoys car rides and is happy to travel to new adventures, though he can bark if things pass close to the car, he just wants to make sure everyone is safe! Henry is incredibly friendly and super excited to meet new people. He adores attention and loves to engage, making him a perfect companion for a family who enjoys an active, playful friend. He’s used to being around children and has been a happy, gentle playmate, sharing his joyful energy without hesitation. Henry is a confident, social, and affectionate boy ready to join a loving home. He thrives on human companionship and is looking for a family to play with, cuddle with, and bring endless smiles to every day. Henry is ready to bring his playful spirit, wagging tail, and happy heart to his forever family, filling their lives with fun, laughter, and love.","henry-10",""
"2019-12-01","Mid North Coast","956000012227696","Blondie","2026-04-07","FEMALE","","Meet Blondie, a sweet greyhound with a gentle and affectionate personality. Blondie is a calm and friendly girl who enjoys exploring her surroundings at her own pace. She can be a little strong on the lead at first but settles quickly and walks nicely once comfortable. She travels well in the car and is happy to relax on the way to new adventures. Blondie absolutely adores people and is always ready to come over for a pat, soaking up all the attention she can get. She is wonderful with kids, happy to share her love and affection with the whole family. Blondie has been around cats at home, and is friendly with all dogs big and small, she enjoys a polite hello and quickly settles. She would love a canine friend to share her adventures with. With her calm, affectionate nature and friendly, social personality, Blondie is ready to step into a loving home and bring joy to her new family every day.","blondie-4",""
"2020-12-01","Hunter Valley Mid Coast (Maitland/ Muswellbrook/Newcastle/Forster)","956000007442925","Digger","2026-04-07","MALE","","Meet Digger, a playful and confident 5-year-old greyhound who loves being part of the action. Digger is an energetic and friendly boy who enjoys exploring his surroundings and having fun while staying responsive and easy to manage. He’s confident, playful, and happy to come when called. He’s affectionate and loves a pat, often seeking out attention from his humans. On lead, Digger is excitable but controllable, making walks enjoyable for those who like a happy, lively companion. He travels well in the car and is relaxed during outings. Digger gets along well with other greyhounds and has been exposed to small dogs on his property, showing no interest in them. With his confident, playful nature and love for pats, Digger is ready to join a loving home and bring joy every day.","digger-5",""
"2021-01-01","Hunter Valley Mid Coast (Maitland/ Muswellbrook/Newcastle/Forster)","956000007469216","Dixon","2026-04-07","MALE","","Meet Dixon, a sweet black greyhound with a calm and gentle personality. Dixon is a relaxed and easygoing boy who enjoys exploring his surroundings at his own pace. He’s confident but calm, taking new environments in stride and happy to sniff around while staying composed. He’s affectionate and approachable, happily coming over when called and enjoying quiet attention. Dixon gets along well with other greyhounds and shows no interest in small dogs, preferring to keep his own space. On lead, Dixon is well-mannered and relaxed, making walks enjoyable. He also travels calmly in the car. Dixon would thrive in a home where he can enjoy a calm, stable environment, with people who appreciate his gentle and easygoing nature.","dixon",""
"2021-01-01","Hunter Valley Mid Coast (Maitland/ Muswellbrook/Newcastle/Forster)","956000011710750","Duke","2026-04-07","MALE","","Meet Duke, a stand out greyhound with a laid-back personality and a heart of gold. Duke is the definition of an easygoing companion. Often described as a bit of a “dude,” he takes life in stride with a relaxed, happy attitude. He enjoys having a sniff and a wander but is just as content to cruise along and take things slow. He’s friendly and approachable, happily coming up for pats and enjoying quiet affection. Duke has a calm, gentle presence that makes him a lovely dog to have around the home. On lead, Duke is relaxed and easy to handle, walking along without fuss. He travels well and remains calm in the car, making outings simple and stress-free. Duke is social with other greyhounds and truly stands out for his incredibly calm nature around small dogs, making him a great candidate for homes with smaller canine companions. If you’re looking for a chilled, low-maintenance companion with a sweet and gentle nature, Duke could be your perfect match.","duke-13",""
"2019-01-01","Hunter Valley Mid Coast (Maitland/ Muswellbrook/Newcastle/Forster)","956000006794248","Cracker","2026-04-07","MALE","","Meet Cracker, a handsome 7-year-old greyhound with a big personality and a love for people. Cracker is a confident and cheerful boy who enjoys getting out and about, happily exploring his surroundings with a wagging tail and a bouncy, upbeat attitude. He brings a fun energy to his walks and loves being part of the action. He’s incredibly people-focused and engaging, often approaching for pats and happily sticking around to soak up the attention. Cracker thrives on interaction and would make a wonderful companion for someone who enjoys a social and affectionate dog. Cracker walks well on lead and travels nicely in the car, making him an easy addition to day-to-day life. He’s confident in new environments and takes everything in stride. He gets along well with other big dogs and has previously been around small dogs in a home environment. However, he can become very overexcited, so he would be best suited to a home without small pets where he can remain calm and comfortable. If you’re looking for a confident, affectionate, and fun-loving companion who will keep you company and bring a bit of joy to your day, Cracker could be the perfect match.","cracker-1",""
"2022-01-01","Hunter Valley Mid Coast (Maitland/ Muswellbrook/Newcastle/Forster)","956000007374639","Frankie","2026-04-07","MALE","","Meet Frankie, a fun-loving greyhound with a happy personality and a playful spark. Frankie is a confident and easygoing boy who enjoys exploring his surroundings, happily sniffing and taking everything in. While he’s generally calm and relaxed, he also has a playful side and loves the occasional burst of zoomies, adding a bit of joy and energy to his day. He’s a friendly and approachable dog who will come over with a wagging tail to say hello and enjoy a pat. Frankie has a lovely nature and strikes a great balance between being affectionate and independent. On lead, Frankie is confident and responsive, walking nicely without pulling and happy to slip straight into a walk. He travels well and remains calm in the car, making him an easy companion for outings. Frankie gets along well with other greyhounds and shows calm, friendly behaviour around small dogs. If you’re looking for a cheerful, well-mannered companion with a playful streak and a friendly nature, Frankie could be the perfect addition to your home.","frankie-16",""
"2020-12-01","Hunter Valley Mid Coast (Maitland/ Muswellbrook/Newcastle/Forster)","956000007455038","Dave","2026-04-07","MALE","","Meet Dave, a handsome greyhound with a confident nature and a friendly, easygoing personality. Dave is a relaxed and happy boy who enjoys getting out and about, exploring his surroundings with a wagging tail and curious nose. He takes new environments in his stride and brings a calm confidence to everything he does. He’s an affectionate companion who will happily come over for pats and enjoys spending time with his people. Dave has a lovely balance of independence and friendliness, making him an easy dog to have around. On lead, Dave is confident and can be strong at times, but he responds well to guidance and settles nicely with consistent handling. He travels well and is relaxed in the car, making him a great companion for outings and adventures. Dave has great social skills and gets along well with other big dogs. He has also lived with small dogs and showed calm, friendly behaviour during assessment, making him a fantastic option for homes with smaller canine companions. If you’re looking for a confident, friendly, and well-rounded companion who will enjoy both exploring the world and relaxing by your side, Dave could be the perfect match.","dave-6",""
"2020-07-01","Hunter Valley Mid Coast (Maitland/ Muswellbrook/Newcastle/Forster)","956000007375081","Cleo","2026-04-07","FEMALE","","Meet Cleo, a happy personality and a love for exploring the world around her. Cleo is a cheerful and curious girl who enjoys getting out and about, happily sniffing, exploring, and taking everything in with an enthusiastic wagging tail. She has a fun, bouncy energy and brings a sense of joy to her surroundings. On lead, Cleo is a pleasure to walk. She is relaxed, easy to handle, and walks nicely with a loose lead, making daily outings enjoyable and stress-free. She also travels well and remains calm in the car. Cleo is friendly with people and will come over for pats, enjoying attention and companionship. Cleo is ideally suited to a home with similarly sized dogs or as a solo companion. If you’re looking for a happy, active companion who enjoys her walks and brings a bit of bounce and curiosity to your day, Cleo could be the perfect match.","cleo-5",""
"2022-06-01","Hunter Valley Mid Coast (Maitland/ Muswellbrook/Newcastle/Forster)","956000011363215","Holly","2026-04-07","FEMALE","","Meet Holly, a beautiful 3.5-year-old greyhound with a bright, happy personality and a love for life. Holly is a confident and cheerful girl who approaches everything with enthusiasm. She loves to explore her surroundings, happily sniffing and taking it all in, while remaining calm and self-assured in new environments. She is incredibly people-focused and full of joy, when you call her name, she’ll come bounding over with a wagging tail, ready for pats and attention. Her affectionate and playful nature makes her a wonderful companion for someone looking for a loving and interactive dog. Holly walks well on lead with a confident, happy attitude and travels beautifully, even hopping into the car on her own. She’s an easy dog to take along on outings and will happily join in whatever you’re doing. She gets along well with other greyhounds and shows curiosity in small dogs. If you’re looking for a fun, affectionate, and confident companion who will greet you with excitement and brighten your day, Holly could be the perfect match.","holly-6",""
"2022-03-01","Mid North Coast","956000014808463","Albert","2026-04-07","MALE","","Meet Albert, a gentle and people-loving greyhound who is ready to settle into a relaxed home life. Albert has already had a taste of home living and absolutely thrives in it. He enjoys trips to the beach, loves a splash in the water, and is happiest when he’s close to his people. Affection is his favourite thing, he’ll happily come over for pats, respond to his name, and stay nearby to soak up all the attention he can get. He is a calm and easygoing boy who travels well and walks beautifully on lead without pulling. In new environments, Albert is relaxed and confident, enjoying a quiet explore but always happiest when he can check back in with his humans. Albert gets along well with other greyhounds and shows good general manners. He can be unsure around small dogs, particularly if they enter his personal space. He would be best in a home where he gets to soak up all the attention. If you’re looking for a loyal, affectionate companion who will stick by your side, join you on outings, and happily relax with you at home, Albert could be the perfect match.","albert-3",""
"2020-03-01","Hunter Valley Mid Coast (Maitland/ Muswellbrook/Newcastle/Forster)","956000007830890","Blondie","2026-04-07","FEMALE","","Meet Blondie, a 6-year-old greyhound with a confident, affectionate, and easygoing personality. Blondie is a friendly and curious girl who loves to explore her surroundings at a relaxed pace. She confidently sniffs and investigates her environment while staying calm and happy, making her a joy to have around. She is affectionate with people, approaching with a wagging tail and happily asking for pats. On lead, Blondie is confident and easy to manage, though she can be strong at times. Blondie has excellent manners with other greyhounds and is friendly toward small dogs. She is ready to find a loving home where she can enjoy companionship, walks, and lots of pats. If you’re looking for a confident, friendly, and affectionate companion who will happily explore with you and enjoys attention, Blondie could be your perfect match.","blondie-3",""
"2021-05-01","Hunter Valley Mid Coast (Maitland/ Muswellbrook/Newcastle/Forster)","956000007451190","Wyatt","2026-04-07","MALE","","Meet Wyatt, a 4-year-old greyhound with a calm, affectionate, and easygoing personality. Wyatt is a relaxed and gentle companion who enjoys life at a leisurely pace. He loves to curl up on the couch and snuggle with his people, making him the perfect companion for quiet moments at home. He’s also happy to explore his surroundings at a calm pace, sniffing and taking in the world with curiosity. On lead, Wyatt is a dream, gentle, relaxed, and easy to walk, with no pulling or pressure. He travels well, so outings are always stress-free. Wyatt is a people-lover who will happily come over for pats and enjoys spending time close to his people. He shows a calm and friendly manners with other dogs, including small dogs. If you’re looking for a gentle, affectionate, and calm companion who will happily snuggle on the couch or join you on relaxed adventures, Wyatt could be your perfect match.","wyatt-2",""
"2020-03-01","Hunter Valley Mid Coast (Maitland/ Muswellbrook/Newcastle/Forster)","956000007838245","Jack","2026-04-07","MALE","","Meet Jack who raced as Sugar Jack, a charming 6-year-old greyhound with a gentle nature and a heart full of affection. Jack is a confident and relaxed boy who takes everything in his stride. Whether he’s out exploring or simply enjoying a stroll, he moves through the world with calm curiosity, happy to sniff, wander, and check in with his people along the way. He’s a lovely companion on lead, walking beautifully with a loose lead and no pulling, making him an easy addition to daily life. Jack also travels in the vehicle well, so he’s ready to join you on all your outings. Jack is a people-lover at heart. He will happily approach and ask for pats and, once he’s getting attention, he’s more than content to stay and soak it all up. His friendly, easygoing personality makes him a joy to spend time with. He shows great manners around other dogs, including small dogs, greeting them with a wagging tail and calm demeanour. Jack does have a little quirk, a half tail, which only adds to his unique charm and character. If you’re looking for a calm, affectionate, and well-mannered companion who will happily share both adventures and quiet moments, Jack could be your perfect match.","jack-39",""
"2022-09-01","Hunter Valley Mid Coast (Maitland/ Muswellbrook/Newcastle/Forster)","956000014689324","Sean","2026-04-07","MALE","","Meet Sean, a handsome 3.5-year-old greyhound with a calm, confident nature and a quietly affectionate personality. Sean is an easygoing boy who enjoys exploring his surroundings at a relaxed pace. He’s confident in new environments and takes everything in stride, happily sniffing and observing the world around him without becoming overwhelmed. While he may not be overly demanding of attention, Sean will happily come up for a pat and enjoys gentle affection. He has a lovely, independent streak balanced with a sweet, approachable nature. On lead, Sean can be a little eager at first, but he settles quickly and walks along nicely once he’s into the rhythm. He travels well and remains calm, making him a good companion for everyday life. Sean is relaxed around both large and small dogs and is happy to quietly go about his own business. If you’re looking for a relaxed, low-maintenance companion with a gentle nature and a quiet confidence, Sean could be the perfect addition to your home.","sean",""
"2021-02-01","Hunter Valley Mid Coast (Maitland/ Muswellbrook/Newcastle/Forster)","956000007377376","Corby","2026-04-07","MALE","","Meet Corby, a handsome 5-year-old greyhound with a friendly nature and an easygoing charm. Corby is a relaxed and confident boy who takes life in stride. Whether he’s out exploring or simply enjoying a quiet moment, he approaches everything with calm curiosity, happy to sniff, look around, and take in the world at his own pace. He absolutely loves people and is always ready to greet you with a wagging tail and a friendly demeanour. Corby enjoys affection all over making him a lovely companion both at home and out and about. On lead, Corby is a pleasure to walk. He moves along nicely without pulling, making daily walks enjoyable and stress-free. He also travels well and remains calm, so he’ll fit easily into a variety of lifestyles. Corby is social and well-mannered with other dogs, including small dogs, showing calm and friendly behaviour with gentle interest. If you’re looking for a calm, affectionate, and well-rounded companion who will slot effortlessly into your life, Corby could be the perfect match.","corby",""
"2020-11-01","Southern NSW/ACT (Bulli, Nowra, Goulburn, Canberra)","956000011781303","Johnny","2026-04-07","MALE","","This boy is inquisitive and affectionate, great with young kids and social with other hounds. Lives around farm animals and wasn't bothered by the cat living on the property.","johnny-10",""
"2021-03-01","Southern NSW/ACT (Bulli, Nowra, Goulburn, Canberra)","956000012255810","Alpha","2026-04-07","MALE","","This stunning lad is great on the lead, good on his own and around kids daily. He has been around farm animals and is very social with the other hounds on the property.","alpha",""
"2021-12-01","Southern NSW/ACT (Bulli, Nowra, Goulburn, Canberra)","956000007421884","Ace","2026-04-07","MALE","","This pretty boy is confident and inquisitive, he likes playing in the yard and going on walks. He has been with small kids his whole life and is very gentle and obedient with them. He has had exposure to farm animals and some natives.","ace-10",""
"2020-06-01","Southern NSW/ACT (Bulli, Nowra, Goulburn, Canberra)","956000007833520","Marley","2026-04-07","MALE","","This young gent has grown up around farm animals with visits from local natives. Has small children around daily helping with his daily routine. Gorgeous boy.","marley-9",""
"2022-06-01","Southern NSW/ACT (Bulli, Nowra, Goulburn, Canberra)","956000011361905","Roy","2026-04-07","MALE","","Roy is good with other dogs and good around kids. Roy is a shy character that likes to take his time to get use to new things. Roy is a stunning blue boy that would make a great addition to the right home. Roy has had experience living the apartment lifestyle.","roy-9",""
"2022-10-01","Southern NSW/ACT (Bulli, Nowra, Goulburn, Canberra)","956000014802991","Big Red","2026-04-07","MALE","","Big Red is a beautiful well built hound. Despite his size and strapping appearance he is a big softie. He is good with kids and social with other dogs.","big-red",""
"2022-01-01","Southern NSW/ACT (Bulli, Nowra, Goulburn, Canberra)","956000007431142","Spida","2026-04-07","MALE","","Spida is a stunning athletic boy, he would suit adventure and a place with a yard, he is gentle with kids but keep in mind he is a large boy who loves to play. He is good on the lead and good to be left alone.","spida",""
"2022-01-01","Southern NSW/ACT (Bulli, Nowra, Goulburn, Canberra)","956000007425971","Yazzi","2026-04-07","FEMALE","","This dynamic girl is very social and confident, she has had exposure to farm animals and the odd visit from the local native critters. Since she is so confident and social she would adjust to many different lifestyles.","yazzi",""
"2020-02-01","Western Sydney (Londonderry)","956000006660761","Puzzle","2026-04-07","FEMALE","","🧩 Meet Puzzle – Your Perfect Missing Piece 🧩 Puzzle is a gentle, quiet soul who brings a sense of calm wherever she goes. She’s not one for chaos or constant activity—instead, she’s happiest lounging nearby, whether that’s stretched out in a sunny spot or curled up close while you relax. Puzzle would suit a peaceful home or apartment lifestyle perfectly, especially with someone patient who will give her the time she needs to feel safe. She may be a little shy at first, but once she’s comfortable, her sweet nature truly shines—she’ll lean in for gentle pats and stay by your side, offering a soft, steady kind of companionship. If your life feels like it’s missing something calm, loving, and quietly special, Puzzle might just be the piece that completes it. 🐾💛","puzzle",""
"2021-03-01","Hunter Valley Mid Coast (Maitland/ Muswellbrook/Newcastle/Forster)","956000014518394","Didee","2026-04-07","FEMALE","","Meet Didee, a beautiful 5-year-old greyhound with a calm, gentle soul and impeccable manners. Didee is the definition of a “lady-like” companion. She is soft-natured, affectionate, and loves nothing more than a quiet pat and some quality time with her people. Her sweet and gentle personality makes her an easy dog to fall in love with. On lead, Didee is a dream to walk, she moves along with a loose lead, never pulling, and is happy to stroll by your side at a relaxed pace. In new environments, she remains calm and composed, enjoying a quiet sniff and explore rather than becoming overexcited. Didee travels well and is comfortable around vehicles, making her an easy addition to everyday life. She also gets along well with other greyhounds and shows excellent manners around small dogs. Her calm and respectful nature suggests she could suit a variety of home environments. If you’re looking for a quiet, affectionate, and beautifully behaved companion who will bring a sense of calm and companionship to your home, Didee could be the perfect match.","didee",""
"2021-01-01","Hunter Valley Mid Coast (Maitland/ Muswellbrook/Newcastle/Forster)","956000007365487","Lucy","2026-04-07","FEMALE","","Meet Lucy, a joyful and affectionate 5-year-old greyhound who is ready to find her forever home. Lucy is full of personality and absolutely adores people. She thrives on human interaction and will happily seek out attention, often greeting you with excited little jumps and a constantly wagging tail. Her enthusiasm for life is contagious, she truly “loves everything” and brings a bright, happy energy wherever she goes. She travels beautifully, showing a relaxed and positive attitude around vehicles, and walks well on lead with manageable excitement. Lucy is confident in new environments and takes everything in stride, making her an easy companion to bring along on daily adventures. Lucy would suit a home where she has plenty of company, as she forms strong bonds with her people and doesn’t enjoy being left alone for long periods. She will thrive in a household that can give her the attention and companionship she craves. While Lucy is friendly with other greyhounds and larger dogs, her excitement can be a bit much for smaller dogs, so she would be best suited to a home without small pets. She’s a loving, lively girl who just needs the right family to share her big heart with. If you’re looking for a happy, people-loving companion who will greet you like you’re the best part of her day, Lucy might be your perfect match.","lucy-26",""
"2019-12-01","Western Sydney (Londonderry)","956000011092944","Sunny","2026-04-07","MALE","","If you're looking for a toy loving, office-snoozing charming companion, meet Sunny who has been keeping us company in the office. Sunny is a wonderfully affectionate greyhound who loves being a member of the GAP office. If you’re looking for a laid back companion who can go with the flow, Sunny is a great fit. Sunny has been spending his days relaxing in the office, where he has proven himself to be a calm and easy indoor companion. For most of the day, he’s content to snooze on his bed, quietly observing the world around him. That said, he lights up when it’s time for fun. Sunny has been social with other greyhounds and dogs, but he is enthusiastic and playful. He can sometimes forget his size when he’s having a good time, so he would be best matched with a tolerant, playful canine companion. He suit full time workers, particularly if he has a consistent routine like our office. Sunny has shown he can settle well indoors, including in office-style environments. Sunny is such a sweetheart here. He will pose for photos, chase toys and listen to all your phone calls happily! Meet Sunny at Western Sydney.","sunny-9",""
"2021-10-01","Western Sydney (Londonderry)","956000012865989","Tim Tam","2026-04-07","MALE","","Whether you're a double coat, caramel or an original Tim Tam fan, we can all agree Tim Tams are a sweet treat and a family favourite. He is the perfect blend of calm natured and sometimes playful, what more could you want in a canine companion. He walks lovely on the lead and would suit a home without exposure to small dogs. Tim Tam gets along with dogs his size. Due to his friendly nature, he will suit a family that have respectful children. Tim Tam comes when called and is polite around new people! Tim Tam is available at Western Sydney.","tim-tam-1",""
"2020-04-01","Western Sydney (Londonderry)","956000012161547","Nelly","2026-04-07","FEMALE","","Meet Nelly 💛 Nelly is a gentle, sensitive soul who is just waiting for the right home to help her truly blossom. While she may be a little shy when meeting new people, once she gets to know you she becomes incredibly sweet, affectionate, and loyal. The bond you’ll build with Nelly will be one of those special, heart-melting connections that makes all the patience worthwhile. Nelly is looking for a quiet, calm home where she can settle into pet life at her own pace. Busy households or lots of noise can feel overwhelming for her, so she would thrive in a peaceful environment with patient adopters who understand that confidence takes time to grow. Because of her sensitive nature, Nellys ideal home is with an adult-only household or older children aged 16+ with dog experience. She needs a predictable, calm environment to feel safe and secure. She would also really benefit from having a friendly, confident canine companion. A doggy friend could help show her the ropes, build her confidence, and encourage her to relax. Once she feels safe, Nelly settles beautifully indoors and is a huge fan of the couch ! snuggling up for a cozy evening is one of her favorite things! She’s the perfect companion for someone who enjoys quiet nights in, gentle walks, and sharing their home (and sofa!) with a loving best friend. If you have a calm home, a kind heart, and maybe even a friendly resident dog, Nelly could be the perfect addition to your family","nelly-2",""
"2024-07-01","Riverina (Wagga, Temora, Gundagai, Griffith)","956000015546647","Anna","2026-04-07","FEMALE","","Meet Anna 💛 Anna is a sweet, gentle young greyhound with a heart of gold. She may be a little shy when you first meet her, but it doesn’t take long for her true personality to shine. Once she feels comfortable, Anna absolutely loves a good pat and will happily greet people on her walks with a wag and a soft, friendly presence. She enjoys the simple things in life - relaxing by your side, heading out for leisurely walks, or having a gentle play in the yard with her favourite ball. Anna has a calm, affectionate nature that makes her a lovely companion in a peaceful home. Anna is wonderful with gentle children aged 6 and up, and she truly thrives being around people. On warmer days, she delights in cooling off with a splash in her shell pool, and she’s even enjoyed swimming in a dam on farm visits. She has spent time alongside a kelpie cross and a mini groodle, as well as calmly ignoring the household cat. Anna would make a wonderful addition to a family or a couple looking for a loyal and loving companion. As she settles into her new home and continues to grow, she would do best with people who have time to spend with her during weekdays, helping her build confidence and feel secure. If you’re looking for a gentle soul to share your days with, Anna might just be your perfect match 🐾","anna-10",""
"2021-11-01","New England","956000007434285","Indy","2026-04-07","FEMALE","","Indy is a gentle, easy-going greyhound with a soft heart. She’s the kind of dog who slips seamlessly into family life, happy to snooze nearby, join you for a stroll, or simply be part of whatever’s happening at home. Great with other dogs: Indy has a calm, polite nature and gets along beautifully with canine companions. Cat-friendly: Indy is one of those greyhounds who is perfectly content sharing her space with feline housemates. Laid-back personality: She is a relaxed girl who loves a comfy bed, a sunny spot, and quiet companionship. Family-ready: Indy thrives on gentle affection and would be a fantastic addition to a home looking for a sweet, steady companion. Whether she’s curled up on the couch, quietly padding around the house, or trotting alongside you on a walk, Indy brings a peaceful presence wherever she goes.","indy-1",""
"2020-01-01","New England","956000012246993","Skippy","2026-04-07","MALE","","Meet Skippy, the greyhound who never quite figured out he isn’t a kangaroo. With springs for legs and joy in his heart, Skippy bounds everywhere he goes, whether he’s leaping across the yard, bouncing into your arms, or boinging from room to room just to say hello. This super-friendly boy is the embodiment of good vibes. He greets every human like a long‑lost friend, every dog like a potential playmate, and every day like the Best Day Ever. Skippy's tail wags with such enthusiasm it could almost power a small wind farm. Skippy brings sunshine, silliness, and a whole lot of love wherever he goes. If you're lucky enough to share life with him, get ready for bouncy greetings, warm snuggles, and endless joy.","skippy-1",""
"2022-10-01","New England","956000007428543","Betty","2026-04-07","FEMALE","","Betty is the definition of joyful energy wrapped in a long‑legged greyhound. She loves life, people, and pretty much anything that involves attention or adventure. Whether she’s doing zoomies in the yard or gently nudging you for pats, Betty brings sunshine with her everywhere she goes. Betty loves fast sprints followed by epic naps, meeting new humans and dog friends (suitable for other medium to large dogs. Being told she’s a “good girl”… which she absolutely is! Betty has a sweet, affectionate nature that makes her instantly lovable. She’s friendly to the core,happy to greet strangers, soak up affection. Despite her playful bursts of energy, she’s just as skilled at lounging gracefully like a furry throw pillow. Betty suits a home that appreciates both her zoomie sessions and her champion-level napping. She thrives with humans who enjoy affection, laughs, and a dog who ignites joy just by being herself.","betty-21",""
"2022-09-01","Southern NSW/ACT (Bulli, Nowra, Goulburn, Canberra)","956000015734545","Flash","2026-04-07","MALE","","Flash is a confident and affectionate boy. He can operate the stairs, he comes when called upon in a large area. Has had exposure to mixed dog breeds and has been around children. Flash has also had exposure to native animals that live in the area.","flash-10",""
"2022-09-01","Southern NSW/ACT (Bulli, Nowra, Goulburn, Canberra)","956000015735168","Gus","2026-04-07","MALE","","Gus is a special boy who is confident and inquisitive. He comes when called upon, he is extremely friendly. Gus can do stairs and has had some inside experience. He is a beautiful boy who would make a fantastic family member.","gus-12",""
"2021-08-01","Southern NSW/ACT (Bulli, Nowra, Goulburn, Canberra)","956000011552652","Bart","2026-04-07","MALE","","Bart is a handsome confident boy who prefers being a lone ranger. He is confident and happy on his own and not big on sharing his space with other animals. He is loyal and would make a perfect companion for someone who needs a low maintenance mate to keep them company at home.","bart-4",""
"2024-05-01","Southern NSW/ACT (Bulli, Nowra, Goulburn, Canberra)","956000015624081","Betty","2026-04-07","FEMALE","","Beautiful Betty is the sister of Poppy who is also searching for a forever home. They are very similar, both petite and smaller in size. Betty loves a run in the yard and exploring, she does come when called upon, she can do stairs and she gets along with everyone she meets. She has had exposure to a diverse mix of domestic and native animals.","betty-20",""
"2024-05-01","Southern NSW/ACT (Bulli, Nowra, Goulburn, Canberra)","956000015659345","Poppy","2026-04-07","FEMALE","","Poppy is a beautiful vibrant girl, she is still very young and was destined for pet life given her free spirit personality and playful behavior. She gets along with everyone she meets and has exposure to the local native animals on her south coast property.","poppy-12",""
"2022-06-01","Western Sydney (Londonderry)","956000011346138","Opal (Western Sydney)","2026-04-07","MALE","","Opal's foster care update: ""Opal is suitable for full time workers, as he can settle indoors for 8 hours with no toilet accidents. He is indoors when his family go to work. and has shown to settle and has learnt perfect toilet training, making him a great fit for an apartment living family/couple. He just asks for a couch and a person to love him. He can hold all day, is never destructive, and loves to watch the world go by through the window."" ""Opal has been the goodest boy. He is sweet, loving, well behaved & incredibly funny. We have been leaving him at home from 8am till midday (I go home to check on him in my lunch break) then he's alone again from 12:45pm - 3:45pm & he has not had a single accident inside. He absolutely adores our 21 year old son (& our son adores him) & will go & sit with him in his room every chance he gets."" --------- Opal is a very friendly and affectionate boy, and loves just loves everyone he meets! His outgoing personality has made him a fan favourite here at GAP HQ. Opal would love a backyard to call his own. Respectful children are suitable, however Opal would prefer to be the only pet in the household so he can soak up all the love and attention for himself. In foster he is learning to be left alone as his foster carers work full time and are building him up to spend hours alone. So come on down down and excavate this precious and valuable Opal today! Submit an application to take him home. He is available at the Western Sydney adoption centre.","opal-4",""
"2021-06-01","Western Sydney (Londonderry)","956000007446683","Ricky","2026-04-07","MALE","","Ricky is a calm, affectionate greyhound who is still learning the ropes of pet life and taking it all in stride. He has a gentle, easygoing presence and enjoys being close to his people, especially when affection and praise are involved. He’s the kind of dog who thrives on positive attention and is keen to please once he understands what’s being asked of him. Ricky is currently building his basic life skills and responding well to training, particularly when it’s delivered with encouragement, praise, and calm guidance. As his confidence and understanding grow, so does his ability to settle, making him a good candidate for a home with full-time workers once he’s had time to adjust and learn how to relax independently. He would benefit from a home with access to a backyard, where he can move freely, decompress, and enjoy some quiet outdoor time. While Ricky may enjoy the company of another greyhound or a medium to large dog, he can be a little socially awkward when initiating play. Because of this, any canine companion should be tolerant, steady, and happy to set gentle boundaries. Ricky is looking for a home that understands he’s still learning and is happy to guide him through this next chapter with patience and kindness. With the right support, he has all the makings of a relaxed, affectionate companion who will settle beautifully into family life and enjoy the simple pleasures of being a pet.","ricky-5",""
"2021-07-01","Western Sydney (Londonderry)","956000011552293","Bridget","2026-04-07","FEMALE","","*Bridget has spent time in foster care - update below!* Hey guys! In my first week in foster, I have now mastered the stairs and am enjoying the yummy treats and extra cuddles. I enjoy exploring the house and watching my new human friends go about their daily lives. I get excited for my dinner and do a little prance which has delighted my new friends. I have made myself comfortable on the lounges and I have been enjoying some alone time already being solo for three hours just relaxing on the sofa on the deck. Bridget is a sweet girl who steals your heart after opening up. She would suit a quiet household without children or a busy social lifestyle. Bridget is very much a homebody who enjoys lounging and taking life at a slower pace. While she may be able to live with a medium to large dog, any companion would need to be particularly tolerant and socially steady, as Bridget can become a little socially clumsy when she’s feeling playful or unsure. Even so, her greatest comfort comes from her relationship with her people. Neck scratches are her love language and once you win her over and she'll be endlessly entertaining you with her playful antics. As you inevitably fall in love with one another, her gentle demeaner will give way to a more quirky side. Pairing that iconic greyhound charm with her own unique twist. Solidified in your bond, she will lean on your confidence in her to navigate the unfamiliar world. A home that is willing to support her as she adjusts to her new lifestyle is ideal. New friends are on the horizon of your patience and compassion, revealing to her joy in previous uncertainties. A journey you and her will never forget.","bridget-3",""
"2018-11-01","Western Sydney (Londonderry)","956000006355015","Louie","2026-04-07","MALE","","Louie is a gentle, quiet soul. If you're looking for a laid back senior greyhound, Louie might be perfect for you. Louie is a lovely greyhound who loves mingling with other dogs his size, settles well alone and would love a home with indoor outdoor access where he can independently alternate between exploring outside and resting on beds indoors. He is suitable with older/respectful kids and dreams of a backyard to snooze in. He would like a flat home without stairs, as he is still learning how to navigate staircases. Louie is a sweet gentleman and he hopes you come to meet him soon. Meet Louie at Western Sydney.","louie-3",""
"2023-12-01","Western Sydney (Londonderry)","956000015760564","Ally","2026-04-07","FEMALE","","I am a gorgeous girl on medical recovery, looking for a home where someone is home most of the time, eg retired/work from home. Either someone home or a companion grey to settle me in would be great. I have a big, loving personality, and can be goofy as I am still young at heart, but it's best I take it easy. I need a small yard/courtyard, and can suit teenage kids with dog experience. I'm social with Medium-Large dogs and would LOVE a dog friend! But it's best I don't zoom around a lot, so an older, laid back dog friend would be best. I love having play in a small space/indoors. Enquire with the Western Sydney team to meet me.","ally-4",""
"2020-03-01","Mid North Coast","956000013060133","Chunk","2026-04-07","MALE","","Meet Chunk – The Quiche-Connoisseur 🐶 Chunk is a friendly, easy-going boy with a heart of gold and a nose for snacks! He’s a social boy who loves the company of other dogs and would be more than happy to share his space (and his toys) with a furry friend. Don’t let his name fool you – Chunk is all charm and cheer. He may take a little time to say hello properly, but once he’s settled, he’s all smiles and tail wags. His gentle nature makes him a lovely companion, and he’s always up for a cuddle or a game. Be warned: Chunk is a bit of a food enthusiast. He may sneak a bite of your quiche if you’re not looking – but he promises to do it with love. 😄 If you’re after a laid-back, affectionate pup with a bit of a cheeky side, Chunk might just be your perfect match.","chunk-1",""
"2025-05-01","Western Sydney (Londonderry)","956000016471877","Jessie","2026-04-07","FEMALE","","PUPPY ALERT! Jessie is a 10 month old brindle female looking for a home. Jessie is a vibrant, bouncy, fun loving girl. Jessie would best suit a family experienced with all things puppy. Her ideal home is a home who would encourage her to be the best puppy she can be with regular training, enrichment and exposure to the big wide world, other dogs, and all things pet life. She is looking for a house with a fully fenced backyard and a fun filled life. She would suit a family with respectful kids. She is confident and she likes being part of the action, whether it’s playtime, zoomies, toys, treats, and all things exciting - she's all about it! Shorter/less hours alone would suit her best as she learns to be a pet. If she is to live with another dog, one who has experience with high energy/puppies would be best suited. As a young pup, she’s still learning the ropes and will thrive in a home ready to guide her with patience, love, and structure. Meet Jessie at Western Sydney by appointment.","jessie-9",""
"2021-01-01","Mid North Coast","956000011709667","Wally","2026-04-07","MALE","","Wally is a handsome 5-year-old boy who is ready to enjoy a relaxed home life. He’s a friendly, easygoing boy who loves meeting people. While he can be a little shy at first, he warms up quickly and shows his affectionate nature. He is calm in new environments and enjoys a gentle explore before settling in, making him well suited to a house or townhouse. Wally has been around children and has a gentle, relaxed temperament, making him a great family companion. He has gets excited with playful but polite behaviour to meet dogs of all sizes however settles settles quickly. Wally also travels well in the car, happily lying down for the ride, though he may need a lift to get in.","wally-12",""
"2021-11-01","Western Sydney (Londonderry)","956000013020288","Missy (Western Sydney)","2026-04-07","FEMALE","","Missy is an adorable sweet little girl with a little white tip on her tail and super cute white socks. She has a cute personality to match. She is polite around dogs big and small, and would suit a home with another dog. She keeps a slow pace on the leash with a more shy than outgoing nature overall. She gains confidence around other dogs so a home who can keep up dog socialisation would be a great fit. A home without children would be best as she can be alert to sights and sounds, and a family with kids might prove overwhelming. She is a sweet little girl who would love to find a family to call her own. Meet Missy at Western Sydney!","missy-western-sydney",""
"2021-12-01","Western Sydney (Londonderry)","956000011656048","Sandra","2026-04-07","FEMALE","","If you're looking for a sweet girl who can grow confidence around you in slow, steady steps, meet Sandra. Sandra is a shy natured, subdued girl who is looking for a calm and nurturing home. A quiet neighbourhood and a low key, understanding and low stress lifestyle is best suited for her. She requires a backyard/townhouse yard to retreat to when things get overwhelming, but we have seen she can bond well with people once she gets to know them and warms up nicely. If you want to see your love and loyalty benefit a shy dog like Sandra, get in touch with Western Sydney.","sandra",""
"2021-03-01","Western Sydney (Londonderry)","956000007467520","Jasmine","2026-04-07","FEMALE","","Jasmine is a shy girl at first, but given some time to bond with her new family, she will bloom into a loving companion. Jasmine will enjoy snoozing in a quiet neighbourhood if you have a backyard of any size. She would suit a home without other dogs her size, and could be suited to living with teenage children who are greyhound experienced, provided they are respectful of her space and appreciate her need for calmness and quiet, nurturing love. A home experienced with shy dogs is a must as we want to see Jasmine blossom into the best version of herself. If you are a calm, understanding family with lots of love to give, come and meet Jasmine today at the Western Sydney Adoption Centre.","jasmine-1",""
"2021-08-01","Western Sydney (Londonderry)","956000011711930","Ringo","2026-04-07","MALE","","Ringo has the sweetest little face you ever have seen! He can be shy when he's first getting to know you, and would love a nurturing home to continue to grow his confidence. He has experience mingling with a staffy and would thrive in a multi-dog household. Older/teenage kids on the quiet/calm side would be best suited to Ringo while he grows in confidence. He loves praise and being spoken to in a calm way, and has shown he is a great listener to cues. Ringo dreams of a backyard with opaque fencing so he can enjoy the serenity of his down time. Meet cutie pie Ringo at Western Sydney!","ringo-3",""
"2022-10-01","Southern NSW/ACT (Bulli, Nowra, Goulburn, Canberra)","956000015732601","Freddie","2026-04-07","MALE","","Freddie is a clean handsome hound that would make a great addition to any family. He is great company, great on the lead and doesn't lack confidence. Freddie would make a great companion.","freddie-1",""
"2022-10-01","Southern NSW/ACT (Bulli, Nowra, Goulburn, Canberra)","956000014525882","Sasha","2026-04-07","FEMALE","","This beautiful black and white girl is gentle and very clean in her space. She would suit many different settings given her confident yet laid back personality. She relaxes well on her own and is social with other animals.","sasha-2",""
"2022-10-01","Southern NSW/ACT (Bulli, Nowra, Goulburn, Canberra)","956000015733507","Frankie","2026-04-07","FEMALE","","This petite female is lovely to be around. She is a very quiet and clean girl. She is confident and affectionate and she gets along with everyone. She has had kids in her life along with other dog breeds, domestic livestock and visits from local deer.","frankie-15",""
"2021-05-01","Central West (Bathurst/Dubbo/Coonabarabran)","956000011722552","Max","2026-04-07","MALE","","Meet Max 🐾 Max is an energetic, fun-loving boy who’s always ready for action! He absolutely loves playtime and will happily keep himself (and you!) entertained with his toys and zoomies. Full of life and personality, Max brings a playful spark to every moment, but he also has a sweet, affectionate side and enjoys spending time with his humans. Max is the perfect mix of outgoing and loving. If you’re looking for a happycompanion who will keep you smiling, Max is your guy!","max-18",""
"2021-02-01","Central West (Bathurst/Dubbo/Coonabarabran)","956000012226114","Jett","2026-04-07","MALE","","Meet Jett 🖤 Jett is a confident, fun-loving boy with a big personality and an even bigger heart. He absolutely adores being around his humans and will happily follow you wherever you go, just to be part of the action. This cheeky boy loves his toys and is always up for a play, bringing a playful and energetic vibe into the home. Jett’s loving nature makes him a wonderful companion, whether it’s playtime or just relaxing by your side. If you’re looking for a loyal, affectionate, and entertaining best mate, Jett is your guy!","jett-5",""
"2023-05-01","Hunter Valley Mid Coast (Maitland/ Muswellbrook/Newcastle/Forster)","956000015734827","Pizza","2026-04-07","MALE","","Pizza is a confident, happy-go-lucky boy with a big personality and an even bigger heart. He’s fantastic with all dogs and currently lives comfortably alongside other greyhounds, making him a great choice for a home with existing canine companions. Playful and full of life, Pizza loves to have fun and enjoys his adventures—especially when they involve travelling and exploring new places. Whether it’s a car ride, a day out, or just playtime at home, he’s always ready to be part of the action. When Pizza isn’t busy playing, he’s busy loving. He’s incredibly affectionate and well known for standing right over you, politely (or not so politely!) demanding cuddles and attention. Personal space isn’t really his thing—he’d much rather be close to his people. If you’re looking for a confident, social, and loving greyhound who will keep you smiling and ensure you never miss out on a cuddle, Pizza might just be your perfect match. 💙🐾","pizza",""
"2022-05-01","","956000014703077","Sky","2026-04-07","FEMALE","","This petite girl is very pretty and lovely company. She is very calm and quiet, makes no mess and is very clean. She loves being around and is happy to take it easy.","sky-7",""
"2021-08-01","Southern NSW/ACT (Bulli, Nowra, Goulburn, Canberra)","956000014502024","Bella","2026-04-07","FEMALE","","Bella is a beautiful dynamic hound, she is confident and playful. She comes when called and loves affection.","bella-19",""
"2021-10-01","Southern NSW/ACT (Bulli, Nowra, Goulburn, Canberra)","956000012867456","Reggie","2026-04-07","MALE","","This handsome fella lives on the south coast in a residential area. He is great walking on the lead and getting around the community. He gets on well with dogs of all sizes and loves all size people he meets. he is an extroverted confident boy who is great company.","reggie-9",""
"2022-05-01","Southern NSW/ACT (Bulli, Nowra, Goulburn, Canberra)","956000012956136","Rusty","2026-04-07","MALE","","Rusty is a quirky young hound. He is a little quiet and nervous at first and may need to warm up a little. He is a handsome affectionate boy with lots of love to give. Given an opportunity he will soon become a loving, affectionate family member.","rusty-13",""
"2021-05-01","Central West (Bathurst/Dubbo/Coonabarabran)","956000012792024","Hank","2026-04-07","MALE","","Hank is a bold and spirited boy who brings a fun, lively energy wherever he goes. Full of personality, he loves to stretch his legs and show off his playful side with a good burst of zoomies. He’s a strong, active boy who will thrive in a home that enjoys getting out and about. Hank would suit someone who can match his enthusiasm. Behind his energetic nature is a sweet, loyal companion who enjoys being around his people and settling in once he’s had his fun. With the right home, Hank will be a rewarding and entertaining addition to the family 🐾","hank-9",""
"2021-02-01","Central West (Bathurst/Dubbo/Coonabarabran)","956000012227767","Phoenix","2026-04-07","MALE","","Phoenix 🐾 Meet Phoenix, a confident and fun-loving boy with a big personality to match! This clever lad comes straight over when called, always eager to be part of the action. He absolutely loves his toys and brings a playful, energetic vibe wherever he goes. Phoenix is full of life but equally full of love - he thrives on attention and will happily soak up pats and affection from his people. With his bright nature and loyal heart, Phoenix would make a wonderful companion for someone looking for a happy, active, and devoted best mate.","phoenix-2",""
"2021-08-01","Northern Rivers (Grafton, Lismore, Casino)","956000013018406","Friend","2026-04-07","MALE","","🐾 Meet Friend – the Gentle, Easy‑Going Soul If you’re looking for a calm, sweet-natured companion to slot effortlessly into family life, Friend might just be your perfect match. This handsome male greyhound truly lives up to his name—he’s gentle, placid, and simply loves being by your side. 🌊 Beach-Loving Boy Friend’s happy place is the beach. Whether it’s strolling along the shoreline or quietly watching the waves, he’s in his element. He’s not the racing-around type—just content to enjoy the fresh air and take things at his own relaxed pace. 💤 Low-Energy & Laid-Back If you’re imagining a couch buddy who’s just as happy to nap as he is to join you for a leisurely walk, Friend is your guy. He’s not overly energetic and is perfectly suited to a quieter lifestyle. 👨‍👩‍👧 Great with Kids Friend is wonderfully tolerant and patient with children aged four and up, who are respectful and polite. His calm nature and soft approach make him a lovely fit for a family looking for an easy-going canine companion. ❤️ Why You’ll Fall in Love Placid and affectionate Easy to handle and easy to live with Loves gentle outings like beach trips Friend is ready to bring warmth, companionship, and a steady presence into his new home. If you’re after a loyal boy with a soft heart and an even softer stride through life, Friend is waiting to meet you.","friend",""
"2021-08-01","Northern Rivers (Grafton, Lismore, Casino)","956000011639406","Galaxy","2026-04-07","FEMALE","","","galaxy-2",""
"2020-10-01","Northern Rivers (Grafton, Lismore, Casino)","956000011579627","Indiana","2026-04-07","FEMALE","","Meet Indiana Indiana is a sweet and affectionate girl who forms strong bonds with her people. She loves being involved in whatever you’re doing, whether that’s relaxing at home or enjoying a bit of outdoor fun. Indiana has a happy, playful nature and brings a lovely energy to her surroundings. She gets along well with other greyhounds and is comfortable sharing her space, making her an easy companion in a multi‑dog home. On warm days, Indiana’s favourite place is the pool—she’s always ready for a splash or a cool dip to beat the heat. When it comes to small dogs, she can get a little excited at first, but with a calm handler and a moment to settle, she quickly relaxes and focuses again. She shows every sign of being a girl who simply needs a bit of guidance and consistency. Indiana is looking for a home that will enjoy her gentle affection, playful moments, and loyal companionship.","indiana",""
"2021-11-01","Northern Rivers (Grafton, Lismore, Casino)","956000012864206","Buster","2026-04-07","MALE","","Meet Buster Buster is a fun, beach‑loving male Greyhound who’s happiest with sand under his feet and waves splashing around him. He loves the beach, enjoys swimming in the surf, and never says no to chasing a ball along the shoreline. He’s a very friendly boy with a cheerful nature and makes an excellent housemate—clean, well‑mannered, and easy to have around. Buster has no concept of personal space and loves to check out what is going on. Buster has met small dogs and is polite, but he can be quite exuberant and playful, so he’s best suited to a home with medium to large breed dogs who can match his energy. Buster has met children and would make a great companion for polite dog savvy children who want to play with him, but remember he is active. If you’re looking for an affectionate, active companion who will happily join you on seaside adventures, Buster might be your perfect match.","buster-12",""
"2022-11-01","Northern Rivers (Grafton, Lismore, Casino)","956000014887732","Tilly","2026-04-07","FEMALE","","Meet Tilly Tilly is an easygoing, relaxed girl who takes new environments in her stride. She travels well in both the car walks nicely on lead, settling quickly and showing good manners. She has a naturally chilled, social temperament—happy to explore, have a sniff, and calmly spend time with other dogs. Tilly is very friendly with people, coming over for pats when called and showing a lovely, gentle interest. Tilly mixes well with dogs of all sizes. She was polite and appropriate with small dogs and interacted comfortably with the larger dogs she met, showing confident yet relaxed social skills. One thing to note: Tilly does not like sharing her food, so mealtimes are best managed separately from other dogs. Overall, Tilly is a swee, and well‑mannered girl who would make a wonderful companion for someone seeking a friendly, relaxed Greyhound who blends easily into day‑to‑day life.","tily",""
"2021-05-01","Northern Rivers (Grafton, Lismore, Casino)","956000007830444","Hope","2026-04-07","FEMALE","","Meet Hope Hope is a sweet, friendly girl with a calm and happy nature. She has been crate trained, walks well on lead, and is good with small dogs. Hope has lived in a home environment and is a very clean and tidy housemate. She copes confidently in busy environments, taking everything in her stride, and settles easily once things quiet down. Hope would make a wonderful companion for someone looking for comfort, company, and a gentle, easygoing dog to share their days with.","hope-12",""
"2020-05-01","Northern Rivers (Grafton, Lismore, Casino)","956000007836582","Turbo","2026-04-07","MALE","","Turbo is an active, outgoing Greyhound with a friendly and confident personality. He enjoys playtime and getting involved in what’s happening around him, but once he’s had his fun, he settles well and is quiet and easy to have around. He’s very people‑oriented and would suit a home with children aged 10 and over who can enjoy his playful side while giving him space when he’s resting. Tueb’s mix of energy, friendliness, and calm downtime makes him a great fit for families or individuals looking for a sociable but well‑mannered companion.","turbo-8",""
"2021-12-01","Riverina (Wagga, Temora, Gundagai, Griffith)","956000014515503","Pete","2026-04-07","MALE","","Meet Pete 🐾 Pete is an easy-going, happy and calm boy who has settled beautifully into home life. He’s been living indoors with other Greyhounds, a Pointer and a Staffy, and gets along well with them all, making him a very relaxed housemate. Pete loves a car ride and is a pleasure to walk on lead. He’s not reactive to passing people, children or other dogs, and takes everything in stride. Large, busy crowds like those around shopping centres can make him a little hesitant at first, but overall he handles the world calmly and politely. At home, Pete is a classic Greyhound - happiest when he’s relaxing on his bed. When he’s not enjoying a snooze, you might find him chasing a ball or toy and even taking it outside himself for a little playtime. Otherwise, he’s content to rest nearby or quietly check in to see what you’re up to. At night, Pete sleeps on his bed beside yours - though if there’s space, he might even squeeze himself under the bed for a cozy hideaway! Pete would make a lovely companion in a multi-dog household or with someone who is home more often than not. He truly enjoys being around his people and is an easy-care, affectionate boy who will happily keep you company through the day. If you’re looking for a gentle, relaxed friend to share your home and your heart, Pete could be the perfect match. 💙🐕","pete-7",""
"2022-11-01","Central West (Bathurst/Dubbo/Coonabarabran)","956000015727490","Gemma","2026-04-07","FEMALE","","Meet Gemma Gemma is a sweet little girl with a beautiful nature and a cheeky personality to match. This lovely lady has a gentle heart but also a playful, fun side that will keep you smiling. Gemma loves attention and enjoys being around people, always happy to share her sweet nature with those around her. With her gorgeous looks and lovable personality, Gemma is sure to steal hearts wherever she goes. She would make a wonderful companion for someone looking for a beautiful girl with a mix of sweetness and cheeky charm. 🐾","gemma-6",""
"2021-02-01","Central West (Bathurst/Dubbo/Coonabarabran)","956000012258823","Chester","2026-04-07","MALE","","Meet Chester a sweet and gentle boy who is looking for a loving home where he can truly shine. Chester has a calm and affectionate nature and enjoys being close to his people. He’s the kind of companion who will happily sit by your side, enjoying quiet moments and soaking up all the attention you can give. With his kind personality and loving heart, Chester would make a wonderful companion for someone looking for a loyal friend to share their days with. All he needs is a caring home where he can feel safe, loved, and part of the family.","chester-5",""
"2020-09-01","Central West (Bathurst/Dubbo/Coonabarabran)","956000007466926","Jax","2026-04-07","MALE","","Meet Jax, a calm and sweet-natured boy who will quickly win you over with his gentle personality. Jax is a friendly companion who enjoys being around people and thrives on affection and attention. He loves the company of other dogs and would happily share his home with a canine friend. With the right, slow introduction, Jax could also potentially be cat workable, making him a great option for a variety of homes. With his easygoing temperament and loving nature, Jax is the kind of loyal companion who will happily be by your side for walks, relaxing days, and plenty of pats. Anyone looking for a friendly and affectionate greyhound will find a wonderful mate in Jax.","jax-6",""
"2021-04-01","Central West (Bathurst/Dubbo/Coonabarabran)","956000011659317","Jay","2026-04-07","MALE","","Meet Jay, a fun-loving boy with a beautiful nature and plenty of energy for life. This happy boy has an enthusiastic personality and loves getting out for walks, stretching his legs, and enjoying the world around him. Jay has a bright, friendly spirit that makes him a joy to be around. Jay would also make a great mate for other dogs and enjoys canine company, making him a lovely addition to a home that already has a dog friend. Despite his playful side, he also has a gentle temperament and loves attention and affection from his people. With his sweet personality and lively charm, Jay will make a wonderful companion for someone looking for a loyal, fun, and loving greyhound to share their days with.","jay-7",""
"2021-06-01","","956000012861360","Jeanie","2026-04-07","FEMALE","","Jeanie – 4 years old Meet the beautiful Jeanie. With her calm, old-soul nature, she’s the kind of girl who instantly brings a peaceful presence wherever she goes. Jeanie has the cutest facial features; including markings that look just like little eyebrows - giving her the sweetest expressions that are sure to steal your heart. Easy-going and wonderfully chill, Jeanie enjoys a relaxed stroll and is happiest simply spending time by your side. If you’re looking for a gentle, affectionate companion, Jeanie could be the perfect addition to your home. 💛","jeanie-1",""
"2022-11-01","Central West (Bathurst/Dubbo/Coonabarabran)","956000014911651","Annie","2026-04-07","FEMALE","","Meet Annie, the 3 year old sweet heart. With her friendly nature and gentle personality, she’s an absolute delight to be around. Annie walks beautifully on lead, happily strolling right beside you and taking everything in her stride. She absolutely loves a pat and will gladly lean in for some extra affection. With her calm, sweet nature and easygoing personality, Annie would make a wonderful companion for someone looking for a gentle, loving greyhound to share their days with. This gorgeous girl is ready to find a forever home where she can enjoy plenty of walks, pats, and love.","annie-13",""
"2023-02-01","New England","956000015735404","Missy","2026-04-07","FEMALE","","Missy is a very happy and affectionate girl who absolutely loves attention from her people. She has a sweet, friendly nature and is always excited to spend time with those around her. Missy enjoys playing and having a good run around, especially when it’s time for her zoomies. She has a fun, energetic personality that brings lots of joy and laughter. Because Missy can get a little excited and may jump up when greeting people, she would be best suited to a home with older children who can handle her enthusiastic welcomes. With plenty of love, playtime, and guidance, Missy will make a wonderful and devoted companion.","missy-28",""
"2021-08-01","New England","956000011713619","Jess","2026-04-07","FEMALE","","Jess is a lively and affectionate dog who loves getting out and about. She’s great on the lead and enjoys exploring with her people. Jess has a playful personality and absolutely loves to run around and have her zoomies when the mood strikes. She can be a little skittish around new or loud noises, so she would do best with a patient and experienced owner who can help her build confidence and feel secure. Jess has had good socialisation with a cattle dog and enjoys canine company when introductions are done properly. With the right home, guidance, and plenty of love, Jess will make a loyal and entertaining companion.","jess-10",""
"2020-01-01","Riverina (Wagga, Temora, Gundagai, Griffith)","956000006702356","Rusty","2026-04-07","MALE","","Meet Rusty 🐾 Rusty is a happy, friendly boy who simply loves being around his people. With his calm, easygoing nature, he’s the kind of dog who enjoys hanging out nearby, soaking up attention, pats, and companionship. Rusty enjoys a run around the backyard (lasting around 5 minutes in true greyhound style), a game with his toys, or heading out for a relaxed afternoon walk where he can take his time sniffing the world around him and greeting people. He's always up for a pat. Rusty is housetrained and currently lives happily alongside a pet dachshund, sleeping and playing well with his little canine friend, also visiting grandkids 6+, and not fussed about budgies flying around. He would make a wonderful family pet or companion for someone looking for a gentle, affectionate dog who enjoys a bit of playtime as well as relaxing by your side. 💛","rusty-12",""
"2022-03-01","Mid North Coast","956000011301539","Muza","2026-04-07","FEMALE","","Maza is a sweet and gentle girl . She can be a little shy at first and prefers to stick close to her favourite humans, but once she feels comfortable, her affectionate and playful side shines through. She gets along well with other dogs, both small and large, and enjoys joining in on gentle play. Maza travels well in the car and is very food-motivated, which makes training and bonding with her easy. Once she opens up, she’s full of fun and love, making her a loyal and delightful companion.","muza",""
"2022-12-01","Mid North Coast","956000014884881","Dolly","2026-04-07","FEMALE","","Meet Dolly! Dolly is a calm, confident, and happy greyhound who loves exploring and spending time with people. She is gentle, friendly, and extremely affectionate, enjoying pats and attention from anyone she meets. Dolly loves to travel in the car, settles easily in new places, and is clean in her kennel. She is great with children, polite around small dogs, and super excited to meet other greyhounds. If they are playing then she wants to join in too! Dolly enjoys a sunny snooze spot, adventure walks and most of all time with her humans.","dolly-15",""
"2022-10-01","Western Sydney (Londonderry)","956000014851445","Nobby","2026-04-07","MALE","","Hi, I'm Nobby! I am a sleek, handsome black greyhound who walks perfectly on the lead, you could think of me as your quintessential calm, and engaging greyhound. I am playful, and considered with my greetings. I am friendly with other greyhounds and could live along side another dog big or medium size pending polite introductions at the GAP centre. I have a confident nature, like chasing toys and enjoy a pat. Overall I carry myself with a gentle undersanding nature so a home with respectful kids who are calm and quiet like me would be great. A backyard or courtyard to call my own would be great too! Meet me at Western Sydney.","nobby",""
"2020-09-01","Western Sydney (Londonderry)","956000007821199","Timmy","2026-04-07","MALE","","Timmy is a handsome, charismatic blue brindle guy! He is friendly, playful, outgoing and loves his toys. He is confident around unfamiliar people around GAP HQ & shows off his confident side on walkies. He would be suitable to live with older/experienced kids, as Timmy can get excited and forget his size in the heat of the moment. He can live with another dog his size however he doesn't need the companionship. Timmy has shown he can settle well indoors and out, preferring to settle indoors. He could suit full time workers with a structured routine and as he loves being inside, we think an apartment would be suitable. He can even do stairs! Meet Timmy at the Western Sydney adoption centre.","timmy-8",""
"2021-11-01","Western Sydney (Londonderry)","956000012930673","Ace (Western Sydney)","2026-04-07","MALE","","Hi, I'm Ace! I walk nicely on the lead and warm up after I get to know you. I like toys, and am described as friendly and calm. I would be happy to live with another dog after a meet and greet with them. As I can be shy, a dog who can help me come out of my shell could be a good match for me! As I have not experienced much of pet life yet, a home willing to take it nice and slow with me is best suited. A home with older/respectful kids would suit me best, as well as a house with a backyard for me to spend time in. Meet me at Western Sydney.","ace-western-sydney",""
"2023-09-01","Western Sydney (Londonderry)","956000015734329","Thunder","2026-04-07","MALE","","Thunder is a playful, funny, confident and friendly boy. He has an upbeat personality, and would love a home with toys, fun, and adventures! In his preperation to become a pet, he has learnt crate training, swimming in pools and dams, seen things like mowers, vehicles, and has been around kids 2-6 years old. He can be eager to get going on walks so a family who can walk a stronger dog is best suited. He could live with another doggie his size, however not a requirement. He is bouncy, friendly, and fun loving. A home with a backyard and shorter hours alone when he first settles in would be a great fit for Thunder. Meet Thunder at Western Sydney!","thunder-2",""
"2021-09-01","Western Sydney (Londonderry)","956000014689884","Jasper","2026-04-07","MALE","","Hi, I'm Jasper! I'm a gorgeous fawn boy, I'm confident, happy and easy to make friends with. He would best suit a female canine companion if he's to go home with another dog. He is a lovely walker on the lead showing off his confidence and would enjoy daily walkies. He has been described as energetic, outgoing and friendly. He would love a backyard to do zoomies, and a fun active home to keep him entertained. Although he hasn't had experience with children, he is friendly and bubbly and gentle with people and could suit respectful/older kids. Meet Jasper at Western Sydney!","jasper-6",""
"2024-03-01","Western Sydney (Londonderry)","956000015564790","Patchy","2026-04-07","MALE","","Hi, I’m Patchy — a young, gentle boy looking for a calm, nurturing home. I’d love a backyard where I can relax and have some quiet time, in a peaceful neighbourhood with a family who understands that I may take a little time to settle in. I’m naturally quiet and curious, and once I feel safe my sweet personality begins to shine. Because I’m a sensitive soul, a home without children or lots of hustle and bustle would suit me best. Meet me by appointment in Western Sydney. 🐾","patchy-1",""
"2020-03-01","New England","956000007829839","Georgia","2026-04-07","FEMALE","","Georgia is a timid girl who will need a patient and understanding home to help her feel safe and settled. She can be quite reserved at first, so she will benefit from adopters who have experience and are willing to give her the time and gentle guidance she needs to build confidence at her own pace. Georgia is happy to quietly observe the world around her and tends to be quite independent, preferring to take things in from a comfortable distance while she learns to trust her surroundings. She has shown that she can do well with medium sized dogs and may appreciate a calm canine companion. With plenty of patience, consistency, and a supportive environment, Georgia has the potential to slowly come out of her shell and feel secure in her new home. 🐾","georgia-4",""
"2023-02-01","New England","956000015731069","Nickie","2026-04-07","FEMALE","","Nickie can be a little shy when meeting new people, but with a calm environment and a little patience she begins to settle and show her gentle nature. Once she feels comfortable, she enjoys engaging with people and happily accepts pats when she seeks them out. She travels well and has been relaxed when riding in both the car and van, making her a pleasant companion for outings. Nickie has also shown that she can do well around smaller sized dogs. With a quiet home and people who are happy to give her the time she needs to feel safe, Nickie will blossom into a sweet and affectionate companion. 🐾💛","nickie",""
"2020-10-01","New England","956000012192590","Danny","2026-04-07","MALE","","Danny is a lovely, placid boy who enjoys spending time with his people and soaking up plenty of pats. He has a gentle nature and really values human companionship, happily engaging with those around him. On walks, Danny can initially be a little strong on the lead, but with some extra support and ongoing training he settles well and becomes much easier to handle. He has previously had experience around smaller dogs; however, any future introductions should be done slowly to ensure everyone feels comfortable and safe. Overall, Danny is a sweet, affectionate companion who will thrive in a home that can provide him with guidance, patience, and plenty of love.","danny-5",""
"2022-12-01","Central West (Bathurst/Dubbo/Coonabarabran)","956000014936548","Harvey","2026-04-07","MALE","","Meet Harvey 🐾 Harvey is a confident 3-year-old greyhound with a big personality and plenty of zest for life. This happy-go-lucky boy loves to play and enjoys getting out and about, making him a great match for a family with an active lifestyle. Harvey has a playful spirit and brings lots of fun wherever he goes, but he’s also a very sweet boy who enjoys attention and spending time with his people. With his cheerful nature and love for life, Harvey will make a wonderful companion for a family looking for a lively, affectionate greyhound to share their adventures with.","harvey-3",""
"2023-10-01","Central West (Bathurst/Dubbo/Coonabarabran)","956000015767079","Raven","2026-04-07","FEMALE","","Meet Raven 🖤 Raven is a sweet and quiet 2-year-old greyhound with a small, delicate frame and a gentle nature. She is lovely to handle and walks beautifully on the lead, making her a calm and easy companion for relaxed strolls. Raven can be a little shy when meeting new people, but with time, patience and plenty of love, her sweet personality begins to shine through. She is a gentle soul who simply needs a family willing to let her settle in at her own pace. With a caring home Raven will blossom into a loyal and affectionate companion and would make a truly lovely addition to a family looking for a an easy going kind-hearted girl.","raven-5",""
"2022-05-01","Central West (Bathurst/Dubbo/Coonabarabran)","956000011305312","Ruthie","2026-04-07","FEMALE","","Meet Sweet Ruthie 🐾 Ruthie is a beautiful 3-year-old greyhound who is gentle and has a petite little frame. She has a calm, sweet nature and carries herself with quiet grace. Ruthie has been wonderful around small dogs, showing respectful and polite manners, and she takes everything in her stride with her soft, easygoing temperament. She would make a truly lovely addition to a family looking for a gentle, affectionate companion. With her sweet personality and kind heart, Ruthie is ready to settle into home life and share all the love she has to give. If you're searching for a calm, cuddly best friend with the sweetest soul, Ruthie might just be your girl!","ruthie",""
"2021-02-01","Western Sydney (Londonderry)","956000011661850","Obi Wan Kenobi","2026-04-07","MALE","","This is Obi-Wan Kenobi — a brave Jedi knight using the Force to steal hearts across the adoption centre. Obi-Wan Kenobi loves his walkies and might even do a little happy dance when he sees his lead! Loves an adventure, making him a great fit for an active family who enjoy long walks through the galaxy. He is perfectly behaved indoors at the adoption centre. Gentle, affectionate, and loves chilling out, Obi has the quintessential greyhound personality — laid back with moments of playfulness. Obi-Wan Kenobi seeks a family who will respect his Jedi calmness but also embrace his playful side. He’s suited for homes with a peaceful vibe and a little space to run around. Apply for our special boy Obi — and may the peace, paws, and happiness be with you! 🌟🐾","obi-wan-kenobi",""
"2020-12-01","Central West (Bathurst/Dubbo/Coonabarabran)","956000011710830","Ferrari","2026-04-07","FEMALE","","Don’t let her name fool you - Ferrari is a gentle, quiet girl with a soft and reserved nature. She may take a little time to come out of her shell, but with patience and love, her sweet personality truly begins to shine. Ferrari has a stunning black and white coat that makes her just as beautiful on the outside as she is on the inside. She would suit a calm home where she can settle at her own pace and build confidence in a safe, loving environment. With the right home Ferrari will be a loyal and affectionate companion who will quietly steal your heart 🐾","ferrari-1",""
"2021-05-01","New England","956000012227509","Rocky","2026-04-07","MALE","","Rocky is a gentle, affectionate greyhound with a heart as big as his soulful eyes. This lovely boy thrives on human company and is searching for a home where he can be the centre of someone’s world. Rocky is a naturally sweet, loving, and people focused dog. He adores cuddles, leans, and quiet moments with his favourite humans. He’s the kind of boy who bonds deeply and shows endless loyalty once he feels safe and loved. While Rocky is a total sweetheart with people, he’s at his happiest in a home where he can be the only pet. He loves having his own space and his own humans all to himself—he truly shines when he’s the solo star of the household.","rocky-17",""
"2018-09-01","New England","956000009575291","Chicken","2026-04-07","FEMALE","","Chicken is a joyful, fun loving greyhound. This beautiful girl is bouncy, affectionate, and full of gentle enthusiasm, bringing a spark of happiness wherever she goes. Chicken is a naturally social girl who is sweet‑natured, friendly, and always ready for a snuggle. Whether she’s doing her signature happy prance or leaning in for pats, she’s the kind of dog who makes people smile without even trying. Chicken is wonderfully good with other dogs and children. Her playful yet gentle temperament makes her a great fit for families or homes with other canine companions. Chicken does have missing teeth, so she thrives on a special, softer diet that keeps her comfortable at mealtimes. She doesn’t let it slow her down and is still just as vibrant and cheerful as ever!","chicken-3",""
"2022-11-01","Mid North Coast","956000014911264","Zues","2026-04-07","MALE","","Meet Zeus A handsome boy with a charming short tail and a confident outlook on life, Zeus is a curious and capable greyhound who enjoys exploring his surroundings and taking in the world around him. Zeus is confident and inquisitive on walks. He travels well in the car and handles new environments with ease. While he enjoys a pat, food is definitely the way to his heart! He’s very food motivated, which will make ongoing training both rewarding and fun. Like many bright young hounds, he can become distracted by interesting sights and smells, so he’ll benefit from continued engagement and positive reinforcement to help him stay focused. Zeus has been well behaved around other greyhounds and has previously been kennelled with his sister. However, he can be selective with his canine company and would be best suited as the only dog in the home, where he can soak up all the attention. He would thrive with an owner who can provide structure, enrichment and regular adventures while continuing to build his skills. If you’re looking for a confident, clever and engaging companion to share your days with, Zeus could be the perfect fit.","zues",""
"2018-03-01","Western Sydney (Londonderry)","956000009461451","Jasper (Western Sydney)","2026-04-07","MALE","","Jasper is your quintessential low maintenance kinda guy, playful, but shy, and can take time to warm up. An owner who enjoys helping a shy greyhound come out of their shell is the best fit for Jasper. He likes slow adventures, where he can take things in at his own pace. He likes his quiet time and down time, and enjoys settling down when things are chill, and will go to his crate when he wants some time out. A house with a yard, in a quiet part of town, with a low dog population when out and about would suit Jasper perfectly as he can become overwhelmed with too much happening out and about. He loves all things food and puzzle enrichment, so a home that will provide ongoing mental stimulation in lieu of walkies and adventures will be Jaspers best match. Jasper is polite with other dogs his size at the adoption centre, and could live with one, however not a requirement. Meet Jasper at Western Sydney.","jasper-western-sydney",""
"2023-05-01","Hunter Valley Mid Coast (Maitland/ Muswellbrook/Newcastle/Forster)","956000015949542","Evie","2026-04-07","FEMALE","","Meet Evie 💗 Evie is a sweet and friendly girl with a warm, engaging personality. She loves being around her people and naturally seeks connection, making her a wonderful companion for a family who enjoys having their dog close by. Evie would particularly suit a work-from-home household where she can enjoy plenty of company and be part of the daily routine. She thrives on interaction and will happily soak up attention, pats, and time spent together. When first settling into a new home, Evie may need a little patience and reassurance as she adjusts to her new surroundings. With understanding and consistency, she will quickly grow in confidence and show just how loving and loyal she truly is. If you’re looking for an affectionate, people-oriented girl who will blossom with a little patience and a lot of love, Evie could be the perfect addition to your family. 🐾💕","evie-8",""
"2023-05-01","Hunter Valley Mid Coast (Maitland/ Muswellbrook/Newcastle/Forster)","956000017187031","Storm","2026-04-07","MALE","","Meet Storm 🌩️ Storm is a very friendly boy with a confident and curious nature. He loves being involved in whatever is going on and is always keen to explore his surroundings. He’s highly treat motivated, which makes him a joy to engage with and a great candidate for ongoing training. Storm absolutely loves playing fetch and will happily chase after a ball again and again — it’s one of his favourite ways to bond and burn off energy. On lead, Storm can be a little excited initially as he takes in the world around him, but with consistency and guidance, he settles and enjoys the adventure.","storm-5",""
"2021-01-01","Hunter Valley Mid Coast (Maitland/ Muswellbrook/Newcastle/Forster)","956000012804663","Stewy","2026-04-07","MALE","","Stewy is a happy, excited boy who brings fun and energy wherever he goes! He’s playful, full of personality, and absolutely loves a good round of zoomies to burn off his enthusiasm. This lively lad enjoys engaging with his people and will happily come over for pats, attention, and of course — cuddles. After a burst of play, he’s more than ready to snuggle up and soak in the affection. Stewy would suit a home that enjoys an interactive, playful companion and is ready to embrace his joyful spirit. If you’re looking for a dog who will make you smile every single day, Stewy might just be your perfect match. 💙","stewy",""
"2021-09-01","Hunter Valley Mid Coast (Maitland/ Muswellbrook/Newcastle/Forster)","956000013043461","Hazel","2026-04-07","FEMALE","","Meet Hazel 🌿 Hazel is a sweet girl with a placid, gentle nature that makes her a lovely companion. She has a quiet charm about her and thrives in a peaceful, steady environment. Hazel will need a little time to warm up to a new home, as new surroundings can feel overwhelming at first. With patience, reassurance, and a calm household, she will gradually come out of her shell and show her affectionate and loyal personality. She would do best in a calm home where she can settle at her own pace and build confidence. A slow and thoughtful introduction to a cat will be important, and she could be workable with a small dog companion with the right match and gentle introductions.","hazel-8",""
"2022-02-01","Hunter Valley Mid Coast (Maitland/ Muswellbrook/Newcastle/Forster)","956000011658772","Aurora","2026-04-07","FEMALE","","Aurora is a sweet, cuddly girl with a gentle heart and a loving nature. She adores affection and will happily soak up all the pats and snuggles once she feels safe and settled. She may be a little timid at first when meeting new people or adjusting to a new environment, but with patience and reassurance in a calm home, Aurora will soon blossom into a devoted and affectionate companion. Aurora would thrive in a semi-active household that enjoys a balance of relaxed downtime and daily walks or playtime. She is suitable for families with children of all ages, especially in a home that encourages kind and gentle interactions. With a slow and positive introduction, she could be workable with a small dog companion. If you’re looking for a soft, loving girl who will reward your patience with cuddles and loyalty, Aurora could be your perfect match. 🐾💕","aurora-1",""
"2017-12-01","Hunter Valley Mid Coast (Maitland/ Muswellbrook/Newcastle/Forster)","956000009592622","Mavis","2026-04-07","FEMALE","","Meet Mavis 🤍 Mavis is a gentle, sweet-natured girl looking for a calm and chilled home where she can truly relax and feel safe. She has a quiet presence and would thrive in a semi-active household that enjoys a balance of peaceful downtime and relaxed walks. She may be a little timid when first settling in, but with patience and reassurance, Mavis will gradually warm up and show her affectionate, loyal personality. Once she feels secure, she forms lovely bonds with her people and enjoys simply being nearby. Mavis would be best suited to a home with older children who can respect her space and understand her gentle nature. A slow and considered introduction to cats and small dogs will be important to help her adjust comfortably. She would particularly suit a part-time or work-from-home household, or an older couple looking for a devoted companion to share their days with.","mavis-2",""
"2022-11-01","Hunter Valley Mid Coast (Maitland/ Muswellbrook/Newcastle/Forster)","956000011647032","Licorice","2026-04-07","MALE","","Licorice is a big, sooky boy with an even bigger heart. He absolutely loves being around his people and thrives on companionship, affection, and attention. If you’re looking for a loyal shadow who wants to be part of everything you do, Licorice is your guy. He enjoys an active lifestyle and will happily join you for walks and playtime, but his new family will need to be mindful of his leg and ensure his exercise is appropriate and not overly strenuous. A balanced routine that keeps him engaged without overdoing it will suit him best. Licorice can be prone to separation anxiety, so he would do best in a home where someone works from home or is around for much of the day. Alternatively, a well-matched female dog friend could help keep him company and build his confidence when left alone. Due to his size and excitability, Licorice would be best suited to a home with older children who can handle his enthusiasm and help maintain calm, consistent boundaries.","licorice",""
"2020-11-01","Western Sydney (Londonderry)","956000011580153","Shayla","2026-04-07","FEMALE","","My Shayla! Shayla is an affectionate girl who would love some human company to be by her side. She is learning to settle on her own and would do best with structure and someone home more often than not. A quiet, calm home with no children or other dogs would see Shayla settle in the best. Kids aged 16+ with greyhound experience would be the best fit, or experienced greyhound owners who can support a high energy dog who loves activity. She is a highly affectionate girl who loves her toys and treats. She walks perfectly on the lead for adventures, and is the bubbly, happy easy going type girl around people. She mingles nicely with other dogs but would prefer not to live with one. She'd love a home with a yard for zoomies and her random fun outburts of energy. She has experience travelling well in cars as well. My Shayla.... Meet her today at Western Sydney!","shayla",""
"2021-09-01","Hunter Valley Mid Coast (Maitland/ Muswellbrook/Newcastle/Forster)","956000007433374","Maple","2026-04-07","FEMALE","","Meet Maple 🍁 Maple is a beautiful, placid girl with a gentle soul and a sweet nature. She has a calm presence that makes her a wonderful addition to a relaxed, loving home. Maple can be a little timid when first meeting new people or adjusting to new surroundings, but with a bit of patience and reassurance, she will slowly come out of her shell. Once she feels safe and comfortable, her affectionate and loyal personality truly shines. She would thrive in a calm household with a semi-active lifestyle — a home that enjoys a balance of quiet downtime and leisurely walks or play sessions. Maple is suitable for families with children of all ages, especially where kindness and gentle interactions are encouraged. With the right introduction, she would be workable with a small dog companion.","maple",""
"2017-12-01","Hunter Valley Mid Coast (Maitland/ Muswellbrook/Newcastle/Forster)","956000009592212","Tilly","2026-04-07","FEMALE","","Meet Tilly Sweet 💕 Tilly Sweet is a placid, gentle girl with a heart as soft as her name. She has a calm and loving nature, making her a wonderful companion for a family looking for a sweet and steady presence in their home. While Tilly may be a little timid when first meeting new people or entering a new environment, she warms up beautifully when given a calm, reassuring space to settle in. Once she feels comfortable, her playful side shines through — she absolutely loves a good zoomie around the yard and enjoys spending time playing with her favourite toys. Tilly would suit a semi-active household where she can enjoy both relaxed downtime and some fun bursts of activity. She’s treat motivated, which makes training a rewarding experience and a great way to continue building her confidence. She could be workable with a small dog companion and would do best with a slow, gentle introduction to a cat. Tilly is suitable for a home with children of all ages, especially in an environment where interactions are calm and respectful as she continues to grow in confidence.","tilly-7",""
"2022-10-01","Western Sydney (Londonderry)","956000014879222","Sammy","2026-04-07","MALE","","Sammy is a stunning & friendly, happy-go-lucky boy who loves life, loves people, and especially loves kids. His favourite pastime is playing ball with his 10-year-old best mate — whether it’s kicking around a soccer ball or chasing a bouncing basketball, Sammy is always ready for fun. He has a high food drive, loves jumping in a clam pool, settles nicely in a crate and has even mastered how to go ""down"" on cue! He is happy to live with another dog his size, however not a requirement. He can also walk up and down stairs! Full of playful energy in short bursts, Sammy is just as happy to flop down afterward for a well-earned rest. He enjoys going for walks, spending time with his humans, and soaking up all the attention he can get. Sammy has shown he can settle nicely indoors, but a backyard for zoomies and chilling out would be best. A neighbourhood with a low small dog population is the best fit. Sammy would make a fantastic family dog for homes with kids or a loving companion for couples. With his sweet nature, playful spirit, and easy-going charm, he’s the perfect mix of fun and affections. Sammy is available at Western Sydney.","sammy-2",""
"2022-02-01","Central West (Bathurst/Dubbo/Coonabarabran)","956000007425862","Addison","2026-04-07","FEMALE","","Meet Addison 🐾 Addison is the sweetest 4-year-old girl who will completely steal your heart. With her adorable personality and affectionate nature, it’s impossible not to fall in love with her. To say Addison enjoys a cuddle and a pat is truly an understatement — she absolutely adores affection and will happily soak up all the love you’re willing to give. Her gentle, loving nature and beautiful soul melt the hearts of everyone she meets, she would fit well into a home with smaller dogs too. Addison is the kind of girl who will quickly become the centre of the family, bringing warmth, companionship and plenty of cuddles to her lucky forever home.","addison",""
"2021-09-01","Riverina (Wagga, Temora, Gundagai, Griffith)","956000013021468","Annie","2026-04-07","FEMALE","","Meet Annie 🐾 An energetic girl with loads of personality, who loves to run around the backyard either with toys or other dogs. She also loves water and enjoys splashing in her shell pool. Annie gets along with other greyhounds and little dog breeds (Poodle, Pug, Foxy, Jug). She is very friendly, loves pats and all the attention she can get! Annie is easy to walk on the lead and enjoys a car ride, just a delightful balance of joy and cuddles to have around. She would be most suited to a family (kids 6+) or active people with a nice yard to run about in. 💖","annie-12",""
"2023-05-01","Riverina (Wagga, Temora, Gundagai, Griffith)","956000015760800","Jaxson","2026-04-07","MALE","","Meet Jackson 🤍🐾 Jackson is a smaller, gentle and kind boy with a quiet and loving nature. He’s not overly active, preferring the simple pleasures in life, like pottering around the garden by your side or relaxing indoors close to his people. He can be a little shy when first meeting someone new, but give him a little time and you’ll see his beautiful personality shine through. Once he's settled in, Jackson is incredibly sweet, loyal, and affectionate. Jackson enjoys a bit of fun too! He loves water play and splashing around in his clam pool, and he’s wonderful to take out for a relaxed walk or a car ride. He’s happy to join you on outings but is just as content curling up inside, sneaking onto your bed if he gets the chance! He has experience living around smaller breeds like Pugs, Jugs, Foxies, and Shih Tzus, and would suit a home with small dogs or larger dogs who are friendly and easy-going. Jackson would thrive in a quieter household, perhaps with a couple who are home often, or a family with calm children aged 10 and over💛","jaxson",""
"2020-02-01","Western Sydney (Londonderry)","956000012225921","Ferb","2026-04-07","MALE","","Fabulous Ferby is looking for his forever home! Ferb is a super loving and affectionate guy who will go up to anyone and everyone and snuggle right into them! He steals the heart of everyone he meets and we just adore him! Ferb loves his humans so much that he would prefer a home where someone is around more often than not. However, Ferb also loves other medium-large size dogs and would gladly have a canine brother or sister for company while you are away at work. Ferb loves his food and is responding very well to training her at GAP HQ - he already walks perfectly on loose lead, recalls well, has been fantastic with toilet training, can lay down when asked and can walk up and down stairs. What a clever boy! Ferb would gladly share his home with older, respectful kids who would enjoy his affectionte nature but are also able to give him space when he needs a break. A quieter home without too much hustle and bustle beyond the fence is best suited for Ferb. This beautiful and sweet boy is going to be such an amazing pet. Apply to adopt Ferb today!","ferb",""
"2021-05-01","Western Sydney (Londonderry)","956000011580558","Benny","2026-04-07","MALE","","Come and meet Mr Personality himself, Benny, at Western Sydney! Whether it's posing for photos or playing with toys, Benny has an amazing personality he can't wait to share with you. This sweet, handsome, happy and charming boy is very friendly and will love to soak up attention from anyone. He loves food BUT! He loves toys more, and is a very motivated and eager to please type boy. He engages with enrichment like a champ, showing off his skills as he works through puzzle toys and snuffle mats, keeping him entertained while you're gone. He can coexist nicely with other greyhounds and can be rehomed along side one, but doesn't seem to need a dog friend in his life and would be comfortable as a solo pet. Older kids would suit Benny as he does like to check out what treats or toys might be in your hands! Benny dreams of a townhouse/backyard with an outdoor area, and would be happy to show you his skills on staircases if you have stair access. As a solo pet, a half day left alone is suitable at this stage. Meet this one of a kind boy at Western Sydney.","benny-12",""
"2020-10-01","Western Sydney (Londonderry)","956000007830484","Boris","2026-04-07","MALE","","Boris is a stunning and gentle boy who can't wait to meet you! Boris is a sweet boy who has learnt lots of things during his time at GAP including being able to walk nicely on lead. He also has a high food drive making him very trainable. Due to his ability to settle alone inside (when in GAP office), in conjunction with crate training to manage toilet training, he can work up to become an inside dog. He is happy to be left independently when you're out at work and would suit full time workers with a backyard or a courtyard ground floor unit. Boris would prefer to be the only pet in the home but has paired well in the past in controlled exposures. An owner who has experience with sight hounds would be the best as he is still learning to be around smaller breeds of dogs. He would suit a home with older children as he is a gentle and respectable and loves a pat. Meet Boris at Western Sydney!","boris-8",""
"2021-10-01","","956000011712963","Manny","2026-04-07","FEMALE","","Meet Manny 🐾 Manny is a beautiful 4-year-old greyhound with a lovely nature and a happy, playful personality. She’s an affectionate girl who enjoys getting out for a walk and soaking up plenty of pats and attention from her people. Manny has been workable around small dogs and, with the right introductions, could settle nicely into a home with canine friends. She’s a bright, friendly girl who loves being part of the action but also enjoys relaxing with her family. With her cheerful personality and loving nature, Manny would make a wonderful companion and a delightful addition to a lucky family looking for a sweet, playful greyhound.","manny-1",""
"2023-02-01","Riverina (Wagga, Temora, Gundagai, Griffith)","956000015950253","Stanley","2026-04-07","MALE","","Stanley is lovely, friendly, soft-natured boy who loves to cuddle. He has a quiet nature and just loves to be around you and check out what you're doing as you go about your day - a sticky beak! He is an easy-going, gentle lad who will be your best friend. Stanley is the perfect gentleman and companion for retirees or workers, he doesn't need much of a walk or trips in the car, he's just happy to hang about at home. Stanley isn’t an energetic boy, very easy-care who would make a wonderful pet, also great with the grandchildren 9 and 13 when they come to visit. 🐾💙","stanley-7",""
"2023-05-01","Riverina (Wagga, Temora, Gundagai, Griffith)","956000015756458","Dante","2026-04-07","FEMALE","","Dante is a friendly and affectionate little girl (25kg) who loves people, pats and cuddles once she gets to know you and is gentle with kids 8+. She enjoys car rides around town, walks well on lead, loves to play with her soft toys and splash in the her shell pool outside, while also enjoying time inside where she is housetrained and lies in her crate or on her bed, sleeping happily with her legs up in the air, even showering with you! Dante will make a loving family pet or companion, with or without another doggie friend. She is used to other greyhounds but can spend time on her own. A quiet household would suit her best and she will be a loyal friend you will fall in love with 💖🐾","dante",""
"2020-09-01","Western Sydney (Londonderry)","956000007466793","Ryan","2026-04-07","MALE","","*Hi I'm Ryan, I'm in a foster home!* Ryan has just come back from a foster care home over Christmas — keep reading to find out why his foster carer loved him so much! ""Ryan is the most beautiful, special boy with the loveliest and goofy personality that lights up a room. He settled into our home quickly and absolutely loved being around people; happily meeting new faces with his gentle nature. He adores pats and cuddles, often coming up to us for affection and even attempting to lay on top of us just to be close. Ryan is beautifully behaved on the lead and comfortably wears his muzzle, making outings a breeze. He’s a very well-mannered boy who would never jump on benches or steal food, and he patiently waits for his meals like a true gentleman. He loves adventures, from beach trips where he’d happily lay by the waves, to enjoying the rain, playing with boxes/teddies/balls and his favourite sleeping position is sprawled on his back on the couch or floor with his legs in the air without a care in the world. Ryan is such a special soul, and we truly hope he finds the perfect forever home because he deserves all the love and happiness in the world."" Ryan would suit a full-time working family, with a backyard. He is outgoing and friendly with people, loves treats and would also suit a home with another medium-large canine companion. Ryan loves his walks around the adoption centre (pictured!) — and did we mention he’s super smart? 🐾 He already knows “on your bed,” “down,” and “shake,” among plenty of other tricks he’s learned in pet training. Ryan’s waiting for his new best friends to pick him up at the Western Sydney Adoption Centre — could that be you?","ryan",""
"2022-04-01","Western Sydney (Londonderry)","956000011352250","Messi","2026-04-07","MALE","","Messi is a confident, excitable and friendly young boy. He would love a home with a yard where he can explore and smell all the interesting things in his new world. He enjoys time with people and would love a home that is willing to share adventures with him and continue teaching him about the best things in life. Messi would be happy to live with another dog who is happy to play and explore but also relax together. He enjoys going out for walks and would love to get some nice treats from a family ready to share their life with him. Available by appointment at Western Sydney","messi",""
"2021-01-01","Western Sydney (Londonderry)","956000011710398","Rocco","2026-04-07","MALE","","Rocco is a sweet and affectionate gentleman who can be a little shy at first but quickly decides he wants to be your cuddle buddy. He is a gentle middle-aged boy who has spent time with children and other dogs who respectfully shared space with him. Rocco has been getting used to the daily grind, walking in busy park areas meeting people and seeing dogs but he would also love a quiet yard to laze around in the sun. Rocco would be best suited to a canine companion who is quiet and calm like he is and also would prefer to live with calm, older children. He would love someone home to settle him in and spend time with him getting him used to your world and helping him grow his confidence and show his sweet, affectionate nature. Available by appointment at Western Sydney","rocco-2",""
"2021-12-01","Western Sydney (Londonderry)","956000013021098","Chumley","2026-04-07","MALE","","Hi, I'm Chumley, a happy, social boy who likes to get to know new people and who would thrive in a home with a backyard, with older children. Chumley can live alongside another greyhound or M-L dog and would suit an easy going family who can take all things pet life slow as he learns about the world around him. Chumley has an overall confident, friendly nature and walks nicely on the lead. Chumley has spent some time travelling around with other greyhounds in the same car, so a home who enjoy travelling with their dogs is a good fit for him! Meet our man Chumley by appointment at Western Sydney.","chumley",""
"2020-07-01","Western Sydney (Londonderry)","956000011574572","Rusty","2026-04-07","MALE","","Meet Rusty, your new best friend! Rusty is a calm and confident middle-aged man who would love a house or townhouse with a yard to enjoy. He would love to relax on the back porch with you watching children play or potentially run around the yard with a new canine companion. Rusty has spent time with children and loves his people so he would prefer to have someone home with him to give all his affection to. Rusty has met some other dogs and enjoys socializing, so he could live with a canine companion who matches his calm nature and enjoys an occasional play. Rusty is ready to make new friends; will you be his new bestie? Available by appointment at Western Sydney","rusty-11",""
"2020-06-01","Western Sydney (Londonderry)","956000012246139","Flo","2026-04-07","FEMALE","","Hi, I'm Flo. I can be shy when I first meet you but I have met children ages 1+ in my past, and done well with polite introductions. A respectful, calm home would suit me the best. A home with a courtyard/yard would be great so I can have some space to explore. I have been polite around big and small dogs and can go home with a likeminded calm canine companion. I've gone on walks out and about and walk very nicely on the lead. A slow introduction to all things pet life will be the best approach as I am still learning. Once you get to know me I become friendly, outgoing and very cuddly! Meet me by appointment at Western Sydney.","flo-7",""
"2021-11-01","Western Sydney (Londonderry)","956000014810040","Gus","2026-04-07","MALE","","Hey, It's me, Gus! I am confident and have been around lots of different things before...cars, dams, different surfaces, radios and TV's, all in preparation to meet my forever family! I have gone for walks to the local shops and seen lots of things that make me a confident well rounded dog. I am an excellent traveller and would be a great match for a family who are on the road a bit and want to take their dog with them. I have met people on street walks and enjoy the attention, I would also suit a home with a calm small or large dog. Small dogs seem to like my vibe! My overall energy is calm, friendly with bouts of playfulness guess I am your quintessential greyhound... I hope to meet you soon. Meet me by appointment at Western Sydney!","gus-11",""
"2019-07-01","Mid North Coast","956000007848754","Bindi","2026-04-07","FEMALE","","Bindi is a superstar both on and off the track! With 26 wins under her belt, she’s now ready to trade the racetrack for a cozy couch. Confident and affectionate, she adores attention and loves a gentle pat. Bindi is clean, quiet, and travels well in the car. She’s happiest after a good walk, when she can settle down for a well-earned snooze in comfort. This charming girl is looking for a calm, loving home where she can enjoy the best of both adventure and relaxation.","b-indi",""
"2023-07-01","Mid North Coast","956000015746074","Barry","2026-04-07","MALE","","Barry is a calm and easy-going companion who’s been house-trained and home-raised—he’s never raced and brings a settled, gentle presence to any home. He walks beautifully on lead and enjoys a reassuring pat, making him a joy to have around. Barry gets along well with both small and large dogs, but he does need a cat-free home. His trainer has a preference for domestic re-homing, and with the right patient family, Barry will provide loyal companionship, calm company, and plenty of quiet affection.","barry-3",""
"2024-01-01","Mid North Coast","956000007914669","Blake","2026-04-07","MALE","","Blake is a sweet, people-focused boy who adores being part of the family. He’s fantastic with children, travels well, and walks beautifully on lead, making every outing a joy. Blake loves affection and happily seeks attention from those around him, thriving on companionship and family life. Social and respectful with both small and large dogs, he would fit seamlessly into a home with other pets or enjoy being the center of attention as the only dog. Blake is ready to share his loving, friendly nature with a family that appreciates his gentle, sociable spirit.","blake-2",""
"2022-02-01","Mid North Coast","956000007423124","Artilla","2026-04-07","MALE","","Artilla is an energetic greyhound with a zest for life and a love of adventure. Always ready to get out and explore, he would make a fantastic companion for someone who enjoys staying active and including their dog in everyday outings. This bright boy will thrive as the only dog in the home, where he can soak up all the attention and build a strong bond with his person. With time, patience, and gentle, consistent training, Artilla has all the potential to flourish into an incredibly rewarding companion. He’s looking for a committed owner who’s ready to invest in his development and guide him with kindness and encouragement. In return, Artilla will offer loyalty, enthusiasm, and a whole lot of love. If you’re searching for an adventure buddy and are excited about helping a dog reach his full potential, Artilla could be the perfect match. 💛","artilla",""
"2019-12-01","Mid North Coast","956000012226863","Ice","2026-04-07","MALE","","Meet Ice Ice is a striking white and black boy with a confident, adventurous spirit, making him a wonderful companion for an active home. He’s eager to head out on walks and may be strong at first, but he settles as he goes. Ice travels well in the car, enjoys exploring new places and is happiest after a good adventure followed by some relaxation time with his people. Ice truly loves human company. He enjoys a pat and will seek out his people for connection. He is very food motivated, making training both fun and rewarding. He’s happiest enjoying his mealtimes separately from other dogs. Ice would be best suited as the only dog in the home, where he can enjoy his own space and routine while soaking up all the attention. If you’re looking for a confident, affectionate companion to share your walks and your downtime, Ice could be the perfect fit.","ice",""
"2021-11-01","Mid North Coast","956000007427394","Bernie","2026-04-07","MALE","","Bernie is a relaxed and confident greyhound who takes the world in his stride. With his calm outlook and steady nature, he handles new situations with ease and settles in beautifully wherever he goes. He loves exploring his surroundings and is always happy to head out on an adventure, whether it’s discovering a new walking track or simply enjoying a change of scenery. Curious yet composed, Bernie strikes the perfect balance between laid-back companion and enthusiastic explorer. Bernie would be an ideal match for someone looking for a loyal adventure buddy — a best friend who’s just as content out and about as he is unwinding at home afterwards. If you’re ready for a confident, easygoing partner to share life’s journeys, Bernie could be the one for you. 🐾","bernie-3",""
"2023-10-01","Mid North Coast","956000016305834","Nancy","2026-04-07","FEMALE","","Nancy may be a little shy when you first meet her, but it doesn’t take long for her sweet personality to shine through. With a little reassurance and a gentle approach, she quickly warms up and soon leans in for the pats she secretly loves. Curious and playful, Nancy is a real “Dora the Explorer,” always eager to investigate her surroundings and see what’s going on. Whether she’s sniffing out new scents or checking out a new toy, her inquisitive nature makes every day an adventure. Nancy would truly thrive in a loving, patient home where she can continue to build her confidence, enjoy playful moments, and soak up plenty of affection. With the right family by her side, she’ll blossom into a devoted and joyful companion. 🐾","nancy-4",""
"2023-07-01","Mid North Coast","956000015947821","Nancy","2026-04-07","FEMALE","","Nancy is a truly affectionate greyhound who simply adores people. A natural people-lover, she thrives on attention and is always eager to please everyone she meets. Her gentle, loving nature makes her an instant favourite with anyone lucky enough to spend time with her. Calm and confident, Nancy takes life in her stride. She enjoys a playful moment when the mood strikes, happily showing off her fun side, but she’s just as content curling up beside her favourite humans for a cuddle and plenty of pats. With her beautiful balance of playfulness and relaxation, Nancy would make a devoted, loving companion for a home ready to share plenty of affection. If you’re looking for a sweet soul who will happily be by your side, Nancy could be the perfect addition to your family. 🐾","nancy-3",""
"2022-07-01","Mid North Coast","956000011359035","Benji","2026-04-07","MALE","","Benji is a sweet, confident greyhound with a heart as big as his long legs. He absolutely adores people and thrives on human company, happily soaking up every bit of love and attention he can get. Out on walks, Benji is a dream on the lead — calm, graceful, and a pleasure to stroll alongside. He also travels with ease, making him a wonderful companion for adventures near or far. Benji has a missing toe from an old injury, but it doesn’t slow him down one bit. He takes everything in his stride and lives life to the fullest, showing just how resilient and special he is. He would be happiest as the only dog in the home, where he can enjoy being the centre of attention and build a close, devoted bond with his people. If you’re looking for a loyal, loving companion who will bring warmth and elegance to your home, Benji could be your perfect match. 🐾","benji-14",""
"2021-07-01","Western Sydney (Londonderry)","956000007465988","Barney","2026-04-07","MALE","","If Barney's sweet and soulful eyes have caught your attention, keep reading to find out if you could be the perfect fit for our special guy, Barney. Barney is available to a home who can nurture a shy greyhound out of their shell. Barney requires a special home with a quiet lifestyle and a backyard with secure fencing where he can retreat to and enjoy the peace and quiet away from people when he needs it. A home without children is a must for our shy Barney, however a calm, wise and understanding dog of any size (small or large) would be a lovely companion to help him build his pet skills and help him adapt to his new life with his forever family. If you are someone who can provide a shy dog the structure, support, and ongoing confidence training that he needs to thrive as a pet, we'd love to hear from you. Barney is available for fostering or adoption by discussion with GAP team. We can't wait to hear from Barney's perfect family!","barney-6",""
"2019-03-01","Hunter Valley Mid Coast (Maitland/ Muswellbrook/Newcastle/Forster)","956000006812320","Tilly","2026-04-07","FEMALE","","Tilly is a happy girl with the biggest smile and an even bigger heart. She has a playful, slightly goofy side that will keep you laughing, but at her core she’s a true people-lover who just wants to be near her humans. She’s very people-orientated and thrives on companionship, so a home where someone works from home or where she has another friendly dog to keep her company would suit her beautifully. Tilly is happiest when she’s part of the action and included in family life. Tilly would make a wonderful family dog. She could be workable with a small dog and even a cat, with the right introductions. She walks nicely on lead, enjoys getting out and about, and is very treat motivated — which makes ongoing training both fun and rewarding. She would love a home with a secure yard where she can stretch her legs, play, and soak up the sunshine before coming back inside for cuddles. If you’re looking for a loyal, loving, slightly goofy best friend with a permanent smile, Tilly might just be your perfect match. 💛","tilly-6",""
"2021-03-01","Southern NSW/ACT (Bulli, Nowra, Goulburn, Canberra)","956000007432560","Leggy","2026-04-07","MALE","","This handsome fellow is currently sharing a yard with another greyhound and spending time playing with a little Italian greyhound. He is very sweet and affectionate, loves to play and loves affection. Would be an excellent supervisor while your working in the yard.","leggy-1",""
"2019-08-01","Southern NSW/ACT (Bulli, Nowra, Goulburn, Canberra)","956000011103512","Luna","2026-04-07","FEMALE","","Luna is an energetic girl that enjoys a yard where she can cut loose in the morning and bust out some zoomies. Then like most greyhounds she's done, finished gone for the day and happy to cuddle up and relax. She shares a yard with Bubba and good left alone.","luna-15",""
"2022-05-01","Western Sydney (Londonderry)","956000011349965","Jason","2026-04-07","MALE","","Meet Jason, a sweet guy with lots of personality, ready to find a place to call home! Jason has spent some time in a home and is ready to step paws into his forever home. A home with a backyard or courtyard would best suit Jason, so he can do his zoomies or have a snooze in the sun. He can be a little shy at first but with a few scratches behind the ear and a couple treats, you'll win him over in no time! A home with quiet children is best suited, so Jason can enjoy the serenity. Jason gets along well with his Greyhound mates, so a home with another medium to large dog could work for him, pending a meet and greet. Available at Western Sydney!","jason-1",""
"2021-02-01","Western Sydney (Londonderry)","956000011563768","Malley","2026-04-07","MALE","","Hi, I'm Malley! I've been learning lots of things about the world while I wait to be adopted. I am super friendly and will make a sensational first impression, if I do say so myself! I am very charming and think you will just love me! I know what a lounge is, how to navigate those weird things called ""stairs"", and have enjoyed spending time in an open crate, and spending time indoors, too. I'm a good traveller, I also love toys and treats and my handlers call me a big softie! I would prefer short hours alone as a solo pet and a slow intro to the big wide world as my horizons slowly expand as a pet with you. If you thought you might like a big affectionate softie like me simply reach out to the Western Sydney adoption centre :)","malley",""
"2021-06-01","Western Sydney (Londonderry)","956000007466680","Emily","2026-04-07","FEMALE","","Emily is a warm, people-focused gal who has been making lovely progress during her time at GAP. She is bright and responsive, quickly picking up new skills and showing a great willingness to learn. Training sessions are something she genuinely enjoys, especially when food rewards are involved! In new or unfamiliar settings, Emily can be a little reserved at first, but she adjusts quickly once she feels safe and supported. As her confidence grows, her affectionate and engaging personality really shines through. Emily would be best suited as the only pet in the home. She is most comfortable without the presence of other animals and will thrive in an environment where she can relax without needing to share her space. She would be suitable for a home with respectful children. A house with a secure yard would be ideal, giving her room to stretch out and decompress. She is still building confidence with stairs and is progressing steadily, but a home with minimal stairs — or a patient approach while she continues learning — would be beneficial. Initially, Emily would do best in a home where someone is around most of the time, with only short periods of alone time as she transitions. With routine and consistency, her independence can continue to develop. Emily is a clever, affectionate girl who is well on her way to becoming a wonderful companion. In the right home, she will reward her family with loyalty, warmth and steady progress.","emily-2",""
"2017-10-01","Western Sydney (Londonderry)","956000009416605","Rex","2026-04-07","MALE","","Rex is a people-loving greyhound who thrives on attention and connection. If you’re looking for a companion who enjoys being part of your day and happily soaks up affection, Rex will be right by your side. He’s highly motivated by food, which makes him responsive and engaged, and he settles beautifully in his crate when it’s time to relax. While toys aren’t really his thing, human company certainly is. Rex has socialised well with other greyhounds and could share his home with a compatible medium to large canine friend, though he would be just as happy as the only dog. He would be suitable for a family with respectful children and has shown a calm and affectionate nature in his interactions with people. Rex has demonstrated that he settles best indoors and enjoys the comfort of home life. A townhouse with at least a small courtyard would be ideal, giving him a bit of outdoor space to stretch his legs and unwind. Initially, Rex may be best suited to a home where he has someone home more often than not, while he adjusts, but he has shown an encouraging ability to self-settle. With gradual progression and routine, his capacity can continue to build. Rex is a warm, affectionate boy who is ready to enjoy the comforts of pet life. With structure, guidance and plenty of love, he will make a devoted and rewarding companion.","rex-6",""
"2020-10-01","Southern NSW/ACT (Bulli, Nowra, Goulburn, Canberra)","956000012808371","Bonnie","2026-04-07","FEMALE","","Bonnie was breed to be on the couch, she likes to lounge around and keep it real. She is a pretty girl that looks like she would suit the apartment lifestyle.","bonnie-9",""
"2022-10-01","Riverina (Wagga, Temora, Gundagai, Griffith)","956000014801733","Cheesey","2026-04-07","MALE","","Meet Cheesey – Your Loyal, Lovable Sidekick 🐾 Cheesey is a lovely-natured boy with a gentle, caring heart. He absolutely adores kids aged 10–13 and thrives on attention, pats, and plenty of love. When you come home, he’ll greet you with happy excitement, then quickly settle down after pats and play, content just to be by your side. On walks, Cheesey is a dream - once he get sgoing he happily strolls at your pace and enjoys taking in the world with you. After a nice walk and a zoom around the yard or some fun with his toys, he’s more than ready to flop on the floor for a well-earned rest. He’s attentive, loyal, and eager to please, making him a very trainable companion. Cheesey loves splashing in his water bowl or cooling off in a shell pool — he’s got a playful streak and a bit of a cheeky character that will keep you smiling. Importantly, Cheesey is also wonderfully patient and independent. He’s perfectly happy to relax on his own during the day if you’re at work - no fuss, no hassle. Just a steady, easygoing boy waiting for his people to come home. 🐾💙","cheesey",""
"2021-07-01","Southern NSW/ACT (Bulli, Nowra, Goulburn, Canberra)","956000007421604","Max","2026-04-07","MALE","","Max is a beautiful active boy who loves to go on adventures max is suited to full time workers max loves older kids as he loves to play with toys and can sometimes forget his size with younger children. despite his energy max walks very well on lead max requires a larger fenced area to ensure he stays in the backyard all day as he can sometimes want to go and hang out around the neighbourhood. max is a clean and healthy boy and would suit your more active lifestyle","max-17",""
"2021-10-01","Northern Rivers (Grafton, Lismore, Casino)","956000012929850","Dot","2026-04-07","FEMALE","","Meet Dot !! Dot is a gentle, steady girl who is beginning to settle well into home life. She enjoys exploring, relaxing with her people, and she absolutely loves the water. Dot gets on well with all dogs and has a calm, social nature that makes her easy to have around. She’s learning the rhythm of household living and is taking everything in her stride. With her sweet temperament and easygoing personality, Dot is ready to find a home where she can continue to grow in confidence. If you’re looking for a loving companion to share your heart and home, Dot might be the perfect Valentine match.","dot-5",""
"2021-01-01","Hunter Valley Mid Coast (Maitland/ Muswellbrook/Newcastle/Forster)","956000007453900","Maizie","2026-04-07","FEMALE","","Meet Maizie 🐾💖 Maizie is a lively, playful greyhound bursting with energy and personality! She’d thrive in a home with a secure yard where she can stretch her legs, zoom to her heart’s content, and enjoy the great outdoors. A confident canine companion would be the perfect match for Maizie – she loves the company of other dogs and enjoys having a buddy by her side. With her fun-loving nature, Maizie is best suited to a home with older children who can keep up with her zest for life. She absolutely lives for treats, adores affection, and isn’t shy about handing out face licks as her signature love language! If you’re looking for a smart, affectionate greyhound who’s full of beans and full of love, Maizie is ready to join your family and brighten your days (and maybe even steal your heart…)","maizie-2",""
"2021-05-01","Northern Rivers (Grafton, Lismore, Casino)","956000007830444","Hope","2026-04-07","FEMALE","","Meet Hope, a sweet and gentle soul who's ready to bring warmth and companionship into your life. Her quiet nature is truly heartwarming, making her an ideal companion for anyone seeking a serene presence. Hope is crate trained, offering peace of mind when you need it. Her adaptable nature enables her to live comfortably in a variety of environments, from small apartments to more spacious homes. Hope is a social butterfly when it comes to her fellow canines. Whether large or small, she gets along famously with dogs of all sizes. If you're looking for a sweet, quiet, and gentle companion, Hope is sure to become a beloved member of your family.","hope-11",""
"2020-09-01","Riverina (Wagga, Temora, Gundagai, Griffith)","956000007826627","Adal","2026-04-07","MALE","","Adal – A Big Hunk of Love! Adal is the sweetest, affectionate boy with a big heart and just as much love to give. He’s great with all people, always happy to see you, excitable at times and loves showering you with kisses. This easy-going lad enjoys his walks, car rides, playtime with his toys, and hanging out with his greyhound friends, as well as playing with the resident Whippet and Jack Russell. With his lovely nature, happy personality, and endless love to share, Adal will make a wonderful companion, especially if someone is home, though he can be on his own or with another dog to play with. 💙","adal",""
"2019-11-01","Western Sydney (Londonderry)","956000012247656","Ocean","2026-04-07","MALE","","Adorable, playful boy Ocean is looking for a new place to call home! Ocean is an outgoing and friendly boy best known for his goofy, playful bursts that will have you laughing! At 6-years-old, Ocean is a little more relaxed and those playful spurts don't last long before he needs a good recharge nap, making him an easy pet! Ocean is pretty easy-going and doesn't mind spending a few hours alone while his humans are away, provided you live in a quieter neighbourhood without too much hustle and bustle going on beyond the fence. Ocean gets along well with other medium-large dogs and is also suitable for living with older, respectful children. We just know Ocean is going to bring his forever family so much love and joy! He is waiting for you at our Western Sydney adoption centre.","ocean-3",""
"2020-10-01","Western Sydney (Londonderry)","956000007809066","Toby (Western Sydney)","2026-04-07","MALE","","Happy and handsome blue boy Toby is a friendly, confident and social boy who loves to recieve praise and treats. He would suit a home with a home with some hours alone during the day, and can live alongside another greyhound. He has also become friends with a Labrador! An owner willing to continue his training around smaller breeds of dogs will see Toby succeed as he would benefit from ongoing exposure. He can walk up and down stairs and would love a backyard to call his own, however he settles best in indoor settings. A family who will include him in the daily activities of family life will be a great fit. Older/teen kids would be the best match for his occasionally bouncy nature. Meet Toby at Western Sydney!","toby-10",""
"2019-01-01","Southern NSW/ACT (Bulli, Nowra, Goulburn, Canberra)","956000006676985","Lilo","2026-04-07","FEMALE","","Lilo loves to feel the earth under her feet and be in the yard but she does also like affection and being close the ones she loves. She likes the water and cooling down on hot days. She will inspect new people she meets and will come around once she approves.","lilo-3",""
"2020-03-01","Southern NSW/ACT (Bulli, Nowra, Goulburn, Canberra)","956000007833551","Stitch","2026-04-07","FEMALE","","Stitch has lived around farm animals and native animals most of her life so she is unbothered by a lot of things. She may get excited but she calms down quite quickly. She is very confident and happy and would love a yard to look after.","stitch-3",""
"2019-01-01","Southern NSW/ACT (Bulli, Nowra, Goulburn, Canberra)","956000006804085","Rapunzel","2026-04-07","FEMALE","","Rapunzel loves any form of affection. She will come to you when called, she is confident and not bothered by much in life.","rapunzel",""
"2023-09-01","Southern NSW/ACT (Bulli, Nowra, Goulburn, Canberra)","956000015733852","Lulu","2026-04-07","FEMALE","","Lulu isn't bothered by the sheep and native animals that surround her. She is a happy go lucky girl that is very confident and ready to explore new places.","lulu-6",""
"2022-12-01","Northern Rivers (Grafton, Lismore, Casino)","956000015031593","Geno","2026-04-07","MALE","","Meet Geno, a sweet and happy boy who's sure to steal your heart with his wagging tail and bright eyes, as he loves nothing more than receiving pats from everyone he meets. Geno is a sociable pup who revels in the company of other dogs. His friendly demeanor means he'll quickly become a beloved member of any dog-friendly household. He's a fan of good meals and thoroughly enjoys his food. One of Geno's most endearing qualities is his love for the water. Geno loves to splash in his paddle pool and Geno is the perfect companion for those who appreciate a mix of play and relaxation. If you're looking for a sweet, happy dog who's as charming as he is friendly, Geno could be the perfect match for you. With Geno, every day is an opportunity for fun, affection, and shared experiences.","geno",""
"2021-04-01","Northern Rivers (Grafton, Lismore, Casino)","956000011704804","Dex","2026-04-07","MALE","","Meet Dex, the strikingly handsome and robust canine companion who loves for water and has a zest for life, Dex is the ideal pet for those who appreciate an adventurous soul . Dex exudes strength and charm, preferring the company of larger dogs who match his playful energy and enthusiasm. Whether he's splashing around in a pool, pond, or simply enjoying a sunny day outdoors, Dex is happiest when he's with his big-sized friends. Toys are another passion of Dex's; he enjoys the simple pleasures of tug-of-war or a good game of fetch. His playful antics with his toys will surely keep you entertained. While he adores the companionship of big dogs, he prefers a home without small dogs to ensure everyone's comfort and harmony. Dex's energetic nature would thrive in a home with an active lifestyle, spacious yard, or access to dog-friendly outings. Embrace the adventure and heartwarming fun that Dex brings to every day. Are you ready to welcome a strong, water-loving, toy-enthusiast into your life.","dex-3",""
"2021-10-01","New England","956000012864310","Cheeky","2026-04-07","FEMALE","","Cheeky is a joyful, energetic girl whose name says it all! She’s bursting with personality, always ready for an adventure, and guaranteed to bring a smile to your face. Cheeky has a playful, spirited nature. Whether she’s zooming around the yard, exploring new places, or showing off her silly side, she brings excitement and joy to every day. She thrives on activity and engagement, perfect for someone who enjoys a lively companion. Her zest for life is contagious! Despite all her energy, Cheeky has a beautifully soft side. She’s incredibly affectionate and loves being close to her humans, soaking up cuddles and attention whenever she can.","cheeky-9",""
"2021-04-01","New England","956000007423971","Asha","2026-04-07","FEMALE","","Asha is a sweet and loyal greyhound with a gentle personality and a heart big enough for everyone she meets. She’s the perfect mix of affectionate companion and playful friend. 💛 Sweet & Loyal Asha bonds deeply with her people and loves being part of the action. Whether she’s leaning in for cuddles or trotting happily beside you, she’s all about love and connection. 🐶 Great With Other Dogs One of her standout traits is how beautifully she gets along with other dogs. She’s friendly, social, and thrives in the company of canine buddies. ✨ Why You’ll Love Asha Sweet, gentle, and people‑focused Fun-loving with a soft, joyful personality Gets along wonderfully with other dogs Loyal and affectionate","asha-1",""
"2022-06-01","New England","956000014850536","Kota","2026-04-07","FEMALE","","🌸 Meet Kota - A Gentle Soul Looking for a Patient, Loving Home Kota is a very special girl with a soft heart and a sensitive spirit. She may take a little while to warm up, but once she trusts you, she forms deep, meaningful bonds that make every moment worth the wait. 💗 A Sensitive, Quiet Beauty Kota can feel a bit unsure in new environments, and she prefers to take things slowly. She’s not the kind of dog who rushes into new situations, she observes, thinks, and opens up at her own pace. But beneath that initial shyness is a truly affectionate, loyal companion. 🏡 Needs a Calm, Patient Home Kota will thrive in a warm, gentle, and patient household where she can feel safe and loved. She’ll do best with people who understand that trust takes time, and who are happy to give her the space and reassurance she needs to blossom.","kota",""
"2022-12-01","Western Sydney (Londonderry)","956000015726981","Ray","2026-04-07","MALE","","Hey, I'm Ray! You could say I am a ray of sunshine, I'm so friendly and vibrant and ready to light up your life! 🔆 I will give you cuddles, licks and give you an amazing first impression with my confident personality. My best suited home is a home who loves all things greyhounds - from my zoomies to my naps. I love zoomies and play, and I will be your sweet and joyful companion who will always be wiggly and cute when you get home from work. I will run around and keep you active, so a home with a yard is going to be great for me and my sunshine personality! I can be excited to get going on the lead but I will be eager to learn and walk nicely once we get into routine. My best suited home is one with shorter hours alone while I settle in, I can also go home with a medium to large canine companion. If you need some more rays of sunshine in your life, come and meet me at Western Sydney!","ray-4",""
"2023-03-01","Mid North Coast","956000015733664","Jack","2026-04-07","MALE","","Jack is a friendly and confident boy who genuinely enjoys human interaction and being part of the family. He’s comfortable travelling and is happy to join you on outings, making him a great companion for an on-the-go lifestyle. Jack is best suited to a home with other large dogs or greyhounds and would not be suitable for homes with small dogs or birds. On lead, he can be a little excitable at first, but once given clear direction he settles quickly and walks along nicely. With guidance, consistency, and plenty of affection, Jack will make a loyal and engaging addition to the right home.","jack-38",""
"2023-03-01","Mid North Coast","956000015733409","Erroll","2026-04-07","MALE","","Erroll is a confident, playful boy who loves engaging with both people and other dogs. Full of energy and boisterous fun, he thrives on walks, playtime, and being right in the middle of the action. Whether it’s heading out for an adventure or joining in on social time, Erroll is always keen to be involved. Despite his lively nature, Erroll is also able to settle comfortably, making him a great balance of fun and companionship. He’d suit a home that can keep up with his enthusiasm and enjoy sharing life with a dog who brings joy, confidence, and plenty of personality.","erroll",""
"2023-03-01","Mid North Coast","956000015733389","Lionel","2026-04-07","MALE","","Lionel is a confident and friendly boy who absolutely loves people and greets life with a curious, playful spirit. Well-behaved and affectionate, he enjoys being involved in whatever’s going on around him and would suit an active, loving home where he can share daily walks and quality time. Lionel is happiest when he’s with his best buddy Hazel, and the two share a special bond. If you’re able to welcome them both, you’ll be rewarded with a perfectly matched pair who bring companionship, fun, and plenty of heart into the home.","lionel-1",""
"2023-03-01","Mid North Coast","956000014888919","Hazel","2026-04-07","FEMALE","","Hazel is a beautiful blue female greyhound with a calm, confident, and sweet-natured personality. She loves attention and will happily respond when you call her name, always ready for a gentle pat or some quiet company. Hazel gets along well with other dogs and would thrive in a home that offers a yard and regular companionship. She shares a special bond with her friend Lionel, and if you have room in your heart and home for two, Hazel would absolutely love to stay by his side. With her gentle presence and loving nature, Hazel would make a wonderful, loyal companion.","hazel-7",""
"2020-12-01","Mid North Coast","956000012806301","Rodney","2026-04-07","MALE","","Rodney is a stunning black male greyhound with a shiny coat and a full-of-beans personality to match. He’s an excitable, playful boy who brings joyful energy wherever he goes, but don’t let that fool you—he absolutely melts for pats and affection. Rodney would thrive in a home that enjoys daily walks and a bit of fun, as he loves getting out and about and stretching his long legs. He enjoys the company of other larger breed dogs and is happy to share his space, but he’s just as content soaking up someone’s full attention and being the star of the show. With his playful spirit and loving nature, Rodney is the kind of dog who will keep you smiling and fill your home with warmth (and the occasional zoomie). If you’re looking for a fun-loving companion with a big heart, Rodney might just be your perfect match 💛","rodney-1",""
"2022-05-01","Western Sydney (Londonderry)","956000014817029","Billy (Western Sydney)","2026-04-07","MALE","","Hey, Billy here! I'm a cheerful & sweet guy with a gentle nature. I walk nicely on the lead and promise to go on a laid back dawdle around the block peacefully with you. Because I am gentle and loving, I'm also polite around big and small dogs on walks and can go home with another medium to large breed canine companion. A home with respectful children would be suitable for me. I am a good traveller in the car, and have no issue around things like lawnmowers, vans, foot traffic on walkies, etc and would be the kind of dog to take things in my stride! A home with a yard or a small courtyard would be great so I have somewhere to chill out when I want to. Come meet me at Western Sydney by appointment!","billy-western-sydney-1",""
"2021-07-01","Riverina (Wagga, Temora, Gundagai, Griffith)","956000013035429","Scoot","2026-04-07","MALE","","Scoot is a gentle and kind boy, well mannered with a really lovely temperament. He will wait his turn and is patient around other greys and little dogs including a mini poodle, Shih Tzus and a Pug. Scoot is happy, friendly, fun-loving and an easy going all-rounder. He's loves a bit of a zoomie in the morning and a walk in the afternoon or a play in the yard, especially splashing in his shell pool, then just as happy to flop down and chill out. He's great with kids 8-10+ but it's in his nature to be gentle with younger kids 5+ as well. Scoot will laze about watching or follow you around as you go about your daily chores; he likes to check out what you're doing whether that's gardening, being in the shed, going for a walk or off to feed the chickens before dinner and bedtime. He's also fine with workers and being outside all day, where he gets along with other dogs, big and small. Scoot Scoot would make a loving loyal companion or family pet who just wants to be your best friend. 💙","scoot-2",""
"2021-11-01","Hunter Valley Mid Coast (Maitland/ Muswellbrook/Newcastle/Forster)","956000007426210","Lily","2026-04-07","FEMALE","","Lily is a sensitive, nervous girl who’s looking for a patient and loving home where she can continue to build her confidence at her own pace. She’s currently working on exposure in a home environment and is making progress with calm, supportive guidance. Lily has been around small dogs, though she’ll need slow, safe introductions and careful management as she settles in. A quiet household with understanding humans who are happy to let her take things one step at a time would suit her best. With kindness, consistency, and a little extra love, Lily has the potential to blossom into a wonderful companion.","lily-3",""
"2023-12-01","Hunter Valley Mid Coast (Maitland/ Muswellbrook/Newcastle/Forster)","956000016770827","Shelby","2026-04-07","FEMALE","","Shelby is a very energetic greyhound who’s always ready to go. She’s best suited to an active lifestyle with plenty of opportunities to burn off her energy and enjoy structured play. If Shelby is rehomed with another dog, she’ll need an experienced owner and a canine companion who can truly match her energetic play style. She plays hard and would do best with a confident, compatible dog who enjoys the same level of activity. A secure backyard is a must for Shelby, giving her the space she needs to run, play, and unwind. In the right home, Shelby will thrive as a fun, lively companion for someone who loves an active dog.","shelby-4",""
"2020-11-01","Hunter Valley Mid Coast (Maitland/ Muswellbrook/Newcastle/Forster)","Microchip Number 956000007807685","Lenny","2026-04-07","MALE","","Lenny is a beautiful male greyhound who knows exactly what he likes—and he likes his own space. He’d be happiest as a solo dog, where he can fully relax and enjoy being the center of attention. Out and about, Lenny is perfectly fine around other dogs and handles public settings well, but he’s not a fan of other dogs getting too close in his personal bubble. Because of this, he’s best suited to a home where he can have his space respected. Lenny would thrive in a semi-active household and is accustomed to being handled by kids, making him a great option for a family that understands dog boundaries. He’s a lovely boy with lots to offer the right home.","lenny-13",""
"2021-05-01","Hunter Valley Mid Coast (Maitland/ Muswellbrook/Newcastle/Forster)","956000011704931","Roger","2026-04-07","MALE","","Roger is a handsome black greyhound with a calm, easygoing vibe. He’s a pretty chill dude who enjoys a relaxed lifestyle and doesn’t ask for much beyond comfort, kindness, and a good routine. Roger would do best as a solo dog or with a female canine companion. He can be workable with small dogs and even cats, given the right introductions and management. His laid-back nature makes him a great match for full-time workers or a family looking for a low-key, affectionate dog. If you’re after a gentle, uncomplicated companion who’s happy to go with the flow, Roger might just be your guy.","roger-3",""
"2019-12-01","Northern Rivers (Grafton, Lismore, Casino)","956000012246946","Mickey","2026-04-07","MALE","","Mickey is a gorgeous white and blue male greyhound with a truly lovely personality — and he’s a smaller boy too, which just adds to his charm. He’s sweet, gentle, and a pleasure to have around. Mickey has spent time in a house and is comfortable being indoors, though he hasn’t lived full-time inside yet. He can manage stairs going up, but will need some support and patience with coming back down as he continues learning. He is workable with small dogs and, with the right slow and careful introductions, may also be cat workable. His future family will need to be prepared to put in the time and consistency to help him succeed, but Mickey’s kind nature makes him well worth the effort.","mickey-2",""
"2021-11-01","Northern Rivers (Grafton, Lismore, Casino)","956000013022342","Fang","2026-04-07","MALE","","Fang is a striking white and red brindle male greyhound with a gentle, sensitive nature. He walks nicely on lead and enjoys getting out for calm, relaxed strolls. When first meeting new people, Fang can be a little nervous and appreciates a slow, patient approach. He will come over for pats, but prefers things to be taken at his pace — once he feels safe, he settles beautifully and shows his sweet, trusting side. Fang had a calm interaction with a small dog, enjoying a polite sniff before disengaging, and he showed lovely manners around other greyhounds during his assessment. He would do best in a home that understands shy dogs and is happy to let him build confidence in his own time.","fang",""
"2022-12-01","Northern Rivers (Grafton, Lismore, Casino)","956000015730266","Precious","2026-04-07","FEMALE","","Precious is a beautiful black female greyhound with a calm, thoughtful nature and a quiet charm. She travels well, making her an easy companion for outings or trips, and settles nicely when on the move. Precious enjoys affection on her own terms and will happily engage for pats when she’s in the mood, showing her gentle and endearing personality. She gets along wonderfully with other greyhounds and is workable with small dogs, especially with sensible introductions and guidance. She would suit a home that appreciates a dog who is affectionate yet independent, and who values relaxed companionship over constant attention. Precious at a glance: Black female greyhound Travels well Enjoys pats when interested Great with other greyhounds Workable with small dogs Precious is a lovely girl who brings a calm presence and quiet warmth to those lucky enough to spend time with her 🐾🖤","precious-4",""
"2018-10-01","Western Sydney (Londonderry)","956000006172313","Marshall","2026-04-07","MALE","","*Marshall has spent time in a foster care home over Christmas!* Marshall is a lovable guy who’s happiest when he’s right by your side,he’ll follow you around like your own little shadow, eager to be involved in all your daily adventures. He’d do best in a home where someone’s around more often then not to help him settled into pet life. Marshall also needs a yard to roam and explore since settling inside can be a bit tricky for him,though he does have a soft spot for his crate, which he finds cosy and calming. He’s great with kids 10 and up, and while he’s okay with medium to large dogs when out and about, he really prefers being the star of the show at home,so a single-dog household would be his dream come true. If you’re looking for a loyal companion who’s part shadow, part cuddle bug, and 100% ready to steal your heart, Marshall’s your guy!","marshall-4",""
"2020-11-01","Western Sydney (Londonderry)","956000007364060","Ellie (Western Sydney)","2026-04-07","FEMALE","","Introducing sweet little Ellie! Ellie can be a little shy at first with new people, but with some patience and love you will soon see her affectionate and goofy playful sides come out! Ellie loves her treats and her toys and we have found it to be a super rewarding experience to win her over! She may even delight you with her spontaneous joyful zoomies (that last approximately 7 seconds before she needs a nap). Ellie would suit a relaxed and laid back home and lifestyle and would love a backyard or courtyard to call her own. She is happy to share her home with another medium-large dog, or could spend a few hours chilling alone during the day as a single dog. Older, respectful kids/teens are suitable, provided they can give Ellie space when she needs a break. If you think you can give Ellie the loving home she deserves, apply online today to adopt this sweet girl!","ellie-12",""
"2023-02-01","Western Sydney (Londonderry)","956000014914658","Romeo","2026-04-07","MALE","","*Romeo is in a foster care home in the Inner West* Foster Update: Romeo is super happy, affectionate and playful pup (no resource guarding or sleep startle observed). He is quite confident and outgoing at home. When he’s asleep he is angelic and when he is awake, he is effervescent. He has settled in quickly, he knows where his beds are and has a sleep bed and a play bed, he figured out very quickly where his toys live and how to dig the goat horn his favourite toy out of the basket. Romeo is a quick learner and has now mastered indoor and outdoor steps. He is responding to his name most of the time. His playful antics make us laugh to no end. He is happy to pass dogs on a footpath without much notice. Favourite things about him: His beautiful soulful eyes, his stunning looks, his mischievous personality, his independence and his affectionate behaviour. *Romeo is available from the Western Sydney adoption centre via appointment with his foster carer*","romeo-1",""
"2019-08-01","Western Sydney (Londonderry)","956000011151238","Snippy","2026-04-07","MALE","","Snippy is a relaxed, friendly, easy-going gentleman, who’s not jumpy and a dream on the lead. He’s super social, affectionate, and loves spending time with people - he just adores the grandkids aged 6 and up! Snippy’s happy nature makes him an excellent pet - he LOVES to lean on you and get cuddles, which we just love! He’s great with other calm natured greys, and would prefer shorter hours alone as a solo pet. He loves his daily walks, swimming adventures, and is very food-motivated making him a breeze to train. He’d thrive in a home with someone who has time to hang out with him and has a nice quiet backyard for him to chill out in. Snippy has mastered stairs so a home with some steps is A-O-K! This friendly fella is at the Western Sydney adoption centre.","snippy",""
"2018-09-01","Western Sydney (Londonderry)","956000009417122","Lou","2026-04-07","MALE","","If you're looking for a friendly and outgoing companion, check out Lou! Lou has recently spent time in foster care where he mastered going to markets and meeting all the stall holders. Lou is a sweet, people-focused boy who enjoys routine, gentle companionship, and having his humans within eyesight. He walks beautifully on lead, took inner-city living in stride during foster care, and happily relaxed at cafés, pubs, and markets. He’s polite with other dogs on walks, enjoys calm play with other greyhounds, and absolutely adores squeaky toys and fetch. Lou is independent but affectionate, active in the mornings, and a cosy snoozer by evening when he has a comfortable spot to unwind. He will do best in a house with yard access, as smaller apartments made it difficult for him to fully settle and find his own space. When sharing a home with a medium–large dog, he benefits from structure around resting places and clear routines to keep everyone comfortable. Lou is a loving, joyful companion who thrives when given room to relax, predictable guidance, and a household that enjoys his mix of active playtime and peaceful downtime. Read below to see what Lou's foster carers had to say about him! ""Lou is a beautiful boy with a lot of love to give. He walks very very well on the lead, ignores most birds and bush turkeys. He is not very interested in saying hi to other dogs and will respectfully walk straight past them. He loves squeaky toys with a passion and plays fetch with them with so much joy. He is a master of stairs. He would benefit from living in a house with a backyard, as our small apartment was a bit tight for him (he likes a safe space). In saying that he still wants to be within eyesight of you. He’s an independent but people loving doggie. He would benefit from an active owner - he is full of beans and loves longer walks and play time. He is most active in the mornings and is up for cuddles and play time, in the evening he likes to curl up and snooze independently."" Apply now to meet Lou from our Western Sydney program.","lou-5",""
"2022-07-01","Western Sydney (Londonderry)","956000014813741","Stavros","2026-04-07","MALE","","Stavros is a beautiful boy that’s full of love and life! He has spent the last few months in a foster care home with 6 other dogs. Stavros would be best suited to a home with 1 other doggie friend. 6 was fun, but he's about quality, not quantity! If Stavros lives as your only dog, you can go off to work during the day and he'll be happy on his own for full time hours. Stavros is fond of a run around and play time but also loves giving and receiving lots of affection. An adults only home is the best fit for this gentle giant. He has a playful side and loves to have fun! Stavros would be a great addition to an apartment home (with lift access - no stairs) with an active lifestyle, or a house with a yard.","stavros",""
"2020-02-01","Hunter Valley Mid Coast (Maitland/ Muswellbrook/Newcastle/Forster)","956000007828530","Yukey","2026-04-07","FEMALE","","Meet Yukey! 🐶💖 Yukey is a sweet and playful girl with a heart full of love and sunshine! Yukey walks beautifully on the lead and enjoys playtime with her toys and doggy friends. She’s equally happy to chill out and watch the world go by, making her a wonderful balance of fun and calm. If you're ready to open your home to a girl full of love, personality, and charm, Yukey is ready to meet you!","yukey",""
"2021-12-01","Western Sydney (Londonderry)","956000007431260","Tiger","2026-04-07","MALE","","Beautiful brindle Tiger wants to meet you! This super loving and outgoing 4-year-old boy loves to go up to everyone and see if he can get a pat (or a treat!). He has a excellent food motivation and is responding very well to early training and has even already learned to navigate a full flight of stairs! He just loves to learn new things and play enrichment games that let him use his big brains. Tiger would do best in a home without other dogs and children so he can soak up all the love and attention for himself. He doesn't mind some hours alone to chill out while you're away at work - just leave him with some long-lasting enrichment activities and he will be good as gold! A small backyard or courtyard would be preferred so Tiger can enjoy the occasional zoomie. Is Tiger your new best friend? Apply online today to meet this gorgeous boy.","tiger-15",""
"2022-07-01","Western Sydney (Londonderry)","956000012959229","Eric","2026-04-07","MALE","","Eric is a friendly, well-mannered dog with a calm and social nature that makes him easy to love. He’s polite in his interactions and genuinely enjoys the company of others, especially medium to large dogs. Onsite, Eric has done really well socialising, even happily spending time with a Husky cross, which shows his confidence and friendly approach to canine friendships. Eric would do best in a home where someone is around more often than not, especially in the beginning, to help him settle in and feel secure. While he enjoys human companionship, we also believe that a doggy companion could really help him thrive, build confidence, and fully enjoy home and pet life. With his gentle temperament and friendly personality, Eric has all the qualities of a wonderful family dog. He’s the kind of companion who is happy to be involved, kind with those around him, and ready to form strong bonds with both people and pups. If you’re looking for a sweet, social dog who will blossom with a little support and a lot of love, Eric could be your perfect match. 💙","eric",""
"2023-02-01","Western Sydney (Londonderry)","956000015726585","Tina","2026-04-07","FEMALE","","Hi, I’m Tina! I have just gone to a foster home with kids. Check in for updates soon! Tina is a confident and friendly girl who enjoys the company of people and being part of everyday life. She would be best suited to a house with a yard so she can zoom around and soak up the sunrays. Tina is still getting the hang of pet life and would suit a home where someone is around for part of the day while she is learning her new routine.","tina-12",""
"2016-02-01","Northern Rivers (Grafton, Lismore, Casino)","956000004253160","Keith","2026-04-07","MALE","","Keith is a handsome black greyhound with a touch of grey that only adds to his character — and don’t let it fool you, he’s still as active as ever. He’s social with smaller dogs and has a very easy-going, engaging nature that makes him a joy to be around. Keith loves company and would likely benefit from having a canine friend at home to share his days with. With his relaxed attitude and friendly personality, Keith would make a wonderful, loyal companion.","keith-4",""
"2021-11-01","Northern Rivers (Grafton, Lismore, Casino)","956000012864888","Lukey","2026-04-07","MALE","","Lukey is a gorgeous brindle greyhound with a friendly, easygoing nature. He’s social with smaller dogs and enjoys getting out and about with nice, loose-lead walking manners. Lukey is very engaging with people and absolutely loves his cuddles, happily leaning in for affection. He also has a playful side that comes out once he’s comfortable, making him a lovely mix of fun and calm. Lukey would make a wonderful companion for someone looking for a sweet, affectionate greyhound with a bit of sparkle.","lukey-1",""
"2022-10-01","Northern Rivers (Grafton, Lismore, Casino)","956000011362476","Arrow","2026-04-07","MALE","","Arrow is a striking black male greyhound with loads of energy and a playful spirit. He’s still building his confidence and engagement with people, but once he feels comfortable, he really enjoys pats and quiet affection. Arrow is a very active boy who loves to play and would suit a home ready to match his enthusiasm. At this stage, he’s not suitable to live with small dogs. On lead, Arrow can become excited and will benefit from some initial training and guidance to help him settle into walks. With patience, structure, and a bit of fun, Arrow has all the potential to shine.","arrow-2",""
"2022-09-01","Northern Rivers (Grafton, Lismore, Casino)","956000014887343","Streak","2026-04-07","MALE","","Streak is a handsome black male greyhound with a gentle, charming nature. He offers a polite introduction to new situations and is very workable, including being comfortable around small dogs. Streak travels well and settles easily, making him a great companion for outings or adventures. He enjoys a good burst of zoomies when the mood strikes, but he’s just as happy to slow down for cuddles afterward. Very engaging with people, Streak loves human attention and forms sweet connections with those around him. He’s a wonderful mix of playful energy and affectionate calm.","streak",""
"2022-03-01","Northern Rivers (Grafton, Lismore, Casino)","956000011309171","Lulu","2026-04-07","FEMALE","","Lulu is a beautiful black female Greyhound with a confident, engaging personality. She is polite and well-mannered around other Greyhounds and has shown she can be small-dog workable, including a lovely, calm interaction with Syd the Schnauzer. Lulu travels well and takes new experiences in stride, making her a great companion for outings or trips. She’s friendly without being pushy, enjoys engaging with her people, and carries herself with quiet confidence. With her gentle nature and adaptable attitude, Lulu would make a wonderful addition to a home looking for a sweet, social Greyhound who can fit comfortably into everyday life.","lulu-5",""
"2021-11-01","Western Sydney (Londonderry)","956000011647263","Maestro","2026-04-07","MALE","","Foster Update ""He is so affectionate and loving and a bit goofy, all around a lovable boy!"" and more below: - He loves to be near you or see where you are. I have left him at home for short stretches and a couple of times for longer stretches, but I haven't left him for a full workday. I think he could work up to this over time, but he would prefer to be in a home where people are around more frequently. He's not fussed about who is home, just likes any human being there. - He is friendly towards everyone and fine with meeting new people. - He doesn't really like walks right now. I have been working with him on this consistently. He will do okay in quiet areas and is good on the lead. - Huuuuuge couch potato. I usually can't get him out of bed until the afternoon, not even for breakfast! I think it's because he's a bit of a night owl; he has been more active late at night. - Super unphased by all animals. Not fussed about dogs coming up to him, barely flinches when he walks past houses with reactive dogs in them. ---------------- Maestro is a happy, big-hearted dog who knows how to enjoy the good things in life. His three greatest loves are food, affection, and toys, and he approaches all of them with pure enthusiasm. Treats are the fastest way to his heart, but cuddles and playtime come in a very close second. Maestro prefers shorter hours alone while he settles in and would prefer human companionship at the start of his adoption journey. He has shown within a fortnight in foster he can already settle for 6 hours on his own. Maestro is a friendly, social guy who does well with other dogs and enjoys their company. Whether it’s a shared walk, a play session, or just hanging out together, he’s comfortable having canine friends around. Come meet Maestro and see if he’s ready to make beautiful music with your family. 💛🐾","maestro",""
"2021-04-01","Western Sydney (Londonderry)","956000012862216","Miguel","2026-04-07","MALE","","Say Hola to our beautiful boy Miguel! This adorable, bouncy little guy is going to make the best pet! Miguel is an outgoing boy who absolutely loves people, getting out for a stroll and about and playing with his humans. He's a clever cookie who loves food, making him very trainable and fun to teach new things. Miguel would love a chilled out home environment with a backyard to call his own to play and relax in. He would prefer to be the only pet in the household so he can take all the love and attention for himself. He has shown he has potential to work slowly up to longer hours alone and has mastered crate training as well. So if you're looking for a fun-loving and trainable companion, Miguel is your guy! Apply to adopt this handsome boy online today.","miguel",""
"2022-06-01","Northern Rivers (Grafton, Lismore, Casino)","956000014849735","Stripes","2026-04-07","MALE","","Stripes is a handsome male greyhound with a calm, easy-going nature that makes him a wonderful companion. He is quiet, well-behaved, and truly no trouble at all. Stripes is very chilled and independent, happy to relax and enjoy his own space. He sleeps inside, settles easily, and takes everything in his stride. He also loves car rides and travels beautifully. Good with small dogs and gentle in his manner, Stripes would suit a home looking for a relaxed, low-maintenance greyhound who enjoys a peaceful lifestyle and quiet companionship.","stripes-3",""
"2022-11-01","Northern Rivers (Grafton, Lismore, Casino)","956000014889147","Princess","2026-04-07","FEMALE","","Princess is a sweet and happy 3-year-old greyhound who is an absolute pleasure to have around. Easy going and no trouble at all, she has a calm nature that makes her a joy to live with. Princess likes her own space and is very good at settling herself. She happily puts herself to bed in her crate and, after a burst of zoomies, will often take herself straight back to bed for a well-earned nap. With her gentle personality and sensible habits, Princess would suit a home looking for a relaxed and well-mannered companion who knows how to enjoy both playtime and quiet time.","princess-4",""
"2023-10-01","Northern Rivers (Grafton, Lismore, Casino)","956000016291465","Ellie","2026-04-07","FEMALE","","Ellie is a beautiful 2-year-old female greyhound with a heart as big as her smile. Happy, playful, and affectionate, she is truly one of the loveliest dogs you will ever meet. 💕 Ellie adores people and has a gentle, friendly nature that makes her a joy to be around. She gets along wonderfully with dogs of all sizes and would happily share her home with a canine companion. Ellie also loves her toys and will entertain herself (and you!) with her playful antics. Great with kids and full of love to give, Ellie would make a fantastic family dog. She’s ready to settle into a home where she can be part of everyday life, enjoy playtime, and soak up plenty of affection.","ellie-13",""
"2022-07-01","Hunter Valley Mid Coast (Maitland/ Muswellbrook/Newcastle/Forster)","956000011310502","Fawn","2026-04-07","FEMALE","","Fawn is a super social girl with a big personality and a love for being around people. She enjoys making friends and will happily soak up attention from everyone she meets. She suits a semi-active lifestyle, enjoying her outings and playtime while still appreciating downtime at home. Fawn is used to being handled by children, making her a great choice for a family with kids of all ages. Fawn loves her people and the company of other dogs, so she would thrive in an environment where someone works from home or has a furry friend to keep her company when no one is home. Fawn is small-dog and cat workable and would be perfectly happy as a solo dog or living alongside another furry friend. With her friendly nature and adaptable personality, Fawn is ready to slot easily into a wide range of loving homes. If you’re looking for a confident, social greyhound with lots of character, Fawn could be the perfect addition to your family. 🐾","fawn-1",""
"2020-07-01","Hunter Valley Mid Coast (Maitland/ Muswellbrook/Newcastle/Forster)","956000011711970","Louie","2026-04-07","MALE","","Louie is a happy boy who strikes the perfect balance between playful and laid-back. He loves zoomies and playing with toys, but he’s just as content relaxing and doing his own thing when it’s time to unwind. Louie is food motivated, which makes him a fun and rewarding boy to work with. He’s small-dog workable and enjoys human connection, while also being perfectly fine spending time independently. Due to his enthusiastic spirit, Louie would be best suited to a family with older children. A semi-active lifestyle will suit Louie well — one that includes playtime, daily outings, and plenty of chill time at home. If you’re looking for a greyhound with a great mix of fun and flexibility, Louie could be a wonderful addition to your family. 🐾","louie-2",""
"2022-07-01","Hunter Valley Mid Coast (Maitland/ Muswellbrook/Newcastle/Forster)","956000011355772","Kozi","2026-04-07","MALE","","Kozi is a happy, affectionate boy who loves spending time with his people — but he’s also quite content enjoying his own company. He’s a well-balanced greyhound who knows how to switch between playtime and relaxation. Kozi is small-dog workable and has had some exposure to the dashy on the property, showing positive signs with appropriate management. Due to his size, Kozi would be best suited to a family with older children. An active lifestyle will suit Kozi well, and a secure yard is a must so he can enjoy his favourite zoomies. He would be very happy living with another dog, making him a great companion for an existing canine friend. If you’re looking for a fun-loving greyhound who enjoys both affection and independence, Kozi could be your perfect match. 🐾","kozi-1",""
"2023-12-01","Riverina (Wagga, Temora, Gundagai, Griffith)","956000007916812","Wes","2026-04-07","MALE","","Meet Wes 💙 Wes is a big, gentle softy with a heart full of love and cuddles. Calm and quiet by nature, he can be a little shy when first meeting new people, but it doesn’t take long before he warms up and decides you’re his new best friend. He loves spending time with his people and is happiest being wherever they are, inside or out. Wes enjoys playing in the backyard with kids aged 8 and 11, or happily tossing his toys around when on his own. He’s also great on lead, confidently walking around town and near schools. Wes enjoys his daily walk. Car rides are another favourite, especially when he can snooze most of the way! Wes would make a wonderful family pet for a home with children aged 8+ or a loving companion, preferably a female looking for a loyal shadow. He could be matched with another greyhound or be an only dog where he can soak up all the love and attention, preferably with someone home some of the day, retired, working from home or part-time. 🐾💙","wes-2",""
"2021-10-01","Riverina (Wagga, Temora, Gundagai, Griffith)","956000007431408","Sissy","2026-04-07","FEMALE","","Meet Sissy 🌸 Sissy is a social, friendly girl with a big heart and an even bigger love for people. She adores playtime, daily walks, and soaking up pats and cuddles, especially from her much-loved grandchildren aged 4 to 14 years. She’s a pleasure to walk on lead and happily strolls around the local school and shops, taking everything in her stride and not worried about passing other dogs and people. Affectionate and people-focused, Sissy loves being inside with her family and would be perfectly content claiming a spot on the lounge as her own! After a walk and some play, she’s just as happy to relax indoors or outdoors, and she enjoys cooling off with a splash in her clam shell pool. Sissy is wonderfully easy-going, enjoys car rides, and even cheerfully visits the vet as a blood donor. She’s a loving companion who would make a wonderful family pet and a loyal friend for anyone. 🐾💖","sissy",""
"2020-11-01","Riverina (Wagga, Temora, Gundagai, Griffith)","956000007465649","Selena","2026-04-07","FEMALE","","Meet Selena 💕 Selena is a sweet, friendly, and playful girl who’s ready to charm her way into your heart. She absolutely loves pats and cuddles and enjoys spending quality time with her people, whether that’s relaxing indoors or heading out on a car ride adventure. Selena is a dream to walk on lead and is confident around traffic and other dogs she meets along the way. She’s social and playful, happily sharing backyard fun with her Jack Russell and Whippet friends, as well as male greyhounds. At home, you’ll often find her playing with her favourite rope toys or cooling off with a splash in her shell pool. Easy-going and easy to care for, Selena would thrive in a home that offers her a daily walk or backyard play, time inside with her people, and plenty of love. She’s a gentle, loyal girl who’s ready to become a devoted companion and have a home to call her own. 🐾","selena-1",""
"2021-11-01","Riverina (Wagga, Temora, Gundagai, Griffith)","956000014803465","Teddy","2026-04-07","MALE","","Meet Teddy 🐾 Teddy is an easy-going, friendly boy with the gentlest nature. He’s a true delight to have in the home and loves everyone he meets. Teddy is wonderful with smaller dogs and he’s also great with children, happily spending time and getting pats from kids aged 6 and 8, even good with the household cats. This lovely boy is both house-trained and crate-trained, walks beautifully on lead, and is no trouble on street walks. He’s not overactive and is very relaxed - once he’s home, Teddy is more than happy to settle in and rest. On warm days, Teddy enjoys a bit of fun with water. Whether it’s splashing in a shell pool, sitting under the sprinkler, or even enjoying a swim in a river or dam, water time always brings out his happy side. Teddy is a gentle soul who would make a wonderful, easy-care, and loving companion for most households. If you’re looking for a calm, affectionate dog who fits right into family life, Teddy could be your perfect match. 💛🐶","teddy-11",""
"2020-12-01","Northern Rivers (Grafton, Lismore, Casino)","956000011585892","Ace","2026-04-07","MALE","","Ace is a handsome black male greyhound who may be a little shy at first, but with a few gentle cuddles and some reassurance, he quickly comes out of his shell. Once settled, his sweet and affectionate nature really shines. Ace walks beautifully on lead, making daily outings calm and enjoyable. He also has a playful side and loves spending time with his toys, happily entertaining himself or joining in for a game. He’s a well-mannered boy around other dogs and is good with larger breed dogs. A big plus is Ace’s excellent disengagement skills, making him small-dog and cat workable with appropriate introductions and management. His thoughtful, responsive nature shows just how well he listens and adapts to his environment. Ace would thrive in a patient, loving home that understands he just needs a little time to feel safe—once he does, you’ll be rewarded with a loyal, cuddly companion. If you’re looking for a gentle greyhound who blossoms with kindness and affection, Ace could be your perfect match 🐾","ace-9",""
"2022-02-01","Hunter Valley Mid Coast (Maitland/ Muswellbrook/Newcastle/Forster)","956000007429143","Booboo","2026-04-07","MALE","","Booboo is a handsome black male greyhound with a confident nature and a big love for comfort. One of his favourite pastimes is relaxing on a nice cozy bed, but don’t let that fool you—he’s also a very playful boy who enjoys having fun before happily settling back down. He’s best suited to a semi-active lifestyle and would fit in well with a family with older children who can respect his space. Booboo could also be workable with medium to large breed dogs with appropriate introductions. He’s comfortable with a full-time worker household, as he’s content chilling at home once his needs are met. Booboo is food motivated, which makes training and bonding an enjoyable experience. While confident in general, he can become frightened during thunder storms and would benefit from a calm home that can offer reassurance and a safe, cozy place to retreat during noisy weather. Due to his prey drive, Booboo is not suitable to live with small dogs or cats. If you’re looking for a playful yet relaxed companion who loves his comforts and enjoys being part of a calm, structured home, Booboo could be the perfect addition 🖤","booboo",""
"2022-02-01","Hunter Valley Mid Coast (Maitland/ Muswellbrook/Newcastle/Forster)","956000011658305","Nosey","2026-04-07","MALE","","Nosey is a gorgeous black greyhound with a big heart and a happy-go-lucky personality. He’s a confident, cheerful boy who brings a lovely balance of playful energy and laid-back chill to everyday life. Suited to a semi-active lifestyle, Nosey enjoys his walks and playtime but is just as content relaxing at home. He’s confident on lead, making outings easy and enjoyable, and he absolutely loves his toys. Add food into the mix and you’ve got his full attention—Nosey is very food motivated, which makes training a breeze. Nosey would do well with a full-time worker or as a solo dog, as he’s comfortable spending time on his own once settled. He’s adaptable and would suit a variety of adopters looking for a friendly, easygoing companion. Due to his prey drive, Nosey is not suited to living with smaller dogs or cats, but he more than makes up for it with his affectionate nature and joyful spirit. If you’re looking for a confident, fun-loving greyhound who knows how to switch between play mode and relaxation, Nosey might just be your perfect match 💛","nosey-3",""
"2021-01-01","Hunter Valley Mid Coast (Maitland/ Muswellbrook/Newcastle/Forster)","956000011575273","Frankie","2026-04-07","MALE","","Frankie is a handsome fawn male Greyhound with a lovely balance of calm and playfulness. He’s great with other Greyhounds and walks beautifully on a loose lead, making outings relaxed and enjoyable. While he’s generally placid and easygoing, Frankie also loves a good zoom around when the mood strikes — showing off his fun, playful side. Frankie is engaging and confident with people, enjoying attention and companionship without being over-the-top. He’s cat and small-dog workable, with the right introductions and management, and would be well suited to a semi-active lifestyle. Whether it’s a gentle stroll, a quick burst of play, or lounging at home, Frankie is happy to fit in.","frankie-14",""
"2020-08-01","Western Sydney (Londonderry)","956000007852110","George (Western Sydney)","2026-04-07","MALE","","Handsome blue boy George is looking for a new best friend! George is an outgoing and friendly boy who just loves every single person he meets including strangers on walks! He is looking for a chilled out home and lifestyle so he can properly enjoy his retirement. A quiet house with a yard with a big comfy bed without other pets or kids to call his own is exactly what he is dreaming of. He doesn't mind spending time alone during the day making him a great match for those who work full-time hours. As long as he has a comfy bed and some yummy enrichment activities, he is happy! George loves his food and is extremely trainable - he has already mastered several cues including ""down"", ""shake"", ""off"" and more! This clever boy is a quick study. If you'd like to meet this one-of-a-kind boy, apply online today! George is available from our Western Sydney adoption centre.","george-8",""
"2020-12-01","Mid North Coast","956000011576219","Solly","2026-04-07","MALE","","Solly is a striking young man with a personality that’s equal parts energetic and laid-back. He thrives on an active lifestyle—think brisk walks, playtime, and the occasional burst of zoomies to burn off his youthful energy. After he’s had his exercise, Solly transforms into a mellow cuddle enthusiast, always ready to relax with a wagging tail and plenty of affection. Although Solly hasn’t had much experience around small dogs or cats, he didn’t seem phased by our meta cat during his visit, which is a promising sign. With a slow and careful introduction, he could comfortably live with smaller pets. His gentle nature would likely fit well into a family environment, and he also might be suited for homes with full-time workers as long as he gets his daily dose of activity. If you’re looking for a loyal companion who can keep up on walks and then happily settle down for some quality downtime, Solly might be the perfect match for you!","solly",""
"2023-06-01","Hunter Valley Mid Coast (Maitland/ Muswellbrook/Newcastle/Forster)","956000017126964","Tyson","2026-04-07","MALE","","Meet Tyson 🐾 Tyson is a handsome boy who would suit a semi-active lifestyle, enjoying a nice balance of daily walks, relaxed playtime, and plenty of downtime. He’s adaptable and easy going, making him a wonderful companion for a variety of households. He may do best with another doggo friend, as he enjoys canine company and would love a buddy to share his days with. Tyson is used to being around kids and is comfortable in a family environment, taking all the activity in stride. A true people-lover, Tyson is more than happy to receive lots of cuddles and affection. He settles quickly into new surroundings and takes changes in his stride, making the transition into a new home smooth and stress-free. If you’re looking for a friendly, affectionate greyhound who fits easily into family life and enjoys both activity and relaxation, Tyson could be the perfect addition to your home.","tyson-5",""
"2020-09-01","Hunter Valley Mid Coast (Maitland/ Muswellbrook/Newcastle/Forster)","956000011711669","Rosey","2026-04-07","FEMALE","","Meet Rosey 🌸 Rosey is a sweet girl who would thrive in a quiet, calm household where she can feel safe and settled. She would prefer to be the only dog in the home, allowing her to relax and enjoy being the centre of attention at her own pace. While Rosey may take a little time to come out of her shell, patience is beautifully rewarded. Once she gets to know you, she reveals her affectionate side and enjoys gentle cuddles and close companionship. Beneath her soft nature is a dog with so much love to give. Rosey would be well suited as a family dog, especially with a household that understands the value of giving her time, space, and kindness as she settles in. In return, she’ll offer loyalty, warmth, and a quiet but deeply loving presence. If you’re looking for a calm, devoted companion and are happy to let a special bond grow naturally, Rosey could be the perfect match. 💕","rosey-19",""
"2021-11-01","Hunter Valley Mid Coast (Maitland/ Muswellbrook/Newcastle/Forster)","956000011658169","Blue","2026-04-07","MALE","","Blue is a confident, character-filled greyhound who knows exactly who he is. He’s social without being over-the-top, loves a good cuddle, and then happily wanders off to do his own thing. Blue walks nicely on lead and takes everything in his stride, making him an easy and enjoyable companion. With his quietly quirky charm and laid-back independence, Blue could be well suited to a home with another large dog for company or a family who appreciates a dog with personality and balance.","blue-15",""
"2021-05-01","Hunter Valley Mid Coast (Maitland/ Muswellbrook/Newcastle/Forster)","956000013018236","Jimmy","2026-04-07","MALE","","Jimmy is a very social, affectionate greyhound with a big personality and an even bigger heart. He loves cuddles, enjoys playing with his toys, and has an endearing habit of carrying his food bowl around once he’s finished eating. Jimmy would thrive in a home with another large dog to keep him company and would benefit from having a yard to enjoy doing showing off his zoomies. Cheeky in the most lovable way, Jimmy brings fun, warmth, and plenty of smiles to those around him.","jimmy-12",""
"2021-05-01","Hunter Valley Mid Coast (Maitland/ Muswellbrook/Newcastle/Forster)","956000014492320","Teddy","2026-04-07","MALE","","Teddy is a happy, affectionate greyhound who would thrive in an active home that enjoys getting out and about. He loves his zoomies just as much as his cuddles and will reward you with plenty of enthusiastic tail wags. Teddy would be best suited as a solo dog, as he prefers to keep his food and toys to himself. He’d make a wonderful companion for a family with older children who can match his energy and also appreciate his affectionate side.","teddy-10",""
"2017-06-01","Hunter Valley Mid Coast (Maitland/ Muswellbrook/Newcastle/Forster)","956000009573415","Belle","2026-04-07","FEMALE","","Belle is a super sweet, gentle greyhound with a relaxed and affectionate nature. She would suit a quiet lifestyle and could happily live in an apartment, as she’s more of a homebody than a high-energy dog. Belle would make a lovely family companion for homes with older children and could potentially live with a calm, medium to large dog. True to her breed, she’s a champion couch potato who loves lounging, short strolls, and soaking up affection.","belle-7",""
"2023-11-01","Northern Rivers (Grafton, Lismore, Casino)","956000017132572","Slim","2026-04-07","MALE","","Meet Slim! Slim is a young greyhound who has decided that the pet life is definitely for him. As a young dog, he will benefit from some ongoing training and guidance, and he is a strong, active boy who will enjoy regular exercise and mental stimulation. Slim has met small dogs and has been polite and friendly in his interactions. He has adorable lopsided ears, which certainly don’t stop him from hearing the crinkle of a biscuit packet or the jingle of a treat pouch. Slim is a real stickybeak who loves to be involved in whatever is happening around him and enjoys being part of the action. With the right home willing to invest time in his training and include him in daily life, Slim will make a fun and rewarding companion.","slim-4",""
"2021-09-01","Northern Rivers (Grafton, Lismore, Casino)","956000014500559","Charlie","2026-04-07","MALE","","Charlie is a friendly, playful, and affectionate male greyhound who enjoys being part of everyday life. He loves cooling off with a paddle in the pool on warm days and is always happy to jump in the car for an outing. Charlie thrives on spending time with his people and would suit a family who can include him in adventures, playtime, and fun activities. Charlie walks very well on a lead and is calm and reliable when out and about. He has confidently been walked by children aged nine years and older, making him a lovely option for a family with older kids. With his easy-going nature and love of companionship, Charlie would make a wonderful addition to the right home.","charlie-21",""
"2023-11-01","Northern Rivers (Grafton, Lismore, Casino)","956000017130991","Sandy","2026-04-07","FEMALE","","Meet Sandy 🐾 Sandy is a young female greyhound with a happy, active personality and a playful spirit. She is full of enthusiasm and would thrive in a home that enjoys spending time with her and helping her learn the basics of everyday life. Sandy would benefit from a family who are happy to put time into some gentle training and guidance. She is eager, playful, and would love a companion who will engage with her, play games, and help her build confidence as she learns life’s basics. With patience, consistency, and plenty of affection, Sandy will grow into a wonderful and rewarding companion for an active and caring home.","sandy-15",""
"2023-03-01","Western Sydney (Londonderry)","956000014888770","Gus","2026-04-07","MALE","","Gus is a sweet and charming guy who has short bursts of energy, can be a little shy, with an overall adorably friendly nature. He is polite on the lead and walks perfectly next to you on adventures. He will keep his diary full of fun things like snoozing, adventures like sniffing the yard, playing with the kids, and snoozing on the couch. This sweet guy is friendly around medium to large dogs, enjoys a quick game of fetch, and is gentle, friendly and soft with all he meets. Gus is available at Western Sydney.","gus-10",""
"2021-07-01","Western Sydney (Londonderry)","956000011711981","Ella","2026-04-07","FEMALE","","*I've just gone to a foster care home with a male Kelpie X* Ella has grown up around small dogs like poodles/cavoodles, and would suit a home with another dog big or small. She gets along with greyhounds too, making her a great fit for a multi-dog home or someone looking to take her to family events with other dogs. She can be nervous when she is first getting to know you but warms up and shows her loving personality in no time. She loves a clam shell pool in the summer time, so a house with a backyard with room for her own kiddy pool would be great this Summer! She has been described as playful, placid and calm. Ella is fond of toys and balls and will love a fun active lifestyle with her new family.","ella-7",""
"2023-09-01","Western Sydney (Londonderry)","956000015733897","Girl","2026-04-07","FEMALE","","Hi, I'm Girl! I'm young, cute, and looking for a new family. I can be shy in new places but I promise to be a big brave girl once I become a member of your family. Due to being a bit nervous, older children would be best suited for me. A home with a place to retreat would be the best, as I learn to thrive along side you, so a house with a yard or my own room would be really great! I am friendly with other dogs and show a cute little tail wag, showing off my brave side. I'm still young so a family who can train me and teach me all about the world would be amazing! Meet me by appointment at Western Sydney.","girl-3",""
"2022-12-01","Western Sydney (Londonderry)","956000014910956","Tanooki","2026-04-07","MALE","","Hey! I'm Tanooki. I'm a friendly, outgoing guy looking for a place to call home. I am affectionate, love zoomies, and would make an awesome addition for a family with fun loving children who are looking for an energetic pal. I am friendly with big and small dogs and would suit a home with a likeminded doggie pal. If you have a backyard, love the fun life and are looking for a cool guy like me, apply now! I'm available at Western Sydney.","tanooki",""
"2022-10-01","Northern Rivers (Grafton, Lismore, Casino)","956000014888772","Crackers","2026-04-07","FEMALE","","Meet Crackers – and no, she’s not crackers at all! Crackers is a gorgeous greyhound with a sweet and curious personality. She’s usually calm and quiet, but she loves to be involved and keep an eye on what’s going on—she’s a bit of a sticky beak! She’s great with small dogs, adores a good pat, and is super easy to handle and walk. Crackers is the kind of girl who will happily join you for a stroll, then curl up for some well-deserved cuddles. If you’re looking for a gentle, friendly greyhound who’s just the right mix of chilled and cheeky, Crackers is ready to steal your heart! “Crackers – the calm, curious companion you’ve been waiting for!”","crackers",""
"2021-05-01","Western Sydney (Londonderry)","956000014487144","Derek","2026-04-07","MALE","","Hi, I'm Derek! I'm a friendly, food motivated boy who loves treats and I have even learnt things like ""yes"" and ""down"". I am great in a crate, and enjoy my apartment simulation times making me suitable to be indoors with you during the day. I would like to live in a house with a backyard and I'm even suitable for full time workers. Sometimes the big wide world can get a bit overwhelming so a bit of encouragement on walks and a slow exposure to new things would be really good for me! A home without children and staircases is ideal. Come meet me at the Western Sydney adoption centre!","derek-2",""
"2021-07-01","Northern Rivers (Grafton, Lismore, Casino)","956000011663055","Bandit","2026-04-07","MALE","","Meet Bandit Bandit is a handsome male greyhound with a heart as big as his soulful eyes. He’s a quiet and easy-going boy who loves a calm environment. While he may be a little shy at first, Bandit quickly warms up and shows his sweet, affectionate nature. He’s great with small dogs and knows how to share his space politely. Bandit is also polite and well-mannered with children and has been around kids aged 7 and under, making him a wonderful family companion. A clean and tidy housemate, Bandit uses a doggie door like a pro, making him low-maintenance and independent. If you’re looking for a gentle soul who will bring peace and companionship to your home, Bandit is ready to steal your heart.","bandit-4",""
"2017-06-01","Riverina (Wagga, Temora, Gundagai, Griffith)","956000004047660","Willow","2026-04-07","FEMALE","","Meet Willow 🌸 Willow is a friendly, happy older girl with a gentle soul and lots of love to give. She’s had two litters in the past and plenty of handling, so she’s calm, confident, and very people-oriented. Willow is affectionate and enjoys being around her humans — she’ll happily come up to you for pats and cuddles, and loves spending time with you in the backyard or joining you on relaxed walks. She gets along with other dogs and would suit a quiet household with some attention and walks, happy with grandchildren visiting aged 6 and up. Not overly energetic, Willow is an easy-care companion who’s content just being near you and sharing your day. If you’re looking for a sweet, steady friend with a loving nature, Willow could be the perfect addition to your household. 🐾💛","willow-12",""
"2021-12-01","Northern Rivers (Grafton, Lismore, Casino)","956000012863723","Tom","2026-04-07","MALE","","Tom is a handsome male greyhound with a heart as big as his graceful stride. He’s the perfect mix of calm and friendly. Personality: Tom is clean, quiet, and wonderfully easy-going. He loves a peaceful environment and is happiest when he can relax by your side. Temperament: Calm and affectionate, Tom enjoys gentle company and is friendly with small dogs, making him a great fit for multi-pet households. Why You’ll Love Him: His laid-back nature and sweet personality mean he’ll quickly become your best friend. Whether it’s a cozy evening indoors or a leisurely walk, Tom is always ready to share the moment. Don't miss out on this handsome boy, head out and check him out.","tom-20",""
"2019-10-01","Northern Rivers (Grafton, Lismore, Casino)","956000007462010","Dan","2026-04-07","MALE","","Dan is a handsome 6-year-old male greyhound with a need for speed—he’s very fast and loves to run! When he’s not showing off his racing skills, Dan enjoys taking it easy and lazing around. He’s great with other dogs and relaxed around children, making him a wonderful companion for families. If you’re looking for a gentle, friendly boy who loves both adventure and chill time, Dan is your guy!","dan-6",""
"2021-11-01","Western Sydney (Londonderry)","956000007424198","Dusty","2026-04-07","MALE","","Hi, I'm Dusty, a distinguished, gentle boy looking for a couch to call my own. I am polite with other dogs and would suit a home with a calm medium-large companion - although not essential. A house with a backyard would be perfect, as I love to sniff around and enjoy the indoor outdoor lifestyle. A home who will continue training and enrichment games would be great as I am smart and have shown I'm eager to learn. A home without children is best as I can be shy around lots of stimulus. I need a home that is calm and consistent so I can build my confidence and settle in well. Meet me at Western Sydney!","dusty-8",""
"2022-12-01","Hunter Valley Mid Coast (Maitland/ Muswellbrook/Newcastle/Forster)","956000014883798","Alfie","2026-04-07","MALE","","💙 Meet Alfie — Your Blue Fawn Adventure Buddy! Alfie is a striking blue fawn greyhound with a bright mind and an energetic spirit. He’s eager, curious, and always ready for his next adventure — the perfect match for a family who loves to get out and explore. ✨ What Alfie is looking for: An active lifestyle: Alfie thrives with regular exercise, outings, and activities that keep both his body and mind engaged. Family home with older kids: He’d do well in a busy, loving household with children who understand dogs and enjoy being part of his fun. Canine companions: Alfie is best suited to living with a medium or large dog who can match his play style and confidence. A yard to enjoy: Space to stretch out, run, and sniff is important for this energetic boy. Lots of enrichment: Puzzle toys, training games, and new experiences help Alfie shine — he loves using his brain just as much as his legs. Alfie is ready to bring enthusiasm, affection, and excitement into the right home. If you're searching for a fun, smart companion who’ll keep life lively, Alfie could be the perfect partner for your adventures.","alfie-9",""
"2020-03-01","Western Sydney (Londonderry)","956000007829662","Snag","2026-04-07","MALE","","Snag is a handsome blue brindle boy who would suit a home with a secure backyard, or an apartment with the right setup and commitment. He would thrive in a low dog-populated area and is best matched with an owner who doesn’t wish to take him to high dog-traffic environments such as dog parks, doggy daycare, or busy dog cafés. Snag’s ideal home would be one where he has a couple of hours alone here and there, with a family willing to gradually build him up to longer periods. With the right routine, enrichment, and patience, Snag has the potential to work up to full-time hours. He enjoys being indoors when it’s hot, so a home that allows him access to both indoor and outdoor space is a must. This gorgeous boy would mingle nicely with respectful children , and at the smaller end of the scale for a male greyhound, he can adapt well to apartment living when his physical and mental needs are met. Snag is truly a beautiful boy, and we can’t wait to see which lucky family gets to take him home. 📍 Available in Western Sydney","snag-1",""
"2022-10-01","Riverina (Wagga, Temora, Gundagai, Griffith)","956000015732119","Cody","2026-04-07","MALE","","Meet Cody – Your Gentle, Cheerful Gentleman Cody is a handsome fawn male greyhound with a loving nature and a wonderfully balanced energy level. He’s a big boy with an even bigger heart, always ready to greet the day with a joyful morning run-around. After that, he’s content to relax and spend most of the day snoozing happily. He enjoys a play session or a nice walk later in the day, making him a great match for people who like a bit of activity without constant high energy. Cody isn’t overexcitable—just cheerful, affectionate, and easy to live with, he has also shared his home with a Whippet and happily met a Jack Russell. He would suit workers, a couple, or a family with kids 7+ who can give him love, routine, and a comfy bed to stretch out on. Cody is ready to bring warmth, fun, and companionship to his forever home. If you're looking for a gentle soul with a playful streak, Cody might just be your perfect match. 🐾💛","cody-2",""
"2021-01-01","Western Sydney (Londonderry)","956000011578787","Bim","2026-04-07","FEMALE","","Bim is a cute and cuddly girl with a joyful spirit. She would do best with a family who are around more often than not, and could build up to longer hours. She would thrive in a house/townhouse with access to a courtyard or backyard so she can learn the ins and outs of pet life at her own pace. This gorgeous girl is all things cute, cuddly, bubbly and adorable. We think respectful kids would enjoy her fun side, and she would be suitable for a family looking for an engaged and spirited companion. A home without stairs is ideal. Come meet her at the Western Sydney adoption centre!","bim",""
"2019-05-01","New England","956000006804151","Ollie","2026-04-07","MALE","","Friendly, playful, and full of charm! Ollie is a sweet and sociable greyhound who loves making new friends—both human and canine! He’s playful without being over-the-top, and his gentle nature makes him a joy to be around. One of Ollie’s cutest quirks? When he gets excited, he likes to “nibble” your hands with his nose—a little affectionate nudge that will melt your heart. He’s looking for a loving home where he can enjoy cozy naps, fun play sessions, and plenty of attention. Ollie would thrive with someone who appreciates his affectionate personality and is ready to share lots of cuddles. Why you’ll love Ollie: Calm yet playful temperament Loves people and enjoys gentle interaction Unique and adorable habit of nudging hands when happy If you’re ready to welcome a loyal companion who will brighten your days, Ollie is waiting to meet you!","ollie-5",""
"2021-05-01","Southern NSW/ACT (Bulli, Nowra, Goulburn, Canberra)","956000012917379","Stunner","2026-04-07","FEMALE","","Stunner is stunning (hence the name), she lives in a rural environment around native and domestic animals and has always had young kids in her life. She is keen on playing with toys and walks well on the lead.","stunner",""
"2021-06-01","Southern NSW/ACT (Bulli, Nowra, Goulburn, Canberra)","956000012896329","Bev","2026-04-07","FEMALE","","Bev is a lovely girl who lives in a rural setting. She lives amongst domestic animals and has no shortage of roos, wombats, echidnas and birds coming past.","bev-1",""
"2015-01-01","Southern NSW/ACT (Bulli, Nowra, Goulburn, Canberra)","956000004281375","Focus","2026-04-07","FEMALE","","Focus is very focused on lounging around. She is a special low maintenance sweetheart that is great with kids and is very sweet and affectionate.","focus",""
"2020-03-01","Southern NSW/ACT (Bulli, Nowra, Goulburn, Canberra)","956000007834471","Fiama","2026-04-07","FEMALE","","This special girl loves getting outside just so she can soak up the sun. She knows her name well and is good when left alone in the yard. She has grown up around kids and plays well with the other greyhounds.","fiama",""
"2017-07-01","Southern NSW/ACT (Bulli, Nowra, Goulburn, Canberra)","956000005380312","Milur Lou","2026-04-07","FEMALE","","This special girl is everybody's friend, she is resilient and laid back. She is happy to play and stretch her legs. She lives around farm and native animals and shares her space with other hounds.","milur-lou",""
"2021-05-01","Western Sydney (Londonderry)","956000011552559","Hamish","2026-04-07","MALE","","Hi, I'm Hamish, a gorgeous blue fawn boy. I can walk up and down stairs, and loves a snuggle once I get to know you! I have been described as calm and well behaved, with a lovely nature. I'm a great traveller and would be happy to settle in the car for road trips. I'm calm and a bit playful around other dogs and would suit a home with another dog my size/medium to large size. Meet me at Western Sydney by appointment.","hamish",""
"2016-06-01","New England","956000004877464","Lizzy","2026-04-07","FEMALE","","Lizzy s a gorgeous 9-year-old fawn greyhound who proves that age is just a number—she’s young at heart and full of love! Gentle on the lead and easy to walk, Lizzy is the perfect companion for relaxed strolls and cozy afternoons. She comes with foster experience, so she’s already familiar with home life and knows how to settle in beautifully. Her calm, affectionate nature makes her an ideal match for anyone looking for a sweet, loyal friend who loves snuggles and companionship. If you’re searching for a gentle soul who will bring warmth and joy to your home, Bindi is ready to make your heart her forever home.","lizzy-2",""
"2022-11-01","Western Sydney (Londonderry)","956000015748843","Elsa (Western Sydney)","2026-04-07","FEMALE","","Do you wanna build a snowman? or perhaps a bond to last a lifetime? MEET ELSA! At first, this sweet girl can be a little quiet, think “gentle snowfall,” not a blizzard but give her a moment and she’ll reveal a warm, affectionate personality that shines brighter than a frozen palace at sunrise. Elsa may have just three legs, but don’t worry, she gets around beautifully, and what she lacks in limbs she more than makes up for with love, charm, and an irresistible sparkle. She’s proof that being a little different just makes you more magical. ✨ Because she needs space to move comfortably and confidently, Elsa would be happiest as the one and only royal in her castle. A home without stairs is ideal too, so she can glide gracefully without having to conquer any mountains (even if she could, she shouldn’t have to!). If you’re ready to welcome a princess with courage, charm, and a heart as warm as summer, Elsa is ready to choose you. ❄️💙","elsa-8",""
"2022-07-01","Northern Rivers (Grafton, Lismore, Casino)","956000007431612","Bernie","2026-04-07","MALE","","Bernie is a laid-back legend who loves car rides and walks! He’s great on the lead and enjoys taking life at a relaxed pace. While he might be a little shy at first, Bernie warms up quickly and will soon be your loyal mate. He’s easy-going, chilled, and gets along with all dogs—making him the perfect companion for a calm and happy home. “Bernie – Your easy-going adventure buddy!”","bernie-2",""
"2021-10-01","Southern NSW/ACT (Bulli, Nowra, Goulburn, Canberra)","956000013018667","Breeze","2026-04-07","FEMALE","","Breeze can be a cheeky funny girl who is great company, she loves playing with toys and is a social, playful character when she is in the large yard with the other hounds. She live around native and domestic animals.","breeze",""
"2017-01-01","New England","956000004878602","Flossy","2026-04-07","FEMALE","","Flossy is a beautiful greyhound who’s nearly 9 years young and still full of grace. She’s the perfect mix of calm and affectionate, making her an ideal companion for someone looking for a loving, easygoing friend. Personality: Flossy is gentle, sweet-natured, and loves being part of a family. She enjoys quiet moments and will happily curl up beside you for a snooze. Compatibility: She gets along well with other dogs, so she’d fit perfectly into a multi-pet household. Lifestyle: Flossy is past her racing days and prefers a relaxed pace. A comfy bed, a few short walks, and plenty of cuddles are all she needs to thrive.","flossy-5",""
"2021-07-01","Northern Rivers (Grafton, Lismore, Casino)","956000013032808","Astro","2026-04-07","MALE","","Astro is a heart-melting, affectionate boy looking for a forever home full of love, snuggles, and good company. While he's great with dogs of all sizes, he requires a home without another dog in the home but would thrive with doggy play dates and group walkies. He settles well in a crate and has shown to know his name and learning recall. This sweet soul is very cuddly and affectionate – a true Velcro dog who wants to be near his people. Whether it's curling up on the couch, following you around the house, or gently resting his head on your lap, Astro’s love knows no bounds. He’s a great inside dog with lovely house manners, making him a perfect match for someone who is home more often than not. If you’re looking for a loyal best friend who gives as much love as he gets, Astro is your guy. Astro is available at the Western Sydney adoption centre.","astro",""
"2022-02-01","Western Sydney (Londonderry)","956000014848352","Pepper","2026-04-07","FEMALE","","Pepper is a cute girl who loves to hug you! She will jump and ask for a cuddle. She loves travelling and going on adventures and having fun. She is excitable around dogs so a friendly tolerant dog her size would be suitable for Pepper. She is confident and loving and can't wait to find her forever family! She is a lot of fun and would love a backyard and even children to keep her entertained! Meet Pepper at the Western Sydney adoption centre by appointment.","pepper-6",""
"2021-07-01","Southern NSW/ACT (Bulli, Nowra, Goulburn, Canberra)","956000007420083","Panda","2026-04-07","MALE","","Panda is a very tidy dog who is easy to train and fit in. He is confident and very affectionate. He loves to play and loves to wipe out and relax by your side. He is comfortable on his own which would make him suitable for fulltime workers or a busy family. Panda can do stairs and is very gentle and friendly boy.","panda-3",""
"2020-12-01","Southern NSW/ACT (Bulli, Nowra, Goulburn, Canberra)","956000007373188","Busta","2026-04-07","MALE","","Busta is a great boy who loves to keep you company and hang out. He is a good walker on the lead and likes everyone he meets. He is friendly and social with other dogs and is confident when doing new things.","busta",""
"2022-07-01","Western Sydney (Londonderry)","956000007427937","Charlie","2026-04-07","FEMALE","","Hi, I'm Charlie, a pretty little lady who can't wait to be your new best mate. I walk nicely on the lead and I'm learning to be confident in new places. A slow introduction to the big wide world will suit me best, but I know you'll help me be brave! I am very sweet and would suit a home with a dog my size and older kids who can show me all about play time and treats. Meet me by appointment from Western Sydney.","charlie-19",""
"2021-07-01","Western Sydney (Londonderry)","956000011651828","Shak","2026-04-07","MALE","","Shak is what we affectionatly call a BFG (Big Friendly Giant). He is a big boy who is super affectionate, and he's a greyhound who sees everyone as his friend! He is confident, charming and has a lovely personable nature which we all love. This beautiful boy would be suited to family life, outings and spending time playing with older children due to his size. He'd love a backyard to zoom around and if you're home more often than not at the start of his adoption journey, we think he'd thrive and settle in well! Shak can be adopted via appointment at Western Sydney.","shak-1",""
"2021-10-01","Northern Rivers (Grafton, Lismore, Casino)","956000012917875","Aussie","2026-04-07","MALE","","Say hello to Aussie! 🐾 Aussie is a handsome 4-year-old black boy with a big heart and an even bigger love for people. If there’s a pat going, Aussie’s first in line — he never says no to some quality human affection! He’s a dream to have around: walks beautifully on the lead, travels well, and has a calm, social nature that makes him great company wherever he goes. The handsome gentleman is more than happy to entertain himself in the backyard or curl up with you on the couch. He is great walking on the lead and has no issues exploring new places. Aussie gets along wonderfully with dogs of all shapes and sizes — small, medium, and large — and is always up for making new friends. With his gentle manners, easygoing vibe, and love for life, Aussie would make an amazing addition to almost any home. 💙","aussie",""
"2020-09-01","Northern Rivers (Grafton, Lismore, Casino)","956000007842773","Benny","2026-04-07","MALE","","Meet Benny🐾 Say hello to Benny, our big-hearted greyhound with an even bigger personality! This handsome lad is full of life, energy, and affection — the perfect mix of fun and love. Benny absolutely adores people and thrives on human company. Whether he’s greeting you with a wagging tail or leaning in for pats, he’s sure to win you over in seconds. Benny would love a family with a backyard where he can stretch his long legs, zoom around, and play to his heart’s content. After playtime, he’s more than happy to flop down and relax, enjoying some quiet time — he’s quite independent when he wants to be! When it comes to other dogs, Benny can be a bit selective with male dogs, so he’d likely be happiest as the only dog in his new home (as long as he has that backyard and plenty of human love, he’ll be in heaven!). If you’re looking for a big, goofy, affectionate companion who’ll make you smile every day, Benny is your boy. He’s ready to fill your home with love, laughter, and a few joyful zoomies!","benny-10",""
"2022-11-01","Riverina (Wagga, Temora, Gundagai, Griffith)","956000015734814","Polly","2026-04-07","FEMALE","","Meet Polly! 🌸 Polly is a lovely-natured, friendly, and easy-going girl who adores human company and loves being by your side. She’s happiest when she can be part of whatever’s going on and would make a wonderful, loyal companion. She enjoys her walks, playing with her Jack Russell pals, or just pottering about with you in the yard or garden. Polly is comfortable around kids 11+ and has a calm, happy nature that makes her a joy to have around. A simple, relaxed lifestyle would suit Polly perfectly — she’d be an ideal match for a retiree or anyone looking for a gentle yet fun friend who’s happy to share both companionship and quiet time. 💛","polly-11",""
"2021-12-01","Western Sydney (Londonderry)","956000007424347","Kay","2026-04-07","FEMALE","","*I'm in a foster care home - reach out to GAP team to know more about me!* Kay is sweet & gentle on the lead, and calm and reserved in new situations. We think this gorgeous girl will thrive in a calm, steady home, who are able to take things at her pace. An adults only (or potentially dog experienced older kids/teenagers) home would suit Kay best while she learns how to be a pet with you. She would do best in a home with a fenced yard or small courtyard. She is polite around other dogs, someone who is home more often than not to help nurture Kay into a beloved family member will be the best fit for Kay. Meet our lovely Kay at Western Sydney by appointment.","kay-2",""
"2020-05-01","Western Sydney (Londonderry)","956000007830142","Rocky","2026-04-07","MALE","","If you're looking for a playful, engaged dog who is polite with other dogs and who would enjoy an active, fun life, consider adopting Rocky. Rocky is a friendly brindle boy who has experience with kids 12+. He loves a scratch behind the ear and has a confident, outgoing nature. He is a social butterfly and would enjoy being a part of family activities whether that's walks to school or going to the park. He can be excited to get going on walks so an owner who can handle a strong dog is recommended. Rocky is available by appointment at Western Sydney.","rocky-16",""
"2022-02-01","Northern Rivers (Grafton, Lismore, Casino)","956000011652693","Stella","2026-04-07","FEMALE","","Meet Stella🌟 Say hello to Stella, a gorgeous greyhound with a heart as big as her smile! This social butterfly absolutely adores her canine friends and loves nothing more than a good play session with her doggy pals. Stella isn’t fazed by much — she takes everything in her stride with her calm, easy-going nature. Whether she’s out on an adventure or lounging at home, Stella is simply happy to be part of the fun. She’s a big fan of her humans too! Pats, ear rubs, and cuddles are always on her wish list, and she’ll happily follow you around or curl up at your feet once playtime is over. When she’s not making friends, Stella enjoys playing with her toys or just relaxing in a comfy spot nearby. With her affectionate personality and playful charm, she’s the perfect all-round companion. Stella’s dream home is one where she can share her days with loving humans (and maybe a furry friend or two) who will give her the love and attention she so happily returns.","stella-7",""
"2019-12-01","Western Sydney (Londonderry)","956000007833840","Vern","2026-04-07","MALE","","Vern is a gentleman who walks nicely on the lead, who is confident and happy around new people and happy to go gentle walks around the block everyday. A fenced backyard and a home who will include him in daily activities would be a great fit for him. Vern has a positive and welcoming nature which would see him suit a family with children. Meet Vern by appointment at the Western Sydney adoption centre.","vern",""
"2021-07-01","Western Sydney (Londonderry)","956000007432910","Billy","2026-04-07","MALE","","Hi, I'm Billy! I'm a handsome fawn boy looking to find my perfect forever home. He is happy exploring new places and would enjoy a home with a fenced yard to call his own. He would love to be included in daily adventures like walks to and from the school pick up or spending time at the park! Billy is suitable to live with other dogs after a meet and greet. You can meet Billy at the Western Sydney adoption centre by appointment.","billy-21",""
"2021-07-01","Western Sydney (Londonderry)","956000007422053","Hank","2026-04-07","MALE","","This handsome boy is a high energy, loving guy looking to bounce into your home. He loves a pat and a bit of attention but is also happy to do his own thing. He has a charming and personable nature who we think would get along well with children and other dogs. Meet Hank by appointment at the Western Sydney adoption centre.","hank-8",""
"2021-06-01","Western Sydney (Londonderry)","956000012867205","Teddy","2026-04-07","MALE","","Affectionate boy Teddy is a sweet boy who walks gently on the lead and will greet you with a gentle tail wag. He is a calm, loving and sooky boy looking for someone to dote on him. He's easy to walk and has an easy going nature. He is friendly around other greyhounds and would suit a home with another dog. This cutie is available by appointment at the Western Sydney adoption centre!","teddy-9",""
"2019-12-01","Western Sydney (Londonderry)","956000007465978","Tiny","2026-04-07","FEMALE","","Tiny is a quiet little girl who is very sweet & often shy with new people. She becomes sweet and affectionate once you get to know her. A house or townhouse in the quiet neck of the woods, with a nurturing owner, would be the best fit for Tiny. She could also live in an apartment if it's spacious/quiet with safe zones to call her own - eg baby gates and secluded spaces. A quiet home where she can settle in and thrive would be perfect for Tiny, this means a home without children and pets/dogs. She can do stairs & enjoys sleeping in a crate, however not required. She has shown she can settle for longer periods here and would suit working up to full timers. It would be amazing to see someone nurture her confidence and guide her through the world. She becomes playful, loves chasing toys around, likes treats and food, and walks nicely on the lead. She's happy to take treats and likes learning and training. Tiny is a sweet little dog who will make an amazing pet once she has settled in. If you think Tiny sounds like the right girl for you then apply to meet her today.","tiny-9",""
"2020-01-01","Mid North Coast","956000007825732","Sophia","2026-04-07","FEMALE","","Meet Sophia – the Sweet & Sophisticated Greyhound! 🐾 Sophia is a gentle 6-year-old greyhound with a calm, easy-going nature. She’s been around kids (ages 5 & 6) who can walk and feed her, and she takes it all in stride! While she might be a little reserved at first, once she feels at home her playful, affectionate side shines through. Sophia gets along beautifully with dogs of all sizes and is the perfect mix of grace and goofiness.","sophia",""
"2022-05-01","Western Sydney (Londonderry)","956000011330719","Ernie","2026-04-07","MALE","","Ernie is a shy boy who has made a lot of progress at the adoption centre. He is looking for a special home who will nurture him and continue his confidence building. He requires a family willing to take things slow with him as we have here. He would thrive as a solo dog with a 1-2 adults at home, or a calm dog to keep him company. He could spend a few hours alone or longer, with a secure yard or courtyard. He is very sweet, cuddle and adorable once he trusts you (see photos of all his cuddly moments!). It will be a highly rewarding journey for whoever adopts our special boy Ernie. He loves lying on blankets in the garden, sitting in his shell pool and cuddling you once he knows you. Meet Ernie by appointment at Western Sydney.","ernie-7",""
"2021-01-01","Northern Rivers (Grafton, Lismore, Casino)","956000011711698","Jack","2026-04-07","MALE","","Meet Jack🐾 Say hello to Jack, a cheerful and affectionate greyhound who’s ready to find his forever family! Jack has grown up around children and is wonderfully gentle and patient with them — he loves being part of family life and joins in with whatever’s going on, always making sure everyone is happy and safe. This lovely boy gets along brilliantly with other large dogs and enjoys having a playmate who can keep up with his energy. He can be a little unsure around smaller dogs at times, so he’d benefit from some calm, positive socialisation to help him feel more confident with them. Jack’s playful side really shines when he’s surrounded by his toys. He loves tossing them around, chasing after them, and showing off his collection to anyone who’ll watch! Between play sessions, Jack takes his role as “family supervisor” very seriously, checking in regularly with his people to make sure all is well before settling down again with a big grin and wagging tail. With his happy, affectionate nature and gentle heart, Jack would make a wonderful companion for a family looking for a fun, loving dog to share their days with. He’s full of character, always up for a bit of play, and even happier just to be near his humans. If you’re searching for a loyal, joyful friend who’ll bring laughter and love into your home, Jack is your guy. He’s ready to meet his forever family — and he can’t wait to check in with you! 💛🐶","jack-36",""
"2021-11-01","Northern Rivers (Grafton, Lismore, Casino)","956000013017828","Keith","2026-04-07","MALE","","Meet Keith🐾 💛 Say hello to Keith, a stunning boy with a big personality and an even bigger heart. This charming boy has grown up surrounded by children, so he’s used to family life and all the noise, laughter, and cuddles that come with it. He’s gentle and patient with kids, always happy to join in on playtime or relax nearby while they do their thing. Keith is an excellent traveller, he hops into the car with ease and settles down quietly for the ride. Whether it’s a trip to the countryside or a quick run to the shops, he’s the perfect co-pilot who loves to be part of the action. When it comes to other dogs, Keith gets along beautifully with larger breeds and enjoys having a playmate of similar size and energy. He can be a little unsure around smaller dogs and would benefit from some gentle, supervised socialisation. True to his greyhound nature, Keith is a lovely mix of playful and laid-back. He adores his bursts of energy in the garden or at the park — chasing toys, stretching those long legs, and showing off his zoomies, but he’s just as happy curling up for a snooze on the sofa afterwards. He’s got the balance just right! Keith would suit most family environments, especially those looking for a single dog who can be the centre of attention. He thrives on affection and companionship and will reward his new family with endless loyalty, love, and plenty of cuddles.","keith-3",""
"2022-05-01","Northern Rivers (Grafton, Lismore, Casino)","956000014529171","Bj","2026-04-07","MALE","","Meet BJ🐾 BJ is a wonderful male greyhound who’s great with all dogs and would fit perfectly into a home with children. He’s had positive experiences around kids before, making him a calm and gentle companion for family life. This affectionate boy absolutely loves pats and cuddles — he’s always ready to lean in for some extra love and attention. BJ also enjoys a splash in shallow water, happily cooling off and having fun when the chance arises. With his friendly nature, love for affection, and easy going temperament, BJ is a fantastic all-rounder who will bring warmth and happiness to any household. If you’re looking for a sweet, sociable greyhound who thrives in a family environment and gets along with everyone, BJ could be the perfect match for you.","bj-2",""
"2023-04-01","Western Sydney (Londonderry)","956000015762294","Violet","2026-04-07","FEMALE","","*Violet has just gone to a foster care home - check in soon for updates!* Friendly, energetic and adorable girl Violet is a sweet and reserved girl to begin with but loves to play and bounce around once she gets to know you. Violet walks perfectly on the lead and is polite and friendly with other dogs her size. We think her confidence would grow if she had a doggie friend to spend her days with. A backyard or townhouse yard would be a perfect fit for Violet! Meet Violet by appointment at Western Sydney.","violet-4",""
"2023-04-01","Western Sydney (Londonderry)","956000015762851","Angus","2026-04-07","MALE","","Angus is friendly and playful, likes playing with toys and confident in new places. Angus is active, fun and would enjoy a active, structured life of daily walks and adventures. Someone confident with walking a strong dog is preferred as he can be excited to get going. Angus would be a great candidate to share a home with another medium to large dog pal! Meet Angus by appointment at Western Sydney.","angus-5",""
"2021-07-01","Western Sydney (Londonderry)","956000007374088","Sully","2026-04-07","MALE","","*I have been in a foster care home for 6 weeks - read the update below!* ""Sully is going well and has settled in and shows signs of improvement almost everyday. He is very good with children and with all types of dogs. He loves a walk and is good on the lead. On the lead he is well behaved and does not respond when other dog are walking near him. If I stop and talk with another dog walker Sully is calm and relates appropriately with other dogs. Sully loves to drive in the car and enjoys the wind in his face as he keeps his head out of the window. He loves a cuddle and pat in the morning and anytime during the day if he is awake."" ------------ Hi, I’m Sully — a gentle, quiet-natured blue boy looking for my new home. I love being around my people, get along well with other dogs, and I’m perfectly happy spending time in the yard while you’re out. I also love having the freedom to wander in and out as I please. I love the water – so much so that I even took a dip in the river (see photos)! I also travel great in the car and enjoy my walks, especially in quiet areas while I continue building my confidence. I like to take my time getting used to new environments, and once I do, I’m all in. I have even learnt to walk up and down stairs! I’m happiest in a home with a yard where I can stretch my legs and enjoy the fresh air throughout the day. I also like to sleep outside and would love a family who respects my boundaries when I’m resting or asleep. I also have experience in a pet home, so I already know the routine of a home life. I’m comfortable being left alone for a few hours, especially with a yard to explore and settle in. And when the day winds down, you’ll find me cozied up in my crate – it’s my little safe haven where I sleep soundly through the night. I'm available now at the Western Sydney adoption centre!","sully-2",""
"2021-02-01","Hunter Valley Mid Coast (Maitland/ Muswellbrook/Newcastle/Forster)","956000007421962","Jack","2026-04-07","MALE","","Jack is a playful, sweet-natured boy with a cheeky streak and a big heart. He’s lived with a young cattle dog puppy and showed plenty of patience, and he currently shares his life with a couple of toddlers who climb all over him—he doesn’t mind a bit! Jack LOVES his toys (especially fetch!) and is super treat-motivated, which makes training and bonding a breeze. He’s all about having a good play, then flopping onto a comfy bed for a well-earned nap. Jack’s also been known to “reorganise” shoes around the house—just his way of helping with interior design! If you’re after a fun-loving, kid-friendly companion with a mischievous grin and a heart of gold, Jack’s your guy.","jack-34",""
"2021-12-01","Hunter Valley Mid Coast (Maitland/ Muswellbrook/Newcastle/Forster)","956000011658719","Burt","2026-04-07","MALE","","Burt is a total character who thrives on human attention and isn’t shy about making sure you notice him! He can pull like a pro at first on walks, but give him a little time and he settles right down. Burt gets along with other greyhounds at home but prefers to be the king of his castle—he’s got a strong “mine” vibe when it comes to his food and toys. He’s great with kids of all ages and has plenty of experience being a patient, lovable buddy. Burt’s looking for someone who’s home most of the time to keep him company and soak up all his charm. Cats aren’t really his cup of tea, so a feline-free home would suit him best. Ready for a lively, loyal companion? Burt’s your guy!","burt",""
"2019-12-01","Hunter Valley Mid Coast (Maitland/ Muswellbrook/Newcastle/Forster)","956000012255310","Bertha","2026-04-07","FEMALE","","Bertha is a calm and quiet lady who walks well on lead and prefers a relaxed lifestyle—perfect for someone looking for a low-key companion. She enjoys a little play with toys now and then, plus the occasional zoomie to remind you she’s still got some pep in her step. Bertha is best suited as a solo dog and would be a wonderful match for someone who wants a peaceful friend to share their days with—especially if you work from home and can keep her company. While she’s not a fan of cats, Bertha’s easy-going nature makes her a sweet and steady companion for the right home.","bertha-2",""
"2018-10-01","Hunter Valley Mid Coast (Maitland/ Muswellbrook/Newcastle/Forster)","956000006809967","Jimmy","2026-04-07","MALE","","Jimmy is a confident, energetic guy who walks beautifully on lead and loves to bound around with enthusiasm. He’s super engaging with people and thrives on treats—perfect for training and bonding! While Jimmy enjoys playing with other greyhounds during his outings, he prefers to be the only dog in the home to keep things calm and comfortable. Jimmy hasn’t had much experience with cats and tends to prefer a pet-free feline zone, so a cat-free home would be best. Jimmy would shine in an active household where he can join in on plenty of adventures and daily fun. If you’re looking for a lively, loyal, Jimmy is your guy!","jimmy-11",""
"2021-11-01","Mid North Coast","956000007432704","Jacko","2026-04-07","MALE","","Meet Jacko! Jacko is a confident, curious soul who's ready to find a forever home where he can truly shine. With a natural love for exploring the world around him, Jacko would thrive with a single person or a couple who can give him the time, space, and companionship he deserves. While Jacko adores human company, he prefers to be the only pet in the home so he can soak up all the love and attention. He may be open to meeting other dogs his size with slow, careful introductions — but he’s happiest when he has his own space to relax and play. This smart boy has fantastic recall and responds beautifully when out and about, making adventures together a real pleasure. He also enjoys his downtime with toys and will happily entertain himself or engage in a gentle game with his humans. If you're looking for a loyal, playful, and independent companion who's ready to explore life by your side, Jacko might just be your perfect match. Key Info: ✅ Best as a solo pet ✅ Confident and curious ✅ Slower intros with other dogs his size ✅ Excellent recall ✅ Loves toys and enrichment ✅ Ideal for a single person or couple Jacko is ready to meet his person – could that be you?","jacko-4",""
"2019-05-01","Mid North Coast","956000006793931","Shadow","2026-04-07","MALE","","Meet Shadow 🐾 Shadow is a gentle, sweet-natured greyhound who’s happiest when he’s hanging out with his human family and preferably inside, where he can find the comfiest spot in the house and make it his own. Once he’s picked his perfect chill zone, you’ll barely know he’s there… until it’s time to play or snack, that is! Shadow gets along beautifully with other dogs and adores children of all ages. He’s calm, friendly, and takes everything in his stride, making him a lovely companion for a busy family or anyone looking for a relaxed but social dog. If you’ve got a cat, Shadow may need a slow and gentle introduction—he’s curious but polite, and with a bit of patience, there’s potential for peaceful cohabitation. Despite his relaxed nature, Shadow loves to play, especially a good game of fetch! He’ll light up when you grab a toy and is always ready for some fun in the yard or a quick burst of activity before heading back to his favourite snooze spot. And when the treats come out? Oh, you’ve got his full attention. This boy knows how to sit pretty for a snack and will happily hang out just to be near you. Shadow would thrive in a loving home where he can enjoy the best of both worlds: playtime and cuddle time. Whether you’re a family with kids, a home with other dogs, or someone looking for a loyal companion to share quiet moments and light hearted play, Shadow is ready to step into your life and into your heart.","shadow-7",""
"2020-05-01","Mid North Coast","956000007466484","Hammer","2026-04-07","MALE","","Ready to nail the perfect companion? Meet Hammer 🐾 Hammer is the ultimate all-rounder—a friendly, happy-go-lucky greyhound who gets along famously with other dogs of all shapes and sizes. Whether it’s a tiny terrier or a big labrador, Hammer’s easy going nature means he’s ready to make friends wherever he goes. This lively boy absolutely loves his zoomies and would thrive in a home with a backyard where he can race around and let loose to his heart’s content. When he’s not zooming, Hammer is a wonderful family dog—gentle, affectionate, and great with people of all ages. He’s equally happy as a solo dog or as the perfect companion for a young couple looking for a loving, energetic friend. Hammer is a cuddler at heart and enjoys spending quiet moments snuggled up with his humans after a day of fun and play. His engaging personality and happy disposition make him a joy to be around, always eager to say hello and share some love. If you’re searching for a playful, affectionate, and well-rounded greyhound who’s ready to bring energy and warmth into your home, Hammer might just be the perfect match!","hammer",""
"2019-05-01","Mid North Coast","956000006793938","Big Boy","2026-04-07","MALE","","Say hello to Big Boy 🐾 Big Boy is a gentle giant with a heart as big as his name! This confident and max relaxer greyhound is a true people pleaser who adores everyone—from dogs and cats to children of all ages. He’s got a warm, friendly nature that makes him an instant hit wherever he goes. While Big Boy loves socializing, he prefers to be the king of his castle and would do best as a solo dog in his forever home. That said, he’s always up for a fun doggy playdate to stretch his legs and enjoy some furry friendship time. He knows how to keep things chill and relaxed, so his play dates tend to be happy and harmonious affairs. Big Boy would thrive in a home with a backyard where he can soak up the sunshine, lounge on the grass, or explore at his own leisurely pace. He’s happiest when a family member is working from home or part-time, as he enjoys company but is also perfectly content to kick back and chill solo when needed. Whether he’s snoozing quietly or spending quality time cuddling with his humans, Big Boy’s laid-back vibe brings calm and comfort to any household. On walks, Big Boy is a star walker, calm and confident on the lead, making every outing a peaceful pleasure for both dog and human. If you’re looking for a lovable, relaxed companion who’s a true social butterfly with a preference for solo living and fun play dates, Big Boy could be your perfect match. Ready to settle in and steal your heart, he’s waiting to become the gentle giant of your family!","big-boy-1",""
"2020-05-01","Hunter Valley Mid Coast (Maitland/ Muswellbrook/Newcastle/Forster)","956000007846261","Jett","2026-04-07","MALE","","Meet Jett 🐾 Jett is a confident and outgoing boy with a heart full of love and energy. He has previously lived happily with small dogs, showing his friendly and adaptable nature, and he’s always ready to make new furry friends wherever he goes. This active boy thrives on plenty of exercise and stimulation, but he also knows how to switch gears and settle in for lots of cuddles and affection. Jett absolutely loves being close to his humans and will happily snuggle up whenever he gets the chance. His affectionate nature makes him a true companion who will brighten your days with his joyful spirit. Jett would do best in a home where someone is working from home or part-time, as he enjoys having company around and thrives when he’s not left alone for long periods. His confident and sociable personality means he’s ready to explore the world and enjoy new adventures with you by his side. If you’re looking for an energetic, loving, and confident greyhound who is great with smaller dogs and adores affection, Jett could be the perfect addition to your family!","jett-4",""
"2023-05-01","Southern NSW/ACT (Bulli, Nowra, Goulburn, Canberra)","956000017162490","Kala","2026-04-07","MALE","","Kala is strapping young lad who is a big cuddly softie. He just wants to be part of the family. He is happy to supervise while your working hard around the yard and is happy to fetch toys and drop them at your feet. Kala is destined to be a valued family member with a lot of love to give. Great with everyone he meets. Still needs a bit of patience and guidance to be a great companion.","kala",""
"2020-05-01","Hunter Valley Mid Coast (Maitland/ Muswellbrook/Newcastle/Forster)","956000007855090","Geisha","2026-04-07","FEMALE","","Say hello to Geisha 🐶 Geisha is a beautiful lady with a calm presence, a gentle spirit, and a love for life’s simple pleasures. She has the kind of soothing energy that fills a room without saying a word – just her being there makes everything feel a little more peaceful. True to her name, Geisha moves with grace and serenity, but don’t let that elegant exterior fool you – she’s also got a wonderfully playful streak! When it comes to other dogs, Geisha is a total pro. She’s incredibly dog-social and happy to live with canine companions of all shapes and sizes. Whether she’s gently playing, quietly snoozing next to them, or just sharing her space, she does it all with ease and friendliness. Geisha is what we like to call “effortlessly easy.” She’s wonderfully relaxed, low-maintenance, and happy to go with the flow. She’ll adapt to your routine without complaint and will be your quiet shadow, following you from room to room with calm curiosity. She doesn’t ask for much – just a soft bed, some gentle affection, and maybe a toy or two to keep her entertained. One of her favourite things is simply being close to her humans. She thrives on gentle affection and will happily rest her head in your lap or snuggle in close for some quiet bonding time. She’s affectionate without being needy – just a sweet, steady presence who’s always nearby when you need a bit of comfort or company. Geisha is ready to find her forever home – could it be with you?","geisha",""
"2020-05-01","Hunter Valley Mid Coast (Maitland/ Muswellbrook/Newcastle/Forster)","956000007851461","Joe","2026-04-07","MALE","","Meet Joe 🐾 Joe is a confident and cheerful gentleman with a tail that never stops wagging! Full of personality and charm, Joe carries himself with a happy-go-lucky attitude and a healthy dose of independence. He knows what he likes — whether it's a good sniff around the backyard or a comfy spot to lounge in, but he’s always happy to come over for a cuddle and soak up all the affection you're willing to give. Joe is great with medium and large dogs, showing good manners and a calm approach. He’s still learning about smaller dogs, so slow and gentle introductions will be key. With the right guidance, he’s a smart boy who’s always up for learning something new. This lovely lad would thrive in a home with a secure backyard where he can stretch his legs and enjoy some solo sunbathing time. Joe’s independent streak means he’s not overly clingy, but he still loves having his humans around — especially if they’re up for some playtime or pats. He’d be best suited to a home with older children who can match his energy and give him the space he needs to relax and feel secure. If you're looking for a happy, affectionate, and self-assured greyhound to brighten your days, Joe could be just the guy for you! 🐶","joe-10",""
"2020-05-01","Hunter Valley Mid Coast (Maitland/ Muswellbrook/Newcastle/Forster)","956000012226800","Nitro","2026-04-07","MALE","","Meet Nitro! ⚡️ Nitro is a lively guy who knows how to strike the perfect balance between zoomies and chill time. When he’s feeling energetic, he’ll happily race around the yard like a little lightning bolt, showing off his speedy moves and playful spirit. But just as quickly, he’s just as content curling up beside you for some serious relaxation and quality cuddle time. Nitro is a true social butterfly in the pet world. He’s cat-friendly and dog-friendly, making him an ideal member of a multi-pet household. Whether he’s sharing space with feline friends or canine companions, Nitro is easy-going, respectful, and gets along famously with everyone. Plus, he’s fantastic with children of all ages; gentle, patient, and always ready to be part of the family fun. This affectionate boy absolutely thrives on attention and love. He’s the type of dog who will happily follow you around the house just to be near you, eagerly accepting all the pets, scratches, and belly rubs you can offer. Nitro’s love tank is bottomless, and he’s not shy about letting you know when he needs a little extra TLC. Nitro also appreciates his crate—a cozy, safe haven where he can retreat when he wants some downtime or a peaceful nap after a busy day of adventures and play. He’s well-behaved, adaptable, and loves having a comfy spot to call his own. If you’re searching for a loving, well-rounded companion who fits seamlessly into a bustling household, Nitro might just be your perfect match.","nitro-1",""
"2020-07-01","Mid North Coast","956000011710328","Bat Man","2026-04-07","MALE","","Meet Bat Man! 🦇 Don’t let the name fool you—Bat Man is a laid-back greyhound with a heart as soft as his adorable fluffy coat. He’s happiest when surrounded by his fellow greyhounds, loving their company and enjoying the calm, easy-going life of a true greyhound gentleman. Bat Man hasn’t been tested with smaller dogs yet, but he’s got such a chilled-out nature that we’re hopeful he’d take things in stride with the right introduction. This easy going guy adores his human friends and is always up for some quality time; whether it’s a gentle pat, a slow stroll, or just hanging out together. He’s happy to cruise about at his own relaxed pace, taking in the world with a contented smile. Bat Man’s combination of chilled vibes, fluffy charm, and love for his greyhound pals makes him a wonderful companion for someone looking to add a calm, affectionate friend to their home.","bat-man-1",""
"2019-01-01","Western Sydney (Londonderry)","956000006812015","Matey","2026-04-07","MALE","","*I have just aced my 8 weeks of foster care and I'm ready to go home with you!* Foster Update: ""Matey is going great, enjoys his walks, enrichment toys and especially enjoys food! He now comes inside and runs straight to his bed and lies down, without me even needing to tell him, we are blown away with how well he is going!"" Ahoy Matey! Matey is the finest gem of them all! With his pretty blue coat, floppy ears and gentle, curious and affectionate nature, this Matey is a bounty of charm waiting to be adopted! He is a super outgoing boy who just loves everyone he meets, especially if you have some yummy treats or play a game of fetch with him! Matey suits full time workers and loves spending his days outside with enrichment during the day - making him a great outdoor dog for a family looking for a pet who spends most of their time outside. Matey is an enthusiastic, gentle, smart and fun-loving boy making him suitable for those wanting a laid back yet playful friend. Matey suits full-time workers, and would enjoy a small yard to call his own. This handsome boy is available now from our Western Sydney adoption centre.","matey-2",""
"2019-05-01","Western Sydney (Londonderry)","956000006795720","Cindy","2026-04-07","FEMALE","","Cindy is a sweet, quiet girl, who is lovely and soft with other dogs. She warms up well once you get to know her and becomes very sweet and affectionate. Cindy would suit a nurturing home where they can take things slow, but we're sure she will come out of her shell! A quiet home with a backyard to retreat to would be a perfect match for Cindy as she settles into pet life. A home without little kids is best suited as she is on the shy side. Available at Western Sydney!","cindy-6",""
"2024-01-01","Northern Rivers (Grafton, Lismore, Casino)","956000017173454","Tails","2026-04-07","FEMALE","","Meet Tails 🐕‍🦺 Tails has been in foster care with a wonderful family and their 2 greyhounds now for a few months. 💕 Tails has flourished in foster with Winnie and Potato teaching her the ropes. She loves going for walks and enjoys the beach. Tails is a collector of all things, she has learnt to clean up her toys and take them to her bed at night. She also collects many other things and looks after them. Tails would benefit from another confident playful greyhound friend like Potato to teach her the ropes and continue to bring out her confidence. Tails loves to play and run with her friend Potato in the yard while Winnie supervises watching fromt he sidelines ready to be the fun police if required.","tails-1",""
"2019-01-01","Western Sydney (Londonderry)","956000006169035","Wooly","2026-04-07","MALE","","Hey, I'm Wooly! I'm a quiet guy, looking for a quiet home. I warm up to new people but would prefer a nurturing chilled out place to call my own. I'd love my own backyard and don't mind mingling with other dogs big or small. I love food and will enjoy learning new tricks in my forever home. A home without children is best for me. I can't wait to meet you! Available at Western Sydney.","wooly",""
"2019-01-01","Northern Rivers (Grafton, Lismore, Casino)","956000006803507","Jill","2026-04-07","FEMALE","","Jill is a confident, friendly and affectionate girl described as 'wonderful' by her trainers here at the adoption centre. If you're looking for a super smart and focused girl, Jill's known cues are: name/recall, 'on your bed', off, down, touch, shake, chin rest, and drop (a toy). Jill loves toys & will play fetch with you. Her ideal home is a house with a backyard with colorbond fencing with shorter hours alone while she settles in. Jill requires a home without exposure to other dogs and requires an owner who lives in a low small dog populated area. She would thrive with an experienced greyhound owner who can continue her human engagement, training, focus training, and things like stationing on a bed, performing cues and recalling. She is happy to entertain herself in the yard during the day making her a good fit for those who work full-time and want a loving companion welcome them home everyday. Meet Jill at Western Sydney!","jill-8",""
"2017-08-01","Northern Rivers (Grafton, Lismore, Casino)","956000009574469","Spring","2026-04-07","FEMALE","","Meet Spring! 🌼 Spring is a sweet-natured girl with a heart as soft as her gorgeous greyhound coat. She’s one of those dogs who makes life easier just by being around – relaxed, gentle, and incredibly easy to handle. Whether you’re an experienced dog owner or new to life with pups, Spring fits in effortlessly. She’s a real social butterfly, getting along brilliantly with all other dogs and loving the company of people. If you’ve got visitors, expect Spring to be first in line for a gentle hello and a little tail wag. She's a friendly soul who just wants to be included in the love. Spring would be a great fit for a family home, including one with respectful children. Her calm and steady personality makes her a safe and lovely companion for little ones. While she’s a joy in almost every way, Spring is still working on perfecting her lead manners – nothing too tricky, just a bit of ongoing training and consistency, and she’ll have it down in no time. If you're looking for a sweet, low-maintenance, and loving dog who enjoys companionship and will bring a peaceful energy to your home, Spring could be your perfect match.","spring-1",""
"2019-11-01","Northern Rivers (Grafton, Lismore, Casino)","956000012226511","Belle","2026-04-07","FEMALE","","Belle is a happy, vibrant and energetic girl who is affectionate and social! She loves all the fun things in pet life - treats, zoomies, attention and play! She would love a fun active home to keep her stimulated and meet her training and enrichment needs. She is very friendly, and would suit a home with another dog big or small. She would suit kids experienced with large breed dogs. A fully fenced yard with somewhere for her to romp around and sunbake would be ideal for Belle! Available via Northern Rivers.","belle-5",""
"2023-05-01","Northern Rivers (Grafton, Lismore, Casino)","956000015762349","Dina","2026-04-07","FEMALE","","Hi, I'm Dina, I'm a shy but sweet girl looking for someone to nurture and calm my nerves. I am sweet and polite and I promise to be your new best friend, I'm just a little unsure when I first meet you. I take a bit of time to warm up, so I'd like a quiet neck of the woods to call my own, maybe a house with a quiet yard or a nice property to relax on. I am polite, calm and friendly around other dogs, too! Available via Northern Rivers.","dina",""
"2022-01-01","Northern Rivers (Grafton, Lismore, Casino)","956000011657987","Rev","2026-04-07","MALE","","Meet Rev ⚡! Rev is a handsome and energetic boy who loves nothing more than making new friends—both human and canine alike. With excellent recall, he’s eager to listen and respond, but he does have a strong lead presence that means he’d benefit from a bit more training to help him channel all that enthusiasm in the best way possible. Rev is incredibly social and friendly, and he’ll always be the first to say hi with a wagging tail and a big smile. His love for other greyhounds is clear—he thrives when he’s around his own kind, enjoying playful interactions and company that keeps his spirits high. An explorer at heart, Rev is happiest when he’s out and about, taking in new sights and scents with boundless curiosity and energy. He’s ready for an active home that can keep up with his zest for life and support his ongoing training to help him become the best version of himself. If you’re looking for a friendly, lively, and affectionate greyhound who’s ready to share adventures and endless greetings, Rev is your guy!","rev",""
"2021-11-01","Northern Rivers (Grafton, Lismore, Casino)","956000013018423","Gem","2026-04-07","FEMALE","","Meet Gem 💎! This gorgeous girl has a heart full of love and a gentle, shy nature that takes a little time to come out of her shell. At first, Gem might feel a bit reserved as she gets used to new surroundings and people, but with patience and a calm environment, she quickly settles in and reveals her true, loving self. Gem would thrive best in a household where someone is usually around—whether working from home, part-time, or just a steady presence—so she never feels alone and can build her confidence at her own pace. One of Gem’s greatest joys is spending time with her doggy friends. She loves to play and interact with other dogs, showing her friendly and sociable side once she feels comfortable. Gem also adores children and enjoys their playful energy, making her a wonderful companion for families with kids who can engage her in gentle games and fun activities. Though she may start off a little shy, once Gem has warmed up to you, she’s a total cuddle queen. She loves curling up close, soaking in affection, and sharing those quiet, cozy moments that truly bond a dog and their human. Her sweet, gentle spirit shines through in these calm times, reminding you just how special she is. If you’re looking for a patient, loving, and devoted friend who will blossom beautifully in a supportive and caring home, Gem is waiting to meet you. With time, love, and consistency, this gentle girl will become a treasured member of your family, bringing warmth and happiness every day.","gem-9",""
"2016-11-01","Northern Rivers (Grafton, Lismore, Casino)","956000004482938","Lonnie","2026-04-07","FEMALE","","Hey, I'm Lonnie! With my big happy smile, I hope I catch your eye! I'm a friendly girl to people and dogs alike, making me a wonderful family pet. I walk perfectly on the lead, and I have a lovely gentle personality. I like car rides, adventures and having fun with my people. I would love a home who will show me all about the big wide world and include me in daily activities. I have a soft, gentle personality and would love to meet you! Available in Northern Rivers.","lonnie",""
"2018-11-01","Northern Rivers (Grafton, Lismore, Casino)","956000006672042","Angel","2026-04-07","FEMALE","","Hi, I'm angel, a gentle mannered quiet girl looking for a forever home. I'm middle aged, making me sweet and calm and ready to snooze by your side. I can take a little time to warm up but I promise to be your best friend once I get to know you. Another dog does give me some more confidence so maybe you have a confident doggie for me to be friends with? I'd love a courtyard or backyard to call my own, as I love being outside in the sunshine. Available in Northern Rivers.","angel-9",""
"2021-06-01","Hunter Valley Mid Coast (Maitland/ Muswellbrook/Newcastle/Forster)","956000014517918","Bella","2026-04-07","FEMALE","","Meet Sooky 🐾 Sooky is a beautiful girl with a soft heart and a gentle spirit. She’s the kind of girl who doesn’t ask for much — just a calm home, a comfy spot inside, and someone who understands her sensitive nature. Sooky can be a little unsure when left alone for long periods, so she'd do best in a home where she has access to the indoors during the day, especially if her humans are out. Having that safe, familiar space helps ease her anxiety and lets her settle in comfortably. She currently lives on a property with a cattle dog and gets along well, so she could definitely benefit from having another calm, furry companion to keep her company. Sooky is small dog workable, and with a slow and respectful introduction, she may also be cat workable — she’s happy to coexist and just vibe out with her friends. This lovely girl has no need for chaos — she’s all about the peaceful life. She enjoys a quiet day, a gentle stroll, and the comfort of knowing she’s not alone. Whether she’s lying in a sunny patch of grass or relaxing on the couch, Sooky brings a quiet calm wherever she goes. If you're looking for a sweet, sensitive greyhound who just wants a peaceful home, a bit of company, and a place to feel safe, Sooky might just be the perfect fit.","sooky-1",""
"2021-10-01","Hunter Valley Mid Coast (Maitland/ Muswellbrook/Newcastle/Forster)","956000014810017","Boris","2026-04-07","MALE","","Meet Boris 🐾 Looking for a big-hearted best mate with extra-long legs and even longer cuddle sessions? Say hello to Boris — a supersized sweetheart who’s equal parts lounge lizard and lovebug! The only way to describe him is…. A gentle giant. Boris is a big boy (and he knows it!), but don’t let his size fool you — he’s a total softie who lives for snuggles and affection. If there’s a comfy spot and a human nearby, Boris is already there, leaning in for pats and making himself right at home. He loves hanging out with his fellow greyhounds and is a bit of a social butterfly in the dog world. Whether it's chilling in the backyard or going for a casual group walk, Boris is all about the good vibes and friendly company. Car rides? Trailer trips? No worries! Boris is calm, cool, and collected on the move. He travels like a seasoned pro — just give him a spot to settle and he’s happy to watch the world go by (or take a nap en route to his next adventure). Boris would love a home where he can lounge around, share his oversized heart, and maybe steal a spot on the couch (or at least a corner!). If you’re after a chill, cuddly, and all-around lovely lad to complete your family — Boris is ready to roll right into your life and never look back.","boris-6",""
"2020-11-01","Hunter Valley Mid Coast (Maitland/ Muswellbrook/Newcastle/Forster)","956000011576753","Danny","2026-04-07","MALE","","Meet Danny 🐕 Danny is a charming and affectionate boy with a big heart and a friendly soul. He absolutely adores other greyhounds and thrives in their company. Although he hasn’t been tested around smaller dogs yet, his gentle and calm nature suggests he could adapt well with the right introduction. Danny has lived happily with young children and has proven to be a patient and loving friend to the little ones in his life. He’s used to the hustle and bustle of a busy home and enjoys being part of a family environment where he can share lots of love and attention. One of Danny’s standout qualities is how beautifully he walks on the lead — calm, polite, and well-mannered, he makes every walk a pleasant experience. He’s also very trainable and responds well to crate training, which helps him settle and feel secure when needed. Danny would do best in a home that has a backyard or safe outdoor space where he can stretch his legs, enjoy some fresh air, and have the freedom to relax and play. He’s not just an energetic pup; he’s a true people-lover who thrives on companionship and bonds closely with his humans. If you’re looking for a gentle, friendly, and devoted greyhound who will fit seamlessly into a loving home, Danny could be your perfect match. He’s ready to share his heart and make new memories with a family that can give him the care and affection he deserves.","danny-4",""
"2022-02-01","Hunter Valley Mid Coast (Maitland/ Muswellbrook/Newcastle/Forster)","956000011646118","Lawsie","2026-04-07","MALE","","Meet Lawsie 🐾 Lawsie is a vibrant and confident boy who’s bursting with energy and enthusiasm for life! This lively boy loves nothing more than spending time with his fellow greyhounds — their company really makes him shine. With a slow and careful introduction, Lawsie can also learn to get along well with small dogs, though he’s better suited to a household that understands his playful and excitable nature. Lawsie thrives in a home with older children who can keep up with his high energy and enjoy joining in on his fun adventures. He’s happiest when he’s zooming around, chasing his favorite toys, and letting loose with the classic greyhound zoomies that will bring a smile to anyone’s face. His playful spirit and bright personality make him a true bundle of joy to be around. While Lawsie is friendly and outgoing, he is a bit stronger on the lead due to his excitement, so some patient lead training will help him focus and walk calmly by your side. This little guy is eager to learn and wants to impress his new family! If you’re looking for a confident, happy-go-lucky companion who will fill your home with energy and love, Lawsie could be the perfect match. He’s ready to bring endless fun and affection to a patient family who can match his pace and appreciate his wonderful personality.","lawsie",""
"2021-12-01","Northern Rivers (Grafton, Lismore, Casino)","956000007421455","Speedy","2026-04-07","MALE","","Meet Speedy 🐕‍🦺 Speedy is a true friend to all dogs and thrives on socializing with his canine companions. He’s incredibly friendly and easy going, but when it comes to smaller pups, he appreciates those who are confident and respectful—he knows how to set boundaries without fuss. With the right doggy friends, Speedy blossoms into the perfect playmate and loyal buddy, making him an ideal addition to a multi-dog household where everyone gets along peacefully. Travel is no trouble for Speedy; in fact, he’s always eager to hop in the van and go on new adventures. Whether it’s a quick trip to the park, a visit to the vet, or a day out exploring, Speedy handles car rides like a seasoned pro. His calm demeanour makes traveling stress-free and enjoyable for everyone involved. On walks, Speedy is a dream. He walks beautifully on the lead, matching your pace with effortless grace and a happy tail wag. His cruisy personality shines through every step, making your daily strolls a pleasure rather than a chore. Beyond his sociable nature with dogs and his love for travel, Speedy has a wonderfully happy and relaxed attitude towards life. He’s content to chill at home, soak up some sun, or simply be near his humans, always with a calm, gentle presence that brings peace to any household. If you’re looking for a well-mannered, sociable, and super laid-back companion who loves life, good company, and peaceful adventures, Speedy is the one to meet. With his loving nature and easy going spirit, he’s ready to cruise his way into your heart and home.","speedy-5",""
"2022-12-01","Hunter Valley Mid Coast (Maitland/ Muswellbrook/Newcastle/Forster)","956000015749226","Millie","2026-04-07","FEMALE","","Meet Millie 🌿 Millie is a lovely greyhound with a gentle spirit who tends to be a little nervous in new situations. She needs some encouragement and lots of patience as she learns to feel safe and comfortable in her new surroundings. With the right support, Millie will blossom into a loving and devoted companion. Because Millie is shy, she would benefit hugely from foster care, where she can receive one-on-one attention and gentle guidance during her initial settling-in phase. A quiet, calm household would be the perfect environment for her to grow in confidence without feeling overwhelmed. Millie is good with cats and would happily share her home with them. When it comes to other dogs, she’ll need a slow and careful introduction to build trust and feel at ease. With time and gentle encouragement, she can learn to enjoy canine company. This special girl is looking for someone with a kind heart who understands that patience and love are the keys to helping her settle in and feel truly at home. If you have a calm space and the time to nurture Millie’s confidence, she could be the perfect addition to your life.","millie-5",""
"2017-07-01","Western Sydney (Londonderry)","956000009519629","Georgia","2026-04-07","FEMALE","","This sweet girl has entered her golden years and is ready to find her forever home! Georgia warms up to new people in no time and loves affection, often leaning in for more pats and scratches behind the ear (an easy way to win her over!). Georgia would prefer a quieter home with a laid back life style so she can spend her days upside down on a couch or catching rays in the yard. A home with adults or older children would also best suit Georgia. She gets a long well with other Greyhounds so pending a meet and greet, could suit a home with another medium to large canine friend. Meet Georgia at Western Sydney!","georgia-3",""
"2023-03-01","Northern Rivers (Grafton, Lismore, Casino)","956000014887458","Jerry","2026-04-07","MALE","","Hi, I'm Jerry! I love kids aged 2 up and have lots of experience with them, I'm gentle and love the attention if I'm honest! I'm overall laid back & gentle, and have done all sorts of things to get ready to be your perfect pet, including meeting a staghound & Great Dane x. I'm super easy on lead, not an active dog but loves attention when seeing visitors, and would love to get out and have a play with you in the yard during the day! I like travelling in cars and vans, easy to walk on the lead and love playing with squeaky toys. I could live with other dogs male or female, and I'm ready to show off my happy go lucky energy!","jerry-7",""
"2021-05-01","Mid North Coast","956000007430616","Jill","2026-04-07","FEMALE","","Jill is a sweet and gentle soul who’s looking for a calm, loving home where she can settle in at her own pace. She can be a little shy to start, but with patience and kindness, she’ll begin to show you just how affectionate and loving she truly is. Jill would be best suited to a quieter lifestyle, where she can feel safe, secure, and take things one step at a time. With slow and careful introductions, she could potentially be okay around smaller dogs, especially those who are calm and respectful. If you’re looking for a soft-natured companion who will quietly steal your heart, Jill might be the perfect match.","jill-6",""
"2020-10-01","Hunter Valley Mid Coast (Maitland/ Muswellbrook/Newcastle/Forster)","956000007455878","Bob","2026-04-07","MALE","","Meet Bob 🐾 Introducing Bob, a gentle, affectionate greyhound with a heart full of love and a calm, easy-going nature. Bob is the kind of companion who doesn’t need much – just a quiet home, some treats, and a loving human (or two) to call his own. Bob is friendly with other dogs, cat-tolerant, and would do well in a home with older, respectful children. His gentle demeanour and soft, soulful eyes make him a peaceful presence, and he’s happiest when surrounded by the people he loves. This sweet boy has so much affection to give and loves nothing more than being close to his human family. He’s more than happy to chill out for most of the day, watching the world go by from a comfy spot in the house, or curling up next to you for some quiet company. Bob isn’t looking for adventure – just a calm, loving home where he can feel safe, relaxed, and cherished. If you’re after a loyal companion who will bring peace, love, and gentle tail wags into your life, Bob might just be the perfect match. He’s ready to settle down and soak up all the love his forever family has to offer – could that be you?","bob-16",""
"2020-07-01","Hunter Valley Mid Coast (Maitland/ Muswellbrook/Newcastle/Forster)","956000007840661","Emma","2026-04-07","FEMALE","","Meet Emma 🐾 Say hello to Emma, a gentle, affectionate, and quietly charming greyhound with a heart full of love. With her graceful presence and calm nature, Emma is the kind of dog who quickly becomes the heart of any home. She loves nothing more than spending time with her people – whether that’s relaxing on the couch, following you around the house, or just being nearby while you work or unwind. Emma walks beautifully on the lead and enjoys her daily strolls, especially when she gets to catch up with her greyhound friends. She’s well-mannered around other medium to large dogs and has a calm, friendly way about her that makes her easy to get along with. Emma is also great with children and would be a wonderful companion for a family or a household with visiting grandkids. While she’s happy to snooze the day away in true greyhound fashion, Emma does best when she has company. She would thrive in a home where someone is around most of the time – whether you work part-time or from home, Emma will be your loyal and loving sidekick. If you’re looking for a gentle soul with lots of love to give, Emma is ready to steal your heart and become your new best friend.","emma-5",""
"2022-12-01","Hunter Valley Mid Coast (Maitland/ Muswellbrook/Newcastle/Forster)","956000014883084","Charlie","2026-04-07","MALE","","Meet Charlie! 🐾🌟 Charlie is a gentle, slightly reserved greyhound who quickly warms up once he feels settled and safe. This calm and affectionate boy enjoys exploring the world through his nose, taking in all the smells and sights on his sniffing adventures. Charlie thrives on companionship and would be happiest in a home where he can be part of the family’s daily life. He’s great with other dogs and cats, making him an ideal addition to a multi-pet household. Charlie’s easy-going nature means he adapts well to new environments, especially with a little patience and time to adjust. Charlie would do best in a home where he isn’t left alone for long periods. He loves having company, whether that’s a family with kids to keep him entertained or someone who works from home or part-time, so he never feels lonely. If you’re looking for a sweet, adaptable companion who loves to explore and enjoys the company of both humans and other pets, Charlie is ready to be your loyal friend. Charlie would be most suited to: A multi-pet household with dogs and/or cats A family environment with children who can provide gentle companionship A home where someone is present part-time or works from home An owner or family willing to give him time and patience to settle in A calm and loving environment where he can enjoy daily sniffing adventures and relaxed walks If Charlie sounds like your perfect match, do not hesitate to come and meet him!","charlie-18",""
"2022-07-01","Hunter Valley Mid Coast (Maitland/ Muswellbrook/Newcastle/Forster)","956000007430385","Archie","2026-04-07","MALE","","Meet Archie 🐾 ✨ Archie is a truly wonderful boy with a heart full of social spirit and a calm, confident nature. He absolutely adores spending time with other greyhounds and is happiest when he has a canine buddy by his side. Archie is great with medium to large dogs and fits perfectly into a multi-dog home where he can enjoy plenty of furry company. But it’s not just other dogs that Archie loves — he’s incredibly social and affectionate with people too! Archie thrives on human interaction and is always eager to make new friends, whether it’s a quick pat or some relaxed downtime together. His easy-going temperament means he’s not phased by much — busy environments, new places, or changes in routine don’t rattle this laid-back boy. Archie would do well in a home with older children who understand how to respect boundaries and enjoy gentle play. His calm and steady demeanour makes him a wonderful companion for families, singles, or anyone looking for a loyal, loving dog who’s ready to be part of the family. If you want a confident, friendly, and adaptable greyhound who gets along with both dogs and humans alike, Archie is the perfect match!","archie-14",""
"2021-01-01","New England","956000014510438","Jimmy","2026-04-07","MALE","","Jimmy is the sweetest boy a heart full of love and legs built for adventure. This playful boy is looking for his forever home where he can shine as either your one-and-only or alongside another medium to large dog who matches his energy and style. 🐾 Personality & Temperament: Playful & affectionate – Jimmy loves to play and thrives on human interaction. Walk enthusiast – Walks are his favorite part of the day, and he’ll happily trot beside you rain or shine. Kid-friendly – Best suited to homes with older children who understand gentle dog manners. 🏡 Ideal Home: Jimmy would do best in a home where he’s either the only pet or paired with another dog of similar size. He’s not suited to living with small dogs or cats, but he’s got plenty of love to give to his human family.","jimmy-10",""
"2020-09-01","Northern Rivers (Grafton, Lismore, Casino)","956000012805487","Zara","2026-04-07","FEMALE","","Zara is a chilled and easy going girl Zara would like a quiet home where she can chill with her family and perhaps go on a short walk every few days Zara has been living in a home and is quiet and easy to live with Zara has been socialised with small dogs and would be fine with a relaxed quiet small friend","zara-6",""
"2021-01-01","Hunter Valley Mid Coast (Maitland/ Muswellbrook/Newcastle/Forster)","956000007456471","Bob","2026-04-07","MALE","","Bob is a vibrant and playful greyhound who’s full of life and always ready for the next adventure. He would thrive in an active home with a yard to run around in and older kids to keep him company. Bob is high on life, he loves his zoomies, enjoys playing with toys (his absolute favourite activity), and is always up for a cuddle once he’s had his fun. He walks well on lead and is very social, enjoying the company of people and other dogs. While he’s not a fan of cats, he might do well with a medium to small dog in the home, provided introductions are done slowly and with care. Bob travels beautifully in the car and takes everything in stride. He will need an experienced owner or someone patient and understanding, as he may take a little time to learn house manners and settle into a routine. He’s smart, enthusiastic, and eager to please, he just needs the right guidance. Overall, Bob is just happy to be here. With the right family, he’s going to be an incredibly fun and loving companion.","bob-15",""
"2022-01-01","Western Sydney (Londonderry)","956000011658223","Pat","2026-04-07","MALE","","Hi, I'm Pat! I promise to be the bestest boy ever! I hope you like me too. I am a very friendly and affectionate boy. I love food and can be a little shy. I am called a lounge lizard by my current family. I've even done things like go to the beach, meet children, and see the sights on street walks. I don't really show much interest in toys but I have perfected the greyhound zoomie. A paddock gallop is my 'happy place'. I hope you have a backyard for me to chill out in! You can meet me and ""Pat me"" at the Western Sydney adoption centre!","pat-7",""
"2019-11-01","Northern Rivers (Grafton, Lismore, Casino)","956000012226511","Royal","2026-04-07","FEMALE","","Meet Royal 👑🐾 Royal is a delightful girl who truly lives up to her name. She’s a playful and affectionate sweetheart who adores making friends—especially with other dogs, no matter their size! Royal’s favourite thing in the world is playing with her furry pals, and she’ll happily invite any dog she meets to join in on the fun. Whether it’s a game of chase, tug, or just a joyful romp, Royal is always ready to play. This gentle lady would make a wonderful family pet. She’s calm and confident, not easily stressed by new people or environments, which makes her adaptable and easygoing in all kinds of settings. Royal loves her toys and can spend hours happily entertaining herself or sharing playtime with her favourite humans. When she’s not busy playing or making new friends, Royal is a cuddle bug who loves to snuggle up and soak in all the love and attention she can get. She’s a perfect balance of lively and laid-back—a true joy to have around. If you’re looking for a loving, playful, and incredibly social companion who will bring laughter and warmth into your home, Royal is ready to steal your heart and become your family’s new best friend.","royal-2",""
"2020-02-01","Hunter Valley Mid Coast (Maitland/ Muswellbrook/Newcastle/Forster)","956000007842710","T Rex","2026-04-07","MALE","","Meet T-Rex 🦕 Dog Friendly: Yes – best with medium to large dogs Child Friendly: Yes – best suited to a home with older children Ideal Home: A family with a secure backyard and an active lifestyle Don’t let the name fool you – T-Rex is all heart and happiness! This big, bouncy boy is bursting with personality and ready to find a family who’ll love his enthusiastic, affectionate nature. T-Rex is a social butterfly through and through. He’s currently living with other greyhounds and thrives in their company, especially those who can match his playful energy. He’s also friendly with medium and large dogs, and loves being part of a pack. This boy lives for his people – always close by, always ready to join in. Whether you're moving around the house or heading out for an adventure, expect T-Rex to be your loyal shadow. He’s interactive, affectionate, and happiest when included. T-Rex would do best in a home with older children who can enjoy his energy and help guide his big personality. A backyard is a must – he’s got some serious zoomie skills and needs space to stretch those long legs. While he’s eager to get out and explore, T-Rex can be strong on the lead, so he’ll need confident handlers who can continue his training and help him channel his excitement on walks. He will be your super social and loyal shadow and sidekick If you’re ready for a fun, affectionate, and outgoing greyhound who will bring non-stop joy and energy into your life, T-Rex is your guy.","t-rex",""
"2020-11-01","Western Sydney (Londonderry)","956000007786716","Vaughn","2026-04-07","MALE","","Vaughn has been described by his handlers as simply ""amazing""! He is outgoing and affectionate with people & would suit a family home with a yard for him to relax in. He cannot wait to show you his Vaughn-derful personality! He is highly engaged with his training, best suited to house/townhouse living and settles alone well in a backyard setting. He’s already learned a bunch of tricks like 'down', shake, recall, his name, and on/off bed, and sit! He’s quick to pick things up! He will need a home with a yard where he can run and play till his heart’s content. A family that will continue to help him on his training journey and a calm, loving environment where he can relax and feel secure. His best home is a family who want to do dog training, adventures and cool fun activities with him! Vaughn is available from the Western Sydney adoption centre.","vaughn",""
"2021-03-01","Northern Rivers (Grafton, Lismore, Casino)","956000014517931","Zippa","2026-04-07","MALE","","Meet Zippa!🐾 Zippa is a charming, affectionate boy who’s never met a dog he didn’t want to be friends with—especially if they’re fellow greyhounds! He thrives on canine company and is always the first to say hello with a happy wag and a gentle nuzzle. This social superstar settles quickly into new environments and brings calm confidence wherever he goes. Whether it’s a bustling park or a cozy home, Zippa makes himself right at home in no time. He absolutely adores human affection and will happily lean in for cuddles, neck scritches, and all the love you’re willing to give. With his friendly nature and easy-going personality, Zippa is a joy to have around and will make a wonderful companion for a home with other dogs—or just humans ready to shower him with love.","zippa",""
"2022-09-01","Northern Rivers (Grafton, Lismore, Casino)","956000014888140","Pebbles","2026-04-07","FEMALE","","Meet Pebbles! 🐶 Pebbles is a bright, bubbly, and super social greyhound who’s ready to win hearts wherever she goes! This lovely lady has a big personality and an even bigger heart — she adores the company of other dogs and gets along with absolutely everyone she meets, both two-legged and four. Pebbles has been well-socialised in the community and is comfortable and confident in a variety of environments. She’s spent plenty of time indoors and knows how to settle into home life with ease. Whether she's out and about or relaxing at home, Pebbles is always engaged, curious, and tuned into her humans. She’s a huge fan of pats, cuddles, and—of course—treats! Show her a snack and she’ll be your best friend in an instant. Her friendly, affectionate nature makes her a joy to be around, and she’s always up for a chat (or at least a tail wag and a nuzzle). Pebbles would thrive in a home where she can continue being part of the action—whether it’s social outings, doggy playdates, or simply lounging at your feet after a day full of love and attention. If you're looking for a sweet, sociable girl who’s already got the hang of home life and is ready to be your loyal companion, Pebbles is your perfect match.","pebbles-6",""
"2022-11-01","Western Sydney (Londonderry)","956000015729131","Son","2026-04-07","MALE","","Hi, I'm Son! I've been described as calm, loving, sociable, and easy going! I'm happy travelling, snoozing in crates, snuggling into new people for a bit of attention and pats. I've got a charming nature and I think I'm pretty adaptable in new situations! I would suit respectful kids and a backyard to search for my toys in! I'm a confident fella who can't wait to meet you. You can meet me at the Western Sydney adoption centre!","son-7",""
"2021-09-01","New England","956000012790590","Diesel","2026-04-07","MALE","","With his sweet little undershot jaw, Diesel oozes character both on the outside and on the inside! This sweet dog is good with children and other dogs, he is ready to slot right into family life and find a sofa to call his own. Whist he loves to play ball and goof around, Diesel is also happy to curl up next to his person for a cuddle and a snooze!","diesel-6",""
"2021-09-01","Hunter Valley Mid Coast (Maitland/ Muswellbrook/Newcastle/Forster)","956000007432818","Boris","2026-04-07","MALE","","Meet Boris! 🐕 Boris is a high-energy, fun-loving boy with a big personality and an even bigger heart. With his confident nature and bouncy enthusiasm, he’s always ready to play, explore, and soak up all the affection he can get. Boris gets along great with medium to large dogs and would thrive in an active home where he can be part of the action. Whether it’s going on adventures, playing in the yard, or just enjoying time with his people, Boris is all in. He would also love a friend at home to keep him company and is happy to play with him. If you’re an energetic family looking for a lively, loving companion who brings joy wherever he goes, Boris is your guy!","boris-4",""
"2019-12-01","Western Sydney (Londonderry)","956000012257986","Gazza","2026-04-07","MALE","","Gazza is a sweet boy who travels well in vans, cars and trailer, also walks well on lead on adventures out and about. Gazza has shown polite manners with children ranging from 20 months to 9 years old, showing a gentle & polite indifference. Gazza has spent time mingling with big and small dogs and would suit a home looking for a laid back boy happy to go with the flow. Gazza dreams of a little backyard to spend his days in and kids to keep him entertained during the day. He can be adopted at the Western Sydney adoption centre.","gazza-1",""
"2023-11-01","Mid North Coast","956000016207399","Albert","2026-04-07","MALE","","Meet Albert 🐾 Albert is a quiet, clean, and gentle soul who’s ready to find his forever home. He’s the kind of greyhound who takes life in his stride—literally! He walks beautifully on the lead, travels like a pro, and is an all-around easy companion. While he can be a little shy at first, Albert warms up quickly and really comes into his own once he’s settled. He absolutely loves a good run with his canine pals and gets along wonderfully with dogs of all shapes and sizes. Albert would thrive in a calm, loving home where he can enjoy his daily walks, zoomies with friends, and a comfy spot to relax. If you're looking for a sweet, well-mannered boy with a playful side, Albert might just be your perfect match.","albert-2",""
"2021-02-01","Mid North Coast","956000014517053","Grace","2026-04-07","FEMALE","","Meet Grace ☀️ Grace is a calm, friendly girl with a beautifully chilled personality and a love for the simple things in life — like a sunny spot to nap in and the company of other dogs. She’s previously lived happily with other canine companions and would love a home where she can continue to enjoy that friendship. She would be equally as happy being an only dog with her human friends. Grace has lived inside a home before; she walks nicely on the lead and travels well — making outings easy and enjoyable. Whether she's strolling beside you or stretching out in the sunshine, Grace brings a gentle, contented energy wherever she goes. She’s the perfect mix of affectionate and independent and would thrive in a home that appreciates her relaxed nature and loving heart. If you’re looking for a loyal companion who’s happy to share her space, her sunshine, and her heart — Grace is ready to meet you.","grace-9",""
"2023-07-01","Mid North Coast","956000016289402","Edna","2026-04-07","FEMALE","","Meet Edna 🌸 Edna is a lovely, soft-natured girl with a quiet charm and a heart full of potential. She enjoys the company of other dogs and her human friends. Edna walks beautifully on the lead and travels calmly, making her a joy to take out and about. While she may be a little shy at first, given time and gentle encouragement, she begins to show her sweet, affectionate personality. She would thrive in a quieter home where she can take things slowly and build confidence with patient people by her side, especially as she navigates new environments at her own pace. Once she feels settled, Edna blossoms — and her gentle companionship is truly special. If you're looking for a loyal friend to love and nurture, Edna might just be the perfect match.","edna",""
"2020-03-01","Mid North Coast","956000013060347","Horse","2026-04-07","MALE","","Meet Horse 🐾 Horse might have a big name, but he’s a total softie at heart. This gorgeous boy is the definition of laid-back – calm, collected, and always up for a cuddle or a tasty treat (he’s a bit of a snack connoisseur!). Horse gets along brilliantly with other dogs, making him the perfect companion whether you're out on a group walk or welcoming visitors at home. He travels like a pro, whether it's a quick ride or a longer trip, and he's even happy to wait patiently in the car while you pop into the shops – no fuss, no bother. Friendly with everyone he meets and just the right amount of nosey (we call it “curious charm”), Horse has a gentle soul and a curious streak that keeps life interesting. If you’re after a relaxed, loving dog who’s as easy-going as they come, Horse is your guy. Treat in hand? You’ve got a friend for life, the Gentle Giant with a heart of gold!","horse-2",""
"2019-07-01","Southern NSW/ACT (Bulli, Nowra, Goulburn, Canberra)","956000006794477","Sooky","2026-04-07","FEMALE","","walks well on lead Confident and social. higher energy dog for someone thats looking for adventure and likes fitness jumps up and down playful and jumps up to give cuddles likes to go off and explore would love a big backyard good for fulltime working hours enjoys a zoomie","sooky",""
"2021-09-01","Hunter Valley Mid Coast (Maitland/ Muswellbrook/Newcastle/Forster)","956000011705157","Franky","2026-04-07","MALE","","Meet Franky 🐾 Franky is a sweet boy who adores the company of other dogs and would do well living with a feline friend, provided they have a very slow and gentle introduction. With his engaging personality, Franky loves to sniff and explore his surroundings, always curious about the world around him. He would thrive in a home with another pet to keep him company, especially where someone works from home or part-time, so he can enjoy plenty of companionship throughout the day. Franky’s playful spirit and affectionate nature make him a wonderful addition to a loving family ready to share adventures and quiet moments alike.","franky",""
"2021-05-01","Mid North Coast","956000007419865","Sam","2026-04-07","MALE","","Say Hello to Sam – A Gentle Soul Ready to Bloom 🌱 Sam is a sweet boy who’s looking for a quiet home where he can truly come into his own. A little timid at first, Sam takes his time to get to know you– but once he feels settled, his playful and affectionate side begins to shine. He enjoys the simple joys in life: a gentle game in the yard with his canine friends, a few soft toys to toss around, and, of course, a tasty treat or two! Sam gets along well with other dogs and would love a calm canine companion to help boost his confidence. With a bit of patience and a lot of love, Sam will reward you with loyalty, quiet companionship, and those special moments that come from watching him blossom.","sam-12",""
"2021-07-01","Hunter Valley Mid Coast (Maitland/ Muswellbrook/Newcastle/Forster)","956000013034060","Davie","2026-04-07","MALE","","Introducing Davie 🐾 Davie is a gentle, affectionate boy with a heart of gold and a tail that never stops wagging! This easy going boy is the perfect fit for just about any household – whether you have children, other dogs, or just need a calm companion by your side. He walks beautifully on a loose lead and has wonderfully relaxed body language, making strolls together an absolute pleasure. Davie is a social butterfly who gets along with dogs of all shapes and sizes, and his sweet, patient nature makes him a hit with kids too. Whether it’s lounging at home, greeting new friends, or enjoying a quiet walk, Davie’s laid-back personality and loving nature shine through in everything he does. If you're looking for a loyal, low-maintenance friend with lots of love to give, Davie might just be your perfect match!","davie",""
"2021-07-01","Western Sydney (Londonderry)","956000011712426","Bozo","2026-04-07","MALE","","Bozo is a tall, shy, and gentle boy. He might be big and tall but he has a quiet, soft and wise personality. If you're looking for a very gentle giant, who loves to lean on you and look up at you with puppy dog eyes, Bozo is the perfect match. Bozo is such a gentleman, especially around other dogs. He is a calm, reserved boy who would suit a home who can build up his confidence. A quiet, understanding owner who is interested in helping shy dogs become the best confident version of themselves, would be the perfect fit for our gentle giant, Bozo. Come and meet him at the Western Sydney adoption centre.","bozo-2",""
"2022-03-01","Northern Rivers (Grafton, Lismore, Casino)","956000011646777","Zane","2026-04-07","MALE","","Say hello to Zane! 🐾 Say hi to Zane, a lovable boy with a bright personality and a constantly wagging tail! Zane is the kind of dog who takes life in stride—always happy, always friendly, and ready to make new friends wherever he goes. Zane gets along beautifully with dogs of all shapes and sizes. Whether he’s meeting other Greyhounds or mingling with different breeds, he’s calm, polite, and loves being part of the action. Busy environments? No problem for Zane! He takes everything in with a relaxed attitude and copes well with new places, people, and experiences. He’s curious, confident, and always up for a new adventure—especially if there are treats involved (his favourite!). Zane would thrive in a home where he gets to be part of the fun and share his joy with others. If you’re after a gentle, friendly companion who brings sunshine wherever he goes, Zane might just be your perfect match.","zane",""
"2022-05-01","Hunter Valley Mid Coast (Maitland/ Muswellbrook/Newcastle/Forster)","956000011647482","Chloe","2026-04-07","FEMALE","","Meet Chloe — the confident, friendly tail-wagger who loves her doggy pals! 🐾💖 Chloe is a happy-go-lucky greyhound with a big heart and an even bigger tail — because she just can’t stop wagging when she’s around other dogs! 🐕💨 She already lives with a small dog and absolutely loves having furry friends to share her days with. With her confident and friendly personality, Chloe is always ready to say hello, make new friends, and spread good vibes wherever she goes. Whether she’s meeting new pups on a walk or chilling at home with her canine buddy, she’s a true social butterfly. 🦋🐶 If you’re looking for a cheerful, outgoing greyhound who adores company and knows how to make friends easily, Chloe is the perfect match!","chloe-12",""
"2020-01-01","Hunter Valley Mid Coast (Maitland/ Muswellbrook/Newcastle/Forster)","956000007357256","Garth","2026-04-07","MALE","","Introducing Garth… 🐾✨ Garth is a clever, confident greyhound who is happy to sniff out the world around him. 🌍👃 Whether it’s a leafy park, a busy street, or a quiet trail, Garth’s nose is always on a mission. He’s got a serious sniff game going on, taking in all in. But don’t let his independent streak fool you — when it’s time to wind down, Garth transforms into a total cuddle champ. 🥰 He’s a pro at snuggling up close, giving the best warm, cozy vibes after a long day of exploring. 🐕❤️ On walks, Garth is the perfect gentleman: calm, focused, and walking nicely on the lead. 🐕‍🦺 He’s happy to take the lead on where to sniff next, but always by your side. If you’re after a smart, easy-going companion who loves his independence but knows how to share the love, Garth is your guy and he can’t wait to meet you! 💙","garth",""
"2021-03-01","Western Sydney (Londonderry)","956000012863981","Canya","2026-04-07","MALE","","Canya is a cute guy, happy to settle where ever and go with the flow. He walks nice on lead, happy around new people and happy wagging tail where ever he goes. Canya would enjoy an outdoor area to call his home whether that's a courtyard or backyard. Super friendly and easy going, Canya would happily join a family with children or other dogs. He will lean on you and be forever grateful and love you forever for the adventures and treats that come his way! Canya is available at the Western Sydney adoption centre.","canya",""
"2017-08-01","Hunter Valley Mid Coast (Maitland/ Muswellbrook/Newcastle/Forster)","956000009462053","Sadie","2026-04-07","FEMALE","","Say hello to Sadie! 🌸 Sadie is a cool, calm, and confident greyhound who knows exactly what she wants out of life — and that includes plenty of chill time 😌. She’s an independent lady who’s perfectly happy entertaining herself with a comfy bed 🛏️, a toy or two 🎾, and a quiet corner to call her own. She would suit a household with full time workers or with another chilled out dog. Relaxed and self-assured, Sadie takes new experiences in her stride. If you're looking for a low-maintenance companion who brings a calm presence and quiet charm into your home, Sadie could be the perfect fit 🐾💕","sadie-5",""
"2020-12-01","Hunter Valley Mid Coast (Maitland/ Muswellbrook/Newcastle/Forster)","956000007449362","Shakey","2026-04-07","FEMALE","","Meet Shakey! 🐾 Shakey is a lovable greyhound with a heart full of affection for humans and fellow dogs alike❤️. Always the initiator of cuddles and belly rubs, Shakey thrives on connection and companionship. Curious and adventurous, he loves exploring new surroundings and enjoys every walk — especially because he’s such a pro on the lead! 🚶‍♂️ He’d be happiest in a busy, lively home where there’s plenty going on and would be more than happy with another furry friend to share the fun 🐕🎉. If you’re looking for a gentle, sociable, and well-mannered greyhound to brighten your days, Shakey might just shake her way into being your perfect match!","shakey",""
"2022-08-01","Central West (Bathurst/Dubbo/Coonabarabran)","956000015731404","Tommy","2026-04-07","MALE","","Meet Tommy – The Tail-Wagging Bundle of Joy! 🐾🎉 Tommy is a happy greyhound whose tail never stops wagging! He’s a lovable guy who thrives on cuddles, pats, and playtime—always ready to share his infectious enthusiasm with everyone he meets. Tommy loves exploring new places and sniffing out adventures, making every walk an exciting journey. His joyful spirit and affectionate nature make him the perfect companion for anyone looking for a fun-loving, loving friend. If you want a happy, playful pal who’s always up for a cuddle and a romp, Tommy’s your guy!","tommy-18",""
"2020-10-01","Hunter Valley Mid Coast (Maitland/ Muswellbrook/Newcastle/Forster)","956000011574978","Alfie","2026-04-07","MALE","","Meet Alfie! 🐾 Alfie is a handsome greyhound with a heart as big as his paws! This sociable guy adores the company of humans and loves making new friends—especially the big dog kind! With his bubbly personality and relaxed nature, Alfie is the perfect companion for a family looking for a gentle, easy-going friend. He’s fantastic with children, walks beautifully on the lead, and brings a calm, happy presence wherever he goes. Whether he's lounging in the sun or trotting alongside you on a stroll, Alfie is just happy to be part of the fun. If you're looking for a sweet, social pup with a heart of gold, Alfie’s your guy! 💛","alfie-8",""
"2020-02-01","Hunter Valley Mid Coast (Maitland/ Muswellbrook/Newcastle/Forster)","956000007837824","Bruiser","2026-04-07","MALE","","Meet Bruiser – Big Heart, Bigger Tail Wags! 🐶💕 Don’t let the name fool you – Bruiser is a total softie! This happy-go-lucky boy is bursting with love and has a tail that never stops wagging. He’s always ready to greet you with a smile and a nuzzle, and he thrives on affection from his human friends. Bruiser is full of energy and enjoys his playtime, walks, and any chance to explore the world by your side. He’s been around children aged 8 and up and would do well in a home where he can continue building those bonds – he loves being part of the action! Whether it’s zoomies in the yard or cuddles on the couch, Bruiser brings a joyful spark to every moment. He’d be a wonderful match for an active family or anyone looking for a loyal, loving companion. Ready to meet your new best friend? Bruiser can’t wait to wag his way into your heart!","bruiser-4",""
"2018-10-01","Hunter Valley Mid Coast (Maitland/ Muswellbrook/Newcastle/Forster)","956000005106467","Maggie","2026-04-07","FEMALE","","Meet Maggie – Your Future Snuggle Buddy! 🐾 Say hello to Maggie, a sweet and gentle greyhound with a heart full of love and legs made for graceful strolls. This lovely girl is as affectionate as they come – she absolutely adores pats, cuddles, and being close to her people. Maggie is a dream on the lead and makes every walk a pleasure. She gets along well with other dogs and would happily share her space with a canine friend. Whether it’s a walk around the block or a cozy nap on the couch, Maggie is content just being near those she loves. While Maggie can be redirected around cats, she still needs a bit more work and supervision in that area, so a cat-free home would be best. If you're looking for a calm, cuddly companion who will melt into your side and brighten your days, Maggie might just be the perfect match!","maggie-17",""
"2020-08-01","Central West (Bathurst/Dubbo/Coonabarabran)","956000011574597","Sonny","2026-04-07","MALE","","Sonny is a gentle, easy-going boy with a calm and placid nature. He loves a good snuggle but is just as happy doing his own thing or spending time with his people. With a slow introduction, he may get along well with smaller dogs. Sonny is a relaxed companion ready to bring quiet joy to a loving home.","sonny-5",""
"2021-05-01","Northern Rivers (Grafton, Lismore, Casino)","956000007430419","Charlie","2026-04-07","MALE","","Meet Charlie! 🐾 Charlie is a social butterfly who loves spending time with people and gets along great with other dogs. He’s full of energy and can be a bit strong on the lead at first, but he quickly settles into a calm and well-mannered walker once he gets going. Charlie is also a pro traveller—he enjoys van rides and is comfortable on the road, making him a great adventure buddy. If you’re looking for a friendly, outgoing greyhound who’s ready to join you on walks and trips, Charlie is your guy!","charlie-15",""
"2022-10-01","Northern Rivers (Grafton, Lismore, Casino)","956000011349543","Jack","2026-04-07","MALE","","Jack is a calm, easygoing greyhound who’s as lovely on the inside as he is on the outside. With his gentle nature and relaxed attitude, he settles into new environments quickly and takes everything in his stride. Jack is fantastic with children and other dogs, making him a wonderful family companion. He’s always polite, friendly, and happy to be part of the group – whether it’s a quiet day at home or a walk around the neighbourhood. He walks beautifully on the lead, never pulling or fussing, and is more than happy to stroll along at your side. Jack’s chilled-out personality and kind soul make him a joy to have around. Meet Jack by appointment at the Western Sydney adoption centre.","jack-32",""
"2019-06-01","Northern Rivers (Grafton, Lismore, Casino)","956000007829359","Greg","2026-04-07","MALE","","Meet Greg – A Gentle Soul Ready to Bloom 🌟🐾 Greg is a sweet and sensitive greyhound with a quietly charming personality. He can be a little shy at first, but it doesn’t take long for him to warm up – and once he does, you’ll see a loving and loyal companion who enjoys being part of the action in his own gentle way. Greg gets along well with other dogs and enjoys their company. He walks beautifully on the lead and is a dream to take out and about, always calm and well-mannered. He also travels well in the car, making adventures easy and stress-free. With a little patience and a lot of love, Greg will continue to come out of his shell and show you just how affectionate and easy going he really is. He’s a quiet star who’s just waiting for the right person or family to help him shine.","greg-1",""
"2019-06-01","Northern Rivers (Grafton, Lismore, Casino)","956000007857162","Sheila","2026-04-07","FEMALE","","Meet Sheila – A Sweet Soul with a Playful Heart 🐾💖 Sheila is a beautiful greyhound with a gentle nature and a heart full of love. She can be a little shy when meeting new people or exploring new places, but give her a bit of time and patience, and you’ll see her blossom into a joyful, playful girl with the happiest little tail wags. Once Sheila feels safe and settled, her playful side shines through. She loves to run, bounce around, and enjoy the company of her doggy friends – she gets along wonderfully with other dogs and thrives in their company. Sheila would do best in a calm and supportive home where she’s given the space to build her confidence. In return, she’ll reward you with sweet affection, gentle playfulness, and a loyal heart.","sheila-2",""
"2019-06-01","Northern Rivers (Grafton, Lismore, Casino)","956000007853681","Penny","2026-04-07","FEMALE","","Meet Penny🎾🐾 Penny is a bright, bubbly greyhound with a zest for life and a serious love for fetch! Toss a ball and watch her light up with joy – she could play all day if you let her. Her playful spirit and happy nature make her an absolute delight to be around. Always cheerful and full of personality, Penny brings positive energy wherever she goes. She travels well in the car, making her a great companion for outings and adventures, and she’s perfectly content relaxing in her crate when it’s time to wind down. Penny is the perfect mix of fun and easy going. Whether she’s chasing a ball, enjoying a ride, or snoozing in her crate after a busy day, she does it all with a wagging tail and a happy heart.","penny-11",""
"2019-06-01","Northern Rivers (Grafton, Lismore, Casino)","956000007856122","Glen","2026-04-07","MALE","","Meet Glen – The Ultimate Companion with a Heart of Gold 💛🐾 Glen is a handsome greyhound with a big heart and an even bigger love for life. Friendly, affectionate, and full of charm, Glen adores people and never misses an opportunity for a cuddle or a kind word. His tail is always wagging, especially when he's surrounded by his favourite humans. Glen gets along wonderfully with other dogs and is a real social butterfly. Whether he's playing with his pals or just chilling nearby, he brings calm, friendly energy wherever he goes. A big fan of toys, Glen loves a bit of playtime and will happily keep himself entertained with a squeaky or two. He also travels like a dream in the car, making him the perfect buddy for road trips, weekend getaways, or even just a quick drive to the park.","glen-2",""
"2019-06-01","Northern Rivers (Grafton, Lismore, Casino)","956000007855335","Donnie","2026-04-07","MALE","","Meet Donnie – The Social Butterfly with a Love for Fun! 🐶🎾 Donnie is a happy-go-lucky greyhound who’s always up for a good time! Whether he’s heading out on a road trip or making new doggy friends at the park, Donnie takes it all in stride. He travels like a pro – calm, relaxed, and ready for the next stop on the journey. This playful boy has a soft spot for toys and will happily entertain himself with a squeaky or a tug toy, bringing a smile to everyone around him. He gets along wonderfully with other dogs and thrives in social settings, making him a great fit for families with existing canine companions. Donnie walks beautifully on the lead and loves exploring the world at a comfortable pace by your side. His friendly nature, confidence, and zest for life make him a joy to have around.","donnie",""
"2019-06-01","Northern Rivers (Grafton, Lismore, Casino)","956000007853642","Dougall","2026-04-07","MALE","","Meet Dougall🚗🐾 Dougall is a charming greyhound with a heart as big as his love for car rides. This gentle soul is always ready to hop in the car and join you on your next adventure – whether it’s a weekend getaway or just a trip to the shops, Dougall’s happy place is right by your side. With excellent leash manners, Dougall walks beautifully on the lead, making strolls a breeze. He’s polite and friendly around other dogs, and his calm nature makes him a wonderful companion in a variety of settings. Dougall also has a soft spot for affection. He’ll happily lean in for a cuddle or nuzzle up for some ear scratches – he may be sleek and speedy, but he’s really just a big softie at heart.","dougall",""
"2022-06-01","Western Sydney (Londonderry)","956000011325843","Rocky (Western Sydney)","2026-04-07","MALE","","Rocky, the underdog coming through to take the spotlight of a home! This boy has no trouble leading his way through our kennels to find his next victory. Rocky is a very handsome lad that doesn’t mind spending time with children and frolicking in a backyard/townhouse as he has experience around kids. Rocky would walk best on a harness as he is excited to get going. Rocky is available to adopt from the Western Sydney adoption centre.","rocky-15",""
"2020-01-01","Central West (Bathurst/Dubbo/Coonabarabran)","956000007467365","Uno","2026-04-07","FEMALE","","Uno is a sweet-natured, gentle girl with a calm and placid demeanor. She may be a little shy at first, but with patience and a supportive home, she’ll blossom beautifully. Uno does well with kind, understanding children and gets along with smaller dogs. With a slow and careful introduction, she may also do well with cats. Uno is looking for a calm, nurturing environment where she can continue to grow in confidence and love.","uno-1",""
"2021-08-01","Western Sydney (Londonderry)","956000007424877","Eddy","2026-04-07","MALE","","Eddy is a shy and quiet boy looking for a nurturing home to thrive in. He warms up with those he's confident with and would do best with a backyard for his zoomies when the mood strikes. Eddy hasn't seen a lot of the world yet and would thrive with a home who is looking to take it slow with him to build his confidence. Eddy can't wait to meet you and become a beloved family pet! Eddy is available at the Western Sydney adoption centre.","eddy-6",""
"2022-01-01","","956000011646731","Beau","2026-04-07","MALE","","Beau is a confident, happy-go-lucky boy bursting with puppy-like energy and a love for life! Playful and engaging, he’s always up for a game or some quality time with his people—and he’s never short on tail wags. Beau would thrive in a home with another medium to large dog who can match his energy and playful nature. He’s full of enthusiasm on walks and can be strong on the lead, so a family with older kids who can keep up with his strength and spirit would be ideal. If you're after a fun-loving, social companion who brings joy wherever he goes, Beau is ready to be your new best mate!","beau-6",""
"2022-05-01","Mid North Coast","956000011334010","Jimmy","2026-04-07","MALE","","Jimmy is a happy, confident boy with a playful heart and a relaxed outlook on life. He’s the kind of dog who’s just as content having a romp around the yard as he is chilling out by your side, soaking up cuddles and pats (his favourite!). Jimmy walks with enthusiasm and might be a bit strong on the lead at times, but with a bit of practice, he’ll settle into a great walking buddy. He could potentially get along with smaller dogs too, given slow and careful introductions—he’s a sociable guy who just likes to take his time getting to know new friends. If you're after a cheerful, affectionate companion with a lovely balance of energy and calm, Jimmy could be the perfect fit!","jimmy-9",""
"2022-05-01","Mid North Coast","956000011332727","Jj","2026-04-07","MALE","","JJ is a sweet, happy-go-lucky boy with the playful energy of a puppy and a heart full of love. Confident and full of charm, he’s always ready for fun — whether that’s a zoom around the garden or a goofy game with his canine pals. He’s still working on his lead manners (he’s just so excited to explore!), but with a bit of guidance, he’ll be strutting like a pro in no time. JJ might be cat-workable, but he’s definitely more in his element around other greyhounds or larger dogs. In fact, he’d thrive in a home with a doggy friend to play with and help show him the ropes. If you’re looking for a cheerful, fun-loving companion with a heart of gold, JJ is your guy!","jj-3",""
"2021-04-01","Mid North Coast","956000012865653","Angel","2026-04-07","FEMALE","","Angel is a confident, people-loving girl who can’t resist a good cuddle session — she’s basically a professional snuggle expert. When she’s excited, she does a happy little prance that’s guaranteed to brighten your day. She walks beautifully on lead and is always ready to be your loyal companion, whether you’re a busy family or flying solo. She is also happy to travel with you if you like a good road trip. Angel would suit a household who have other M/L dogs and children that are happy to play with her. If you don’t have any pint-sized pooches or sneaky cats, Angel is all in for a lifetime of love and fun! This girl always has her tail wagging around her favourite humans, bounding around and exploring the world are just two of her favourite things to do.","angel-7",""
"2021-05-01","Western Sydney (Londonderry)","956000007466974","Harry","2026-04-07","MALE","","Harry is a total catch! He is friendly, confident, good with humans and dogs, and a happy bubbly boy. He likes to play, has a good food drive, showing to be very trainable, he also walks lovely on the leash. He is confident on lead and in new environments as well as super polite with our greyhounds and small dogs here at the centre. Harry is a gentle, yet playful, lovely mix of all the perfect greyhound quirks! If he's not smooching up to you, he's sniffing out the treats in your pocket or finding a toy to entertain himself with. This goofy love bug is available at the Western Sydney adoption centre.","harry-13",""
"2019-05-01","Western Sydney (Londonderry)","956000006677803","Henry","2026-04-07","MALE","","Henry has lived his life surrounded by children, and would suit a home with a family of children who are eager to give him lots of love. Henry is a social butterfly who loves a bit of attention! He would suit a home with another medium to large dog who is on the chill side like him. His previous owners have summed him up as a big goof ball, who is placid, even a little bit clumsy! He settles well on his bed and is happy to watch the world go by with you by his side. Henry is available at the Western Sydney adoption centre.","henry-9",""
"2023-01-01","Western Sydney (Londonderry)","956000014911818","Alf","2026-04-07","MALE","","Alf is a handsome young male. He is destined for pet life as he is a relaxed, playful, affectionate confident boy. He loves diving into the water when he can - a true water baby! He enjoys lounging around the yard, basking in the sun and creating life long memories playing with little humans. Alf would be suited to a household with full time workers with a backyard or a family with younger children.","alf-7",""
"2023-01-01","Western Sydney (Londonderry)","956000014915380","Diesel (Western Sydney)","2026-04-07","MALE","","Hi, I'm Diesel 🐾 I'm a gorgeous confident boy, ready to bring some fun to the life of my new family. I adore all humans and even grew up around children myself, making me the perfect addition to your family! I would love my new home all to myself as I thrive when I'm the only star of the show⭐ Oh and I also love to play and chase after my toys so a backyard would be great for me! If you think I could be the guy for you, come and meet me at Western Sydney!","diesel-5",""
"2022-01-01","Western Sydney (Londonderry)","956000007374120","Dolly","2026-04-07","FEMALE","","Dolly is a charming girl, she likes meeting new people. She is very cuddly and affectionate. She comes when called and plays with toys. She is a good mixture of a hound that wants to go for a walk and be social with also wanting to lounge around doing nothing.","dolly-12",""
"2020-05-01","Central West (Bathurst/Dubbo/Coonabarabran)","956000012114782","Chief","2026-04-07","MALE","","Meet Chief – a handsome, easy-going boy with a heart of gold. This laid-back fella is happy entertaining himself or just chillin' solo 😎. Patient and gentle, Chief is great with small children and gets along well with other animals. He grew up around a cattle dog and has been exposed to goats, so farm life is nothing new to him. Whether he's playing or relaxing in the sun, Chief brings a calm, loyal energy to any home 🐾.","chief-6",""
"2021-08-01","Central West (Bathurst/Dubbo/Coonabarabran)","956000012863585","Flow","2026-04-07","FEMALE","","🐾 Meet Flow! 🌸 Flow is a very sweet girl with a heart full of potential. 💕 She's ready to learn, grow, and succeed with the help of a loving, supportive home. With a little training and plenty of encouragement, she’ll blossom into an amazing companion. She’d do best with older, understanding children and could be a great match for a calm, medium-large dog friend. If you're looking for a kind soul to grow with, Flow is ready to start her journey with you! 🐶💫","flow-1",""
"2021-11-01","Central West (Bathurst/Dubbo/Coonabarabran)","956000012861144","Jasper","2026-04-07","MALE","","🐾 Meet Jasper! 💙 Jasper is an affectionate, sweet, and kind-hearted boy who just wants to be loved. 🐶 He’s playful and gentle, with so much potential to shine in the right home. He’s still learning and will need a supportive family to continue his training and help build his confidence. Jasper would do best with older, understanding children and could get along well with a compatible medium-large dog. If you're ready to open your heart to a truly lovable companion, Jasper is waiting for you! 💕","jasper-5",""
"2022-03-01","Central West (Bathurst/Dubbo/Coonabarabran)","956000012917914","Reggie","2026-04-07","MALE","","🐾 Meet Reggie! 🐶 Reggie is an active, playful, and seriously handsome boy! 😍 He's full of energy and would love a yard where he can run, play, and burn off that puppy spirit. Still working on his manners, Reggie needs a patient, understanding family ready to guide him with love and consistency. He’d do best with older kids and could be a great match for a friendly medium-large dog buddy. If you’re looking for a fun-loving companion to grow with, Reggie’s your guy! 💙","reggie-7",""
"2021-11-01","Central West (Bathurst/Dubbo/Coonabarabran)","956000013022670","Emma","2026-04-07","FEMALE","","🐾 Meet Emma! 💖 Emma is a gentle soul with so much love to give. She may be a little shy at first, but with patience and kindness, her sweet personality shines through. 💕 She’s looking for a calm, supportive family to help her grow in confidence with continued training and socialisation. Emma enjoys the company of well-mannered dogs (especially larger ones!) and would do best with older, understanding children. A secure yard to play and explore would be the cherry on top for this lovely girl. 🐶🌿","emma-3",""
"2021-11-01","Central West (Bathurst/Dubbo/Coonabarabran)","956000012861951","Goofy","2026-04-07","MALE","","Meet Goofy – A Special Boy Looking for His Special Home 🐶💛 Goofy is a sweet male with a quirky charm and a heart ready to bond. He’s looking for a quiet, patient home where he can take things at his own pace. Goofy needs someone who understands that dogs like him need time, gentle guidance, and a whole lot of love to build trust. He’s still learning about the world, so training and socialization will be key to helping him grow into his best self. Goofy would do best as the only dog in the home, with older, understanding children who can respect his boundaries. With the right people, Goofy will shine – could that be you?","goofy",""
"2021-02-01","Central West (Bathurst/Dubbo/Coonabarabran)","956000013017722","Sofia","2026-04-07","FEMALE","","Meet Sofia – A Loving Blue Beauty Looking for Her Forever Home 💙🐾 Sofia is a beautiful blue female with a gentle soul and a heart full of potential. She's looking for a home that can offer her support, understanding, and time—someone patient and committed to helping her grow with continued training and care. Sofia has an old injury to her front leg, so she’ll need a family that understands her physical needs and can help her feel safe and comfortable. She thrives best as a single dog in the household and would be happiest with older, dog-savvy children who can respect her space and needs. If you’re ready to offer a calm, loving home where Sofia can continue her journey, she’s ready to meet you. 💙","sofia",""
"2017-11-01","Northern Rivers (Grafton, Lismore, Casino)","956000009463034","Tylah","2026-04-07","FEMALE","","Tylah is a beautiful, gentle soul who’s mastered the art of relaxing. She’s a laid-back lady who loves her naps and cozy spots, but don’t let that fool you—she still has her zoomie moments! Short bursts of energy are her specialty, followed by lots of lounging and cuddles. She’s happiest when she’s with her people, always close by and ready to share her calm, loving presence. Loyal, sweet, and full of quiet charm, Tylah is the kind of companion who makes every day feel a little more peaceful. If you're looking for a loyal, low-maintenance best friend who will love being by your side (especially on the couch), Tylah might just be the perfect match. 💕","tylah",""
"2019-12-01","Central West (Bathurst/Dubbo/Coonabarabran)","956000007831473","Digger","2026-04-07","MALE","","Digger is a curious, affectionate boy who loves to learn and be involved in whatever you're doing. He’s attentive, enjoys playing with his toys, and thrives on interaction. Digger would do best as the only dog in the home and would love having older children to play and bond with.","digger-4",""
"2018-12-01","Central West (Bathurst/Dubbo/Coonabarabran)","956000006812686","Brad","2026-04-07","MALE","","Brad is a lively, energetic boy once he feels at home. He enjoys playtime, especially in a backyard where he can stretch his legs and have fun. Brad is good with smaller dogs and would do well in a home with older children. A sweet, active companion ready for his next adventure!","brad-3",""
"2022-12-01","Central West (Bathurst/Dubbo/Coonabarabran)","956000011346970","Rafiki","2026-04-07","MALE","","Rafiki is a lively, energetic boy with an incredible love for toys! He’s a one-dog fetch machine—happily tossing his own toys just to chase them down again. Social, interactive, and full of fun, Rafiki brings playful energy and joy wherever he goes.","rafiki",""
"2022-11-01","Central West (Bathurst/Dubbo/Coonabarabran)","956000011345375","Dempsey","2026-04-07","MALE","","Dempsey is a fun-loving, affectionate boy with a big personality and an even bigger love for his toys. He's interactive, silly, and always ready to make you laugh with his goofy antics. Dempsey does well with smaller dogs after a slow, safe introduction. A joyful companion who’s all about play, cuddles, and good vibes!","dempsey",""
"2021-10-01","Northern Rivers (Grafton, Lismore, Casino)","956000012864402","Bruce","2026-04-07","MALE","","Meet Bruce! 🖤 Bruce is a sweet, laid-back boy with a charming personality. He gets along well with small dogs and is always happy to spend time with his human friends. Bruce does have pannus, a condition that affects his eyes. While it's not curable, it’s easily managed with treatment to keep him comfortable. If you’re looking for a friendly, easy-going companion with a big heart, Bruce is ready to bring his charm into your life!","bruce-4",""
"2020-11-01","Western Sydney (Londonderry)","956000007357481","Vox","2026-04-07","MALE","","Vox is a gentle, affectionate boy who’s ready to find his forever home.One filled with patience, calm, and understanding. While he can be a little reserved at first, his sweet, loving nature shines through once you get to know him. He’s now ready to take the next step and find a calm, experienced home that can continue to help him build confidence and guide him through life’s adventures. Vox thrives in a peaceful environment where he can take things at his own pace and be gently encouraged to try new experiences. Once he feels settled, Vox’s affectionate and goofy side shines through. He enjoys quiet companionship, gentle affection, and the comfort of a predictable routine. Vox would do best in a home without other dogs or children, where he can enjoy a calm, stable environment and the undivided attention of his family. He would thrive with someone who understands sensitive dogs and can offer him patience, consistency, and kindness. In the right home, this beautiful boy will continue to flourish and become a devoted, lifelong friend. If you’re looking for a gentle companion and have the time and experience to help a sweet soul like Vox grow in confidence, he could be the perfect match for you. 💛 He is available now from our Western Sydney centre.","vox",""
"2021-12-01","Western Sydney (Londonderry)","956000014800665","Rowdy","2026-04-07","MALE","","Meet Rowdy! The handsome social butterfly with a heart full of love and a nose for treats! This confident and friendly guy absolutely adores people and will charm his way into your heart (and maybe your snack stash) in no time. Rowdy is super trainable and eager to learn, especially if food or toys are involved – a home that is interested in furthering his training and development is ideal Rowdy is still learning the ropes when it comes to other animals, so he’s best suited as a solo dog or with another greyhound friend who can help him find his groove. He’d thrive in a home with a yard to explore and a family who can support him through his transition to pet life. With a little guidance and a lot of love, Rowdy will be the ultimate loyal companion – cheeky, charming, and full of fun. Rowdy is available through our Western Sydney Adoption Centre.","rowdy",""
"2019-08-01","Central West (Bathurst/Dubbo/Coonabarabran)","956000009589667","Blaze","2026-04-07","MALE","","Meet this laid-back, placid boy—our sweet male Blaze! He's the definition of a ""dopey"" cuddle bug who loves nothing more than a good snuggle. As a single dog household pup, he's very content with his quiet life in the backyard, and he's happy to share his space with older children who understand his calm nature. Experienced owners will appreciate his lazy demeanor and gentle temperament. He’s all about relaxing and enjoying the simple things in life!","blaze-7",""
"2021-04-01","Central West (Bathurst/Dubbo/Coonabarabran)","956000012917728","Bertha","2026-04-07","FEMALE","","Bertha is a playful, cheeky, and energetic female greyhound who loves people and is very social. She’s curious and full of fun, always ready for an adventure. With the right introduction, she might get along with smaller dogs, making her a great addition to an active and engaging home.","bertha-1",""
"2017-01-01","Central West (Bathurst/Dubbo/Coonabarabran)","956000004889171","Collie","2026-04-07","FEMALE","","Collie is a sweet older female with a calm, relaxed, and easy-going nature. She’s happy to please and would thrive in a slower-paced home. Older children are best for her, and she’s fine with smaller dogs and cats, making her a wonderful companion for a peaceful and loving household.","collie",""
"2020-12-01","Central West (Bathurst/Dubbo/Coonabarabran)","956000012805049","Dare","2026-04-07","MALE","","Dare is a big, gentle giant with a very sweet and playful nature. He’s fun-loving yet shows a patient and calm side when needed. Confident and happy, Dare is the perfect mix of energy and tranquility, making him an affectionate companion for any home.","dare-1",""
"2022-05-01","Central West (Bathurst/Dubbo/Coonabarabran)","956000011351882","Windy","2026-04-07","MALE","","Windy is a very sweet-natured male dog who can be a little shy at first but quickly comes out of his shell, especially when playing with toys. Confident on his own, he gets along well with smaller breeds of dogs and is sure to bring joy and warmth once he settles in.","windy-1",""
"2020-12-01","Central West (Bathurst/Dubbo/Coonabarabran)","956000011710299","Hank","2026-04-07","MALE","","Hank is a calm, easy-going, and very friendly dog with an affectionate and interactive nature. He loves to connect with others and is great with smaller breeds of dogs. Hank’s gentle personality makes him a wonderful companion for any home looking for a sweet and sociable pet.","hank-6",""
"2021-04-01","Central West (Bathurst/Dubbo/Coonabarabran)","956000012861460","Tom","2026-04-07","MALE","","Tom is a happy boy who thrives on his own in a single-dog household. He needs a supportive home where he can grow and learn. With patience and encouragement, Tom will blossom into a loving and confident companion.","tom-18",""
"2020-12-01","Central West (Bathurst/Dubbo/Coonabarabran)","956000011711067","Scotch","2026-04-07","MALE","","🐾 Meet Scotch! 🖤 Scotch is a happy, confident greyhound with a heart full of joy. Due to a past leg injury, he enjoys a slower-paced home and shorter walks—but don’t worry, he can still move around and play just fine! 🐾 Engaging, affectionate, and full of love, Scotch thrives in a calm environment where he can relax and enjoy life at his own pace. If you're looking for a gentle, loyal companion, Scotch is ready to win your heart. 💕","scotch",""
"2018-01-01","Central West (Bathurst/Dubbo/Coonabarabran)","956000009589973","Uno","2026-04-07","FEMALE","","🐾 Meet Uno! 🌟 Uno is a lovely older lady with a confident, engaging personality and a heart full of love. 💕 She’s sweet, kind, and always happy—bringing a warm, joyful presence wherever she goes. With her calm nature and affectionate spirit, Uno makes the perfect companion for a caring, loving family ready to share their home with a gentle soul. 🐶💫 If you’re looking for a steady, loving friend, Uno is ready to make your heart her home.","uno",""
"2020-12-01","Central West (Bathurst/Dubbo/Coonabarabran)","956000007436627","Dozer","2026-04-07","MALE","","Dozer, or ""Little D,"" is a sweet boy who needs time and patience to learn and grow. He’ll thrive in a quiet home where he can feel safe and supported as he blossoms into his best self. With the right care, he’s sure to become a loving companion.","dozer-2",""
"2020-03-01","Central West (Bathurst/Dubbo/Coonabarabran)","956000007827233","Lexi","2026-04-07","FEMALE","","Lexi is a sweet and placid female greyhound with a calm demeanor. Eager to learn, she needs room to grow and thrive, along with patience and understanding. A single-dog household would be ideal, providing her with the space and care she needs to flourish.","lexi-7",""
"2019-12-01","Central West (Bathurst/Dubbo/Coonabarabran)","956000012179623","Aggi","2026-04-07","FEMALE","","Aggi is a pretty female greyhound who can be a little shy at first. She needs encouragement, support, love, and time to grow. A single-dog household would be ideal, where she can feel secure and receive the attention she needs. Aggi is eager to learn and thrive with the right care and patience.","aggi-2",""
"2021-12-01","Central West (Bathurst/Dubbo/Coonabarabran)","956000007431437","Micha","2026-04-07","FEMALE","","🐾 Meet Micha! 💖 Micha is a sweet and sensitive female greyhound looking for a calm, loving home to help her blossom. With the right support and encouragement, she’s eager to learn and grow into a confident companion. She’ll thrive in a quiet environment where she feels safe and secure. Micha would do best as the only dog to start with, giving her the space and attention she needs to adjust and build trust. If you have a gentle heart and a peaceful home, Micha is ready to find comfort by your side. 🐶💕","micha-1",""
"2021-06-01","Central West (Bathurst/Dubbo/Coonabarabran)","956000007424531","Tubby","2026-04-07","FEMALE","","🐾 Meet Tubby! 💗 Tubby is a sweet girl who just needs a little time and patience to truly shine. 🌸 She can be a bit unsure at times, but with the right support and encouragement, she’ll blossom into a loving, confident companion. She’d do best in a calm, single-dog household where she can feel safe and truly be herself. With your love and guidance, Tubby is sure to thrive. 🐶💕","tubby",""
"2021-06-01","Central West (Bathurst/Dubbo/Coonabarabran)","956000011552057","Sassy","2026-04-07","FEMALE","","Sassy is a female greyhound looking for a quiet, supportive, and loving home. She needs room to grow, learn, and thrive, along with the encouragement and patience to help her blossom. A single-dog household would be ideal, where she can receive all the attention and care she deserves.","sassy-1",""
"2021-06-01","Central West (Bathurst/Dubbo/Coonabarabran)","956000007428296","Molly","2026-04-07","FEMALE","","Molly is a sweet female greyhound who can be a little shy and unsure at first, but she’ll open up with time and patience. She needs space, encouragement, and room to grow in a supportive environment. Molly thrives in a single-dog household where she can receive the love and attention she needs to feel comfortable and secure.","molly-11",""
"2016-02-01","Central West (Bathurst/Dubbo/Coonabarabran)","956000004489012","Minni","2026-04-07","FEMALE","","Minni is a laid-back, easy-going older gal with a calm and confident demeanor. She’s curious and independent, but also affectionate and loves a good snuggle. Minni is the perfect companion for someone looking for a relaxed and loving pet.","minni-6",""
"2018-05-01","Central West (Bathurst/Dubbo/Coonabarabran)","956000006810145","Lucy","2026-04-07","FEMALE","","Lucy is a very friendly and affectionate older girl who loves to give and receive cuddles. She can be relaxed and easy-going, but also has a cheeky, playful side that adds fun to her personality. Good with smaller breeds of dogs, Lucy makes a sweet and loving companion for any home.","lucy-21",""
"2021-10-01","Central West (Bathurst/Dubbo/Coonabarabran)","956000013039547","Lucy","2026-04-07","FEMALE","","Beautiful Lucy is lady who needs to find a supportive, patient & kind family. Lucy shows interest in wanting to be a part of a family, grow, learn how to be confident & playful, she just needs that support & encouragement to do so. A quiet home at first would be ideal. Lucy has spent time indoors, around children & a smaller breed of dog. With the correct introduction & supervision, Lucy may become best friends with your smaller fluff's. Please reach out if you would like to meet Lucy :)","lucy-20",""
"2018-06-01","Hunter Valley Mid Coast (Maitland/ Muswellbrook/Newcastle/Forster)","956000009589443","Red","2026-04-07","MALE","","This is our boy Red. Say hello to this charming boy who is looking for his forever home. Red is relaxed on lead, great to handle, making your daily walks very enjoyable. He has had frequent exposure to leisurely strolls in town and enjoys the slow paced lifestyle. He is very friendly and will stop for pats or to say hello. At times Red can be apprehensive in new environments. Once he has found his feet, he takes the world in his stride and settles into a happy pace of life. He would suit a quieter home with any humans, big or small, that are willing to give him all of the love in the world.","red-8",""
"2022-02-01","Hunter Valley Mid Coast (Maitland/ Muswellbrook/Newcastle/Forster)","956000011358684","Stacey","2026-04-07","FEMALE","","Meet our sweet girl Stacey. Stacey warms up after a little bit of attention but initially she could be weary of her surroundings. She has spent time around children and is gentle around them. Stacey is responsive on lead but will like to sniff around as well.","stacey",""
"2022-05-01","Hunter Valley Mid Coast (Maitland/ Muswellbrook/Newcastle/Forster)","956000011341912","Benji","2026-04-07","MALE","","Are you after a playful and cheeky friend? Benji is after his forever home! He is all things cheeky, confident and cunning. Benji is responsive on lead but some extra training wouldn't go astray. He loves a pat and to bound around a yard big or small, he would be suitable to live in a townhouse or villa and would in time be able to conquer stairs. Benji had an injury in 2023 which he has now recovered from but has a plate in his hock. If you're interested in learning more about Benji, please apply now.","benji-11",""
"2021-09-01","Central West (Bathurst/Dubbo/Coonabarabran)","956000007430066","Paddy","2026-04-07","MALE","","Mr Paddy! This gentle giant is such an easy-going, laid-back goof ball! He is always down to clown or just take it easy and rest his feet. He gets on well with smaller breeds of dogs- there's a Yorkie always saying hello :) Paddy interacts positively with new people, even younger children. He would love to have yard where he can run about, chasing toys thrown by his new best friends :)","paddy-2",""
"2019-08-01","Central West (Bathurst/Dubbo/Coonabarabran)","956000006702904","Millie","2026-04-07","FEMALE","","Looking for a sweetheart that loves children, engaging in fun play & snuggling? Then Millie is the girl for you! Millie is very excitable & playful! Loves to run around being a little silly & cheeky. Quick to jump in a body of water.... even on picture day hehe :)","millie-4",""
"2017-05-01","Central West (Bathurst/Dubbo/Coonabarabran)","956000009435360","Chucky","2026-04-07","FEMALE","","Sweet & adorable older gal. Independant & confident. Will adpat to full time workers. Has spent time around young grandchildren. Relaxed in new spaces & around new people. Sister to Storm! Would you consider welcoming both into your family?","chucky-2",""
"2018-03-01","Northern Rivers (Grafton, Lismore, Casino)","956000009464574","Garnet","2026-04-07","FEMALE","","**Garnet has lived in a foster home in the city CBD with full time workers, is affectionate and intelligent, and loves long walkies and would enjoy an active family to keep fit and go on daily adventures with** She's been a joy to foster! Here's a glimpse into Garnet's wonderful traits: - Garnet is an early bird who enjoys morning naps after joining you in bed. - A fearless adventurer, she's unbothered by much and walks in loud, busy city streets. - Walks in the rain without hesitation. - Patiently waits outside shops while you run quick errands. - Curious by nature, Garnet follows you around, eager to be part of your activities. - Loves to relax and roach on the couch. - Enjoys chasing Frisbees, balls, and playing with squeaky toys. - An exceptional office companion and assistant. - Incredibly friendly and affectionate, she welcomes pats from everyone she meets. - Gentle with children she meets. - Gets super excited about snacks, especially denta sticks! - Loves to taste a variety of foods, from peanut butter, hot chips, and banana. - Garnet has accompanied professional dog walkers, who have consistently praised how well she walks on the lead. Garnet has been a delight in the home, and I'm sure she'll make an excellent addition to a loving family. We’ll certainly miss her! If you're looking for a dog to fill your home with love and joy then apply to adopt the gorgeous Garnet today!","garnet",""
"2015-05-01","Northern Rivers (Grafton, Lismore, Casino)","956000004256320","Pattie","2026-04-07","FEMALE","","Meet Pattie, a gentle and gracious senior who has spent her life expertly spreading love and warmth. Pattie has been in the company of children and copes well with if they are polite and well mannered. Pattie is a well-mannered lady who carries herself with a polite serenity, she has been socialised with small dogs and although she would prefer a large companion she is polite around small dogs. Pattie has slowed in her senior years, but she would love a foster home where she can settle and would be the perfect companion for someone looking for an older calm companion.","pattie",""
"2015-05-01","Northern Rivers (Grafton, Lismore, Casino)","956000004273766","Eve","2026-04-07","FEMALE","","Meet Eve, a gentle and calm senior lady who's ready to grace your home with her presence. With her quiet and serene nature, Eve is the epitome of tranquility, and she effortlessly brings a sense of peace wherever she roams. Eve has a friendly disposition and a soulful gaze that speaks volumes. She's an observant girl who appreciates the simpler things in life, making her a suitable match for a loving individual or family seeking a mellow furry friend. As a senior dog, Eve would thrive in a foster home where she can enjoy her golden years in comfort. Her dream environment would be one filled with love, where she can relax while being treasured as the devoted companion she is. By welcoming Eve into your life, you'll not only be providing her with a secure and loving home, but you'll also be rewarded with the companionship of a truly special and lovable friend.","eve-1",""
"2020-09-01","Southern NSW/ACT (Bulli, Nowra, Goulburn, Canberra)","956000007466509","Katie","2026-04-07","FEMALE","","Quote from foster career, We have loved getting to know Katie and giving her the opportunity to enjoy her new life as a pet. Being the older sister, she is very independent and settles very easily. She is very happy to sit on her bed whilst you work or go about your day. She is toilet trained and has fallen into her new routine very easily. She gets so excited to see us, as exemplified with her happy, whipping tail (duck for cover!). She tends to jump up on you when she’s very excited, but this is something we are working on and have already seen great improvements on. Katie walks well on a leash and doesn’t react negatively to other dogs, big or small. She has done well approaching small dogs and children and saying hello. Katie would be a great pet for a someone looking for an independent dog that will also shower you will love and affection. __________________________________________________________________________ Katie is a lovely hound. She is happy and confident, very playful. Does appreciate a good lay down also. Has been living in a rural setting is no stranger to native animals and is now in suburban foster care enjoying cuddly toys, living out the back and coming in the home for the evening.","katie-9",""
"2020-01-01","Western Sydney (Londonderry)","956000012252567","Flash","2026-04-07","MALE","","Flash is seeking an empathetic & nurturing owner who can follow a cooperative care plan to help with his daily eye medication. Could you be the perfect owner for our sweet boy? Flash has pannus, which means he needs daily eye medication. But don’t worry—he’s a star pupil when it comes to taking his meds & he’s getting better every day with the right guidance. Flash is currently learning all sorts of new tricks at the adoption centre. He is a fast learner and with a little time and practice, he's shown he can do amazing things. A large yard where Flash can stretch his legs and zoom around is a must! He loves a good run, and a big space is perfect for his energy. No small children or other animals. Flash would prefer a calm environment where he can be the only one getting your attention and affection. Flash is available at the Western Sydney adoption centre. **Flash is on daily medication - enquire with GAP for more info**","flash-8",""
"2014-01-01","Northern Rivers (Grafton, Lismore, Casino)","956000003031937","Spot","2026-04-07","MALE","","Meet Spot, our distinguished older gentleman who is looking for the perfect match. Spot isn't just any dog; he carries himself with the grace and ease that only a seasoned greyhound can. Spot has had the pleasure of living in the serene setting of a granny flat, making him an expert in enjoying the quieter side of life. However, don’t let his age fool you; thanks to a thorough training program, Spot is sharp and responsive. He comes eagerly when his name is called and possesses a well-mannered set of tricks, including ""touch"" and ""paws up,"" that make him a delight to teach and interact with. His training, combined with his naturally loyal temperament, makes Spot an excellent fit for a single person looking for a true companion. He understands the comforting routine of a single household and offers unwavering loyalty in return. Spot embodies the best qualities of an older dog. Devoted and endearing, he is ready to join someone who values thoughtful companionship and has room in their heart for a truly dignified and loving friend.","spot-6",""
"2021-08-01","","956000012866851","Raffa","2026-04-07","MALE","","This bundle of joy loves human interaction and adventure. Raffa loves to run around his big yard area and shows you how fast he can be. Raffa gets very excited for the first five minutes you meet him before settling down. After getting his morning energy out and jumping around Raffa settles down and loves to lay in the sun. Raffa is fine around older kids and would make a great pet for a family with a big yard or a young couple who are fit and active.","raffa",""
"2018-06-01","Western Sydney (Londonderry)","956000009518190","Ronald","2026-04-07","MALE","","Ronald is a cheerful, confident and friendly lad looking to bounce straight into your home. We know Ronald to be a charismatic, charming and affectionate boy. With these qualities in mind, we think he'd suit a family with children and preferably shorter hours alone while he begins to settle in. This beautiful boy is at the magical age of 7 where he has his lazy side but has moments of playfulness, too. A perfect blend for many family types! Did we mention he currently lives with another greyhound? He'd love it if you had another hound for a play mate and nap buddy. Get in touch with the Western Sydney centre to meet Ronald.","ronald",""
"2020-01-01","Western Sydney (Londonderry)","956000007467933","Baby","2026-04-07","FEMALE","","Nobody puts baby in the corner! This little lady is looking to learn all about the world with you! She would suit short hours alone as a solo girl, or longer hours with a canine companion. Polite with dogs big or small, beautiful Baby has so much love to give and is searching for the right place to call home. If this Baby girl sounds like the perfect addition to your family, apply to take her home from the Western Sydney adoption centre.","baby-2",""
"2020-09-01","Hunter Valley Mid Coast (Maitland/ Muswellbrook/Newcastle/Forster)","956000011722890","Irena","2026-04-07","FEMALE","","Are you ready to be laughing with your newest furry friend? Well, Irena will have you cackling. She is a true definition of a little pocket rocket, she will be showing all aspects of her zoomies and how confident she is in doing so. Irena enjoys spending her days showing off and basking in the sunshine. She loves to have someone's full-attention so is best suited to being an only dog. Irena knows her name well and with a little bit of getting used to your voice she will come (running) straight back.","irena",""
"2022-04-01","Hunter Valley Mid Coast (Maitland/ Muswellbrook/Newcastle/Forster)","956000011366429","Ralph","2026-04-07","MALE","","Are you after a little fire-cracker in your life? Look no further than our boy Ralph! He is all things active/fun-loving and absolutely hilarious; Ralph will have your grinning from ear to ear. Ralph would suit an active family with a backyard who can walk him daily and throw his favourite toy around, Ralph hasn't been exposed to an indoor setting as yet so may take some time adjusting but I think he will happily follow you around. His favourite game is showing his friends how quick his zoomies are so a nice backyard will do the trick so he can show off to you. If you're interested in hearing more about Ralph, please apply now.","ralph-4",""
"2019-09-01","Hunter Valley Mid Coast (Maitland/ Muswellbrook/Newcastle/Forster)","956000007852599","Bruce","2026-04-07","MALE","","Meet our big boy Bruce! He is a true delight to be around. He will make you laugh until you cackle. He will be happy to cruise around with you day in and out. He is a gorgeous character to boasts confidence. Bruce suffered a racing injury and required surgery on his front right leg so an experienced owner who knows when to slow down on the zoomies is ideal.","bruce-2",""
"2019-12-01","Hunter Valley Mid Coast (Maitland/ Muswellbrook/Newcastle/Forster)","956000012226004","Moses","2026-04-07","MALE","","Are you after a dog to be totally besotted by you? Well meet Moses, a quirky and loveable boy whose after his forever home. Moses boasts confidence and is extremely gentle in his approach. He has been around children 4+ and will request frequent pats. He has been brought up with a jack russel at home, but would benefit from a meet and greet prior to being adopted. Moses will be attending our Adoption Day at Glandore Wines on the 5th of October.","moses",""
"2019-10-01","Western Sydney (Londonderry)","956000007361249","Stephen","2026-04-07","MALE","","Meet Stephen ! a total sweetheart with a PhD in cuddling. 💙 Stephen is incredibly affectionate and absolutely adores people. He has a special love for his crate and all things soft and comfy, making him a champion napper and a joy to have indoors. While he’s social with medium to large dogs when out and about, Stephen would be happiest as the only dog in the home where he can soak up all the attention. Stephen has shown himself to be wonderful inside, so an apartment or quieter home where he can snooze on the couch and enjoy a relaxed routine would suit him perfectly. He has the potential to gradually work up to full-time hours, given time and patience. A home without kids, or with older, calm, and respectful children, would be ideal for this gentle soul. If you’re looking for a loving companion who’s all about comfort, closeness, and calm vibes, Stephen might just be your perfect match","stumpy",""
"2019-02-01","Hunter Valley Mid Coast (Maitland/ Muswellbrook/Newcastle/Forster)","956000008235593","Spot","2026-04-07","FEMALE","","Spot is independent and enjoys spending time roaming around. Spot would suit a family who is after a companion to cruise around the backyard with. At times Spot can be weary and a bit timid in new environments but with the right re-assurance, she recovers really well. If you're interested in meeting our darling Spot, please apply now.","spot-4",""
"2019-12-01","","956000007837203","Julian","2026-04-07","MALE","","Julian is best described as a distinguished gentleman. He is calm, friendly and an easy-going boy who just goes about his day without a fuss. He's walked around busy streets, schools, shopping centres as well as farms and paddocks. Nothing much fazes Julian, including other large dogs, small dogs and children. He loves people and pats and loves a walk, rarely pulling. Julian would suit most households and make a very special and loving companion who wants to be with you.","julian",""
"2020-05-01","Central West (Bathurst/Dubbo/Coonabarabran)","956000012195521","Gus","2026-04-07","MALE","","Meet Gus: The Gentle Soul Gus is a serene and soft-natured Greyhound who thrives in a calm and loving environment. His gentle demeanor and shy personality make him a unique and endearing companion for the right home. Gus may be a bit reserved at first, but his gentle nature shines through once he feels comfortable. He’s the kind of dog who appreciates a quiet and patient approach, revealing his sweet personality in a calm and loving setting. Gus thrives in a peaceful environment where he can feel secure and relaxed. He’s not a fan of loud noises or bustling activities, so a tranquil home is ideal for him. Despite his shy nature, Gus is friendly and gets along well with other dogs. He enjoys their company and can be a great addition to a home with existing canine companions. If you’re looking for a sweet, soft-natured Greyhound who will flourish in a calm, loving home, Gus is the perfect match. He’s ready to bring his gentle presence and quiet companionship into your life.","gus-8",""
"2021-06-01","Central West (Bathurst/Dubbo/Coonabarabran)","956000014506260","Sub","2026-04-07","FEMALE","","Sub is a joyful greyhound whose enthusiasm and positive energy are truly contagious. She approaches each day with a wagging tail and a bright smile, spreading happiness wherever she goes. She is a high-energy girl who thrives on regular physical activity. Her zest for life is evident in her love for playtime and her eagerness to engage in various activities. Sub absolutely adores zoomies! She loves to let loose and sprint around her playful bursts of speed are a sight to behold. Sub is a vibrant and spirited greyhound looking for an energetic home where her zest for life can shine. If you’re ready to embrace her joyful nature and provide a dynamic environment, Sub is eager to become your new best friend!","sub-1",""
"2019-12-01","Central West (Bathurst/Dubbo/Coonabarabran)","956000006807059","Corene","2026-04-07","FEMALE","","Corene carries herself with a natural poise and assurance. She navigates new environments and situations with a calm self-assuredness that makes her a standout companion. Corene loves to stay on the move. Whether it’s a brisk walk, a run in the park, or playtime in the backyard, she’s always ready for an adventure. Corene’s curiosity knows no bounds. She’s always exploring her surroundings with an eager eye, making sure she’s aware of all that’s happening around her. Corene gets along well with medium and large dogs. She’s confident and social, but her interactions are best suited for companions of similar size and energy levels. Smaller dogs may find her enthusiasm overwhelming. Corene is a spirited and delightful greyhound ready to bring her energy and enthusiasm into a loving home. If you’re looking for a confident and active companion, Corene might be the perfect match for you!","corene",""
"2020-02-01","Hunter Valley Mid Coast (Maitland/ Muswellbrook/Newcastle/Forster)","956000007828567","Bailey","2026-04-07","MALE","","Are you looking for a new furry companion to help bring out of their shell? Bailey would be the ideal companion for you! Bailey is our beautiful nervous nelly, he loves his routine and the people he is around all the time, but new people can make him revert into his greyhound bubble. Bailey is searching for home that is quiet and will allow him the time to really show off his personality. He would suit an avid Knights fan as he enjoys spending his Sunday afternoons by the TV, Bailey enjoys basking in the sunshine and having a splash at the beach. He is currently living inside/outside and is quiet and relaxed, he is okay to be left alone so long as he is in his safe spot.","bailey-3",""
"2021-12-01","Hunter Valley Mid Coast (Maitland/ Muswellbrook/Newcastle/Forster)","956000012896105","Sam","2026-04-07","MALE","","Meet Sam! Sam is quite a character and cannot wait to be the newest member of your family. He is always eager to get in on the action and be part of all the fun. Sam isn't shy and will say to everyone he passes. He is quite the socialist, so your daily walks will consist of meeting and greeting everyone that strolls past. He is relatively strong on the lead but will settle into his stride when he gets going. The ideal home for this charming boy would be one with an active lifestyle to help him channel his abundant energy.","sam-9",""
"2022-02-01","Central West (Bathurst/Dubbo/Coonabarabran)","956000007423998","Zarva","2026-04-07","MALE","","Meet Zavra! Zarva is a very sweet natured boy. He is very curious & interested in the world. He positively interacts with those around him; children & smaller dogs :) Zarva wants to be involved. He'll be happy doing almost about anything. Whether it's a family movie day or spending a day outside going on adventures :) Enquire now & arrange to meet Zarva!","zarva",""
"2016-07-01","Central West (Bathurst/Dubbo/Coonabarabran)","956000005412613","Maisie","2026-04-07","FEMALE","","Meet Maisie! She might have the age of a senior lady, but definitely doesn't show it! Maisie is sweet curious girl. Eager to explore & learn. She might take a little while to warm up but once she does, she is full of character. Maisie would be best suited to a home with bigger dogs only, or a single dog home. Older kids to play with her preferred. Maisie would become a very loyal part of your home once settled & feeling comfortable :)","maisie",""
"2021-05-01","Mid North Coast","956000011651683","Chickadee","2026-04-07","MALE","","Meet Chickadee, a friendly and playful, loving gentleman who is ready to meet his new family. This delightful dog is known for his fun-loving and amiable personality, and he's eager to share his heart with a compassionate, affectionate family. Chickadee has a wonderful rapport with children, especially those 8 years and older. He's not the sort who will tire out your kids with endless games of fetch, but prefers to spend time in children's company, quietly keeping them company while they do their homework or read stories. He loves leaning into a hearty pat and will choose to cuddle up next to you over toys any day. An interesting fact about Chickadee is that while he is a dog, he prefers the company of humans over other dogs. He's quite selective with his canine friends and might come off as aloof with dogs, particularly the smaller ones, which makes him ideally suited for a home where he can be the only pet. Chickadee is looking to bring his friendly and playful nature into a family who will offer him the same kindness and playfulness that he offers others in spades. He's ready for the next step and hopes to find a loving, forever home with a protective family to cherish him.","chickadee",""
"2015-05-01","Mid North Coast","956000004248651","Alley","2026-04-07","FEMALE","","Meet Alley, our friendly, senior female pup with a heart as golden as her years. Despite her age, Alley still carries a spark of puppyish charm in her eyes, making everyday feel like an adventure. Alley possesses the superb ability to bring life and joy into any room, with her boundless affection and unwavering loyalty. Well-socialised and incredibly friendly, Alley has had a great rapport with other small dogs and her fellow greyhounds. Her gentle and easygoing nature means she can find common ground with just about any dog she meets. She has even been socialised with cats and could probably coexist peacefully with the right feline friend. Alley's age doesn't slow her down. She has the physical agility of a much younger dog and loves playtime and walkies as much as curling up for a nap. Alley enjoys her walks and would be a wonderful companion to explore the neighbourhood parks with. Her ability to make friends so easily would also mean plenty of playdates with other dogs! As Alley's future family, you will be cherished with her loving gaze and affectionate rubs. If you're in search of an older, wiser pup who still knows how to have fun like a youngster, Alley just might be the loving companion you've been waiting for. Come meet her and let her amiable spirit brighten up your life!","alley",""
"2020-05-01","Hunter Valley Mid Coast (Maitland/ Muswellbrook/Newcastle/Forster)","956000007851461","Joe","2026-04-07","MALE","","","joe-7",""
"2019-05-01","Hunter Valley Mid Coast (Maitland/ Muswellbrook/Newcastle/Forster)","956000006792942","Meg","2026-04-07","MALE","","Meg is the epitome of gentle charm, with a touch of bashfulness that adds to his irresistible appeal. This shy guy isn't just looking for any home; he's on a quest for his own private sanctuary, where he can be the star of the show without any pesky co-stars stealing his spotlight. Meg's motto? ""One dog, one throne!"" He's not one for sharing his kingdom, but he'll gladly share his love with respectful children who understand the art of giving him space but love when he likes. With Meg around, every day is an adventure filled with quiet moments of contemplation, punctuated by bursts of zoomies when no one's looking. So, if you're ready to welcome a regal greyhound into your castle and bask in the glory of his majestic presence then Meg is the dashing companion you've been searching for. Contact our Western Sydney facility to arrange a meet and greet and get ready to embark on a journey of laughter, love, and endless tail wags with this shy but lovable boy!","meg-1",""
"2018-11-01","Central West (Bathurst/Dubbo/Coonabarabran)","956000009482074","Sandy","2026-04-07","FEMALE","","Introducing Sandy, a beautiful and gentle girl who is ready to bring a ton of joy into your life! Known for her soft and gentle demeanor, Sandy possesses the ability to fill any room with calmness and love. Sandy is not just a dog; she's a friend and companion. Her kind and loving nature ensures that she gets along beautifully with both children and other dogs. She is known for her soft, soulful eyes that seem to look straight into your heart. What Sandy would love the most is a family that showers her with the same affection that she effortlessly gives to others. In her new home, Sandy would enjoy a cozy corner to curl up in, a safe garden to explore, and a family that she can love and be loved by. Sandy is just waiting to create numerous wonderful memories with a family who adores her. She promises a lifetime of love and dedication to those who welcome her into their heart.","sandy-6",""
"2019-01-01","Hunter Valley Mid Coast (Maitland/ Muswellbrook/Newcastle/Forster)","956000006671930","Wighton","2026-04-07","MALE","","Hello! My name is Wighton. I was known as Four Five on the racing tracks, but I hung up my racing collar late last year. I'm a courteous fellow, though I may take a little time to open up. Once I'm comfortable, I love to display my energetic zoomies. I've encountered several small dogs and they don't pique my interest much. I'm looking for a home with a backyard where I can have some space to myself from time to time. And, if you could take me on walks, that would be wonderful. I am looking forward to meeting my new human companions, so be sure to hit the 'apply' button when you can.","wighton",""
"2021-10-01","Hunter Valley Mid Coast (Maitland/ Muswellbrook/Newcastle/Forster)","956000011646676","Lara","2026-04-07","FEMALE","","Meet Lara! Lara hails from a sociable household where she has interacted with a Maltese terrier and frequently plays her fellow hound siblings. Initially, Lara may appear somewhat reserved, but with a touch of affection, care, and cuddles, she quickly warms up. She tends to be indifferent towards smaller dogs, often seeking reassurance from humans when they are present. With a lively spirit, Lara would be thrilled if her new human friends could take her on walks to let her energy out. Hit apply today to chat about your possible new addition.","lara-2",""
"2014-07-01","Northern Rivers (Grafton, Lismore, Casino)","956000004096731","Miss Ling","2026-04-07","FEMALE","","Miss Ling is a big snuggle bunny. She is sweet and affectionate and will seek out affection Described as a happy girl she will bring a ray of sunshine to your life and be happy to be by your side through thick and thin. Miss Ling may be on the other side of 9 but she still has a lot of love to share and is looking for the right person to shower her love on","miss-ling",""
"2017-12-01","","956000009568225","Luna","2026-04-07","FEMALE","","Say hello to Luna, a sociable and friendly female dog who is sure to win your heart. Luna's radiant persona lights up every room she enters, and her charming nature has a contagious effect that brightens up everyone around her. Luna's love for people is truly one of her fine characteristics. She adores being in the company of humans and is a strong advocate for endless belly rubs, cuddles, and ear scratches. She thrives off attention and relishes in making every moment delightful for you, and herself of course. Interactive playtime is Luna's favorite! She gets immense joy out of chasing toys, whether it's a game of fetch or squeaky toys that catch her attention. This playful activity helps Luna stimulate her mind and use her attentive nature to the best of her abilities. In a dog community, Luna prefers the companionship of medium to large breed dogs. She blends well with her fellow canine mates, her easygoing nature allowing her to adapt quickly to their play style. This adaptability makes her the perfect addition to a family with a medium to large breed dog. In stepping into Luna's life, be prepared for an overflow of love and memorable moments. Luna is ready to love her new family wholeheartedly, and promises to bring with her a bundle of joy, laughter, and playful adventures.","luna-7",""
"2018-01-01","Mid North Coast","956000009483201","Toby","2026-04-07","MALE","","Nightmare? Bad dream? Don't worry, sometimes names ARE deceiving, because our boy Toby, former Race Name Scary Dream, is anything but scary! ✅ Beautiful nature, a genuinely sweet duffer ✅ Big softie: this boy is your quintessential ""gentle giant."" He does get excited, but is very kind-hearted and means well. ✅ Very friendly and human social. Nothing makes him happier than being with his people. ✅ Loves hopping on the lounge and laying with you. Disclaimer: he's big and likes to hog most of the couch space! ✅ Enjoys playing, having fun, and just living his best life ✅ He can be exuberant and boisterous to start (oh my god life is so exciting!!) - but he does settle and eventually wants to find a lounge. ✅ Has been living inside his current home everyday - and is becoming quite accustomed to the spoils of pet life! ✅ Like most men, Toby LOVES his food! This will help with training as he is very easily influenced when free food is on offer! ✅ This patient boy settles when in the car or trailer ✅ Best suited as the only dog in the household - more attention for Toby 😉 ✅ The only hound Toby wouldn't mind sharing his new forever home with is his sister-from-another-mister: Winnie (Microchip: 956000009482109). - They currently live inside together and don't mind sharing all the love and attention. - Winnie is also available for adoption: https://www.gapnsw.com.au/our-greyhounds/winnie-2 Toby will need a bit of time to settle into his new home - it's a big transition moving to a new house. But with a bit of love and patience, you will be rewarded with a sweet, but funny, but lovable larrikin. Toby hasn't had the chance to interact with children yet. So would need a nice meet and greet to see how everybody goes, if potentially going into a home with kids. He is a big strong boy so likely would be best with older children. This sturdy lad is strong on lead - there's a big world out there and oh so little time, Toby feels like he must concur it stat! He does settle, and with a little training and patience will be a good walking companion or social wing man. Toby will be 6 at the end of January! Nothing bonds a family and new boy better than a birthday party right?!","toby-2",""
"2019-12-01","Mid North Coast","956000012217180","Marn","2026-04-07","MALE","","Make room!! The Big Marn is here! He may bump around a little bit due to his left eye corneal abnormality, but he does it in style! With the former Race Name ""Son Of Thirty,"" Marn could be your very own Son - and he'll never grow up to talk back to you or sneak out the window! In fact, he is a beautiful boy: ✅ This gorgeous lad is used to his current owner calling him ""Handsome"" and has requested this nickname continue in his new home ;) ✅ Loves people! He will seek out attention so get ready to give some affection (he'll give you ample back don't worry) ✅ Marn has met Geese, ducks and a cat and was well behaved (he did remain on his lead and muzzled for these interactions) ✅ Good with other dogs: - Settled well with a blind West Highland Terrier, but would benefit from a bit more work with small dogs. - Regularly interacts extremely well with other Greyhounds. - He would still need very slow, gradual introductions to any new dogs. ✅ Good with older children: - Marn has only interacted with kids aged 6+ years old. - He hasn't had the chance to interact with younger children yet, so would need a nice meet and greet first to see how everybody goes. ✅ Always a gentleman, Marn is very clean and quiet when kennelled and currently lives with three other greyhounds. Poor Ol' Marn does suffer from Pannus, mainly in his left eye, and will require ongoing treatment. This is easily managed and the GAP team will always provide advice and answer any questions or concerns you may have.","marn-1",""
"2017-12-01","Northern Rivers (Grafton, Lismore, Casino)","956000009568225","Luna","2026-04-07","FEMALE","","Check out the pretty girl we have for you! You won't regret meeting the gorgeous Luna (former Race Name: Marion's Regret). We're not sure what Marion was regretting because it certainly wouldn't be this perfect lass: ✅ Socialite Luna looooooves people! She seeks out interaction and attention. But she definitely knows how to make you feel appreciated and loved back. ✅ Helpful Luna jumps in the car herself and travels very well - so get ready for some road trips! ✅ Luna the Lady is a lovely house guest: she is very clean in her kennel, doesn't chew her bed, and doesn't bark. ✅ Loopy Luna does commit zoomies and thoroughly enjoys them! ✅ She also loves to chase toys so get your throwing arm ready! ✅ Ever the investigator, Luna is also more than happy to roam the yard and inspect all the news and smells. ✅ Even Lunas need downtime, and she does love nothing more than sitting on her couch on the veranda, surveying her lands and taking in the fresh air and vitamin D. ✅ Great with kids. Luna frequently interacts and is fine with children aged 5+ years. ✅ Good with other dogs: - Luna was a little shy at first when she met a small Italian Greyhound. She had no issues, just a bit standoffish. However she did soon settle and was fine. - Free-ranges in the yard with a male Greyhound housemate. - Regularly interacts with other Greyhounds. - She didn't like when dogs got in her face (I think we can all appreciate a bit of personal space!) but settled and was able to play and interact. - Luna would need very slow, gradual introductions to any new dogs or potential doggie housemates Yes, she does appear to have a massive tongue! This fair-haired maiden turns 6 years old very soon! How convenient - you can throw both a ""Welcome To Your New Home"" AND ""Birthday"" party for her 😉","luna-6",""
"2019-04-01","Northern Rivers (Grafton, Lismore, Casino)","956000006810672","Tori","2026-04-07","FEMALE","","Looking to spruce up your abode? We have some styling tips: Simply add the stunning Tori aka ""Rattlin' Style"" into your house! You'll be all the fashion and talk of the town! This strikingly elegant and beautiful girl has other lovely qualities too: ✅ Very affectionate little lady who thrives on human companionship. ✅ Good with older children: - Tori currently interacts with children aged 6+years old - She is relaxed and calm around older kids. She recognizes their gentle and caring presence, and her natural instincts guide her to be extra gentle and patient. - Tori is the kind of dog who will offer a warm nuzzle or a gentle paw to her young humans, ensuring an unbreakable bond. ✅ Tori is a good, polite girl in her kennel. ✅ This clever lass has an understanding of appropriate conduct and is respectful of boundaries. ✅ Good with Medium-Large breed dogs: - Regularly interacts with other Greyhounds. - Tori interacts best with male Greyhounds. - She would need very slow, gradual introductions to any new dogs. ✅ Tori loves her toys! Watching her play is a joy in itself. Her evident fun and energy is contagious! - so both Tori and you can have a grand old time! Tori will need a fully fenced yard. Tori can sometimes Resource Guard her food, so it is best if she is fed separately and left alone to eat her dins. If having a devoted dame in your life sounds like a pretty picture, then Enquire or Apply to Adopt Tori (Rattlin' Style) to style up your home 😉 She may just improve your life and happiness too!","tori-4",""
