"DATEOFBIRTH","LOCATION","MICROCHIPNUMBER","NAME","RECORDEDDATE","SEX","SPECIFICNEEDS","TEXT","URLNAME","WHATWEHAVENOTICED"
"2022-04-01","Southern NSW/ACT (Bulli, Nowra, Goulburn, Canberra)","956000012227782","Lucky","2026-02-27","MALE","","This handsome boy is very compliant to instruction. He is relaxed and mellow to be around. He does like his own toys and is comfortable on his own. He has visits from young kids and gets along with everyone he meets. He comes inside and likes keeping you company.","lucky-4",""
"2021-05-01","Western Sydney (Londonderry)","956000011580558","Benny","2026-02-27","MALE","","Come and meet Mr Personality himself, Benny, at Western Sydney! Whether it's posing for photos or playing with toys, Benny has an amazing personality he can't wait to share with you. This sweet, handsome, happy and charming boy is very friendly and will love to soak up attention from anyone. He loves food BUT! He loves toys more, and is a very motivated and eager to please type boy. He engages with enrichment like a champ, showing off his skills as he works through puzzle toys and snuffle mats, keeping him entertained while you're gone. He can coexist nicely with other greyhounds and can be rehomed along side one, but doesn't seem to need a dog friend in his life and would be comfortable as a solo pet. Older kids would suit Benny as he does like to check out what treats or toys might be in your hands! Benny dreams of a townhouse/backyard with an outdoor area, and would be happy to show you his skills on staircases if you have stair access. As a solo pet, a half day left alone is suitable at this stage. Meet this one of a kind boy at Western Sydney.","benny-12",""
"2023-12-01","Western Sydney (Londonderry)","956000015746324","Buster","2026-02-27","MALE","","Happy, friendly and confident young boy Buster loves people, and will seek out attention from you and strangers on walks! This handsome and charismatic guy would love a house with a yard, and doesn't mind if you go to work during the day as he settles well and can handle some independence. Buster's best home would be with older kids as he loves to see what's in your hand if you have treats! He is a big ball of love, fun and curiosity, and still being young, making him great for a family or active couple. He loves toys and food and all things fun. A home with a female canine companion would suit Buster the best. This ladies man aims to please and has already learnt stairs, and has been polite with small dogs on lead, making him perfect for you if you're looking for an eager to please young greyhound. Meet Buster at Western Sydney!","buster-11",""
"2021-12-01","Riverina (Wagga, Temora, Gundagai, Griffith)","956000014805124","George","2026-02-27","MALE","","Meet George – your future best mate! 🐾 George is a happy, friendly, and outgoing boy who absolutely loves people. He’s especially great with kids aged 5–15 and enjoys all the pats, attention, and playtime you can give. If you’re looking for a dog who truly lights up around his family, George is your guy! He'll be right by your side. He has those fun little bursts of energy that make life exciting — he loves a good run around the yard in the morning to stretch his legs, then he’s perfectly content to relax and recharge. By afternoon, he’s ready again for a walk, a play session, or some quality time with his favourite humans. George is a great traveller, comfortable both inside and outside the home, and he gets along well with other dogs. His easy going nature makes him a wonderful fit for an active family or couple looking for a loyal companion. If you’re ready for a devoted, fun-loving buddy who will bring joy, energy, and plenty of tail wags into your life, George is ready to meet you! 🐶💛","george-9",""
"2022-04-01","Hunter Valley Mid Coast (Maitland/ Muswellbrook/Newcastle/Forster)","956000011366429","Ralph","2026-02-27","MALE","","Are you after a little fire-cracker in your life? Look no further than our boy Ralph! He is all things active/fun-loving and absolutely hilarious; Ralph will have your grinning from ear to ear. Ralph would suit an active family with a backyard who can walk him daily and throw his favourite toy around, Ralph hasn't been exposed to an indoor setting as yet so may take some time adjusting but I think he will happily follow you around. His favourite game is showing his friends how quick his zoomies are so a nice backyard will do the trick so he can show off to you. If you're interested in hearing more about Ralph, please apply now.","ralph-4",""
"2020-10-01","Western Sydney (Londonderry)","956000007830484","Boris","2026-02-27","MALE","","Boris is a stunning and gentle boy who can't wait to meet you! Boris is a sweet boy who has learnt lots of things during his time at GAP including being able to walk nicely on lead. He also has a high food drive making him very trainable. Due to his ability to settle alone inside (when in GAP office), in conjunction with crate training to manage toilet training, he can work up to become an inside dog. He is happy to be left independently when you're out at work and would suit full time workers with a backyard or a courtyard ground floor unit. Boris would prefer to be the only pet in the home but has paired well in the past in controlled exposures. An owner who has experience with sight hounds would be the best as he is still learning to be around smaller breeds of dogs. He would suit a home with older children as he is a gentle and respectable and loves a pat. Meet Boris at Western Sydney!","boris-8",""
"2022-11-01","Riverina (Wagga, Temora, Gundagai, Griffith)","956000015021861","Tayla","2026-02-27","FEMALE","","🐾💕 Meet Tayla – Your Gentle, Easy-Going Companion 💕🐾 Tayla is a truly lovely-natured girl with a calm, easy-going personality that makes her a joy to be around. She simply loves being with her people, whether that’s pottering around with you during the day or greeting you happily when you get home. Tayla is a low-energy sweetheart who enjoys life at a relaxed pace. She’ll have the occasional short burst of energy with a little trot around the garden, or she’s just as content enjoying a gentle stroll on the lead. After that, she’s more than happy to settle in and keep you company. She takes everything in her stride - calm around kids, friendly when meeting new people, and always appreciative of pats and attention. Tayla enjoys the presence of other dogs but is equally comfortable doing her own thing. She’s adaptable too, happy being inside or outside as long as she knows her people are nearby. If you’re looking for a wonderful, easy-care companion who will fit beautifully into almost any home, singles, couples, or families, Tayla could be your perfect match.💕🐶","tayla-1",""
"2023-02-01","Riverina (Wagga, Temora, Gundagai, Griffith)","956000015950253","Stanley","2026-02-27","MALE","","Stanley is lovely, friendly, soft-natured boy who loves to cuddle. He has a quiet nature and just loves to be around you and check out what you're doing as you go about your day - a sticky beak! He is an easy-going, gentle lad who will be your best friend. Stanley is the perfect gentleman and companion for retirees or workers, he doesn't need much of a walk or trips in the car, he's just happy to hang about at home. Stanley isn’t an energetic boy, very easy-care who would make a wonderful pet, also great with the grandchildren 9 and 13 when they come to visit. 🐾💙","stanley-7",""
"2019-03-01","Western Sydney (Londonderry)","956000006674759","Winter","2026-02-27","FEMALE","","Brace yourself, WINTER is coming… Like an icy cold beverage on a hot summer’s day, Winter will be the refreshing change you’ve been wanting in your life. Winter might not have any tail but she will show off her excitement by wiggling and bouncing around! Winter is affectionate, confident with a side of zoomies! Despite her name, Winter is anything but cold. Winter will warm your soul with her energetic, goofy & loving personality. Winter is very human social, and would suit teenage kids if she is to be rehomed with children. Though she does love her humans, she is happy to settle on her own for a few hours at a time. She has shown reliable settling in indoor settings. She would suit part-time workers or could build to longer full time hours over time in a quieter suburb with a fun, engaging owner. If in an apartment, Winter would love daily exercise and an active life/outside time. An apartment with lift access is best suited while she is learning staircases. Winter could live with another medium to large doggie friend who doesn't mind her exuberance and excitement levels. Winter is a fun and friendly older girl who would love for you to adopt her! If you’d like the in season greyhound Winter then apply today! She is available now to meet at our Western Sydney site.","winter-1",""
"2021-07-01","Riverina (Wagga, Temora, Gundagai, Griffith)","956000012868654","Owen","2026-02-27","MALE","","Owen is a sweet-natured and loving boy with a gentle and playful spirit. He loves a run around the backyard and trips to Bunnings as well as relaxing at home, making him the perfect balance of calm and fun. He loves being around people, is good with kids 6+ and has been around Jack Russells and other greyhounds. He's even not been fussed about the pet sheep, chickens or pony! Owen also loves his food! He's very trainable, responding well to treats and praise. He enjoys his walks and is happy to explore or just laze in the backyard. He has been inside with the resident 3 greys and is not concerned about household noises. Owen would make a lovely companion dog or pet inside and out for a couple or family with kids 6+. He is fine on his own for workers and looks forward to your love and attention when you return. 🐾💙","owen-1",""
"2024-06-01","Riverina (Wagga, Temora, Gundagai, Griffith)","956000015671908","Piper","2026-02-27","FEMALE","","Meet Piper— your little pocket rocket of joy! 🚀🐶 This sweet, pint-sized girl (only 21kg) is full of life, enthusiasm, and heart. She loves people and especially children to play with. She may greet you excitedly at first, but she is gentle and and doesn’t take long to settle down for cuddles and pats. Yes please! Pint is happiest when she’s by your side - whether it’s heading out for a walk, hopping in the car for an adventure, or snoozing near your desk while you work. She’s housetrained, loves meeting new people and also does well with small dogs (Mini groodle and Kelpie x) and other greys. If you’re looking for a cheerful, affectionate companion who’s ready to join you on life’s adventures, Pint is the perfect match. She would suit an active couple or family who have time to spend with her and nurture her. She's pretty, sweet and flops on the grass to rest when she's had her walk or playtime - you’ll fall in love in an instant! 💛🐾","piper-4",""
"2023-05-01","Riverina (Wagga, Temora, Gundagai, Griffith)","956000015756458","Dante","2026-02-27","FEMALE","","Dante is a friendly, calm and affectionate little girl (25kg) who loves people, pats and cuddles and is gentle with kids 6+. She enjoys car rides around town, walks well on lead, loves to play with her soft toys and splash in the her shell pool outside, while also enjoying time inside where she is housetrained and lies in her crate or on her bed, sleeping happily with her legs up in the air, even showering with you! Dante will make a loving family pet or companion, with or without another doggie friend. She is used to other greyhounds and also small dogs (Jack Russell, Pug and Cavoodle) but can spend time on her own. An easy care girl you will fall in love with 💖🐾","dante",""
"2021-06-01","Western Sydney (Londonderry)","956000007374691","Karen","2026-02-27","FEMALE","","Meet Karen! 🐾 Karen is a bright, bubbly girl with a zest for life that’s impossible not to love. She has a warm, friendly nature and thrives on being part of the family. Always up for an adventure or a game, Karen brings a lovely mix of playful energy and gentle affection. She absolutely adores her people and forms strong bonds, happily soaking up attention and giving plenty of love in return. Whether it’s heading out for some fun in the yard or settling down for a cuddle afterwards, Karen is happiest when she’s included. Karen would ideally love a home with a medium to large dog companion to play with and share adventures. She really enjoys canine company and would thrive with a confident friend by her side. A secure yard to stretch her legs, play, and enjoy the outdoors would be perfect for her. If she were to be the only dog in the home, Karen would need minimal time left alone to begin with while she settles in and builds her confidence. She bonds closely with her humans and loves being part of the action, whether that’s outdoor fun or relaxing together at home. Karen is ready to bring laughter, love, and lots of happy energy into her forever home. And don’t worry — this Karen definitely won’t be asking to speak to your manager… unless it’s to tell them how amazing you are for adopting her! 🐶💕","karen-2",""
"2022-05-01","Western Sydney (Londonderry)","956000012226267","Charlie (Western Sydney)","2026-02-27","MALE","","Charlie is a gentle, friendly greyhound with a heart as big as his long legs. He’s an affectionate boy who absolutely adores being around his people and will happily lean in for cuddles and quiet companionship. If you’re looking for a loyal shadow who enjoys both sofa time and leisurely strolls, Charlie could be your perfect match. Charlie especially loves the company of other greyhounds and would thrive in a home with a calm canine companion. He’s also comfortable around medium to large dogs, making him a wonderful addition to a multi-dog household with similar-sized friends. As he settles into home life, Charlie would benefit from someone who is home more often than not to help him adjust and build confidence. Alternatively, a friendly companion dog to keep him company would help him feel secure and content. Charlie has so much love to give and is ready to find a home where he can relax, feel safe, and be part of the family. If you’re ready to open your heart and home to this sweet, affectionate boy, Charlie is ready to meet you 💙","charlie-wester-sydney",""
"2020-09-01","Western Sydney (Londonderry)","956000007466793","Ryan","2026-02-27","MALE","","Ryan has just come back from a foster care home over Christmas — keep reading to find out why his foster carer loved him so much! ""Ryan is the most beautiful, special boy with the loveliest and goofy personality that lights up a room. He settled into our home quickly and absolutely loved being around people; happily meeting new faces with his gentle nature. He adores pats and cuddles, often coming up to us for affection and even attempting to lay on top of us just to be close. Ryan is beautifully behaved on the lead and comfortably wears his muzzle, making outings a breeze. He’s a very well-mannered boy who would never jump on benches or steal food, and he patiently waits for his meals like a true gentleman. He loves adventures, from beach trips where he’d happily lay by the waves, to enjoying the rain, playing with boxes/teddies/balls and his favourite sleeping position is sprawled on his back on the couch or floor with his legs in the air without a care in the world. Ryan is such a special soul, and we truly hope he finds the perfect forever home because he deserves all the love and happiness in the world."" Ryan would suit a full-time working family, with a backyard. He is outgoing and friendly with people, loves treats and would also suit a home with another medium-large canine companion. Ryan loves his walks around the adoption centre (pictured!) — and did we mention he’s super smart? 🐾 He already knows “on your bed,” “down,” and “shake,” among plenty of other tricks he’s learned in pet training. Ryan’s waiting for his new best friends to pick him up at the Western Sydney Adoption Centre — could that be you?","ryan",""
"2023-02-01","Western Sydney (Londonderry)","956000014911046","Cindy Pawford","2026-02-27","FEMALE","","Cindy Pawford can be shy when she first meets you but she has an affectionate, goofy side! This gorgeous girl has some experience coming inside, and jumping on the couch. She would best suit a home with older/teenage children to see this supermodel thrive. She can be scared of new places/sounds so a home willing to keep things slow at the start would be a good fit. A backyard or townhouse yard with somewhere for her to retreat to will help her find calmness when needed. A home who can show her the joys of pet life as well as bring out her confident side, is going to be the best fit. She can also live alongside another dog after proper introductions. She is young at heart and will thrive into a confident pet once she gets to know you. Available via appointment at Western Sydney.","cindy-pawford",""
"2022-04-01","Western Sydney (Londonderry)","956000011352250","Messi","2026-02-27","MALE","","Messi is a confident, excitable and friendly young boy. He would love a home with a yard where he can explore and smell all the interesting things in his new world. He enjoys time with people and would love a home that is willing to share adventures with him and continue teaching him about the best things in life. Messi would be happy to live with another dog who is happy to play and explore but also relax together. He enjoys going out for walks and would love to get some nice treats from a family ready to share their life with him. Available by appointment at Western Sydney","messi",""
"2021-01-01","Western Sydney (Londonderry)","956000011710398","Rocco","2026-02-27","MALE","","Rocco is a sweet and affectionate gentleman who can be a little shy at first but quickly decides he wants to be your cuddle buddy. He is a gentle middle-aged boy who has spent time with children and other dogs who respectfully shared space with him. Rocco has been getting used to the daily grind, walking in busy park areas meeting people and seeing dogs but he would also love a quiet yard to laze around in the sun. Rocco would be best suited to a canine companion who is quiet and calm like he is and also would prefer to live with calm, older children. He would love someone home to settle him in and spend time with him getting him used to your world and helping him grow his confidence and show his sweet, affectionate nature. Available by appointment at Western Sydney","rocco-2",""
"2021-12-01","Western Sydney (Londonderry)","956000013021098","Chumley","2026-02-27","MALE","","Hi, I'm Chumley, a happy, social boy who likes to get to know new people and who would thrive in a home with a backyard, with older children. Chumley can live alongside another greyhound or M-L dog and would suit an easy going family who can take all things pet life slow as he learns about the world around him. Chumley has an overall confident, friendly nature and walks nicely on the lead. Chumley has spent some time travelling around with other greyhounds in the same car, so a home who enjoy travelling with their dogs is a good fit for him! Meet our man Chumley by appointment at Western Sydney.","chumley",""
"2020-07-01","Western Sydney (Londonderry)","956000011574572","Rusty","2026-02-27","MALE","","Meet Rusty, your new best friend! Rusty is a calm and confident middle-aged man who would love a house or townhouse with a yard to enjoy. He would love to relax on the back porch with you watching children play or potentially run around the yard with a new canine companion. Rusty has spent time with children and loves his people so he would prefer to have someone home with him to give all his affection to. Rusty has met some other dogs and enjoys socializing, so he could live with a canine companion who matches his calm nature and enjoys an occasional play. Rusty is ready to make new friends; will you be his new bestie? Available by appointment at Western Sydney","rusty-11",""
"2020-06-01","Western Sydney (Londonderry)","956000012246139","Flo","2026-02-27","FEMALE","","Hi, I'm Flo. I can be shy when I first meet you but I have met children ages 1+ in my past, and done well with polite introductions. A respectful, calm home would suit me the best. A home with a courtyard/yard would be great so I can have some space to explore. I have been polite around big and small dogs and can go home with a likeminded calm canine companion. I've gone on walks out and about and walk very nicely on the lead. A slow introduction to all things pet life will be the best approach as I am still learning. Once you get to know me I become friendly, outgoing and very cuddly! Meet me by appointment at Western Sydney.","flo-7",""
"2021-11-01","Western Sydney (Londonderry)","956000014810040","Gus","2026-02-27","MALE","","Hey, It's me, Gus! I am confident and have been around lots of different things before...cars, dams, different surfaces, radios and TV's, all in preparation to meet my forever family! I have gone for walks to the local shops and seen lots of things that make me a confident well rounded dog. I am an excellent traveller and would be a great match for a family who are on the road a bit and want to take their dog with them. I have met people on street walks and enjoy the attention, I would also suit a home with a calm small or large dog. Small dogs seem to like my vibe! My overall energy is calm, friendly with bouts of playfulness guess I am your quintessential greyhound... I hope to meet you soon. Meet me by appointment at Western Sydney!","gus-11",""
"2023-12-01","Western Sydney (Londonderry)","956000007914013","Marg","2026-02-27","FEMALE","","Marg is an energetic, bubbly young girl who would love a home to zoomie around the yard in and then cuddle up on the couch and be showered in love. She is a confident girl who has had some opportunities to explore the world, and she shows curiosity in new environments. Marg is a social girl who loves people and also has the potential to live with other dogs if their vibes match. She would prefer to have a home with someone who can spend time with her and get her slowly used to spending time alone and she is best suited to living with respectful, older children. Marg's vibrant personality is sure to find her the perfect forever home, would you be the right fit? Available by appointment at Western Sydney","marg-2",""
"2021-05-01","Western Sydney (Londonderry)","956000007432416","Misty","2026-02-27","FEMALE","","Hi, I'm Misty! I am a sweet girl who will cuddle into your lap. I walk nicely on the lead and will do well on street walks as I have already learnt about them before meeting you! I would be a suitable fit for a home with another dog on the medium to large size. I would love a home with a backyard to call my own and have been around some kids in my past so a home with respectful children isn't out of the question either! I'm still young so a home who enjoys a bubbly dog would be a great fit. I have been called 'fantastic' with children of all ages. How about that!? Meet me by appointment at Western Sydney!","misty-5",""
"2019-07-01","Mid North Coast","956000007848754","Bindi","2026-02-27","FEMALE","","Bindi is a superstar both on and off the track! With 26 wins under her belt, she’s now ready to trade the racetrack for a cozy couch. Confident and affectionate, she adores attention and loves a gentle pat. Bindi is clean, quiet, and travels well in the car. She’s happiest after a good walk, when she can settle down for a well-earned snooze in comfort. This charming girl is looking for a calm, loving home where she can enjoy the best of both adventure and relaxation.","b-indi",""
"2023-07-01","Mid North Coast","956000015746074","Barry","2026-02-27","MALE","","Barry is a calm and easy-going companion who’s been house-trained and home-raised—he’s never raced and brings a settled, gentle presence to any home. He walks beautifully on lead and enjoys a reassuring pat, making him a joy to have around. Barry gets along well with both small and large dogs, but he does need a cat-free home. His trainer has a preference for domestic re-homing, and with the right patient family, Barry will provide loyal companionship, calm company, and plenty of quiet affection.","barry-3",""
"2024-01-01","Mid North Coast","956000007914669","Blake","2026-02-27","MALE","","Blake is a sweet, people-focused boy who adores being part of the family. He’s fantastic with children, travels well, and walks beautifully on lead, making every outing a joy. Blake loves affection and happily seeks attention from those around him, thriving on companionship and family life. Social and respectful with both small and large dogs, he would fit seamlessly into a home with other pets or enjoy being the center of attention as the only dog. Blake is ready to share his loving, friendly nature with a family that appreciates his gentle, sociable spirit.","blake-2",""
"2024-01-01","Mid North Coast","956000011185102","Luca","2026-02-27","MALE","","Luca is a kind and gentle boy with the sweetest nature. He’s wonderful with children, quiet and well-mannered in the car, and polite walking on lead. Luca gets along beautifully with both small and large dogs, making him a lovely companion for a multi-dog household or regular park adventures. He can be a little shy when first meeting new people or exploring new places, but once he feels safe and comfortable, his curious side begins to shine. Luca looks to his people for reassurance and forms strong, trusting bonds with those who show him patience and understanding. In a calm and patient home, Luca will truly blossom—rewarding his family with loyalty, quiet companionship, and plenty of gentle affection.","luca-2",""
"2022-02-01","Mid North Coast","956000007423124","Artilla","2026-02-27","MALE","","Artilla is an energetic greyhound with a zest for life and a love of adventure. Always ready to get out and explore, he would make a fantastic companion for someone who enjoys staying active and including their dog in everyday outings. This bright boy will thrive as the only dog in the home, where he can soak up all the attention and build a strong bond with his person. With time, patience, and gentle, consistent training, Artilla has all the potential to flourish into an incredibly rewarding companion. He’s looking for a committed owner who’s ready to invest in his development and guide him with kindness and encouragement. In return, Artilla will offer loyalty, enthusiasm, and a whole lot of love. If you’re searching for an adventure buddy and are excited about helping a dog reach his full potential, Artilla could be the perfect match. 💛","artilla",""
"2019-12-01","Mid North Coast","956000012226863","Ice","2026-02-27","MALE","","Zeus is a confident and curious greyhound who’s always ready for his next adventure. He absolutely loves walks and exploring, taking in all the sights and scents with enthusiasm and interest. Whether it’s a new trail or a familiar neighbourhood stroll, Zeus is happiest when he’s out and about with his people. This handsome boy thrives on human company and truly adores his humans. After a good adventure, he’s more than content to relax by your side, satisfied and happy from a day well spent. Zeus would do best in a single-dog home where he can soak up all the attention and build a strong bond with his family. If you’re looking for a loyal, fun-loving adventure buddy who will share both your journeys and your downtime, Zeus could be your perfect match. 💛","ice",""
"2021-11-01","Mid North Coast","956000007427394","Bernie","2026-02-27","MALE","","Bernie is a relaxed and confident greyhound who takes the world in his stride. With his calm outlook and steady nature, he handles new situations with ease and settles in beautifully wherever he goes. He loves exploring his surroundings and is always happy to head out on an adventure, whether it’s discovering a new walking track or simply enjoying a change of scenery. Curious yet composed, Bernie strikes the perfect balance between laid-back companion and enthusiastic explorer. Bernie would be an ideal match for someone looking for a loyal adventure buddy — a best friend who’s just as content out and about as he is unwinding at home afterwards. If you’re ready for a confident, easygoing partner to share life’s journeys, Bernie could be the one for you. 🐾","bernie-3",""
"2023-10-01","Mid North Coast","956000016305834","Nancy","2026-02-27","FEMALE","","Nancy may be a little shy when you first meet her, but it doesn’t take long for her sweet personality to shine through. With a little reassurance and a gentle approach, she quickly warms up and soon leans in for the pats she secretly loves. Curious and playful, Nancy is a real “Dora the Explorer,” always eager to investigate her surroundings and see what’s going on. Whether she’s sniffing out new scents or checking out a new toy, her inquisitive nature makes every day an adventure. Nancy would truly thrive in a loving, patient home where she can continue to build her confidence, enjoy playful moments, and soak up plenty of affection. With the right family by her side, she’ll blossom into a devoted and joyful companion. 🐾","nancy-4",""
"2023-07-01","Mid North Coast","956000015947821","Nancy","2026-02-27","FEMALE","","Nancy is a truly affectionate greyhound who simply adores people. A natural people-lover, she thrives on attention and is always eager to please everyone she meets. Her gentle, loving nature makes her an instant favourite with anyone lucky enough to spend time with her. Calm and confident, Nancy takes life in her stride. She enjoys a playful moment when the mood strikes, happily showing off her fun side, but she’s just as content curling up beside her favourite humans for a cuddle and plenty of pats. With her beautiful balance of playfulness and relaxation, Nancy would make a devoted, loving companion for a home ready to share plenty of affection. If you’re looking for a sweet soul who will happily be by your side, Nancy could be the perfect addition to your family. 🐾","nancy-3",""
"2022-07-01","Mid North Coast","956000011359035","Benji","2026-02-27","MALE","","Benji is a sweet, confident greyhound with a heart as big as his long legs. He absolutely adores people and thrives on human company, happily soaking up every bit of love and attention he can get. Out on walks, Benji is a dream on the lead — calm, graceful, and a pleasure to stroll alongside. He also travels with ease, making him a wonderful companion for adventures near or far. Benji has a missing toe from an old injury, but it doesn’t slow him down one bit. He takes everything in his stride and lives life to the fullest, showing just how resilient and special he is. He would be happiest as the only dog in the home, where he can enjoy being the centre of attention and build a close, devoted bond with his people. If you’re looking for a loyal, loving companion who will bring warmth and elegance to your home, Benji could be your perfect match. 🐾","benji-14",""
"2022-11-01","Western Sydney (Londonderry)","956000014886701","Yola","2026-02-27","FEMALE","","Yola foster update: ""So completely house trained it's not funny! Very loving. Loves the car will settle in car straight away sleeps like a log. She loves her walks. She loves people and is such a people dog. Everyone who wants to pat her, she will lap it up! She isn't shy and she is very outgoing. She has never been aggressive to other dogs & has seen quite a few other dogs. She loves people and was super friendly with everyone she met. She will make someone a very loyal loving companion. She sleeps 95% of the day. She has never chewed anything up and loves her toys."" ---------------- Yola is affectionate & has the ability to settle for longer periods if you have an apartment with ground floor courtyard access. She doesn't need lots of exercise but if she is indoors all day she'd love to get out and about. A walk once a day is suitable and can settle for 4+ hours on her own sleeping. Yola would thrive best in a low dog-populated area, where she can enjoy peaceful walks. She knows how to use stairs confidently. While Yola can be social with other medium to large dogs, she would prefer to be the only dog in the household, where she can soak up all the love and attention. Her affectionate nature would see her suit to a home with respectful children. Yola is available at Western Sydney.","yola-2",""
"2018-05-01","Western Sydney (Londonderry)","956000006811746","Loki","2026-02-27","MALE","","Straight from Asgard and into your heart: Loki, the God of Mischief is here to bring laughter and joy to your household! But unlike Thor’s brother, this Loki is the good-est boy you’ll ever meet. Loki has learnt many areas of pet life such as being left alone, mastering the stairs and toilet training! He has lived as a pet before and you can tell, he is well adjusted and easy going with his training here. Rather than fighting intergalactic wars, our Loki would rather chill out on his bed and watch the word go by (although he does enjoy the occasional zoomie). Loki prefers to be the only pet of the household and is more than happy to spend the day in his own company making him suitable for full-time workers. He spends most of his time lazing around. He is very affectionate and friendly and will definitely do the ""greyhound lean""! His relaxed nature also makes him suitable for living in apartments. If Loki sounds just MARVEL-lous to you, fill out an application to meet him at our Western Sydney facility today!","loki-4",""
"2021-07-01","Western Sydney (Londonderry)","956000007465988","Barney","2026-02-27","MALE","","If Barney's sweet and soulful eyes have caught your attention, keep reading to find out if you could be the perfect fit for our special guy, Barney. Barney is available to a home who can nurture a shy greyhound out of their shell. Barney requires a special home with a quiet lifestyle and a backyard with secure fencing where he can retreat to and enjoy the peace and quiet away from people when he needs it. A home without children is a must for our shy Barney, however a calm, wise and understanding dog of any size (small or large) would be a lovely companion to help him build his pet skills and help him adapt to his new life with his forever family. If you are someone who can provide a shy dog the structure, support, and ongoing confidence training that he needs to thrive as a pet, we'd love to hear from you. Barney is available for fostering or adoption by discussion with GAP team. We can't wait to hear from Barney's perfect family!","barney-6",""
"2019-03-01","Hunter Valley Mid Coast (Maitland/ Muswellbrook/Newcastle/Forster)","956000006812320","Tilly","2026-02-27","FEMALE","","Tilly is a happy girl with the biggest smile and an even bigger heart. She has a playful, slightly goofy side that will keep you laughing, but at her core she’s a true people-lover who just wants to be near her humans. She’s very people-orientated and thrives on companionship, so a home where someone works from home or where she has another friendly dog to keep her company would suit her beautifully. Tilly is happiest when she’s part of the action and included in family life. Tilly would make a wonderful family dog. She could be workable with a small dog and even a cat, with the right introductions. She walks nicely on lead, enjoys getting out and about, and is very treat motivated — which makes ongoing training both fun and rewarding. She would love a home with a secure yard where she can stretch her legs, play, and soak up the sunshine before coming back inside for cuddles. If you’re looking for a loyal, loving, slightly goofy best friend with a permanent smile, Tilly might just be your perfect match. 💛","tilly-6",""
"2021-03-01","Southern NSW/ACT (Bulli, Nowra, Goulburn, Canberra)","956000007432560","Leggy","2026-02-27","MALE","","This handsome fellow is currently sharing a yard with another greyhound and spending time playing with a little Italian greyhound. He is very sweet and affectionate, loves to play and loves affection. Would be an excellent supervisor while your working in the yard.","leggy-1",""
"2022-12-01","Southern NSW/ACT (Bulli, Nowra, Goulburn, Canberra)","956000015726657","Barbie","2026-02-27","FEMALE","","This sweet girl looks to suit apartment living given she gets a daily walk and opportunity to stretch out. She has grown up in a semi rural environment around kids, small dog, other greyhounds and the occasional visit from native wildlife.","barbie-4",""
"2019-08-01","Southern NSW/ACT (Bulli, Nowra, Goulburn, Canberra)","956000011103512","Luna","2026-02-27","FEMALE","","Luna is an energetic girl that enjoys a yard where she can cut loose in the morning and bust out some zoomies. Then like most greyhounds she's done, finished gone for the day and happy to cuddle up and relax. She shares a yard with Bubba and good left alone.","luna-15",""
"2020-04-01","Western Sydney (Londonderry)","956000012138304","Reba","2026-02-27","FEMALE","","Adorable, sweet little Reba is looking for her forever home! Reba recently had a weekend vacation at a staff member's house and she was the perfect house guest! We found that she was a relaxed and super low-maintenance companion, happy to snooze most of the day away in various comfy spots throughout the house. She can be a little nervous and sensitive when she is settling in to a new space and requires gentle handling and does best with a force-free, hands-off approach. However we found that by setting up the environment for success and letting her make decisions, she was the easiest pet ever! When Reba feels comfortable and relaxed, she is super affectionate and loving. She loves to snuggle right into you and is well known for her extremely enthusiastic ""paw of more"". Reba is completely toilet trained, sleeps well through the night on her bed, eats and engages with training well and can walk up and down stairs! She doesn't mind being left alone inside as long as you are able to slowly work her up to longer hours on her own. She is social and friendly with dogs of all sizes and would gladly share her home with one as long as it is a gentle and relaxed as she is. We think Reba is the perfect pet! If you think so too, apply online to take her home today. She is waiting for you at our Western Sydney adoption centre","reba-1",""
"2022-05-01","Western Sydney (Londonderry)","956000011349965","Jason","2026-02-27","MALE","","Meet Jason, a sweet guy with lots of personality, ready to find a place to call home! Jason has spent some time in a home and is ready to step paws into his forever home. A home with a backyard or courtyard would best suit Jason, so he can do his zoomies or have a snooze in the sun. He can be a little shy at first but with a few scratches behind the ear and a couple treats, you'll win him over in no time! A home with quiet children is best suited, so Jason can enjoy the serenity. Jason gets along well with his Greyhound mates, so a home with another medium to large dog could work for him, pending a meet and greet. Available at Western Sydney!","jason-1",""
"2021-02-01","Western Sydney (Londonderry)","956000011563768","Malley","2026-02-27","MALE","","Hi, I'm Malley! I've been learning lots of things about the world while I wait to be adopted. I am super friendly and will make a sensational first impression, if I do say so myself! I am very charming and think you will just love me! I know what a lounge is, how to navigate those weird things called ""stairs"", and have enjoyed spending time in an open crate, and spending time indoors, too. I'm a good traveller, I also love toys and treats and my handlers call me a big softie! I would prefer short hours alone as a solo pet and a slow intro to the big wide world as my horizons slowly expand as a pet with you. If you thought you might like a big affectionate softie like me simply reach out to the Western Sydney adoption centre :)","malley",""
"2021-06-01","Western Sydney (Londonderry)","956000007466680","Emily","2026-02-27","FEMALE","","Emily is a warm, people-focused gal who has been making lovely progress during her time at GAP. She is bright and responsive, quickly picking up new skills and showing a great willingness to learn. Training sessions are something she genuinely enjoys, especially when food rewards are involved! In new or unfamiliar settings, Emily can be a little reserved at first, but she adjusts quickly once she feels safe and supported. As her confidence grows, her affectionate and engaging personality really shines through. Emily would be best suited as the only pet in the home. She is most comfortable without the presence of other animals and will thrive in an environment where she can relax without needing to share her space. She would be suitable for a home with respectful children. A house with a secure yard would be ideal, giving her room to stretch out and decompress. She is still building confidence with stairs and is progressing steadily, but a home with minimal stairs — or a patient approach while she continues learning — would be beneficial. Initially, Emily would do best in a home where someone is around most of the time, with only short periods of alone time as she transitions. With routine and consistency, her independence can continue to develop. Emily is a clever, affectionate girl who is well on her way to becoming a wonderful companion. In the right home, she will reward her family with loyalty, warmth and steady progress.","emily-2",""
"2017-10-01","Western Sydney (Londonderry)","956000009416605","Rex","2026-02-27","MALE","","Rex is a people-loving greyhound who thrives on attention and connection. If you’re looking for a companion who enjoys being part of your day and happily soaks up affection, Rex will be right by your side. He’s highly motivated by food, which makes him responsive and engaged, and he settles beautifully in his crate when it’s time to relax. While toys aren’t really his thing, human company certainly is. Rex has socialised well with other greyhounds and could share his home with a compatible medium to large canine friend, though he would be just as happy as the only dog. He would be suitable for a family with respectful children and has shown a calm and affectionate nature in his interactions with people. Rex has demonstrated that he settles best indoors and enjoys the comfort of home life. A townhouse with at least a small courtyard would be ideal, giving him a bit of outdoor space to stretch his legs and unwind. Initially, Rex may be best suited to a home where he has someone home more often than not, while he adjusts, but he has shown an encouraging ability to self-settle. With gradual progression and routine, his capacity can continue to build. Rex is a warm, affectionate boy who is ready to enjoy the comforts of pet life. With structure, guidance and plenty of love, he will make a devoted and rewarding companion.","rex-6",""
"2021-11-01","Western Sydney (Londonderry)","956000007428081","Dakota","2026-02-27","FEMALE","","Meet Dakota! Dakota is a beautiful girl with a bright, enthusiastic personality and a whole lot of love to give. She’s full of life and brings a joyful energy to her everyday adventures. Dakota may do well with other dogs of a similar size, especially with thoughtful introductions and continued support. She enjoys interaction and engagement, and her excitable nature means she’s always ready to join in on the fun. Because Dakota can be a bit bouncy when she’s happy, she may be best suited to a home with older children who are comfortable around energetic dogs and can enjoy her playful spirit. Dakota also does quite well while alone and may be suited to a home with full-time workers, given some times to settle in. So, if you’re looking for a happy, lively dog who’s eager to be part of the family, Dakota could be the perfect match. Come meet Dakota at our Londonderry adoption centre!","dakota-2",""
"2024-03-01","Southern NSW/ACT (Bulli, Nowra, Goulburn, Canberra)","956000017123902","Sally","2026-02-27","FEMALE","","This confident and active girl is confident and happy to explore new places with you, she comes when you call her and is a sucker for affection.","sally-23",""
"2024-03-01","Southern NSW/ACT (Bulli, Nowra, Goulburn, Canberra)","956000017164148","Cindy","2026-02-27","FEMALE","","Will have a run and stretch out, happy to relax afterwards. Confident and happy girl, comes when called and is a pleasure to be around. Good with kids and seems to like everyone she meets.","cindy-7",""
"2020-10-01","Southern NSW/ACT (Bulli, Nowra, Goulburn, Canberra)","956000012808371","Bonnie","2026-02-27","FEMALE","","Bonnie was breed to be on the couch, she likes to lounge around and keep it real. She is a pretty girl that looks like she would suit the apartment lifestyle.","bonnie-9",""
"2022-11-01","Southern NSW/ACT (Bulli, Nowra, Goulburn, Canberra)","956000014886948","Darla","2026-02-27","FEMALE","","This lovely young hound is sweet and affectionate, she could suit apartment lifestyle given that she gets some daily steps in outside.","darla-1",""
"2018-11-01","Riverina (Wagga, Temora, Gundagai, Griffith)","956000006793446","Bear","2026-02-27","MALE","","Meet Bear 🐻 Bear is a calm, friendly, and affectionate senior gentleman with a heart as big as his name. This sweet boy absolutely loves pats, cuddles, and soaking up attention, whether at home or greeting new people on his walks or travels. Bear is wonderful with children aged 5-10 and enjoys playing “chasies” in the yard before settling down for a well-earned rest. He also gets along beautifully with small dogs and other greyhounds, making him a lovely addition to a multi-dog home. An easy-care kind of guy, Bear has short bursts of energy and enjoys his daily walks, but he’s just as content resting and watching the world go by. He’s the perfect balance of playful and peaceful. If you’re looking for a gentle family pet or a devoted companion to share quiet moments and cozy cuddles, Bear is ready to fill your home with warmth and love. 🐾💛","bear-19",""
"2022-10-01","Riverina (Wagga, Temora, Gundagai, Griffith)","956000014801733","Cheesey","2026-02-27","MALE","","Meet Cheesey – Your Loyal, Lovable Sidekick 🐾 Cheesey is a lovely-natured boy with a gentle, caring heart. He absolutely adores kids aged 10–13 and thrives on attention, pats, and plenty of love. When you come home, he’ll greet you with happy excitement, then quickly settle down after pats and play, content just to be by your side. On walks, Cheesey is a dream - once he get sgoing he happily strolls at your pace and enjoys taking in the world with you. After a nice walk and a zoom around the yard or some fun with his toys, he’s more than ready to flop on the floor for a well-earned rest. He’s attentive, loyal, and eager to please, making him a very trainable companion. Cheesey loves splashing in his water bowl or cooling off in a shell pool — he’s got a playful streak and a bit of a cheeky character that will keep you smiling. Importantly, Cheesey is also wonderfully patient and independent. He’s perfectly happy to relax on his own during the day if you’re at work - no fuss, no hassle. Just a steady, easygoing boy waiting for his people to come home. 🐾💙","cheesey",""
"2021-07-01","Southern NSW/ACT (Bulli, Nowra, Goulburn, Canberra)","956000007421604","Max","2026-02-27","MALE","","Max is a beautiful active boy who loves to go on adventures max is suited to full time workers max loves older kids as he loves to play with toys and can sometimes forget his size with younger children. despite his energy max walks very well on lead max requires a larger fenced area to ensure he stays in the backyard all day as he can sometimes want to go and hang out around the neighbourhood. max is a clean and healthy boy and would suit your more active lifestyle","max-17",""
"2022-04-01","Western Sydney (Londonderry)","956000011364314","Molly","2026-02-27","FEMALE","","Molly is a beautifully social girl who absolutely adores people. She is warm, engaging and thrives on human connection, happily seeking out pats, interaction and companionship. She shows lovely manners when meeting new people and would likely do very well in a home with respectful children who understand gentle dog interactions. She appears most comfortable as the only dog in the household, where she can relax and not feel the need to share her space. Molly is not suited to living with cats or multi-dog households. Indoors, Molly settles nicely and maintains good house manners, including keeping her space clean. She could live in an apartment, provided her new home is mindful of her needs. At this stage, she finds extended periods of alone time difficult and prefers having her people nearby. A home where someone is around for much of the day, or where time alone can be built up gradually and positively, will help her feel secure. Molly is a devoted, affectionate companion who bonds deeply with her humans. In a home where she can be the centre of attention and enjoy plenty of companionship, she will truly shine.","molly-19",""
"2021-10-01","Northern Rivers (Grafton, Lismore, Casino)","956000012929850","Dot","2026-02-27","FEMALE","","Meet Dot (Romantic Lily), a 4‑year‑old female greyhound joining us at the Valentine’s Day adoption event. Dot is a gentle, steady girl who is beginning to settle well into home life. She enjoys exploring, relaxing with her people, and she absolutely loves the water. Dot gets on well with all dogs and has a calm, social nature that makes her easy to have around. She’s learning the rhythm of household living and is taking everything in her stride. With her sweet temperament and easygoing personality, Dot is ready to find a home where she can continue to grow in confidence. If you’re looking for a loving companion to share your heart and home, Dot might be the perfect Valentine match.","dot-5",""
"2021-01-01","Hunter Valley Mid Coast (Maitland/ Muswellbrook/Newcastle/Forster)","956000007453900","Maizie","2026-02-27","FEMALE","","Meet Maizie 🐾💖 Maizie is a lively, playful greyhound bursting with energy and personality! She’d thrive in a home with a secure yard where she can stretch her legs, zoom to her heart’s content, and enjoy the great outdoors. A confident canine companion would be the perfect match for Maizie – she loves the company of other dogs and enjoys having a buddy by her side. With her fun-loving nature, Maizie is best suited to a home with older children who can keep up with her zest for life. She absolutely lives for treats, adores affection, and isn’t shy about handing out face licks as her signature love language! If you’re looking for a smart, affectionate greyhound who’s full of beans and full of love, Maizie is ready to join your family and brighten your days (and maybe even steal your heart…)","maizie-2",""
"2021-05-01","Northern Rivers (Grafton, Lismore, Casino)","956000007830444","Hope","2026-02-27","FEMALE","","Meet Hope, a sweet and gentle soul who's ready to bring warmth and companionship into your life. Her quiet nature is truly heartwarming, making her an ideal companion for anyone seeking a serene presence. Hope is crate trained, offering peace of mind when you need it. Her adaptable nature enables her to live comfortably in a variety of environments, from small apartments to more spacious homes. Hope is a social butterfly when it comes to her fellow canines. Whether large or small, she gets along famously with dogs of all sizes. If you're looking for a sweet, quiet, and gentle companion, Hope is sure to become a beloved member of your family.","hope-11",""
"2014-06-01","Western Sydney (Londonderry)","956000003648232","Amber","2026-02-27","FEMALE","","*Amber has just gone to foster care!* Amber is 11 years young and every bit the sweetheart you hope for in a senior greyhound. She has completely charmed our team and quickly settle into living in the office here at GAP. If there’s a soft spot in the room and a friendly human nearby, that’s exactly where you’ll find her. Since joining us, Amber has been spending her days stretched out in our office, peacefully snoozing while staff work around her. She has transitioned beautifully into an indoor routine — no accidents, settles with ease overnight, and remains relaxed when left on her own. She truly understands the art of quiet companionship. Amber is deeply affectionate in the loveliest, most gentle way. She adores being near her people, enjoys soft pats, and is happiest in calm, steady company. At this stage of her life, she’s not looking for adventure — she’s looking for comfort. A low-key home where she can lounge, nap, and simply be part of the family would be perfect. Because she’s a mature lady, a ground-floor home or apartment with lift access would be ideal, as daily stairs wouldn’t suit her long-term comfort. She could happily share her home with another relaxed greyhound, but she would prefer to avoid small, busy breeds. Amber could suit a family, provided children understand how to respect a dog’s space and enjoy a gentle, slower-paced companion. She is the definition of an “old soul” — soft, loving, and ready to spend her days with her people close by. If you’ve been searching for a calm, devoted companion to share quiet moments and warm cuddles, Amber might just be the one.","amber-7",""
"2022-07-01","Western Sydney (Londonderry)","956000011332250","Wendall","2026-02-27","MALE","","Wendall is at the beginning of his pet life and, after recently settling into the kennels, he has shown us he is very much a gentle giant. As he transitions into this new stage, he is being introduced to everyday routines, handling and domestic-style experiences at a pace that allows him to build understanding and confidence. We have noticed that Wendall prefers having his people nearby and appears most comfortable when he has human company. He generally gets along well with other greyhounds and may suit a home with another compatible canine companion, pending a meet and greet. At this stage, Wendall appears more settled outdoors than indoors, suggesting he may appreciate a home with access to a secure yard while he continues adjusting to household living. Like many greyhounds early in their retirement, he will benefit from a family willing to guide him through the transition from kennel routine to home life with patience and consistency. Despite his size, Wendall has lovely moments of calm and gentle interaction, and he could suit a family with children who understand how to respectfully interact with dogs. As he continues gaining exposure and experience, we expect his confidence within the home environment to keep developing. If you are ready to support Wendall as he navigates this exciting next stage, he may be the perfect addition to your home. Enquire now.","wendall",""
"2020-10-01","Western Sydney (Londonderry)","956000011576275","Minnie","2026-02-27","FEMALE","","*Minnie is in a foster care home* Minnie is a sweet, bubbly girl. Minnie is friendly, affectionate, a tad goofy, and oh so lovable! Minnie is a great blend of silly and calm, being middle aged she's ready to kick off her lounge lizard era, and can't wait to meet you! A home with a yard to perfect her zoomies, and some children to entertain her after school, would be a great fit. In return Minnie promises to keep everyone upbeat and having fun every day. She can be nervous in new places so a family who are happy to take it slow to begin with would be a great fit. This gorgeous girl can be adopted at Western Sydney.","minnie-8",""
"2020-09-01","Riverina (Wagga, Temora, Gundagai, Griffith)","956000007826627","Adal","2026-02-27","MALE","","Adal – A Big Hunk of Love! Adal is the sweetest, affectionate boy with a big heart and just as much love to give. He’s great with all people, always happy to see you, excitable at times and loves showering you with kisses. This easy-going lad enjoys his walks, car rides, playtime with his toys, and hanging out with his greyhound friends, as well as playing with the resident Whippet and Jack Russell. With his lovely nature, happy personality, and endless love to share, Adal will make a wonderful companion, especially if someone is home, though he can be on his own or with another dog to play with. 💙","adal",""
"2019-11-01","Western Sydney (Londonderry)","956000012247656","Ocean","2026-02-27","MALE","","Adorable, playful boy Ocean is looking for a new place to call home! Ocean is an outgoing and friendly boy best known for his goofy, playful bursts that will have you laughing! At 6-years-old, Ocean is a little more relaxed and those playful spurts don't last long before he needs a good recharge nap, making him an easy pet! Ocean is pretty easy-going and doesn't mind spending a few hours alone while his humans are away, provided you live in a quieter neighbourhood without too much hustle and bustle going on beyond the fence. Ocean gets along well with other medium-large dogs and is also suitable for living with older, respectful children. We just know Ocean is going to bring his forever family so much love and joy! He is waiting for you at our Western Sydney adoption centre.","ocean-3",""
"2020-10-01","Western Sydney (Londonderry)","956000007809066","Toby (Western Sydney)","2026-02-27","MALE","","Happy and handsome blue boy Toby is a friendly, confident and social boy who loves to recieve praise and treats. He would suit a home with a home with some hours alone during the day, and can live alongside another greyhound. He has also become friends with a Labrador! An owner willing to continue his training around smaller breeds of dogs will see Toby succeed as he would benefit from ongoing exposure. He can walk up and down stairs and would love a backyard to call his own, however he settles best in indoor settings. A family who will include him in the daily activities of family life will be a great fit. Older/teen kids would be the best match for his occasionally bouncy nature. Meet Toby at Western Sydney!","toby-10",""
"2019-01-01","Southern NSW/ACT (Bulli, Nowra, Goulburn, Canberra)","956000006676985","Lilo","2026-02-27","FEMALE","","Lilo loves to feel the earth under her feet and be in the yard but she does also like affection and being close the ones she loves. She likes the water and cooling down on hot days. She will inspect new people she meets and will come around once she approves.","lilo-3",""
"2020-03-01","Southern NSW/ACT (Bulli, Nowra, Goulburn, Canberra)","956000007833551","Stitch","2026-02-27","FEMALE","","Stitch has lived around farm animals and native animals most of her life so she is unbothered by a lot of things. She may get excited but she calms down quite quickly. She is very confident and happy and would love a yard to look after.","stitch-3",""
"2019-01-01","Southern NSW/ACT (Bulli, Nowra, Goulburn, Canberra)","956000006804085","Rapunzel","2026-02-27","FEMALE","","Rapunzel loves any form of affection. She will come to you when called, she is confident and not bothered by much in life.","rapunzel",""
"2023-09-01","Southern NSW/ACT (Bulli, Nowra, Goulburn, Canberra)","956000015733852","Lulu","2026-02-27","FEMALE","","Lulu isn't bothered by the sheep and native animals that surround her. She is a happy go lucky girl that is very confident and ready to explore new places.","lulu-6",""
"2022-01-01","Southern NSW/ACT (Bulli, Nowra, Goulburn, Canberra)","956000011657334","Flick","2026-02-27","FEMALE","","This lovely girl needs time to warm to you, she does have a nervous and cautious nature with new people. She warms to you very quickly and is extremely pleasant and polite to be around. She likes toys and is easy to walk on the lead.","flick-2",""
"2021-05-01","Southern NSW/ACT (Bulli, Nowra, Goulburn, Canberra)","956000011663259","Benji","2026-02-27","MALE","","Benji is a confident friendly boy who is great company. He loves to play, loves affection and walks well on the lead. Benji loves the water and going for a swim. Benji has had experience in the home and likes to keep you company. He is an excellent companion who needs a thunder buddy since he is not a fan of storms.","benji-12",""
"2022-12-01","Northern Rivers (Grafton, Lismore, Casino)","956000015031593","Geno","2026-02-27","MALE","","Meet Geno, a sweet and happy boy who's sure to steal your heart with his wagging tail and bright eyes, as he loves nothing more than receiving pats from everyone he meets. Geno is a sociable pup who revels in the company of other dogs. His friendly demeanor means he'll quickly become a beloved member of any dog-friendly household. He's a fan of good meals and thoroughly enjoys his food. One of Geno's most endearing qualities is his love for the water. Geno loves to splash in his paddle pool and Geno is the perfect companion for those who appreciate a mix of play and relaxation. If you're looking for a sweet, happy dog who's as charming as he is friendly, Geno could be the perfect match for you. With Geno, every day is an opportunity for fun, affection, and shared experiences.","geno",""
"2021-04-01","Northern Rivers (Grafton, Lismore, Casino)","956000011704804","Dex","2026-02-27","MALE","","Meet Dex, the strikingly handsome and robust canine companion who loves for water and has a zest for life, Dex is the ideal pet for those who appreciate an adventurous soul . Dex exudes strength and charm, preferring the company of larger dogs who match his playful energy and enthusiasm. Whether he's splashing around in a pool, pond, or simply enjoying a sunny day outdoors, Dex is happiest when he's with his big-sized friends. Toys are another passion of Dex's; he enjoys the simple pleasures of tug-of-war or a good game of fetch. His playful antics with his toys will surely keep you entertained. While he adores the companionship of big dogs, he prefers a home without small dogs to ensure everyone's comfort and harmony. Dex's energetic nature would thrive in a home with an active lifestyle, spacious yard, or access to dog-friendly outings. Embrace the adventure and heartwarming fun that Dex brings to every day. Are you ready to welcome a strong, water-loving, toy-enthusiast into your life.","dex-3",""
"2021-06-01","Western Sydney (Londonderry)","956000007446683","Ricky","2026-02-27","MALE","","Ricky is a calm, affectionate greyhound who is still learning the ropes of pet life and taking it all in stride. He has a gentle, easygoing presence and enjoys being close to his people, especially when affection and praise are involved. He’s the kind of dog who thrives on positive attention and is keen to please once he understands what’s being asked of him. Ricky is currently building his basic life skills and responding well to training, particularly when it’s delivered with encouragement, praise, and calm guidance. As his confidence and understanding grow, so does his ability to settle, making him a good candidate for a home with full-time workers once he’s had time to adjust and learn how to relax independently. He would benefit from a home with access to a backyard, where he can move freely, decompress, and enjoy some quiet outdoor time. While Ricky may enjoy the company of another greyhound or a medium to large dog, he can be a little socially awkward when initiating play. Because of this, any canine companion should be tolerant, steady, and happy to set gentle boundaries. Ricky is looking for a home that understands he’s still learning and is happy to guide him through this next chapter with patience and kindness. With the right support, he has all the makings of a relaxed, affectionate companion who will settle beautifully into family life and enjoy the simple pleasures of being a pet.","ricky-5",""
"2021-07-01","Western Sydney (Londonderry)","956000011552293","Bridget","2026-02-27","FEMALE","","*Bridget has just gone into a foster care home - check in soon for updates!* Hey guys! In my first week in foster, I have now mastered the stairs and am enjoying the yummy treats and extra cuddles. I enjoy exploring the house and watching my new human friends go about their daily lives. I get excited for my dinner and do a little prance which has delighted my new friends. I have made myself comfortable on the lounges and I have been enjoying some alone time already being solo for three hours just relaxing on the sofa on the deck. Bridget is a sweet girl who steals your heart after opening up. She would suit a quiet household without children or a busy social lifestyle. Bridget is very much a homebody who enjoys lounging and taking life at a slower pace. While she may be able to live with a medium to large dog, any companion would need to be particularly tolerant and socially steady, as Bridget can become a little socially clumsy when she’s feeling playful or unsure. Even so, her greatest comfort comes from her relationship with her people. Neck scratches are her love language and once you win her over and she'll be endlessly entertaining you with her playful antics. As you inevitably fall in love with one another, her gentle demeaner will give way to a more quirky side. Pairing that iconic greyhound charm with her own unique twist. Solidified in your bond, she will lean on your confidence in her to navigate the unfamiliar world. A home that is willing to support her as she adjusts to her new lifestyle is ideal. New friends are on the horizon of your patience and compassion, revealing to her joy in previous uncertainties. A journey you and her will never forget.","bridget-3",""
"2021-10-01","New England","956000012864310","Cheeky","2026-02-27","FEMALE","","Cheeky is a joyful, energetic girl whose name says it all! She’s bursting with personality, always ready for an adventure, and guaranteed to bring a smile to your face. Cheeky has a playful, spirited nature. Whether she’s zooming around the yard, exploring new places, or showing off her silly side, she brings excitement and joy to every day. She thrives on activity and engagement, perfect for someone who enjoys a lively companion. Her zest for life is contagious! Despite all her energy, Cheeky has a beautifully soft side. She’s incredibly affectionate and loves being close to her humans, soaking up cuddles and attention whenever she can.","cheeky-9",""
"2021-04-01","New England","956000007423971","Asha","2026-02-27","FEMALE","","Asha is a sweet and loyal greyhound with a gentle personality and a heart big enough for everyone she meets. She’s the perfect mix of affectionate companion and playful friend. 💛 Sweet & Loyal Asha bonds deeply with her people and loves being part of the action. Whether she’s leaning in for cuddles or trotting happily beside you, she’s all about love and connection. 🐶 Great With Other Dogs One of her standout traits is how beautifully she gets along with other dogs. She’s friendly, social, and thrives in the company of canine buddies. ✨ Why You’ll Love Asha Sweet, gentle, and people‑focused Fun-loving with a soft, joyful personality Gets along wonderfully with other dogs Loyal and affectionate","asha-1",""
"2022-06-01","New England","956000014850536","Kota","2026-02-27","FEMALE","","🌸 Meet Kota - A Gentle Soul Looking for a Patient, Loving Home Kota is a very special girl with a soft heart and a sensitive spirit. She may take a little while to warm up, but once she trusts you, she forms deep, meaningful bonds that make every moment worth the wait. 💗 A Sensitive, Quiet Beauty Kota can feel a bit unsure in new environments, and she prefers to take things slowly. She’s not the kind of dog who rushes into new situations, she observes, thinks, and opens up at her own pace. But beneath that initial shyness is a truly affectionate, loyal companion. 🏡 Needs a Calm, Patient Home Kota will thrive in a warm, gentle, and patient household where she can feel safe and loved. She’ll do best with people who understand that trust takes time, and who are happy to give her the space and reassurance she needs to blossom.","kota",""
"2023-07-01","New England","956000015747489","Wally","2026-02-27","MALE","","Wally is bursting with life, personality, and joy. He’s the kind of dog who can make you smile just by walking into the room, a true spirit-lifter with a heart of gold. 😄 Goofy & Full of Life Wally is delightfully silly in all the best ways. He loves to play, explore, and make his humans laugh with his quirky antics. 💛 Loves People This boy is a social butterfly. Wally absolutely adores people, he greets everyone like a long‑lost friend and thrives on attention, pats, and companionship. He’s happiest when he’s included in whatever you’re doing. 🐶 Fantastic With Other Dogs Wally is also great with other dogs, bringing a friendly, upbeat energy to every doggy interaction. He’s the kind of dog who gets the whole group wagging.","wally-11",""
"2022-06-01","New England","956000014807806","Target","2026-02-27","MALE","","🎯 Meet Target — The Sweet, Loyal Greyhound With the Cutest Dot! Target is a friendly and loyal boy whose unique little dot on his head inspired his name. One look at him, and you’ll understand why it’s impossible not to fall in love.. ✨ Personality Target is the definition of sweet-natured. He’s calm, affectionate, and incredibly people‑oriented. Whether he’s leaning in for cuddles or quietly following you from room to room, he loves being close to his humans. 🐶 Great With Other Dogs This handsome boy has beautiful social manners. He’s relaxed, polite, and friendly around other dogs, making him a great fit for multi-dog households or families who enjoy dog-friendly outings. 🚶‍♂️ Gentle on the Lead Walks with Target are a dream. He’s light, steady, and easy to guide, making him an ideal walking companion even for those who prefer a more relaxed pace.","target",""
"2022-07-01","New England","956000011352439","Xavier","2026-02-27","MALE","","This sweet, playful boy is the perfect mix of goofy charm and gentle affection. ✨ Personality Xavier is a naturally happy, social, and easygoing soul. He loves to play, whether that’s zoomies in the yard, tossing a toy in the air, or doing his best “wiggle dance” when he’s excited. But when playtime’s over, he’s just as happy to curl up beside you for pats. 🐶 Great with Other Dogs One of Xavier’s standout qualities is how wonderfully he gets along with other dogs. He’s polite, friendly, and enjoys having canine companions around. Whether your household is full of doggy friends or you visit dog parks regularly, Xavier will fit right in. 💖 What Makes Him Special Sweet, soft-natured, and affectionate Very playful but not overwhelming Beautiful brindle coat with a charming personality to match Excellent social manners with other dogs If you’re looking for a loving, gentle, and joyful greyhound to brighten your days, Xavier might just be your perfect match.","xavier-2",""
"2021-11-01","New England","956000014698183","Cheeky","2026-02-27","FEMALE","","💖 Meet Cheeky – Your Loyal, Low‑Maintenance Best Girl Cheeky is a sweet, loyal girl who lives up to her name with just the right amount of charm. At four years old, she’s mature, settled, and wonderfully low‑maintenance—perfect for someone wanting an easy, affectionate companion. Cheeky is deeply loyal and loves nothing more than being close to her person. She’s gentle, calm, and happy simply sharing your space—whether that’s lounging on the couch, strolling beside you on a walk, or keeping you company at home. While Cheeky is polite and friendly with other dogs out and about, she can get a little jealous when sharing her home with other animals. Because she bonds so strongly, she’d prefer a home where she can soak up all the love and attention as your only girl. Cheeky would thrive with someone looking for: A low‑maintenance, calm companion A loyal dog who prefers a quiet, stable environment A pet‑free household where she can shine as the centre of attention ❤️ Why You’ll Love Her Cheeky is affectionate without being demanding, loyal without being clingy, and charming in a subtle, endearing way. She’s the kind of dog who fits seamlessly into your routine and becomes that steady, comforting presence in your home.","cheeky-8",""
"2024-02-01","New England","956000017145953","Arlo","2026-02-27","MALE","","Arlo is an affectionate boy with a beautiful brindle coat. He’s a soft, social soul who adores being around people and thrives on gentle attention. At almost two years old, he’s in that perfect stage—playful and curious but already calm and well‑mannered. This sweet boy has a patient, gentle nature that makes him well-suited to families with children. He enjoys being involved in family life and loves soaking up pats, ear scratches, and cuddles from little humans. He also loves to play with other medium to large dogs. 🏡 Ideal Home Arlo would thrive in a home that: Enjoys daily walks, playtime, and plenty of affection Understands the needs of a young greyhound—soft beds, gentle routines, and occasional goofy antics ❤️ Why You’ll Love Him Arlo is all heart. He’s the kind of dog who bonds deeply, follows you with those big soulful eyes. Whether he’s snoozing in the sun, trotting happily beside a dog buddy, or leaning in for a cuddle, Arlo brings warmth and joy everywhere he goes.","arlo-4",""
"2022-05-01","Western Sydney (Londonderry)","956000011334758","Bonnie","2026-02-27","FEMALE","","Hi, I'm Bonnie. I get along nicely with other dogs including my chihuahua friend I get along with (pictured), making me a great fit for a home with smaller dogs. A home without kids would be best as I can be nervous with too much going on. A quiet, chilled out home would be my best fit as I would like some peace and quiet, this will help me feel confident and thrive in your environment. If you have a chilled out home and another dog for me to be friends with, get in touch with the GAP team to meet me! You can meet me by appointment at Western Sydney.","bonnie-8",""
"2022-12-01","Western Sydney (Londonderry)","956000015726981","Ray","2026-02-27","MALE","","Hey, I'm Ray! You could say I am a ray of sunshine, I'm so friendly and vibrant and ready to light up your life! 🔆 I will give you cuddles, licks and give you an amazing first impression with my confident personality. My best suited home is a home who loves all things greyhounds - from my zoomies to my naps. I love zoomies and play, and I will be your sweet and joyful companion who will always be wiggly and cute when you get home from work. I will run around and keep you active, so a home with a yard is going to be great for me and my sunshine personality! I can be excited to get going on the lead but I will be eager to learn and walk nicely once we get into routine. My best suited home is one with shorter hours alone while I settle in, I can also go home with a medium to large canine companion. If you need some more rays of sunshine in your life, come and meet me at Western Sydney!","ray-4",""
"2023-03-01","","956000016771688","Trigg","2026-02-27","MALE","","Trigg is a sweet and friendly boy with a gentle, soft soul. He’s happy to potter around independently and is comfortable spending time on his own in the yard, but he also truly enjoys human company and settles easily when indoors or alongside his people. Trigg is great on lead and a pleasure to walk. He does well with large dogs and other greyhounds, and while he can be a little shy when first meeting new or smaller dogs, he warms up with time and gentle introductions. With his calm nature and easygoing personality, Trigg would suit a relaxed home looking for a loving and low-key companion.","trigg",""
"2023-03-01","Mid North Coast","956000015733664","Jack","2026-02-27","MALE","","Jack is a friendly and confident boy who genuinely enjoys human interaction and being part of the family. He’s comfortable travelling and is happy to join you on outings, making him a great companion for an on-the-go lifestyle. Jack is best suited to a home with other large dogs or greyhounds and would not be suitable for homes with small dogs or birds. On lead, he can be a little excitable at first, but once given clear direction he settles quickly and walks along nicely. With guidance, consistency, and plenty of affection, Jack will make a loyal and engaging addition to the right home.","jack-38",""
"2023-03-01","Mid North Coast","956000015733409","Erroll","2026-02-27","MALE","","Erroll is a confident, playful boy who loves engaging with both people and other dogs. Full of energy and boisterous fun, he thrives on walks, playtime, and being right in the middle of the action. Whether it’s heading out for an adventure or joining in on social time, Erroll is always keen to be involved. Despite his lively nature, Erroll is also able to settle comfortably, making him a great balance of fun and companionship. He’d suit a home that can keep up with his enthusiasm and enjoy sharing life with a dog who brings joy, confidence, and plenty of personality.","erroll",""
"2025-03-01","Mid North Coast","956000015733389","Lionel","2026-02-27","MALE","","Lionel is a confident and friendly boy who absolutely loves people and greets life with a curious, playful spirit. Well-behaved and affectionate, he enjoys being involved in whatever’s going on around him and would suit an active, loving home where he can share daily walks and quality time. Lionel is happiest when he’s with his best buddy Hazel, and the two share a special bond. If you’re able to welcome them both, you’ll be rewarded with a perfectly matched pair who bring companionship, fun, and plenty of heart into the home.","lionel-1",""
"2023-03-01","Mid North Coast","956000014888919","Hazel","2026-02-27","FEMALE","","Hazel is a beautiful blue female greyhound with a calm, confident, and sweet-natured personality. She loves attention and will happily respond when you call her name, always ready for a gentle pat or some quiet company. Hazel gets along well with other dogs and would thrive in a home that offers a yard and regular companionship. She shares a special bond with her friend Lionel, and if you have room in your heart and home for two, Hazel would absolutely love to stay by his side. With her gentle presence and loving nature, Hazel would make a wonderful, loyal companion.","hazel-7",""
"2020-12-01","Mid North Coast","956000012806301","Rodney","2026-02-27","MALE","","Rodney is a stunning black male greyhound with a shiny coat and a full-of-beans personality to match. He’s an excitable, playful boy who brings joyful energy wherever he goes, but don’t let that fool you—he absolutely melts for pats and affection. Rodney would thrive in a home that enjoys daily walks and a bit of fun, as he loves getting out and about and stretching his long legs. He enjoys the company of other larger breed dogs and is happy to share his space, but he’s just as content soaking up someone’s full attention and being the star of the show. With his playful spirit and loving nature, Rodney is the kind of dog who will keep you smiling and fill your home with warmth (and the occasional zoomie). If you’re looking for a fun-loving companion with a big heart, Rodney might just be your perfect match 💛","rodney-1",""
"2022-05-01","Western Sydney (Londonderry)","956000014817029","Billy (Western Sydney)","2026-02-27","MALE","","Hey, Billy here! I'm a cheerful & sweet guy with a gentle nature. I walk nicely on the lead and promise to go on a laid back dawdle around the block peacefully with you. Because I am gentle and loving, I'm also polite around big and small dogs on walks and can go home with another medium to large breed canine companion. A home with respectful children would be suitable for me. I am a good traveller in the car, and have no issue around things like lawnmowers, vans, foot traffic on walkies, etc and would be the kind of dog to take things in my stride! A home with a yard or a small courtyard would be great so I have somewhere to chill out when I want to. Come meet me at Western Sydney by appointment!","billy-western-sydney-1",""
"2021-09-01","Western Sydney (Londonderry)","956000011652760","Fred","2026-02-27","MALE","","*Fred is in a foster care home and is available to adopt* Meet Fred! Fred is a gorgeous greyhound with a gentle soul, a big heart for people, and an even bigger love for snacks. He’s the kind of dog who could right into your home life! Fred is comfortable sleeping in his crate and settles in like a pro, making bedtime a breeze. He’s also okay being left alone for reasonable periods, so he may be able to handle a normal workday or errands while he stays home. Independent and affectionate? That’s a great combo. When it comes to people, Fred is all in. He loves human company and enjoys soaking up attention, whether that’s quiet companionship or a few well-earned pats. Fred is very food-motivated, which makes him super trainable and eager to learn. Treats are the way to his heart, and he’s happy to work for them. Fred would do wonderfully in a home looking for a calm, loving dog who already has some great life skills and is ready to keep learning. If you’re looking for a sweet, people-loving greyhound who’s as smart as he is charming, Fred might just be your perfect match.","fred-7",""
"2021-07-01","Riverina (Wagga, Temora, Gundagai, Griffith)","956000013035429","Scoot","2026-02-27","MALE","","Scoot is a gentle and kind boy, well mannered with a really lovely temperament. He will wait his turn and is patient around other greys and little dogs including a mini poodle, Shih Tzus and a Pug. Scoot is happy, friendly, fun-loving and an easy going all-rounder. He's loves a bit of a zoomie in the morning and a walk in the afternoon or a play in the yard, a splash in his shell pool, but just as happy to flop down on the floor and chill out. Scoot will laze about watching or follow you around as you go about your daily chores; he likes to check out what you're doing whether that's gardening, being in the shed, going for a walk or off to feed the chickens before dinner and bedtime. He gets along with other dogs, and household kids 10 and 14 but its in his nature to be gentle with younger kids 5+ as well. Scoot Scoot would make a loving loyal companion or family pet who just wants to be your best friend. 💙","scoot-2",""
"2021-11-01","Hunter Valley Mid Coast (Maitland/ Muswellbrook/Newcastle/Forster)","956000007426210","Lily","2026-02-27","FEMALE","","Lily is a sensitive, nervous girl who’s looking for a patient and loving home where she can continue to build her confidence at her own pace. She’s currently working on exposure in a home environment and is making progress with calm, supportive guidance. Lily has been around small dogs, though she’ll need slow, safe introductions and careful management as she settles in. A quiet household with understanding humans who are happy to let her take things one step at a time would suit her best. With kindness, consistency, and a little extra love, Lily has the potential to blossom into a wonderful companion.","lily-3",""
"2023-12-01","Hunter Valley Mid Coast (Maitland/ Muswellbrook/Newcastle/Forster)","956000016770827","Shelby","2026-02-27","FEMALE","","Shelby is a very energetic greyhound who’s always ready to go. She’s best suited to an active lifestyle with plenty of opportunities to burn off her energy and enjoy structured play. If Shelby is rehomed with another dog, she’ll need an experienced owner and a canine companion who can truly match her energetic play style. She plays hard and would do best with a confident, compatible dog who enjoys the same level of activity. A secure backyard is a must for Shelby, giving her the space she needs to run, play, and unwind. In the right home, Shelby will thrive as a fun, lively companion for someone who loves an active dog.","shelby-4",""
"2020-11-01","Hunter Valley Mid Coast (Maitland/ Muswellbrook/Newcastle/Forster)","Microchip Number 956000007807685","Lenny","2026-02-27","MALE","","Lenny is a beautiful male greyhound who knows exactly what he likes—and he likes his own space. He’d be happiest as a solo dog, where he can fully relax and enjoy being the center of attention. Out and about, Lenny is perfectly fine around other dogs and handles public settings well, but he’s not a fan of other dogs getting too close in his personal bubble. Because of this, he’s best suited to a home where he can have his space respected. Lenny would thrive in a semi-active household and is accustomed to being handled by kids, making him a great option for a family that understands dog boundaries. He’s a lovely boy with lots to offer the right home.","lenny-13",""
"2021-05-01","Hunter Valley Mid Coast (Maitland/ Muswellbrook/Newcastle/Forster)","956000011704931","Roger","2026-02-27","MALE","","Roger is a handsome black greyhound with a calm, easygoing vibe. He’s a pretty chill dude who enjoys a relaxed lifestyle and doesn’t ask for much beyond comfort, kindness, and a good routine. Roger would do best as a solo dog or with a female canine companion. He can be workable with small dogs and even cats, given the right introductions and management. His laid-back nature makes him a great match for full-time workers or a family looking for a low-key, affectionate dog. If you’re after a gentle, uncomplicated companion who’s happy to go with the flow, Roger might just be your guy.","roger-3",""
"2019-12-01","Northern Rivers (Grafton, Lismore, Casino)","956000012246946","Mickey","2026-02-27","MALE","","Mickey is a gorgeous white and blue male greyhound with a truly lovely personality — and he’s a smaller boy too, which just adds to his charm. He’s sweet, gentle, and a pleasure to have around. Mickey has spent time in a house and is comfortable being indoors, though he hasn’t lived full-time inside yet. He can manage stairs going up, but will need some support and patience with coming back down as he continues learning. He is workable with small dogs and, with the right slow and careful introductions, may also be cat workable. His future family will need to be prepared to put in the time and consistency to help him succeed, but Mickey’s kind nature makes him well worth the effort.","mickey-2",""
"2021-11-01","Northern Rivers (Grafton, Lismore, Casino)","956000013022342","Fang","2026-02-27","MALE","","Fang is a striking white and red brindle male greyhound with a gentle, sensitive nature. He walks nicely on lead and enjoys getting out for calm, relaxed strolls. When first meeting new people, Fang can be a little nervous and appreciates a slow, patient approach. He will come over for pats, but prefers things to be taken at his pace — once he feels safe, he settles beautifully and shows his sweet, trusting side. Fang had a calm interaction with a small dog, enjoying a polite sniff before disengaging, and he showed lovely manners around other greyhounds during his assessment. He would do best in a home that understands shy dogs and is happy to let him build confidence in his own time.","fang",""
"2022-12-01","Northern Rivers (Grafton, Lismore, Casino)","956000015730266","Precious","2026-02-27","FEMALE","","Precious is a beautiful black female greyhound with a calm, thoughtful nature and a quiet charm. She travels well, making her an easy companion for outings or trips, and settles nicely when on the move. Precious enjoys affection on her own terms and will happily engage for pats when she’s in the mood, showing her gentle and endearing personality. She gets along wonderfully with other greyhounds and is workable with small dogs, especially with sensible introductions and guidance. She would suit a home that appreciates a dog who is affectionate yet independent, and who values relaxed companionship over constant attention. Precious at a glance: Black female greyhound Travels well Enjoys pats when interested Great with other greyhounds Workable with small dogs Precious is a lovely girl who brings a calm presence and quiet warmth to those lucky enough to spend time with her 🐾🖤","precious-4",""
"2022-07-01","Northern Rivers (Grafton, Lismore, Casino)","956000014889191","Tully","2026-02-27","FEMALE","","Tully is a stunning black female greyhound with a gentle soul and a soft, affectionate nature. She can be a little shy when she first meets new people, but give her a moment (and a bit of patience) and she quickly warms up into a loving, pat-seeking companion. Tully is social with small dogs and has had a few calm, positive introductions with cats, showing polite curiosity. She enjoys getting out and about and walks beautifully on lead, making her a lovely partner for relaxed strolls. Once she feels comfortable, Tully really shines — she adores pats, quiet companionship, and being near her people. She would thrive in a calm home that’s happy to let her settle in at her own pace and watch her confidence blossom.","tully",""
"2018-10-01","Western Sydney (Londonderry)","956000006172313","Marshall","2026-02-27","MALE","","*Marshall has spent time in a foster care home over Christmas!* Marshall is a lovable guy who’s happiest when he’s right by your side,he’ll follow you around like your own little shadow, eager to be involved in all your daily adventures. He’d do best in a home where someone’s around more often then not to help him settled into pet life. Marshall also needs a yard to roam and explore since settling inside can be a bit tricky for him,though he does have a soft spot for his crate, which he finds cosy and calming. He’s great with kids 10 and up, and while he’s okay with medium to large dogs when out and about, he really prefers being the star of the show at home,so a single-dog household would be his dream come true. If you’re looking for a loyal companion who’s part shadow, part cuddle bug, and 100% ready to steal your heart, Marshall’s your guy!","marshall-4",""
"2022-03-01","Southern NSW/ACT (Bulli, Nowra, Goulburn, Canberra)","956000011646039","Bob","2026-02-27","MALE","","This handsome boy is gentle and cuddly, he knows his name and will come when called. He is happy to lounge around and relax and has a beautiful temperament. He is friendly and social with meeting new dogs and is good on the lead.","bob-18",""
"2018-10-01","Western Sydney (Londonderry)","956000006170645","Dennis","2026-02-27","MALE","","*Dennis is in a foster care home with another dog and is available to adopt* Foster Update: ""Dennis has settled in nicely. He is so sweet and gentle and tends to be my shadow when he is not lying upside down with his legs in the air...quite a hilarious sight!!"" Dennis is a polite and quiet natured, middle aged gentleman who is happy to receive pats and attention from any of his admirers. Dennis would suit a home with respectful children. Dennis is a lovely gentleman who will thrive with a townhouse/backyard and or doggie friends to keep him company. In foster care he has a canine companion, so if his forever home doesn't have another dog, shorter hours alone are best suited. He chooses to settle in a crate when indoors and likes when things are quiet and patient. Dennis would suit a likeminded calm family with an easygoing lifestyle. Dennis can be adopted at the Western Sydney adoption centre via appointment.","dennis-2",""
"2020-11-01","Western Sydney (Londonderry)","956000007364060","Ellie (Western Sydney)","2026-02-27","FEMALE","","Introducing Sweet little Ellie! Ellie can be a little shy at first with new people, but with some patience and love you will soon see her affectionate and goofy playful sides come out! Ellie love her treats and her toys and we have found it to be a super rewarding experience to win her over! She may even delight you with her spontaneous joyful zoomies (that last approximately 7 seconds before she needs a nap). Ellie would suit a relaxed and laid back home and lifestyle and would love a backyard or courtyard to call her own. She is happy to share her home with another medium-large dog, or could spend a few hours chilling alone during the day as a single dog. Older, respectful kids/teens are suitable, provided they can give Ellie space when she needs a break. If you think you can give Ellie the loving home she deserves, apply online today to adopt this sweet girl!","ellie-12",""
"2020-02-01","Western Sydney (Londonderry)","956000007834599","Mindy","2026-02-27","FEMALE","","*I've just gone to foster care!* Mindy is a little shy at first, but with a chance to warm up, she'll be showing you her goofy side in no time! Full time or part time workers may work for Mindy, she will just need a chance to build up to longer hours alone. Mindy would best suit a quiet home, with adults or older children to ease her into pet life. Although Mindy has been appropriate during her interactions with other dogs of all sizes, she would prefer to be the only dog in her new home, so she can have all the love to herself. Mindy loves a treat and has proven to be a real smarty pants, learning ""down"", ""touch"" and ""shake"" on cue! She has shown to settle well when left alone and while indoors, but would prefer a home with a yard or courtyard to have a play or a snooze. Come down and meet Mindy at Western Sydney!","mindy-2",""
"2023-02-01","Western Sydney (Londonderry)","956000014914658","Romeo","2026-02-27","MALE","","*Romeo is in a foster care home in the Inner West* Foster Update: Romeo is super happy, affectionate and playful pup (no resource guarding or sleep startle observed). He is quite confident and outgoing at home. When he’s asleep he is angelic and when he is awake, he is effervescent. He has settled in quickly, he knows where his beds are and has a sleep bed and a play bed, he figured out very quickly where his toys live and how to dig the goat horn his favourite toy out of the basket. Romeo is a quick learner and has now mastered indoor and outdoor steps. He is responding to his name most of the time. His playful antics make us laugh to no end. He is happy to pass dogs on a footpath without much notice. Favourite things about him: His beautiful soulful eyes, his stunning looks, his mischievous personality, his independence and his affectionate behaviour. *Romeo is available from the Western Sydney adoption centre via appointment with his foster carer*","romeo-1",""
"2022-07-01","Western Sydney (Londonderry)","956000014813741","Stavros","2026-02-27","MALE","","Stavros is a beautiful boy that’s full of love and life! He has spent the last few months in a foster care home with 6 other dogs. Stavros would be best suited to a home with 1 other doggie friend. 6 was fun, but he's about quality, not quantity! If Stavros lives as your only dog, you can go off to work during the day and he'll be happy on his own for full time hours. Stavros is fond of a run around and play time but also loves giving and receiving lots of affection. An adults only home is the best fit for this gentle giant. He has a playful side and loves to have fun! Stavros would be a great addition to an apartment home (with lift access - no stairs) with an active lifestyle, or a house with a yard.","stavros",""
"2018-09-01","Western Sydney (Londonderry)","956000009417122","Lou","2026-02-27","MALE","","If you're looking for a friendly and outgoing companion, check out Lou! Lou has recently spent time in foster care where he mastered going to markets and meeting all the stall holders. Lou is a sweet, people-focused boy who enjoys routine, gentle companionship, and having his humans within eyesight. He walks beautifully on lead, took inner-city living in stride during foster care, and happily relaxed at cafés, pubs, and markets. He’s polite with other dogs on walks, enjoys calm play with other greyhounds, and absolutely adores squeaky toys and fetch. Lou is independent but affectionate, active in the mornings, and a cosy snoozer by evening when he has a comfortable spot to unwind. He will do best in a house with yard access, as smaller apartments made it difficult for him to fully settle and find his own space. When sharing a home with a medium–large dog, he benefits from structure around resting places and clear routines to keep everyone comfortable. Lou is a loving, joyful companion who thrives when given room to relax, predictable guidance, and a household that enjoys his mix of active playtime and peaceful downtime. Read below to see what Lou's foster carers had to say about him! ""Lou is a beautiful boy with a lot of love to give. He walks very very well on the lead, ignores most birds and bush turkeys. He is not very interested in saying hi to other dogs and will respectfully walk straight past them. He loves squeaky toys with a passion and plays fetch with them with so much joy. He is a master of stairs. He would benefit from living in a house with a backyard, as our small apartment was a bit tight for him (he likes a safe space). In saying that he still wants to be within eyesight of you. He’s an independent but people loving doggie. He would benefit from an active owner - he is full of beans and loves longer walks and play time. He is most active in the mornings and is up for cuddles and play time, in the evening he likes to curl up and snooze independently."" Apply now to meet Lou from our Western Sydney program.","lou-5",""
"2020-02-01","Hunter Valley Mid Coast (Maitland/ Muswellbrook/Newcastle/Forster)","956000007828530","Yukey","2026-02-27","FEMALE","","Meet Yukey! 🐶💖 Yukey is a sweet and playful girl with a heart full of love and sunshine! Yukey walks beautifully on the lead and enjoys playtime with her toys and doggy friends. She’s equally happy to chill out and watch the world go by, making her a wonderful balance of fun and calm. If you're ready to open your home to a girl full of love, personality, and charm, Yukey is ready to meet you!","yukey",""
"2021-12-01","Western Sydney (Londonderry)","956000007431260","Tiger","2026-02-27","MALE","","Beautiful brindle Tiger wants to meet you! This super loving and outgoing 4-year-old boy loves to go up to everyone and see if he can get a pat (or a treat!). He has a excellent food motivation and is responding very well to early training and has even already learned to navigate a full flight of stairs! He just loves to learn new things and play enrichment games that let him use his big brains. Tiger would do best in a home without other dogs and children so he can soak up all the love and attention for himself. He doesn't mind some hours alone to chill out while you're away at work - just leave him with some long-lasting enrichment activities and he will be good as gold! A small backyard or courtyard would be preferred so Tiger can enjoy the occasional zoomie. Is Tiger your new best friend? Apply online today to meet this gorgeous boy.","tiger-15",""
"2022-07-01","Western Sydney (Londonderry)","956000012959229","Eric","2026-02-27","MALE","","Eric is a friendly, well-mannered dog with a calm and social nature that makes him easy to love. He’s polite in his interactions and genuinely enjoys the company of others, especially medium to large dogs. Onsite, Eric has done really well socialising, even happily spending time with a Husky cross, which shows his confidence and friendly approach to canine friendships. Eric would do best in a home where someone is around more often than not, especially in the beginning, to help him settle in and feel secure. While he enjoys human companionship, we also believe that a doggy companion could really help him thrive, build confidence, and fully enjoy home and pet life. With his gentle temperament and friendly personality, Eric has all the qualities of a wonderful family dog. He’s the kind of companion who is happy to be involved, kind with those around him, and ready to form strong bonds with both people and pups. If you’re looking for a sweet, social dog who will blossom with a little support and a lot of love, Eric could be your perfect match. 💙","eric",""
"2021-08-01","Western Sydney (Londonderry)","956000011552657","Jimmothy","2026-02-27","MALE","","*Jimmothy has just gone to a foster care home-check in soon for updates!* Goofy little Jimmothy will steal your heart and never give it back! Jimmothy is a super funny and adorable guy who will have you in stitches 24/7! He is best known for his bouncy, goofy nature, his spontaneous zoomies and giving the best cuddles in the world! As soon as you sit on the floor or the couch, he is right there next to you laying on your lap asking for pats! He loves other dogs, big and small, and would gladly join a family with other dogs in the picture. As a single dog, Jimmothy is suitable for part-time hours alone at home. He loves being indoors but would also enjoy a small courtyard or backyard to stretch his legs and perhaps toss his toys around merrily in. Respectful kids are suitable and would enjoy his cuddly, playful nature, provided they are able to give Jimmothy his space when he needs a break. Jimmothy truly is one-of-a-kind and we know he is going to bring you joy every day! Submit your application for Jimmothy if you'd like to meet him!","jimmothy",""
"2021-11-01","Riverina (Wagga, Temora, Gundagai, Griffith)","956000007432306","Bailey","2026-02-27","MALE","","Meet Bailey – your happy blue best mate! Bailey is a beautiful, friendly blue boy who adores kids (6+) and loves nothing more than a game of chase and plenty of pats. He’s a joyful, affectionate lad who’s sure to bring laughter, love, and warmth into his new home. Bailey gets along well with his Greyhound pals as well as smaller dog friends (a Mini Groodle, Mini Foxy, Pug, and Kelpie x), so he’d happily share his home with another friendly dog. He’s a pretty chill chap, who loves being inside with you, is house-trained and crate-trained, and would suit a townhouse or house. Bailey is not over-energetic but loves a walk and carrying around his squeaky toys then happy to lie in his crate or help you around the house for a bit. If you’re looking for a loving, playful and easy care chap who’s great with kids and ready to be part of a family or any household, Bailey’s your boy! 💙","bailey-5",""
"2022-12-01","Western Sydney (Londonderry)","956000014914283","Skye","2026-02-27","FEMALE","","Adorable 3-year-old Skye is looking for her forever home! Skye is a sweet, affectionate and bouncy little girl with a playful side that will entertain you to no end! She is friendly with other dogs around her size and would gladly share her new home with one. Older, respectful kids are suitable and would enjoy her playful side, provided they can give Skye a break when she needs it. If sweet Skye is the girl for you, apply to take her home today!","skye-3",""
"2021-12-01","Western Sydney (Londonderry)","956000007423475","Grace (Western Sydney )","2026-02-27","FEMALE","","Grace is a bright, energetic girl who’s always on the go and ready for her next adventure. She loves to explore her surroundings and would thrive in a home that can keep up with her active, curious nature. Whether it’s sniffing out new spots or heading out for a walk, Grace is happiest when she’s moving. Her ideal home would be a house with a securely fenced yard where she can stretch her legs and burn off energy. She’d do best with older children who can match her size and excitement. Grace could live with another greyhound, but any canine companion would need to be medium to lard in size, playful and tolerant. If you’re looking for a fun-loving, active dog with loads of personality and potential, Grace might just be your girl","grace-12",""
"2023-02-01","Western Sydney (Londonderry)","956000015726585","Tina","2026-02-27","FEMALE","","Hi, I’m Tina! I have just gone to a foster home with kids. Check in for updates soon! Tina is a confident and friendly girl who enjoys the company of people and being part of everyday life. She would be best suited to a house with a yard so she can zoom around and soak up the sunrays. Tina is still getting the hang of pet life and would suit a home where someone is around for part of the day while she is learning her new routine.","tina-12",""
"2016-02-01","Northern Rivers (Grafton, Lismore, Casino)","956000004253160","Keith","2026-02-27","MALE","","Keith is a handsome black greyhound with a touch of grey that only adds to his character — and don’t let it fool you, he’s still as active as ever. He’s social with smaller dogs and has a very easy-going, engaging nature that makes him a joy to be around. Keith loves company and would likely benefit from having a canine friend at home to share his days with. With his relaxed attitude and friendly personality, Keith would make a wonderful, loyal companion.","keith-4",""
"2021-11-01","Northern Rivers (Grafton, Lismore, Casino)","956000012864888","Lukey","2026-02-27","MALE","","Lukey is a gorgeous brindle greyhound with a friendly, easygoing nature. He’s social with smaller dogs and enjoys getting out and about with nice, loose-lead walking manners. Lukey is very engaging with people and absolutely loves his cuddles, happily leaning in for affection. He also has a playful side that comes out once he’s comfortable, making him a lovely mix of fun and calm. Lukey would make a wonderful companion for someone looking for a sweet, affectionate greyhound with a bit of sparkle.","lukey-1",""
"2022-10-01","Northern Rivers (Grafton, Lismore, Casino)","956000011362476","Arrow","2026-02-27","MALE","","Arrow is a striking black male greyhound with loads of energy and a playful spirit. He’s still building his confidence and engagement with people, but once he feels comfortable, he really enjoys pats and quiet affection. Arrow is a very active boy who loves to play and would suit a home ready to match his enthusiasm. At this stage, he’s not suitable to live with small dogs. On lead, Arrow can become excited and will benefit from some initial training and guidance to help him settle into walks. With patience, structure, and a bit of fun, Arrow has all the potential to shine.","arrow-2",""
"2022-09-01","Northern Rivers (Grafton, Lismore, Casino)","956000014887343","Streak","2026-02-27","MALE","","Streak is a handsome black male greyhound with a gentle, charming nature. He offers a polite introduction to new situations and is very workable, including being comfortable around small dogs. Streak travels well and settles easily, making him a great companion for outings or adventures. He enjoys a good burst of zoomies when the mood strikes, but he’s just as happy to slow down for cuddles afterward. Very engaging with people, Streak loves human attention and forms sweet connections with those around him. He’s a wonderful mix of playful energy and affectionate calm.","streak",""
"2018-05-01","Northern Rivers (Grafton, Lismore, Casino)","956000009575973","Zellie","2026-02-27","MALE","","Zellie is a stunning black female greyhound with a beautifully easy-going nature. She travels well and is comfortably crated in her current home, making her a smooth fit for everyday routines. Zellie absolutely adores big cuddles and is happiest when she can lean in close for affection. She’s social and well-balanced, having enjoyed a lovely interaction with an Italian greyhound and fantastic playtime with another greyhound. With her gentle temperament, affectionate personality, and adaptable nature, Zellie would make a wonderful companion for a home looking for a calm, loving greyhound who also knows how to have fun.","zellie",""
"2022-03-01","Northern Rivers (Grafton, Lismore, Casino)","956000011309171","Lulu","2026-02-27","FEMALE","","Lulu is a beautiful black female Greyhound with a confident, engaging personality. She is polite and well-mannered around other Greyhounds and has shown she can be small-dog workable, including a lovely, calm interaction with Syd the Schnauzer. Lulu travels well and takes new experiences in stride, making her a great companion for outings or trips. She’s friendly without being pushy, enjoys engaging with her people, and carries herself with quiet confidence. With her gentle nature and adaptable attitude, Lulu would make a wonderful addition to a home looking for a sweet, social Greyhound who can fit comfortably into everyday life.","lulu-5",""
"2021-11-01","Western Sydney (Londonderry)","956000011647263","Maestro","2026-02-27","MALE","","Foster Update ""He is so affectionate and loving and a bit goofy, all around a lovable boy!"" and more below: - He loves to be near you or see where you are. I have left him at home for short stretches and a couple of times for longer stretches, but I haven't left him for a full workday. I think he could work up to this over time, but he would prefer to be in a home where people are around more frequently. He's not fussed about who is home, just likes any human being there. - He is friendly towards everyone and fine with meeting new people. - He doesn't really like walks right now. I have been working with him on this consistently. He will do okay in quiet areas and is good on the lead. - Huuuuuge couch potato. I usually can't get him out of bed until the afternoon, not even for breakfast! I think it's because he's a bit of a night owl; he has been more active late at night. - Super unphased by all animals. Not fussed about dogs coming up to him, barely flinches when he walks past houses with reactive dogs in them. ---------------- Maestro is a happy, big-hearted dog who knows how to enjoy the good things in life. His three greatest loves are food, affection, and toys, and he approaches all of them with pure enthusiasm. Treats are the fastest way to his heart, but cuddles and playtime come in a very close second. Maestro prefers shorter hours alone while he settles in and would prefer human companionship at the start of his adoption journey. He has shown within a fortnight in foster he can already settle for 6 hours on his own. Maestro is a friendly, social guy who does well with other dogs and enjoys their company. Whether it’s a shared walk, a play session, or just hanging out together, he’s comfortable having canine friends around. Come meet Maestro and see if he’s ready to make beautiful music with your family. 💛🐾","maestro",""
"2021-04-01","Western Sydney (Londonderry)","956000012862216","Miguel","2026-02-27","MALE","","Say Hola to our beautiful boy Miguel! This adorable, bouncy little guy is going to make the best pet! Miguel is an outgoing boy who absolutely loves people, getting out for a stroll and about and playing with his humans. He's a clever cookie who loves food, making him very trainable and fun to teach new things. Miguel would love a chilled out home environment with a backyard to call his own to play and relax in. He would prefer to be the only pet in the household so he can take all the love and attention for himself. He has shown he has potential to work slowly up to longer hours alone and has mastered crate training as well. So if you're looking for a fun-loving and trainable companion, Miguel is your guy! Apply to adopt this handsome boy online today.","miguel",""
"2022-06-01","Northern Rivers (Grafton, Lismore, Casino)","956000014849735","Stripes","2026-02-27","MALE","","Stripes is a handsome male greyhound with a calm, easy-going nature that makes him a wonderful companion. He is quiet, well-behaved, and truly no trouble at all. Stripes is very chilled and independent, happy to relax and enjoy his own space. He sleeps inside, settles easily, and takes everything in his stride. He also loves car rides and travels beautifully. Good with small dogs and gentle in his manner, Stripes would suit a home looking for a relaxed, low-maintenance greyhound who enjoys a peaceful lifestyle and quiet companionship.","stripes-3",""
"2022-11-01","Northern Rivers (Grafton, Lismore, Casino)","956000014889147","Princess","2026-02-27","FEMALE","","Princess is a sweet and happy 3-year-old greyhound who is an absolute pleasure to have around. Easy going and no trouble at all, she has a calm nature that makes her a joy to live with. Princess likes her own space and is very good at settling herself. She happily puts herself to bed in her crate and, after a burst of zoomies, will often take herself straight back to bed for a well-earned nap. With her gentle personality and sensible habits, Princess would suit a home looking for a relaxed and well-mannered companion who knows how to enjoy both playtime and quiet time.","princess-4",""
"2023-10-01","Northern Rivers (Grafton, Lismore, Casino)","956000016291465","Ellie","2026-02-27","FEMALE","","Ellie is a beautiful 2-year-old female greyhound with a heart as big as her smile. Happy, playful, and affectionate, she is truly one of the loveliest dogs you will ever meet. 💕 Ellie adores people and has a gentle, friendly nature that makes her a joy to be around. She gets along wonderfully with dogs of all sizes and would happily share her home with a canine companion. Ellie also loves her toys and will entertain herself (and you!) with her playful antics. Great with kids and full of love to give, Ellie would make a fantastic family dog. She’s ready to settle into a home where she can be part of everyday life, enjoy playtime, and soak up plenty of affection.","ellie-13",""
"2022-07-01","Hunter Valley Mid Coast (Maitland/ Muswellbrook/Newcastle/Forster)","956000011310502","Fawn","2026-02-27","FEMALE","","Fawn is a super social girl with a big personality and a love for being around people. She enjoys making friends and will happily soak up attention from everyone she meets. She suits a semi-active lifestyle, enjoying her outings and playtime while still appreciating downtime at home. Fawn is used to being handled by children, making her a great choice for a family with kids of all ages. Fawn loves her people and the company of other dogs, so she would thrive in an environment where someone works from home or has a furry friend to keep her company when no one is home. Fawn is small-dog and cat workable and would be perfectly happy as a solo dog or living alongside another furry friend. With her friendly nature and adaptable personality, Fawn is ready to slot easily into a wide range of loving homes. If you’re looking for a confident, social greyhound with lots of character, Fawn could be the perfect addition to your family. 🐾","fawn-1",""
"2020-07-01","Hunter Valley Mid Coast (Maitland/ Muswellbrook/Newcastle/Forster)","956000011711970","Louie","2026-02-27","MALE","","Louie is a happy boy who strikes the perfect balance between playful and laid-back. He loves zoomies and playing with toys, but he’s just as content relaxing and doing his own thing when it’s time to unwind. Louie is food motivated, which makes him a fun and rewarding boy to work with. He’s small-dog workable and enjoys human connection, while also being perfectly fine spending time independently. Due to his enthusiastic spirit, Louie would be best suited to a family with older children. A semi-active lifestyle will suit Louie well — one that includes playtime, daily outings, and plenty of chill time at home. If you’re looking for a greyhound with a great mix of fun and flexibility, Louie could be a wonderful addition to your family. 🐾","louie-2",""
"2022-07-01","Hunter Valley Mid Coast (Maitland/ Muswellbrook/Newcastle/Forster)","956000011355772","Kozi","2026-02-27","MALE","","Kozi is a happy, affectionate boy who loves spending time with his people — but he’s also quite content enjoying his own company. He’s a well-balanced greyhound who knows how to switch between playtime and relaxation. Kozi is small-dog workable and has had some exposure to the dashy on the property, showing positive signs with appropriate management. Due to his size, Kozi would be best suited to a family with older children. An active lifestyle will suit Kozi well, and a secure yard is a must so he can enjoy his favourite zoomies. He would be very happy living with another dog, making him a great companion for an existing canine friend. If you’re looking for a fun-loving greyhound who enjoys both affection and independence, Kozi could be your perfect match. 🐾","kozi-1",""
"2021-10-01","Riverina (Wagga, Temora, Gundagai, Griffith)","956000007431408","Sissy","2026-02-27","FEMALE","","Meet Sissy 🌸 Sissy is a social, friendly girl with a big heart and an even bigger love for people. She adores playtime, daily walks, and soaking up pats and cuddles, especially from her much-loved grandchildren aged 4 to 14 years. She’s a pleasure to walk on lead and happily strolls around the local school and shops, taking everything in her stride and not worried about passing other dogs and people. Affectionate and people-focused, Sissy loves being inside with her family and would be perfectly content claiming a spot on the lounge as her own! After a walk and some play, she’s just as happy to relax indoors or outdoors, and she enjoys cooling off with a splash in her clam shell pool. Sissy is wonderfully easy-going, enjoys car rides, and even cheerfully visits the vet as a blood donor. She’s a loving companion who would make a wonderful family pet and a loyal friend for anyone. 🐾💖","sissy",""
"2020-11-01","Riverina (Wagga, Temora, Gundagai, Griffith)","956000007465649","Selena","2026-02-27","FEMALE","","Meet Selena 💕 Selena is a sweet, friendly, and playful girl who’s ready to charm her way into your heart. She absolutely loves pats and cuddles and enjoys spending quality time with her people, whether that’s relaxing indoors or heading out on a car ride adventure. Selena is a dream to walk on lead and is confident around traffic and other dogs she meets along the way. She’s social and playful, happily sharing backyard fun with her Jack Russell and Whippet friends, as well as male greyhounds. At home, you’ll often find her playing with her favourite rope toys or cooling off with a splash in her shell pool. Easy-going and easy to care for, Selena would thrive in a home that offers her a daily walk or backyard play, time inside with her people, and plenty of love. She’s a gentle, loyal girl who’s ready to become a devoted companion and have a home to call her own. 🐾","selena-1",""
"2020-12-01","Northern Rivers (Grafton, Lismore, Casino)","956000011585892","Ace","2026-02-27","MALE","","Ace is a handsome black male greyhound who may be a little shy at first, but with a few gentle cuddles and some reassurance, he quickly comes out of his shell. Once settled, his sweet and affectionate nature really shines. Ace walks beautifully on lead, making daily outings calm and enjoyable. He also has a playful side and loves spending time with his toys, happily entertaining himself or joining in for a game. He’s a well-mannered boy around other dogs and is good with larger breed dogs. A big plus is Ace’s excellent disengagement skills, making him small-dog and cat workable with appropriate introductions and management. His thoughtful, responsive nature shows just how well he listens and adapts to his environment. Ace would thrive in a patient, loving home that understands he just needs a little time to feel safe—once he does, you’ll be rewarded with a loyal, cuddly companion. If you’re looking for a gentle greyhound who blossoms with kindness and affection, Ace could be your perfect match 🐾","ace-9",""
"2022-07-01","Hunter Valley Mid Coast (Maitland/ Muswellbrook/Newcastle/Forster)","956000007357323","Benson","2026-02-27","MALE","","Benson is a handsome fawn male greyhound with a truly gentle soul and a naturally quiet nature. Soft, sweet, and understated, he’s the kind of companion who brings a sense of calm wherever he goes. He would be best suited to a quiet, relaxed lifestyle and would fit nicely into a home with older children who can appreciate and respect his gentle temperament. Benson could live happily as a solo dog, but he may also benefit from having a canine friend, as he enjoys calm company. Benson should be comfortable in a full-time worker household, provided his needs are met and he has a peaceful environment to return to. A wonderful bonus is that he is small-dog and cat workable, making him a great option for multi-pet homes. If you’re looking for a sweet, low-key greyhound who thrives in a calm home and offers quiet companionship, Benson could be the perfect match 🐾","benson-1",""
"2022-02-01","Hunter Valley Mid Coast (Maitland/ Muswellbrook/Newcastle/Forster)","956000007429143","Booboo","2026-02-27","MALE","","Booboo is a handsome black male greyhound with a confident nature and a big love for comfort. One of his favourite pastimes is relaxing on a nice cozy bed, but don’t let that fool you—he’s also a very playful boy who enjoys having fun before happily settling back down. He’s best suited to a semi-active lifestyle and would fit in well with a family with older children who can respect his space. Booboo could also be workable with medium to large breed dogs with appropriate introductions. He’s comfortable with a full-time worker household, as he’s content chilling at home once his needs are met. Booboo is food motivated, which makes training and bonding an enjoyable experience. While confident in general, he can become frightened during thunder storms and would benefit from a calm home that can offer reassurance and a safe, cozy place to retreat during noisy weather. Due to his prey drive, Booboo is not suitable to live with small dogs or cats. If you’re looking for a playful yet relaxed companion who loves his comforts and enjoys being part of a calm, structured home, Booboo could be the perfect addition 🖤","booboo",""
"2022-02-01","Hunter Valley Mid Coast (Maitland/ Muswellbrook/Newcastle/Forster)","956000011658305","Nosey","2026-02-27","MALE","","Nosey is a gorgeous black greyhound with a big heart and a happy-go-lucky personality. He’s a confident, cheerful boy who brings a lovely balance of playful energy and laid-back chill to everyday life. Suited to a semi-active lifestyle, Nosey enjoys his walks and playtime but is just as content relaxing at home. He’s confident on lead, making outings easy and enjoyable, and he absolutely loves his toys. Add food into the mix and you’ve got his full attention—Nosey is very food motivated, which makes training a breeze. Nosey would do well with a full-time worker or as a solo dog, as he’s comfortable spending time on his own once settled. He’s adaptable and would suit a variety of adopters looking for a friendly, easygoing companion. Due to his prey drive, Nosey is not suited to living with smaller dogs or cats, but he more than makes up for it with his affectionate nature and joyful spirit. If you’re looking for a confident, fun-loving greyhound who knows how to switch between play mode and relaxation, Nosey might just be your perfect match 💛","nosey-3",""
"2021-11-01","Riverina (Wagga, Temora, Gundagai, Griffith)","956000013020872","Candy","2026-02-27","FEMALE","","Candy is a cuddly, affectionate little girl who truly adores people and thrives on human attention. She’s wonderful with kids (great with children aged 10 and 13) and is always happy to be included in family life. Indoors, Candy is calm, gentle, and inquisitive, making her a lovely companion around the house. She’s very approachable, responds well to her name, and is easy to walk, which makes outings a pleasure. Candy enjoys playtime in the yard and happily plays alongside a Boxer, but people are her absolute favorite. After a burst of energy, she’s quite content to relax and lounge around—she’s a bit of a lazy girl at heart! Candy is low-maintenance and easy to care for. After walks or playtime, she’s happy to settle down for a nap, and toys keep her happily occupied if you need to head out. With her loving nature, gentle personality, and easygoing temperament, Candy would make a wonderful, devoted family pet or companion. 💕","candy-7",""
"2023-02-01","Hunter Valley Mid Coast (Maitland/ Muswellbrook/Newcastle/Forster)","956000014882989","Hudson","2026-02-27","MALE","","Hudson is a striking black male Greyhound looking for a home that matches his fun yet easygoing nature. Best suited to a semi-active lifestyle, Hudson enjoys having space for zoomies and would love a secure backyard where he can stretch his long legs and play fetch — one of his favourite games. Due to his size, Hudson would be happiest in a family with older children. He’s confident and independent enough to be perfectly content as a solo dog, but he’d also be quite happy sharing his home with another canine companion. Hudson is small-dog workable and may be cat workable with a very slow, careful introduction and ongoing management. Hudson is comfortable being left alone for reasonable periods and settles well, making him a great match for a variety of households.","hudson-2",""
"2021-01-01","Hunter Valley Mid Coast (Maitland/ Muswellbrook/Newcastle/Forster)","956000011575273","Frankie","2026-02-27","MALE","","Frankie is a handsome fawn male Greyhound with a lovely balance of calm and playfulness. He’s great with other Greyhounds and walks beautifully on a loose lead, making outings relaxed and enjoyable. While he’s generally placid and easygoing, Frankie also loves a good zoom around when the mood strikes — showing off his fun, playful side. Frankie is engaging and confident with people, enjoying attention and companionship without being over-the-top. He’s cat and small-dog workable, with the right introductions and management, and would be well suited to a semi-active lifestyle. Whether it’s a gentle stroll, a quick burst of play, or lounging at home, Frankie is happy to fit in.","frankie-14",""
"2021-04-01","Western Sydney (Londonderry)","956000014518696","Arna","2026-02-27","FEMALE","","*Arna is in a foster care home in a unit/apartment with a Borzoi* Foster Update: ""Arna is doing really well - she is a lovely little girl, a bit shy and nervous to begin with, but happy and sociable once she gets to know people and feels safe. She really enjoys having another confident dog around. Perfect with all other dogs. Would benefit from living with another, confident dog. Has met children on walks and not shown any interest, but happy to be touched by them. Has not been left alone for long hours. Able to do stairs outside without issue (no stairs inside where we live) Anxious in situations with lots of people, but settles after a while. Toilet trained - not a single accident. Nervous around unknown men - needs to be given time and space, but gets used to them fairly soon as long as they don't try to force it."" ------- Arna is a shy girl who is currently living in an apartment with lift access with another dog. She doesn't mind if her family go to work during the day, as she likes the opportunity to have some peace and quiet, and would make a lovely companion for a gentle, homebody family. Once she warms up she loves all things food and play, and will show off her brave side! A home without kids is best suited. A home with a yard/a spacious unit apartment with some space for her to retreat to when she needs to is best suited. Meet Arna at Western Sydney via appointment.","arna",""
"2020-08-01","Western Sydney (Londonderry)","956000007852110","George (Western Sydney)","2026-02-27","MALE","","Handsome blue boy George is looking for a new best friend! George is an outgoing and friendly boy who just loves every single person he meets including strangers on walks! He is looking for a chilled out home and lifestyle so he can properly enjoy his retirement. A quiet house with a yard with a big comfy bed without other pets or kids to call his own is exactly what he is dreaming of. He doesn't mind spending time alone during the day making him a great match for those who work full-time hours. As long as he has a comfy bed and some yummy enrichment activities, he is happy! George loves his food and is extremely trainable - he has already mastered several cues including ""down"", ""shake"", ""off"" and more! This clever boy is a quick study. If you'd like to meet this one-of-a-kind boy, apply online today! George is available from our Western Sydney adoption centre.","george-8",""
"2017-05-01","Western Sydney (Londonderry)","956000005582145","Rambo","2026-02-27","MALE","","Rambo has enjoyed his stint in foster care, his favourite hobbies include napping on the floor, asking for cuddles (and cheese), and of course exploring the neighbourhood on his daily walks. Having lived in a foster care home, he now has his ‘stairs license’ and can confidently climb several floors. Rambo has a lot of love to give, and would therefore thrive in a calm environment. While he’s very obedient and respectful, Rambo is still working on his skills of independence and improving his confidence when being left alone for longer periods of time. He would enjoy a home with a laid back type of life. Known to roach and chill out, Rambo would be an amazing addition for a laid back couple, retirees due to his gentle nature, or a work from home lifestyle, as long as he gets a couple of short toilet walks around the block. Rambo is available from the Western Sydney adoption centre.","rambo-2",""
"2020-12-01","Mid North Coast","956000011576219","Solly","2026-02-27","MALE","","Solly is a striking young man with a personality that’s equal parts energetic and laid-back. He thrives on an active lifestyle—think brisk walks, playtime, and the occasional burst of zoomies to burn off his youthful energy. After he’s had his exercise, Solly transforms into a mellow cuddle enthusiast, always ready to relax with a wagging tail and plenty of affection. Although Solly hasn’t had much experience around small dogs or cats, he didn’t seem phased by our meta cat during his visit, which is a promising sign. With a slow and careful introduction, he could comfortably live with smaller pets. His gentle nature would likely fit well into a family environment, and he also might be suited for homes with full-time workers as long as he gets his daily dose of activity. If you’re looking for a loyal companion who can keep up on walks and then happily settle down for some quality downtime, Solly might be the perfect match for you!","solly",""
"2023-06-01","Hunter Valley Mid Coast (Maitland/ Muswellbrook/Newcastle/Forster)","956000017126964","Tyson","2026-02-27","MALE","","Meet Tyson 🐾 Tyson is a handsome boy who would suit a semi-active lifestyle, enjoying a nice balance of daily walks, relaxed playtime, and plenty of downtime. He’s adaptable and easy going, making him a wonderful companion for a variety of households. He may do best with another doggo friend, as he enjoys canine company and would love a buddy to share his days with. Tyson is used to being around kids and is comfortable in a family environment, taking all the activity in stride. A true people-lover, Tyson is more than happy to receive lots of cuddles and affection. He settles quickly into new surroundings and takes changes in his stride, making the transition into a new home smooth and stress-free. If you’re looking for a friendly, affectionate greyhound who fits easily into family life and enjoys both activity and relaxation, Tyson could be the perfect addition to your home.","tyson-5",""
"2020-09-01","Hunter Valley Mid Coast (Maitland/ Muswellbrook/Newcastle/Forster)","956000011711669","Rosey","2026-02-27","FEMALE","","Meet Rosey 🌸 Rosey is a sweet girl who would thrive in a quiet, calm household where she can feel safe and settled. She would prefer to be the only dog in the home, allowing her to relax and enjoy being the centre of attention at her own pace. While Rosey may take a little time to come out of her shell, patience is beautifully rewarded. Once she gets to know you, she reveals her affectionate side and enjoys gentle cuddles and close companionship. Beneath her soft nature is a dog with so much love to give. Rosey would be well suited as a family dog, especially with a household that understands the value of giving her time, space, and kindness as she settles in. In return, she’ll offer loyalty, warmth, and a quiet but deeply loving presence. If you’re looking for a calm, devoted companion and are happy to let a special bond grow naturally, Rosey could be the perfect match. 💕","rosey-19",""
"2023-05-01","Hunter Valley Mid Coast (Maitland/ Muswellbrook/Newcastle/Forster)","956000016769658","Will","2026-02-27","MALE","","Meet Will 🐾 Will is a beautiful boy with a truly gentle soul. He’s the kind of dog who wins hearts quietly, with his calm presence and loving nature. Will enjoys a quick burst of fun—a happy zoomie or two—before settling in for a long, well-earned rest. He would be best suited to a quiet household where he can relax and feel at ease, and he’d do well with older children who understand and respect his gentle temperament. Will is comfortable around medium to large dogs and would happily share his home with another calm canine companion. Above all else, Will loves affection. Pats, cuddles, and kind attention are his absolute favourite, and he’ll soak them up with gratitude and a wagging tail. If you’re looking for a sweet, low-key greyhound who enjoys life’s simple pleasures and offers endless affection in return, Will could be the perfect fit. 💙","will-13",""
"2021-11-01","Hunter Valley Mid Coast (Maitland/ Muswellbrook/Newcastle/Forster)","956000011658169","Blue","2026-02-27","MALE","","Blue is a confident, character-filled greyhound who knows exactly who he is. He’s social without being over-the-top, loves a good cuddle, and then happily wanders off to do his own thing. Blue walks nicely on lead and takes everything in his stride, making him an easy and enjoyable companion. With his quietly quirky charm and laid-back independence, Blue could be well suited to a home with another large dog for company or a family who appreciates a dog with personality and balance.","blue-15",""
"2021-05-01","Hunter Valley Mid Coast (Maitland/ Muswellbrook/Newcastle/Forster)","956000013018236","Jimmy","2026-02-27","MALE","","Jimmy is a very social, affectionate greyhound with a big personality and an even bigger heart. He loves cuddles, enjoys playing with his toys, and has an endearing habit of carrying his food bowl around once he’s finished eating. Jimmy would thrive in a home with another large dog to keep him company and would benefit from having a yard to enjoy doing showing off his zoomies. Cheeky in the most lovable way, Jimmy brings fun, warmth, and plenty of smiles to those around him.","jimmy-12",""
"2021-05-01","Hunter Valley Mid Coast (Maitland/ Muswellbrook/Newcastle/Forster)","956000014492320","Teddy","2026-02-27","MALE","","Teddy is a happy, affectionate greyhound who would thrive in an active home that enjoys getting out and about. He loves his zoomies just as much as his cuddles and will reward you with plenty of enthusiastic tail wags. Teddy would be best suited as a solo dog, as he prefers to keep his food and toys to himself. He’d make a wonderful companion for a family with older children who can match his energy and also appreciate his affectionate side.","teddy-10",""
"2017-06-01","Hunter Valley Mid Coast (Maitland/ Muswellbrook/Newcastle/Forster)","956000009573415","Belle","2026-02-27","FEMALE","","Belle is a super sweet, gentle greyhound with a relaxed and affectionate nature. She would suit a quiet lifestyle and could happily live in an apartment, as she’s more of a homebody than a high-energy dog. Belle would make a lovely family companion for homes with older children and could potentially live with a calm, medium to large dog. True to her breed, she’s a champion couch potato who loves lounging, short strolls, and soaking up affection.","belle-7",""
"2022-11-01","Riverina (Wagga, Temora, Gundagai, Griffith)","956000014799505","Milla","2026-02-27","FEMALE","","Milla is a happy, easy-going girl with a gentle soul and a truly lovely nature. She’d be a wonderful match for a relaxed family or a couple looking for a calm, well-mannered companion. Milla is great with kids aged 6+ and enjoys peaceful walks around the streets or to the park—she’s easy on the lead and not overactive. She gets along well with small dogs (Jack Russell), medium dogs like Labradors and other greyhounds. She would also be happy as the only dog in the home, where she can soak up all the love. Milla is housetrained and good inside but prefers to be mostly outside during the day, playing in her shell pool, under the sprinkler and enjoying her toys, especially on warm days. She’s also a good traveller and is always up for adventures with her people. If you’re looking for a gentle, well-balanced dog with a sweet personality and calm energy, Milla might be the perfect addition to your life. 💕","milla",""
"2022-04-01","Western Sydney (Londonderry)","956000011348603","Simba","2026-02-27","MALE","","Foster update: ""Simba is settling in very well at home. He is absolutely wonderful with the kids and has been excellent meeting with all types of doggies on his walks. He seems to be a real social dog and loves to say hello to every dog and every person on his walks. He enjoys his clam shell pools to cool off through the day, and loves chewing on bones throughout the day. He’s really been a pleasure."" Simba is a sweet and gentle 3-year-old boy with a surprising playful streak that occasionally comes out when you least expect it! He is very affectionate with people, walks well on the lead and LOVES his treaties! Simba is friendly and social with both large and small dogs, and would be a good fit for a home with another dog/s or someone looking for a dog-social companion to take out and about. As a single dog, Simba has potential to slowly work up to longer hours alone. He is well behaved indoors but as he is still getting used to pet life he would also love a small outdoor space to explore and relax in. Simba's gentle nature makes him suitable for respectful kids as long as they are able to give him space when he needs a break. So if Simba makes your hear roar, apply to adopt him today! He is available from our Western Sydney kennels.","simba-3",""
"2022-10-01","Western Sydney (Londonderry)","956000014806118","Nigel","2026-02-27","MALE","","Nigel is the kind of dog who makes himself right at home wherever he goes. He loves people and is always happy to soak up attention, whether that means hanging out on the couch or just being nearby while you go about your day. While he loves company, he doesn’t mind being left alone and can relax on his own without stress—perfect for someone with a workday or a busy schedule. Food? Big fan. Toys? Absolutely. Nigel is motivated, playful, and always up for a good snack or a fun toy to keep him entertained. If you’re looking for a well-rounded, easygoing dog who loves life’s simple pleasures, Nigel might be your perfect match. 💙","nigel-2",""
"2023-11-01","Northern Rivers (Grafton, Lismore, Casino)","956000017132572","Slim","2026-02-27","MALE","","Meet Slim! Slim is a young greyhound who has decided that the pet life is definitely for him. As a young dog, he will benefit from some ongoing training and guidance, and he is a strong, active boy who will enjoy regular exercise and mental stimulation. Slim has met small dogs and has been polite and friendly in his interactions. He has adorable lopsided ears, which certainly don’t stop him from hearing the crinkle of a biscuit packet or the jingle of a treat pouch. Slim is a real stickybeak who loves to be involved in whatever is happening around him and enjoys being part of the action. With the right home willing to invest time in his training and include him in daily life, Slim will make a fun and rewarding companion.","slim-4",""
"2021-09-01","Northern Rivers (Grafton, Lismore, Casino)","956000014500559","Charlie","2026-02-27","MALE","","Charlie is a friendly, playful, and affectionate male greyhound who enjoys being part of everyday life. He loves cooling off with a paddle in the pool on warm days and is always happy to jump in the car for an outing. Charlie thrives on spending time with his people and would suit a family who can include him in adventures, playtime, and fun activities. Charlie walks very well on a lead and is calm and reliable when out and about. He has confidently been walked by children aged nine years and older, making him a lovely option for a family with older kids. With his easy-going nature and love of companionship, Charlie would make a wonderful addition to the right home.","charlie-21",""
"2023-11-01","Northern Rivers (Grafton, Lismore, Casino)","956000017130991","Sandy","2026-02-27","FEMALE","","Meet Sandy 🐾 Sandy is a young female greyhound with a happy, active personality and a playful spirit. She is full of enthusiasm and would thrive in a home that enjoys spending time with her and helping her learn the basics of everyday life. Sandy would benefit from a family who are happy to put time into some gentle training and guidance. She is eager, playful, and would love a companion who will engage with her, play games, and help her build confidence as she learns life’s basics. With patience, consistency, and plenty of affection, Sandy will grow into a wonderful and rewarding companion for an active and caring home.","sandy-15",""
"2020-01-01","Northern Rivers (Grafton, Lismore, Casino)","956000007828464","Bobby","2026-02-27","MALE","","Meet Bobby! Bobby is a stunning black greyhound with a gentle soul and a heart full of love. This handsome boy is friendly and easygoing, making him the perfect companion for anyone looking for a loyal friend. Booby is a happy go lucky chap. He enjoys life’s simple pleasures—paddling in water on a sunny day, hopping in the car for a drive, and spending time with his furry friends. Bobby currently shares his home with a cheeky little dachshund and gets along beautifully. He’s also a social butterfly when it comes to other dogs, loving every opportunity to mingle and make new pals. Quiet and tidy in his space, Bobby is as low-maintenance as he is charming. If you’re looking for a sweet, sociable greyhound who will bring joy and calm to your life, Bobby is ready to steal your heart.","bobby-15",""
"2023-03-01","Western Sydney (Londonderry)","956000014888770","Gus","2026-02-27","MALE","","Gus is a sweet and charming guy who has short bursts of energy, can be a little shy, with an overall adorably friendly nature. He is polite on the lead and walks perfectly next to you on adventures. He will keep his diary full of fun things like snoozing, adventures like sniffing the yard, playing with the kids, and snoozing on the couch. This sweet guy is friendly around medium to large dogs, enjoys a quick game of fetch, and is gentle, friendly and soft with all he meets. Gus is available at Western Sydney.","gus-10",""
"2021-07-01","Western Sydney (Londonderry)","956000011711981","Ella","2026-02-27","FEMALE","","Ella has grown up around small dogs like poodles/cavoodles, and would suit a home with another dog big or small. She gets along with greyhounds too, making her a great fit for a multi-dog home or someone looking to take her to family events with other dogs. She can be nervous when she is first getting to know you but warms up and shows her loving personality in no time. She loves a clam shell pool in the summer time, so a house with a backyard with room for her own kiddy pool would be great this Summer! She has been described as playful, placid and calm. Ella is fond of toys and balls and will love a fun active lifestyle with her new family.","ella-7",""
"2023-09-01","Western Sydney (Londonderry)","956000015733897","Girl","2026-02-27","FEMALE","","Hi, I'm Girl! I'm young, cute, and looking for a new family. I can be shy in new places but I promise to be a big brave girl once I become a member of your family. Due to being a bit nervous, older children would be best suited for me. A home with a place to retreat would be the best, as I learn to thrive along side you, so a house with a yard or my own room would be really great! I am friendly with other dogs and show a cute little tail wag, showing off my brave side. I'm still young so a family who can train me and teach me all about the world would be amazing! Meet me by appointment at Western Sydney.","girl-3",""
"2022-12-01","Western Sydney (Londonderry)","956000014910956","Tanooki","2026-02-27","MALE","","Hey! I'm Tanooki. I'm a friendly, outgoing guy looking for a place to call home. I am affectionate, love zoomies, and would make an awesome addition for a family with fun loving children who are looking for an energetic pal. I am friendly with big and small dogs and would suit a home with a likeminded doggie pal. If you have a backyard, love the fun life and are looking for a cool guy like me, apply now! I'm available at Western Sydney.","tanooki",""
"2022-02-01","Northern Rivers (Grafton, Lismore, Casino)","956000007422294","Diva","2026-02-27","FEMALE","","Diva is a stunning female greyhound who knows what she loves: food, attention, and plenty of affection! She walks beautifully on a loose lead, making strolls with her an absolute pleasure. This affectionate girl adores being the centre of attention and will happily soak up all the love you can give. Diva would prefer a calm, medium-to-large doggy friend to share her space—she’s not really a fan of the cute little dogs. If you’re looking for a sweet, loving companion who will melt your heart (and maybe sneak a snack or two), Diva is ready to rule your world!","diva-5",""
"2022-10-01","Northern Rivers (Grafton, Lismore, Casino)","956000014888772","Crackers","2026-02-27","FEMALE","","Meet Crackers – and no, she’s not crackers at all! Crackers is a gorgeous greyhound with a sweet and curious personality. She’s usually calm and quiet, but she loves to be involved and keep an eye on what’s going on—she’s a bit of a sticky beak! She’s great with small dogs, adores a good pat, and is super easy to handle and walk. Crackers is the kind of girl who will happily join you for a stroll, then curl up for some well-deserved cuddles. If you’re looking for a gentle, friendly greyhound who’s just the right mix of chilled and cheeky, Crackers is ready to steal your heart! “Crackers – the calm, curious companion you’ve been waiting for!”","crackers",""
"2021-05-01","Western Sydney (Londonderry)","956000014487144","Derek","2026-02-27","MALE","","Hi, I'm Derek! I'm a friendly, food motivated boy who loves treats and I have even learnt things like ""yes"" and ""down"". I am great in a crate, and enjoy my apartment simulation times making me suitable to be indoors with you during the day. I would like to live in a house with a backyard and I'm even suitable for full time workers. Sometimes the big wide world can get a bit overwhelming so a bit of encouragement on walks and a slow exposure to new things would be really good for me! A home without children and staircases is ideal. Come meet me at the Western Sydney adoption centre!","derek-2",""
"2019-02-01","Western Sydney (Londonderry)","956000006171424","Poet","2026-02-27","MALE","","I have just spent time in a foster care home! ""He has settled in really well, he is very independent and is happy to just watch you walk around the house, definitely not a velcro dog. He is walking really good on the lead also, is not distracted by noises or other dogs."" I’m Poet the greyhound, long legs, gentle soul, A champion napper with couch-warming goals. I’m living in foster, I’ve learned all the rules, Including toilet training — I’m no fool. Full-time workers, you’re speaking my style, I’ll greet you at home with a long-legged smile. I walk, I nap, I play with flair, Mostly I’m calm and happy to share. So if you’re seeking a calm, loyal friend, A story of love with a beautiful end, Come meet me soon, my chapter’s not through, I’m Poet, and I’m waiting just for you. Poet is available from Western Sydney.","poet",""
"2021-07-01","Northern Rivers (Grafton, Lismore, Casino)","956000011663055","Bandit","2026-02-27","MALE","","Meet Bandit Bandit is a handsome male greyhound with a heart as big as his soulful eyes. He’s a quiet and easy-going boy who loves a calm environment. While he may be a little shy at first, Bandit quickly warms up and shows his sweet, affectionate nature. He’s great with small dogs and knows how to share his space politely. Bandit is also polite and well-mannered with children and has been around kids aged 7 and under, making him a wonderful family companion. A clean and tidy housemate, Bandit uses a doggie door like a pro, making him low-maintenance and independent. If you’re looking for a gentle soul who will bring peace and companionship to your home, Bandit is ready to steal your heart.","bandit-4",""
"2017-06-01","Riverina (Wagga, Temora, Gundagai, Griffith)","956000004047660","Willow","2026-02-27","FEMALE","","Meet Willow 🌸 Willow is a friendly, happy older girl with a gentle soul and lots of love to give. She’s had two litters in the past and plenty of handling, so she’s calm, confident, and very people-oriented. Willow is affectionate and enjoys being around her humans — she’ll happily come up to you for pats and cuddles, and loves spending time with you in the backyard or joining you on relaxed walks. She gets along with other dogs and would suit a quiet household with some attention and walks, happy with grandchildren visiting aged 6 and up. Not overly energetic, Willow is an easy-care companion who’s content just being near you and sharing your day. If you’re looking for a sweet, steady friend with a loving nature, Willow could be the perfect addition to your household. 🐾💛","willow-12",""
"2021-12-01","Northern Rivers (Grafton, Lismore, Casino)","956000012863723","Tom","2026-02-27","MALE","","Tom is a handsome male greyhound with a heart as big as his graceful stride. He’s the perfect mix of calm and friendly. Personality: Tom is clean, quiet, and wonderfully easy-going. He loves a peaceful environment and is happiest when he can relax by your side. Temperament: Calm and affectionate, Tom enjoys gentle company and is friendly with small dogs, making him a great fit for multi-pet households. Why You’ll Love Him: His laid-back nature and sweet personality mean he’ll quickly become your best friend. Whether it’s a cozy evening indoors or a leisurely walk, Tom is always ready to share the moment. Don't miss out on this handsome boy, head out and check him out.","tom-20",""
"2019-10-01","Northern Rivers (Grafton, Lismore, Casino)","956000007462010","Dan","2026-02-27","MALE","","Dan is a handsome 6-year-old male greyhound with a need for speed—he’s very fast and loves to run! When he’s not showing off his racing skills, Dan enjoys taking it easy and lazing around. He’s great with other dogs and relaxed around children, making him a wonderful companion for families. If you’re looking for a gentle, friendly boy who loves both adventure and chill time, Dan is your guy!","dan-6",""
"2021-11-01","Western Sydney (Londonderry)","956000007424198","Dusty","2026-02-27","MALE","","Hi, I'm Dusty, a distinguished, gentle boy looking for a couch to call my own. I am polite with other dogs and would suit a home with a calm medium-large companion - although not essential. A house with a backyard would be perfect, as I love to sniff around and enjoy the indoor outdoor lifestyle. A home who will continue training and enrichment games would be great as I am smart and have shown I'm eager to learn. A home without children is best as I can be shy around lots of stimulus. I need a home that is calm and consistent so I can build my confidence and settle in well. Meet me at Western Sydney!","dusty-8",""
"2022-12-01","Hunter Valley Mid Coast (Maitland/ Muswellbrook/Newcastle/Forster)","956000014883798","Alfie","2026-02-27","MALE","","💙 Meet Alfie — Your Blue Fawn Adventure Buddy! Alfie is a striking blue fawn greyhound with a bright mind and an energetic spirit. He’s eager, curious, and always ready for his next adventure — the perfect match for a family who loves to get out and explore. ✨ What Alfie is looking for: An active lifestyle: Alfie thrives with regular exercise, outings, and activities that keep both his body and mind engaged. Family home with older kids: He’d do well in a busy, loving household with children who understand dogs and enjoy being part of his fun. Canine companions: Alfie is best suited to living with a medium or large dog who can match his play style and confidence. A yard to enjoy: Space to stretch out, run, and sniff is important for this energetic boy. Lots of enrichment: Puzzle toys, training games, and new experiences help Alfie shine — he loves using his brain just as much as his legs. Alfie is ready to bring enthusiasm, affection, and excitement into the right home. If you're searching for a fun, smart companion who’ll keep life lively, Alfie could be the perfect partner for your adventures.","alfie-9",""
"2023-11-01","Northern Rivers (Grafton, Lismore, Casino)","956000017180951","Rose","2026-02-27","FEMALE","","🌹 Meet Rose — Your Gentle Red Brindle Beauty! Rose is a stunning red brindle greyhound with a calm, affectionate nature that wins hearts wherever she goes. With her soft eyes and gentle spirit, she’s the kind of dog who brings instant warmth to any home. ✨ What makes Rose special: Great with small dogs: Rose interacts beautifully with smaller companions, making her a wonderful fit for multi-dog households. A dream travel buddy: She settles comfortably in the car and rides like a pro — perfect for road trips, vet visits, or weekend adventures. Lovely on the lead: Rose walks with ease and elegance, enjoying her outings without pulling or fussing. Confident & comfortable: Whether she's exploring new places or relaxing at home, Rose carries herself with quiet confidence and grace. Rose is ready to bring love, loyalty, and serenity into her forever home. If you're looking for a gentle friend who’s as sweet as her name, Rose might be your perfect match.","rose-19",""
"2020-03-01","Western Sydney (Londonderry)","956000007829662","Snag","2026-02-27","MALE","","Snag is a handsome blue brindle boy who would suit a home with a secure backyard, or an apartment with the right setup and commitment. He would thrive in a low dog-populated area and is best matched with an owner who doesn’t wish to take him to high dog-traffic environments such as dog parks, doggy daycare, or busy dog cafés. Snag’s ideal home would be one where he has a couple of hours alone here and there, with a family willing to gradually build him up to longer periods. With the right routine, enrichment, and patience, Snag has the potential to work up to full-time hours. He enjoys being indoors when it’s hot, so a home that allows him access to both indoor and outdoor space is a must. This gorgeous boy would mingle nicely with children aged 10+, and at the smaller end of the scale for a male greyhound, he can adapt well to apartment living when his physical and mental needs are met. Snag is truly a beautiful boy, and we can’t wait to see which lucky family gets to take him home. 📍 Available in Western Sydney","snag-1",""
"2022-10-01","Riverina (Wagga, Temora, Gundagai, Griffith)","956000015732119","Cody","2026-02-27","MALE","","Meet Cody – Your Gentle, Cheerful Gentleman Cody is a handsome fawn male greyhound with a loving nature and a wonderfully balanced energy level. He’s a big boy with an even bigger heart, always ready to greet the day with a joyful morning run-around. After that, he’s content to relax and spend most of the day snoozing happily. He enjoys a play session or a nice walk later in the day, making him a great match for people who like a bit of activity without constant high energy. Cody isn’t overexcitable—just cheerful, affectionate, and easy to live with, he has also shared his home with a Whippet and happily met a Jack Russell. He would suit workers, a couple, or a family with kids 7+ who can give him love, routine, and a comfy bed to stretch out on. Cody is ready to bring warmth, fun, and companionship to his forever home. If you're looking for a gentle soul with a playful streak, Cody might just be your perfect match. 🐾💛","cody-2",""
"2021-11-01","Riverina (Wagga, Temora, Gundagai, Griffith)","956000014696431","Lady","2026-02-27","FEMALE","","Meet Lady — the sweetest girl with a heart as warm as her smile! This friendly, calm and lovely-natured sweetheart wins everyone over with her gentle spirit. She’s wonderful with people and is gentle with kids 8+. Lady walks beautifully on lead, loves her daily adventures, and is always up for a stroll, a splash in her backyard shell pool, or a good swim. She’s been inside with no concerns and would suit most households looking for a well-mannered, affectionate companion. Lady is easy to have around, well behaved, and happiest when she’s included in your daily life. And her fun fact? She adores Vegemite on toast — her favourite special treat! If you’re looking for a loving, calm & gentle soul to join your home, Lady might just be your perfect match. 🌟🐾","lady-12",""
"2021-02-01","New England","956000011711313","Patch","2026-02-27","MALE","","Gentle giant Patch is a stunning greyhound with a gorgeous white and brindle coat that turns heads wherever he goes. He’s a big, gentle soul who loves being part of the action and will happily soak up all the attention you can give. His calm nature and affectionate personality make him the perfect companion for someone looking for a loyal friend. Patch enjoys relaxing in cozy spots, but he’s also up for playtime and walks. He’s looking for a loving home where he can stretch out, feel safe, and share his big heart with his new family. Why you’ll love Patch: Striking white and brindle coat Gentle and affectionate temperament Big dog with an even bigger heart If you’re ready to welcome a beautiful, loving companion into your life, Patch is waiting to meet you!","patch-8",""
"2021-01-01","Western Sydney (Londonderry)","956000011578787","Bim","2026-02-27","FEMALE","","Bim is a cute and cuddly girl with a joyful spirit. She would do best with a family who are around more often than not, and could build up to longer hours. She would thrive in a house/townhouse with access to a courtyard or backyard so she can learn the ins and outs of pet life at her own pace. This gorgeous girl is all things cute, cuddly, bubbly and adorable. We think respectful kids would enjoy her fun side, and she would be suitable for a family looking for an engaged and spirited companion. A home without stairs is ideal. Come meet her at the Western Sydney adoption centre!","bim",""
"2019-05-01","New England","956000006804151","Ollie","2026-02-27","MALE","","Friendly, playful, and full of charm! Ollie is a sweet and sociable greyhound who loves making new friends—both human and canine! He’s playful without being over-the-top, and his gentle nature makes him a joy to be around. One of Ollie’s cutest quirks? When he gets excited, he likes to “nibble” your hands with his nose—a little affectionate nudge that will melt your heart. He’s looking for a loving home where he can enjoy cozy naps, fun play sessions, and plenty of attention. Ollie would thrive with someone who appreciates his affectionate personality and is ready to share lots of cuddles. Why you’ll love Ollie: Calm yet playful temperament Loves people and enjoys gentle interaction Unique and adorable habit of nudging hands when happy If you’re ready to welcome a loyal companion who will brighten your days, Ollie is waiting to meet you!","ollie-5",""
"2021-04-01","Southern NSW/ACT (Bulli, Nowra, Goulburn, Canberra)","956000012917379","Stunner","2026-02-27","FEMALE","","Stunner is stunning (hence the name), she lives in a rural environment around native and domestic animals and has always had young kids in her life. She is keen on playing with toys and walks well on the lead.","stunner",""
"2021-06-01","Southern NSW/ACT (Bulli, Nowra, Goulburn, Canberra)","956000012896329","Bev","2026-02-27","FEMALE","","Bev is a lovely girl who lives in a rural setting. She lives amongst domestic animals and has no shortage of roos, wombats, echidnas and birds coming past.","bev-1",""
"2015-01-01","Southern NSW/ACT (Bulli, Nowra, Goulburn, Canberra)","956000004281375","Focus","2026-02-27","FEMALE","","Focus is very focused on lounging around. She is a special low maintenance sweetheart that is great with kids and is very sweet and affectionate.","focus",""
"2020-03-01","Southern NSW/ACT (Bulli, Nowra, Goulburn, Canberra)","956000007834471","Fiama","2026-02-27","FEMALE","","This special girl loves getting outside just so she can soak up the sun. She knows her name well and is good when left alone in the yard. She has grown up around kids and plays well with the other greyhounds.","fiama",""
"2017-05-01","Southern NSW/ACT (Bulli, Nowra, Goulburn, Canberra)","956000009416719","Linda","2026-02-27","FEMALE","","Linda is a friendly relaxed girl, she will come out for a stretch and sticky beck in the paddock and will soon put herself back to bed. She has farm and native animals living in her space and is not bothered meeting the cats at the house.","linda-1",""
"2020-03-01","Southern NSW/ACT (Bulli, Nowra, Goulburn, Canberra)","956000007835215","Star","2026-02-27","FEMALE","","Star likes playing in the yard with the other hounds. She is surrounded by farm animals and has the natives passing by often. She has no problems being left on her own.","star-11",""
"2017-07-01","Southern NSW/ACT (Bulli, Nowra, Goulburn, Canberra)","956000005380312","Milur Lou","2026-02-27","FEMALE","","This special girl is everybody's friend, she is resilient and laid back. She is happy to play and stretch her legs. She lives around farm and native animals and shares her space with other hounds.","milur-lou",""
"2021-05-01","Western Sydney (Londonderry)","956000011552559","Hamish","2026-02-27","MALE","","Hi, I'm Hamish, a gorgeous blue fawn boy. I can walk up and down stairs, and loves a snuggle once I get to know you! I have been described as calm and well behaved, with a lovely nature. I'm a great traveller and would be happy to settle in the car for road trips. I'm calm and a bit playful around other dogs and would suit a home with another dog my size/medium to large size. Meet me at Western Sydney by appointment.","hamish",""
"2016-06-01","New England","956000004877464","Lizzy","2026-02-27","FEMALE","","Lizzy s a gorgeous 9-year-old fawn greyhound who proves that age is just a number—she’s young at heart and full of love! Gentle on the lead and easy to walk, Lizzy is the perfect companion for relaxed strolls and cozy afternoons. She comes with foster experience, so she’s already familiar with home life and knows how to settle in beautifully. Her calm, affectionate nature makes her an ideal match for anyone looking for a sweet, loyal friend who loves snuggles and companionship. If you’re searching for a gentle soul who will bring warmth and joy to your home, Bindi is ready to make your heart her forever home.","lizzy-2",""
"2022-11-01","Western Sydney (Londonderry)","956000015748843","Elsa (Western Sydney)","2026-02-27","FEMALE","","Do you wanna build a snowman? or perhaps a bond to last a lifetime? MEET ELSA! At first, this sweet girl can be a little quiet, think “gentle snowfall,” not a blizzard but give her a moment and she’ll reveal a warm, affectionate personality that shines brighter than a frozen palace at sunrise. Elsa may have just three legs, but don’t worry, she gets around beautifully, and what she lacks in limbs she more than makes up for with love, charm, and an irresistible sparkle. She’s proof that being a little different just makes you more magical. ✨ Because she needs space to move comfortably and confidently, Elsa would be happiest as the one and only royal in her castle. A home without stairs is ideal too, so she can glide gracefully without having to conquer any mountains (even if she could, she shouldn’t have to!). If you’re ready to welcome a princess with courage, charm, and a heart as warm as summer, Elsa is ready to choose you. ❄️💙","elsa-8",""
"2023-06-01","Western Sydney (Londonderry)","956000015762227","Wilma","2026-02-27","FEMALE","","Wilma is ready to find a place to call home! This sweet girl can be a little shy at first, but with a chance to warm up, she'll be your Bestie in no time! Wilma gets along not only with her Greyhound mates, but smaller dogs too. Pending a meet and greet, she wouldn't mind sharing her new home with one or two other canine companions. Wilma also responds well to her name and travels well! If you think Wilma could be the one for you, meet her at Western Sydney!","wilma-2",""
"2022-07-01","Northern Rivers (Grafton, Lismore, Casino)","956000007431612","Bernie","2026-02-27","MALE","","Bernie is a laid-back legend who loves car rides and walks! He’s great on the lead and enjoys taking life at a relaxed pace. While he might be a little shy at first, Bernie warms up quickly and will soon be your loyal mate. He’s easy-going, chilled, and gets along with all dogs—making him the perfect companion for a calm and happy home. “Bernie – Your easy-going adventure buddy!”","bernie-2",""
"2017-05-01","Southern NSW/ACT (Bulli, Nowra, Goulburn, Canberra)","956000009437145","Craze","2026-02-27","FEMALE","","This sweetheart is happy to focus on herself and stay in her own lane. She has lived around cats for the last couple of years along with other dogs and a mixture of random animals that she sees around the property. She is great with kids and would suit a laid back style of life.","jellybean-3",""
"2021-10-01","Southern NSW/ACT (Bulli, Nowra, Goulburn, Canberra)","956000013018667","Breeze","2026-02-27","FEMALE","","Breeze can be a cheeky funny girl who is great company, she loves playing with toys and is a social, playful character when she is in the large yard with the other hounds. She live around native and domestic animals.","breeze",""
"2017-05-01","Southern NSW/ACT (Bulli, Nowra, Goulburn, Canberra)","956000009416926","Grace","2026-02-27","FEMALE","","Grace is a lovely girl who has been living in a rural setting around domestic and native animals. Although she lives around wide open spaces this girl loves her bed and would rather lounge around through the day.","grace-11",""
"2021-06-01","Southern NSW/ACT (Bulli, Nowra, Goulburn, Canberra)","956000007467462","Bucket","2026-02-27","FEMALE","","This pretty girl is great sharing her space with other hounds, she is playful and fun, she likes toys. She lives in an area surrounded by native and farm animals.","bucket-1",""
"2022-06-01","Western Sydney (Londonderry)","956000011346138","Opal (Western Sydney)","2026-02-27","MALE","","Opal has zest for life that can be paralleled by none! He is a very friendly and affectionate boy, and loves just loves everyone he meets! His outgoing personality has made him a fan favourite here at GAP HQ. Opal would love a backyard to call his own and would do best in a quieter area so he can live his best chilled out life. Respectful children are suitable, however Opal would prefer to be the only pet in the household so he can soak up all the love and attention for himself. Shorter hours are preferred while he settles in, a human presence during the day will help him feel his best - from home workers or retirees would be his perfect match! So come on down down and excavate this precious and valuable Opal today! Submit an application to take him home. He is available at the Western Sydney adoption centre.","opal-4",""
"2017-01-01","New England","956000004878602","Flossy","2026-02-27","FEMALE","","Flossy is a beautiful greyhound who’s nearly 9 years young and still full of grace. She’s the perfect mix of calm and affectionate, making her an ideal companion for someone looking for a loving, easygoing friend. Personality: Flossy is gentle, sweet-natured, and loves being part of a family. She enjoys quiet moments and will happily curl up beside you for a snooze. Compatibility: She gets along well with other dogs, so she’d fit perfectly into a multi-pet household. Lifestyle: Flossy is past her racing days and prefers a relaxed pace. A comfy bed, a few short walks, and plenty of cuddles are all she needs to thrive.","flossy-5",""
"2021-07-01","Northern Rivers (Grafton, Lismore, Casino)","956000013032808","Astro","2026-02-27","MALE","","Astro is a heart-melting, affectionate boy looking for a forever home full of love, snuggles, and good company. While he's great with dogs of all sizes, he requires a home without another dog in the home but would thrive with doggy play dates and group walkies. He settles well in a crate and has shown to know his name and learning recall. This sweet soul is very cuddly and affectionate – a true Velcro dog who wants to be near his people. Whether it's curling up on the couch, following you around the house, or gently resting his head on your lap, Astro’s love knows no bounds. He’s a great inside dog with lovely house manners, making him a perfect match for someone who is home more often than not. If you’re looking for a loyal best friend who gives as much love as he gets, Astro is your guy. Astro is available at the Western Sydney adoption centre.","astro",""
"2022-02-01","Western Sydney (Londonderry)","956000014848352","Pepper","2026-02-27","FEMALE","","Pepper is a cute girl who loves to hug you! She will jump and ask for a cuddle. She loves travelling and going on adventures and having fun. She is excitable around dogs so a friendly tolerant dog her size would be suitable for Pepper. She is confident and loving and can't wait to find her forever family! She is a lot of fun and would love a backyard and even children to keep her entertained! Meet Pepper at the Western Sydney adoption centre by appointment.","pepper-6",""
"2021-07-01","Southern NSW/ACT (Bulli, Nowra, Goulburn, Canberra)","956000007420083","Panda","2026-02-27","MALE","","Panda is a very tidy dog who is easy to train and fit in. He is confident and very affectionate. He loves to play and loves to wipe out and relax by your side. He is comfortable on his own which would make him suitable for fulltime workers or a busy family","panda-3",""
"2020-12-01","Southern NSW/ACT (Bulli, Nowra, Goulburn, Canberra)","956000007373188","Busta","2026-02-27","MALE","","Busta is a great boy who loves to keep you company and hang out. He is a good walker on the lead and likes everyone he meets. He is friendly and social with other dogs and is confident when doing new things.","busta",""
"2023-10-01","Southern NSW/ACT (Bulli, Nowra, Goulburn, Canberra)","956000015742904","Whalan","2026-02-27","MALE","","Whalan is a gentle loving boy, he was destined to be part of the family. He is very confident and affectionate. He loves people and gets along well with everyone, animals and people. He is very handsome and outgoing and would suit a life of looking after the yard and getting out and about.","whalan",""
"2022-03-01","Northern Rivers (Grafton, Lismore, Casino)","956000014809640","Andy","2026-02-27","MALE","","Meet Andy🐾 Say hello to Andy, a sweet-natured boy with a heart as big as his beautiful brown eyes. Andy is the perfect blend of independence and affection — happy to do his own thing, but always ready for a cuddle or a gentle pat when you’re nearby. Andy is fantastic with dogs of all shapes and sizes and absolutely adores children, making him the ideal addition to a family home. He’s a calm and confident traveller who settles easily in the car, and he walks beautifully on the lead — no pulling, just relaxed strolls at your side. When he’s not enjoying a walk or some quiet company, Andy is perfectly content to entertain himself in the yard, watching the world go by or lounging in the sunshine. He’s an easy-going boy who takes life in stride and brings a lovely, peaceful energy wherever he goes. If you’re looking for a gentle, affectionate companion who’s as happy snuggling on the couch as he is exploring the outdoors, Andy is your guy.","andy-10",""
"2022-07-01","Western Sydney (Londonderry)","956000007427937","Charlie","2026-02-27","FEMALE","","Hi, I'm Charlie, a pretty little lady who can't wait to be your new best mate. I walk nicely on the lead and I'm learning to be confident in new places. A slow introduction to the big wide world will suit me best, but I know you'll help me be brave! I am very sweet and would suit a home with a dog my size and older kids who can show me all about play time and treats. Meet me by appointment from Western Sydney.","charlie-19",""
"2021-07-01","Western Sydney (Londonderry)","956000011651828","Shak","2026-02-27","MALE","","Shak is what we affectionatly call a BFG (Big Friendly Giant). He is a big boy who is super affectionate, and he's a greyhound who sees everyone as his friend! He is confident, charming and has a lovely personable nature which we all love. This beautiful boy would be suited to family life, outings and spending time playing with older children due to his size. He'd love a backyard to zoom around and if you're home more often than not at the start of his adoption journey, we think he'd thrive and settle in well! Shak can be adopted via appointment at Western Sydney.","shak-1",""
"2021-11-01","Northern Rivers (Grafton, Lismore, Casino)","956000012866075","Ivy","2026-02-27","FEMALE","","Meet Ivy🌿 Lovely Ivy is a sweet, soft-natured lady who’s ready to find her place in the world. She’s already had a taste of home life and knows all about the comforts of a cozy couch and a quiet corner to nap in. Ivy currently lives happily with other dogs and really enjoys their company — she’s a calm, easy going companion who loves to “cruise” alongside her canine friends. She takes her time to get to know new people and situations, but once she’s settled, her gentle personality truly shines. Because she’s a little shy at first, Ivy would really benefit from foster care — a patient, loving environment where she can build confidence at her own pace, even with a friendly dog or two to show her the ropes. If you’re looking for a quiet sweetheart who gets along beautifully with other pups and will reward your kindness with quiet devotion, Ivy might be your perfect match. 💚","ivy-6",""
"2022-09-01","Northern Rivers (Grafton, Lismore, Casino)","956000014889741","Flo","2026-02-27","FEMALE","","Meet Flo🐾 Say hello to Flo, a bright, bubbly greyhound with a heart full of joy and a love for life! Having already spent time in a home environment, Flo knows all about the comforts of pet life — soft beds, friendly faces, and a good routine. She’s now ready to bring her cheerful personality into a new forever home. Flo currently lives with other greyhounds and gets along beautifully with them. She’s also fantastic with other dogs of all shapes and sizes, always polite and friendly in her interactions. Her easy going nature makes her a wonderful companion for multi-dog households or a great new friend for anyone looking to add a sociable greyhound to their family. This lovely girl is naturally happy, outgoing, and full of charm. She enjoys being part of the action, whether it’s going for walks, playing in the garden, or simply following her humans around the house. Flo truly thrives on human company — she loves being near people, soaking up attention, and sharing in whatever’s happening around her. One of Flo’s best traits is how well she settles into new environments. She takes change in her stride and quickly makes herself at home, adapting to new routines and surroundings with confidence and ease. Whether it’s a busy household or a quieter home, Flo’s laid-back yet cheerful attitude helps her fit right in. If you’re looking for a friendly, affectionate, and adaptable greyhound who will bring happiness and warmth wherever she goes, Flo is your girl. With her sunny nature and loving heart, she’s sure to make every day brighter. 💛","flo-6",""
"2021-10-01","Northern Rivers (Grafton, Lismore, Casino)","956000012917875","Aussie","2026-02-27","MALE","","Say hello to Aussie! 🐾 Aussie is a handsome 4-year-old black boy with a big heart and an even bigger love for people. If there’s a pat going, Aussie’s first in line — he never says no to some quality human affection! He’s a dream to have around: walks beautifully on the lead, travels well, and has a calm, social nature that makes him great company wherever he goes. The handsome gentleman is more than happy to entertain himself in the backyard or curl up with you on the couch. He is great walking on the lead and has no issues exploring new places. Aussie gets along wonderfully with dogs of all shapes and sizes — small, medium, and large — and is always up for making new friends. With his gentle manners, easygoing vibe, and love for life, Aussie would make an amazing addition to almost any home. 💙","aussie",""
"2022-09-01","Northern Rivers (Grafton, Lismore, Casino)","956000015733364","Brook","2026-02-27","FEMALE","","Meet Brook🐾 Say hello to Brook, a beautiful, gentle lady with a heart full of love and a personality that shines wherever she goes. Brook is the kind of dog who seems to make friends everywhere — she absolutely adores other dogs and gets along wonderfully with canine companions of all shapes and sizes. Whether she’s joining in for a gentle play session or just relaxing beside them, Brook’s calm and friendly nature makes her a joy to be around. Brook has lived inside a home before, so she already understands what it means to be part of a family. She quickly settles into new environments and makes herself comfortable, as though she’s always been there. Her easy going and adaptable temperament means she takes new experiences in stride. When it comes to people, Brook is very affectionate. She loves spending time with her humans, whether that’s enjoying a gentle walk, curling up for cuddles, or simply being nearby while you go about your day. She has a soft, loving nature that makes her a wonderful fit for families with children of any age — she’s patient, kind, and always up for a little bit of love and attention. Brook is the perfect mix of playful curiosity and gentle calm. She’ll happily explore her yard or new surroundings, then find a comfy spot to rest and soak up the sunshine. Her ability to adapt, along with her affectionate spirit, means she’ll fit beautifully into almost any household. If you’re looking for a loyal, loving, and easy going companion who will bring warmth and happiness to your home, Brook is the girl for you. She’s ready to meet her forever family and share all the love she has to give!","brook-2",""
"2020-09-01","Northern Rivers (Grafton, Lismore, Casino)","956000007842773","Benny","2026-02-27","MALE","","Meet Benny🐾 Say hello to Benny, our big-hearted greyhound with an even bigger personality! This handsome lad is full of life, energy, and affection — the perfect mix of fun and love. Benny absolutely adores people and thrives on human company. Whether he’s greeting you with a wagging tail or leaning in for pats, he’s sure to win you over in seconds. Benny would love a family with a backyard where he can stretch his long legs, zoom around, and play to his heart’s content. After playtime, he’s more than happy to flop down and relax, enjoying some quiet time — he’s quite independent when he wants to be! When it comes to other dogs, Benny can be a bit selective with male dogs, so he’d likely be happiest as the only dog in his new home (as long as he has that backyard and plenty of human love, he’ll be in heaven!). If you’re looking for a big, goofy, affectionate companion who’ll make you smile every day, Benny is your boy. He’s ready to fill your home with love, laughter, and a few joyful zoomies!","benny-10",""
"2022-11-01","Riverina (Wagga, Temora, Gundagai, Griffith)","956000015734814","Polly","2026-02-27","FEMALE","","Meet Polly! 🌸 Polly is a lovely-natured, friendly, and easy-going girl who adores human company and loves being by your side. She’s happiest when she can be part of whatever’s going on and would make a wonderful, loyal companion. She enjoys her walks, playing with her Jack Russell pals, or just pottering about with you in the yard or garden. Polly is comfortable around kids 11+ and has a calm, happy nature that makes her a joy to have around. A simple, relaxed lifestyle would suit Polly perfectly — she’d be an ideal match for a retiree or anyone looking for a gentle yet fun friend who’s happy to share both companionship and quiet time. 💛","polly-11",""
"2021-12-01","Western Sydney (Londonderry)","956000007424347","Kay","2026-02-27","MALE","","*I'm in a foster care home - reach out to GAP team to know more about me!* Kay is sweet & gentle on the lead, and calm and reserved in new situations. We think this gorgeous girl will thrive in a calm, steady home, who are able to take things at her pace. An adults only (or potentially dog experienced older kids/teenagers) home would suit Kay best while she learns how to be a pet with you. She would do best in a home with a fenced yard or small courtyard. She is polite around other dogs, someone who is home more often than not to help nurture Kay into a beloved family member will be the best fit for Kay. Meet our lovely Kay at Western Sydney by appointment.","kay-2",""
"2020-05-01","Western Sydney (Londonderry)","956000007830142","Rocky","2026-02-27","MALE","","If you're looking for a playful, engaged dog who is polite with other dogs and who would enjoy an active, fun life, consider adopting Rocky. Rocky is a friendly brindle boy who has experience with kids 12+. He loves a scratch behind the ear and has a confident, outgoing nature. He is a social butterfly and would enjoy being a part of family activities whether that's walks to school or going to the park. He can be excited to get going on walks so an owner who can handle a strong dog is recommended. Rocky is available by appointment at Western Sydney.","rocky-16",""
"2022-02-01","Northern Rivers (Grafton, Lismore, Casino)","956000011652693","Stella","2026-02-27","FEMALE","","Meet Stella🌟 Say hello to Stella, a gorgeous greyhound with a heart as big as her smile! This social butterfly absolutely adores her canine friends and loves nothing more than a good play session with her doggy pals. Stella isn’t fazed by much — she takes everything in her stride with her calm, easy-going nature. Whether she’s out on an adventure or lounging at home, Stella is simply happy to be part of the fun. She’s a big fan of her humans too! Pats, ear rubs, and cuddles are always on her wish list, and she’ll happily follow you around or curl up at your feet once playtime is over. When she’s not making friends, Stella enjoys playing with her toys or just relaxing in a comfy spot nearby. With her affectionate personality and playful charm, she’s the perfect all-round companion. Stella’s dream home is one where she can share her days with loving humans (and maybe a furry friend or two) who will give her the love and attention she so happily returns.","stella-7",""
"2019-12-01","Western Sydney (Londonderry)","956000007833840","Vern","2026-02-27","MALE","","Vern is a gentleman who walks nicely on the lead, who is confident and happy around new people and happy to go gentle walks around the block everyday. A fenced backyard and a home who will include him in daily activities would be a great fit for him. Vern has a positive and welcoming nature which would see him suit a family with children. Meet Vern by appointment at the Western Sydney adoption centre.","vern",""
"2021-07-01","Western Sydney (Londonderry)","956000007432910","Billy","2026-02-27","MALE","","Hi, I'm Billy! I'm a handsome fawn boy looking to find my perfect forever home. He is happy exploring new places and would enjoy a home with a fenced yard to call his own. He would love to be included in daily adventures like walks to and from the school pick up or spending time at the park! Billy is suitable to live with other dogs after a meet and greet. You can meet Billy at the Western Sydney adoption centre by appointment.","billy-21",""
"2021-07-01","Western Sydney (Londonderry)","956000007422053","Hank","2026-02-27","MALE","","This handsome boy is a high energy, loving guy looking to bounce into your home. He loves a pat and a bit of attention but is also happy to do his own thing. He has a charming and personable nature who we think would get along well with children and other dogs. Meet Hank by appointment at the Western Sydney adoption centre.","hank-8",""
"2021-06-01","Western Sydney (Londonderry)","956000012867205","Teddy","2026-02-27","MALE","","Affectionate boy Teddy is a sweet boy who walks gently on the lead and will greet you with a gentle tail wag. He is a calm, loving and sooky boy looking for someone to dote on him. He's easy to walk and has an easy going nature. He is friendly around other greyhounds and would suit a home with another dog. This cutie is available by appointment at the Western Sydney adoption centre!","teddy-9",""
"2019-05-01","Northern Rivers (Grafton, Lismore, Casino)","956000006808179","Freddy","2026-02-27","MALE","","Meet Freddie🚗 Say hello to Freddie, a happy, friendly greyhound who’s always ready for his next adventure! This handsome boy is the perfect mix of laid-back and enthusiastic — he loves meeting new people, exploring new places, and, most of all, hopping in the car for a good old-fashioned road trip. Freddie is an absolute star traveller. Whether it’s a quick ride around town or a longer journey, he settles in beautifully and enjoys watching the world go by from the back seat. He’s the ultimate co-pilot, always up for an outing and never one to say no to an adventure. When it comes to socialising, Freddie’s as easy-going as they come. He’s very friendly and happy when meeting new people — tail wagging, big smiles, and all the charm you could ask for. He also gets along wonderfully with medium and large dogs, enjoying their company and a good bit of canine social time. And if there’s one thing Freddie truly loves (besides travel and friends), it’s food! He’s wonderfully food-motivated, which makes training and bonding a breeze — and ensures he’s always ready for a tasty treat or two. Freddie would suit a home that enjoys getting out and about, but he’s just as content relaxing after a day’s adventure. With his friendly personality, love for life, and easy-going nature, Freddie is sure to make every day feel like a road trip worth taking.","freddy-1",""
"2021-04-01","Southern NSW/ACT (Bulli, Nowra, Goulburn, Canberra)","956000007461135","Bull","2026-02-27","MALE","","Bull is a nice boy who loves, playing, loves affection, is good on the lead. He likes meeting new people and new critters on his walks and is very social and outgoing with great character. He has been getting experience coming inside. There something about Bull that you will love.","bull-2",""
"2019-12-01","Western Sydney (Londonderry)","956000007465978","Tiny","2026-02-27","FEMALE","","Tiny is a quiet little girl who is very sweet & often shy with new people. She becomes sweet and affectionate once you get to know her. A house or townhouse in the quiet neck of the woods, with a nurturing owner, would be the best fit for Tiny. She could also live in an apartment if it's spacious/quiet with safe zones to call her own - eg baby gates and secluded spaces. A quiet home where she can settle in and thrive would be perfect for Tiny, this means a home without children and pets/dogs. She can do stairs & enjoys sleeping in a crate, however not required. She has shown she can settle for longer periods here and would suit working up to full timers. It would be amazing to see someone nurture her confidence and guide her through the world. She becomes playful, loves chasing toys around, likes treats and food, and walks nicely on the lead. She's happy to take treats and likes learning and training. Tiny is a sweet little dog who will make an amazing pet once she has settled in. If you think Tiny sounds like the right girl for you then apply to meet her today.","tiny-9",""
"2020-01-01","Mid North Coast","956000007825732","Sophia","2026-02-27","FEMALE","","Meet Sophia – the Sweet & Sophisticated Greyhound! 🐾 Sophia is a gentle 6-year-old greyhound with a calm, easy-going nature. She’s been around kids (ages 5 & 6) who can walk and feed her, and she takes it all in stride! While she might be a little reserved at first, once she feels at home her playful, affectionate side shines through. Sophia gets along beautifully with dogs of all sizes and is the perfect mix of grace and goofiness.","sophia",""
"2022-04-01","Western Sydney (Londonderry)","956000011330719","Ernie","2026-02-27","MALE","","Ernie is a shy boy who has made a lot of progress at the adoption centre. He is looking for a special home who will nurture him and continue his confidence building. He requires a family willing to take things slow with him as we have here. He would thrive as a solo dog with a 1-2 adults at home, or a calm dog to keep him company. He could spend a few hours alone or longer, with a secure yard or courtyard. He is very sweet, cuddle and adorable once he trusts you (see photos of all his cuddly moments!). It will be a highly rewarding journey for whoever adopts our special boy Ernie. He loves lying on blankets in the garden, sitting in his shell pool and cuddling you once he knows you. Meet Ernie by appointment at Western Sydney.","ernie-7",""
"2021-01-01","Northern Rivers (Grafton, Lismore, Casino)","956000011711698","Jack","2026-02-27","MALE","","Meet Jack🐾 Say hello to Jack, a cheerful and affectionate greyhound who’s ready to find his forever family! Jack has grown up around children and is wonderfully gentle and patient with them — he loves being part of family life and joins in with whatever’s going on, always making sure everyone is happy and safe. This lovely boy gets along brilliantly with other large dogs and enjoys having a playmate who can keep up with his energy. He can be a little unsure around smaller dogs at times, so he’d benefit from some calm, positive socialisation to help him feel more confident with them. Jack’s playful side really shines when he’s surrounded by his toys. He loves tossing them around, chasing after them, and showing off his collection to anyone who’ll watch! Between play sessions, Jack takes his role as “family supervisor” very seriously, checking in regularly with his people to make sure all is well before settling down again with a big grin and wagging tail. With his happy, affectionate nature and gentle heart, Jack would make a wonderful companion for a family looking for a fun, loving dog to share their days with. He’s full of character, always up for a bit of play, and even happier just to be near his humans. If you’re searching for a loyal, joyful friend who’ll bring laughter and love into your home, Jack is your guy. He’s ready to meet his forever family — and he can’t wait to check in with you! 💛🐶","jack-36",""
"2021-11-01","Northern Rivers (Grafton, Lismore, Casino)","956000013017828","Keith","2026-02-27","MALE","","Meet Keith🐾 💛 Say hello to Keith, a stunning boy with a big personality and an even bigger heart. This charming boy has grown up surrounded by children, so he’s used to family life and all the noise, laughter, and cuddles that come with it. He’s gentle and patient with kids, always happy to join in on playtime or relax nearby while they do their thing. Keith is an excellent traveller, he hops into the car with ease and settles down quietly for the ride. Whether it’s a trip to the countryside or a quick run to the shops, he’s the perfect co-pilot who loves to be part of the action. When it comes to other dogs, Keith gets along beautifully with larger breeds and enjoys having a playmate of similar size and energy. He can be a little unsure around smaller dogs and would benefit from some gentle, supervised socialisation. True to his greyhound nature, Keith is a lovely mix of playful and laid-back. He adores his bursts of energy in the garden or at the park — chasing toys, stretching those long legs, and showing off his zoomies, but he’s just as happy curling up for a snooze on the sofa afterwards. He’s got the balance just right! Keith would suit most family environments, especially those looking for a single dog who can be the centre of attention. He thrives on affection and companionship and will reward his new family with endless loyalty, love, and plenty of cuddles.","keith-3",""
"2022-05-01","Northern Rivers (Grafton, Lismore, Casino)","956000014529171","Bj","2026-02-27","MALE","","Meet BJ🐾 BJ is a wonderful male greyhound who’s great with all dogs and would fit perfectly into a home with children. He’s had positive experiences around kids before, making him a calm and gentle companion for family life. This affectionate boy absolutely loves pats and cuddles — he’s always ready to lean in for some extra love and attention. BJ also enjoys a splash in shallow water, happily cooling off and having fun when the chance arises. With his friendly nature, love for affection, and easy going temperament, BJ is a fantastic all-rounder who will bring warmth and happiness to any household. If you’re looking for a sweet, sociable greyhound who thrives in a family environment and gets along with everyone, BJ could be the perfect match for you.","bj-2",""
"2022-01-01","Northern Rivers (Grafton, Lismore, Casino)","956000011704091","Rita","2026-02-27","FEMALE","","Meet Rita💛 Rita is a lovely greyhound with a wonderfully relaxed outlook on life. She’s the kind of girl who takes everything in her stride — calm, content, and always happy to go with the flow. With her gentle nature and easy going temperament, Rita is a true pleasure to have around. She gets along beautifully with her fellow greyhounds and enjoys spending time with other medium and large dogs too. Whether she’s sharing a quiet snooze or having a gentle wander with her canine friends, Rita is friendly and well-mannered in every situation. Rita has that special “cruising through life” attitude — nothing seems to bother her, and she’s just as happy relaxing in the sunshine as she is joining in for a stroll or some family time. With her calm presence and kind heart, Rita would make a wonderful addition to almost any home. She’s the perfect companion for someone looking for a peaceful, loving dog who will fit effortlessly into daily life.","rita-1",""
"2023-04-01","Western Sydney (Londonderry)","956000015762294","Violet","2026-02-27","FEMALE","","Friendly, energetic and adorable girl Violet is a sweet and reserved girl to begin with but loves to play and bounce around once she gets to know you. Violet walks perfectly on the lead and is polite and friendly with other dogs her size. We think her confidence would grow if she had a doggie friend to spend her days with. A backyard or townhouse yard would be a perfect fit for Violet! Meet Violet by appointment at Western Sydney.","violet-4",""
"2023-04-01","Western Sydney (Londonderry)","956000015762851","Angus","2026-02-27","MALE","","Angus is friendly and playful, likes playing with toys and confident in new places. Angus is active, fun and would enjoy a active, structured life of daily walks and adventures. Someone confident with walking a strong dog is preferred as he can be excited to get going. Angus would be a great candidate to share a home with another medium to large dog pal! Meet Angus by appointment at Western Sydney.","angus-5",""
"2021-07-01","Western Sydney (Londonderry)","956000007374088","Sully","2026-02-27","MALE","","*I have been in a foster care home for 6 weeks - read the update below!* ""Sully is going well and has settled in and shows signs of improvement almost everyday. He is very good with children and with all types of dogs. He loves a walk and is good on the lead. On the lead he is well behaved and does not respond when other dog are walking near him. If I stop and talk with another dog walker Sully is calm and relates appropriately with other dogs. Sully loves to drive in the car and enjoys the wind in his face as he keeps his head out of the window. He loves a cuddle and pat in the morning and anytime during the day if he is awake."" ------------ Hi, I’m Sully — a gentle, quiet-natured blue boy looking for my new home. I love being around my people, get along well with other dogs, and I’m perfectly happy spending time in the yard while you’re out. I also love having the freedom to wander in and out as I please. I love the water – so much so that I even took a dip in the river (see photos)! I also travel great in the car and enjoy my walks, especially in quiet areas while I continue building my confidence. I like to take my time getting used to new environments, and once I do, I’m all in. I have even learnt to walk up and down stairs! I’m happiest in a home with a yard where I can stretch my legs and enjoy the fresh air throughout the day. I also like to sleep outside and would love a family who respects my boundaries when I’m resting or asleep. I also have experience in a pet home, so I already know the routine of a home life. I’m comfortable being left alone for a few hours, especially with a yard to explore and settle in. And when the day winds down, you’ll find me cozied up in my crate – it’s my little safe haven where I sleep soundly through the night. I'm available now at the Western Sydney adoption centre!","sully-2",""
"2021-09-01","Northern Rivers (Grafton, Lismore, Casino)","956000007419341","Sonic","2026-02-27","MALE","","Ready to meet Sonic—the greyhound who’s not just fast but also the speediest chill master you’ll ever know? If there were an Olympic event for maximum chill, Sonic would take home the gold every time. This laid-back gentleman has mastered the art of relaxation and cruises through life like he’s on a permanent Sunday afternoon. Whether it’s sprawling out on the couch or making himself comfy in a new spot, Sonic just gets how to settle in and make any place feel like home. Sonic is the kind of dog who never rushes, never worries, and never gets ruffled. He’s the perfect blend of calm and friendly—always happy to say hello to new dog friends, no matter their size. Tiny pups? Big fluffy dogs? Sonic’s got the patience and easy-going charm to get along with them all. And families, listen up—Sonic would be a dream companion for kids! He’s gentle, tolerant, and totally cool with the hustle and bustle that comes with a lively household. Whether it’s playtime or downtime, he’s happy to join in or just hang out, soaking up the love and good vibes. If you want a mellow, sweet, and endlessly loving buddy who makes life feel a little more relaxed and a lot more fun, Sonic’s your guy. Ready to invite this cruising king of calm into your home? He’s already made himself comfy in our hearts and can’t wait to do the same with you!","sonic-2",""
"2021-02-01","Hunter Valley Mid Coast (Maitland/ Muswellbrook/Newcastle/Forster)","956000007421962","Jack","2026-02-27","MALE","","Jack is a playful, sweet-natured boy with a cheeky streak and a big heart. He’s lived with a young cattle dog puppy and showed plenty of patience, and he currently shares his life with a couple of toddlers who climb all over him—he doesn’t mind a bit! Jack LOVES his toys (especially fetch!) and is super treat-motivated, which makes training and bonding a breeze. He’s all about having a good play, then flopping onto a comfy bed for a well-earned nap. Jack’s also been known to “reorganise” shoes around the house—just his way of helping with interior design! If you’re after a fun-loving, kid-friendly companion with a mischievous grin and a heart of gold, Jack’s your guy.","jack-34",""
"2021-12-01","Hunter Valley Mid Coast (Maitland/ Muswellbrook/Newcastle/Forster)","956000011658719","Burt","2026-02-27","MALE","","Burt is a total character who thrives on human attention and isn’t shy about making sure you notice him! He can pull like a pro at first on walks, but give him a little time and he settles right down. Burt gets along with other greyhounds at home but prefers to be the king of his castle—he’s got a strong “mine” vibe when it comes to his food and toys. He’s great with kids of all ages and has plenty of experience being a patient, lovable buddy. Burt’s looking for someone who’s home most of the time to keep him company and soak up all his charm. Cats aren’t really his cup of tea, so a feline-free home would suit him best. Ready for a lively, loyal companion? Burt’s your guy!","burt",""
"2019-12-01","Hunter Valley Mid Coast (Maitland/ Muswellbrook/Newcastle/Forster)","956000012255310","Bertha","2026-02-27","FEMALE","","Bertha is a calm and quiet lady who walks well on lead and prefers a relaxed lifestyle—perfect for someone looking for a low-key companion. She enjoys a little play with toys now and then, plus the occasional zoomie to remind you she’s still got some pep in her step. Bertha is best suited as a solo dog and would be a wonderful match for someone who wants a peaceful friend to share their days with—especially if you work from home and can keep her company. While she’s not a fan of cats, Bertha’s easy-going nature makes her a sweet and steady companion for the right home.","bertha-2",""
"2018-10-01","Hunter Valley Mid Coast (Maitland/ Muswellbrook/Newcastle/Forster)","956000006809967","Jimmy","2026-02-27","MALE","","Jimmy is a confident, energetic guy who walks beautifully on lead and loves to bound around with enthusiasm. He’s super engaging with people and thrives on treats—perfect for training and bonding! While Jimmy enjoys playing with other greyhounds during his outings, he prefers to be the only dog in the home to keep things calm and comfortable. Jimmy hasn’t had much experience with cats and tends to prefer a pet-free feline zone, so a cat-free home would be best. Jimmy would shine in an active household where he can join in on plenty of adventures and daily fun. If you’re looking for a lively, loyal, Jimmy is your guy!","jimmy-11",""
"2021-11-01","Mid North Coast","956000007432704","Jacko","2026-02-27","MALE","","Meet Jacko! Jacko is a confident, curious soul who's ready to find a forever home where he can truly shine. With a natural love for exploring the world around him, Jacko would thrive with a single person or a couple who can give him the time, space, and companionship he deserves. While Jacko adores human company, he prefers to be the only pet in the home so he can soak up all the love and attention. He may be open to meeting other dogs his size with slow, careful introductions — but he’s happiest when he has his own space to relax and play. This smart boy has fantastic recall and responds beautifully when out and about, making adventures together a real pleasure. He also enjoys his downtime with toys and will happily entertain himself or engage in a gentle game with his humans. If you're looking for a loyal, playful, and independent companion who's ready to explore life by your side, Jacko might just be your perfect match. Key Info: ✅ Best as a solo pet ✅ Confident and curious ✅ Slower intros with other dogs his size ✅ Excellent recall ✅ Loves toys and enrichment ✅ Ideal for a single person or couple Jacko is ready to meet his person – could that be you?","jacko-4",""
"2019-05-01","Mid North Coast","956000006793931","Shadow","2026-02-27","MALE","","Meet Shadow 🐾 Shadow is a gentle, sweet-natured greyhound who’s happiest when he’s hanging out with his human family and preferably inside, where he can find the comfiest spot in the house and make it his own. Once he’s picked his perfect chill zone, you’ll barely know he’s there… until it’s time to play or snack, that is! Shadow gets along beautifully with other dogs and adores children of all ages. He’s calm, friendly, and takes everything in his stride, making him a lovely companion for a busy family or anyone looking for a relaxed but social dog. If you’ve got a cat, Shadow may need a slow and gentle introduction—he’s curious but polite, and with a bit of patience, there’s potential for peaceful cohabitation. Despite his relaxed nature, Shadow loves to play, especially a good game of fetch! He’ll light up when you grab a toy and is always ready for some fun in the yard or a quick burst of activity before heading back to his favourite snooze spot. And when the treats come out? Oh, you’ve got his full attention. This boy knows how to sit pretty for a snack and will happily hang out just to be near you. Shadow would thrive in a loving home where he can enjoy the best of both worlds: playtime and cuddle time. Whether you’re a family with kids, a home with other dogs, or someone looking for a loyal companion to share quiet moments and light hearted play, Shadow is ready to step into your life and into your heart.","shadow-7",""
"2020-05-01","Mid North Coast","956000007466484","Hammer","2026-02-27","MALE","","Ready to nail the perfect companion? Meet Hammer 🐾 Hammer is the ultimate all-rounder—a friendly, happy-go-lucky greyhound who gets along famously with other dogs of all shapes and sizes. Whether it’s a tiny terrier or a big labrador, Hammer’s easy going nature means he’s ready to make friends wherever he goes. This lively boy absolutely loves his zoomies and would thrive in a home with a backyard where he can race around and let loose to his heart’s content. When he’s not zooming, Hammer is a wonderful family dog—gentle, affectionate, and great with people of all ages. He’s equally happy as a solo dog or as the perfect companion for a young couple looking for a loving, energetic friend. Hammer is a cuddler at heart and enjoys spending quiet moments snuggled up with his humans after a day of fun and play. His engaging personality and happy disposition make him a joy to be around, always eager to say hello and share some love. If you’re searching for a playful, affectionate, and well-rounded greyhound who’s ready to bring energy and warmth into your home, Hammer might just be the perfect match!","hammer",""
"2019-05-01","Mid North Coast","956000006793938","Big Boy","2026-02-27","MALE","","Say hello to Big Boy 🐾 Big Boy is a gentle giant with a heart as big as his name! This confident and max relaxer greyhound is a true people pleaser who adores everyone—from dogs and cats to children of all ages. He’s got a warm, friendly nature that makes him an instant hit wherever he goes. While Big Boy loves socializing, he prefers to be the king of his castle and would do best as a solo dog in his forever home. That said, he’s always up for a fun doggy playdate to stretch his legs and enjoy some furry friendship time. He knows how to keep things chill and relaxed, so his play dates tend to be happy and harmonious affairs. Big Boy would thrive in a home with a backyard where he can soak up the sunshine, lounge on the grass, or explore at his own leisurely pace. He’s happiest when a family member is working from home or part-time, as he enjoys company but is also perfectly content to kick back and chill solo when needed. Whether he’s snoozing quietly or spending quality time cuddling with his humans, Big Boy’s laid-back vibe brings calm and comfort to any household. On walks, Big Boy is a star walker, calm and confident on the lead, making every outing a peaceful pleasure for both dog and human. If you’re looking for a lovable, relaxed companion who’s a true social butterfly with a preference for solo living and fun play dates, Big Boy could be your perfect match. Ready to settle in and steal your heart, he’s waiting to become the gentle giant of your family!","big-boy-1",""
"2020-04-01","Hunter Valley Mid Coast (Maitland/ Muswellbrook/Newcastle/Forster)","956000007846261","Jett","2026-02-27","MALE","","Meet Jett 🐾 Jett is a confident and outgoing boy with a heart full of love and energy. He has previously lived happily with small dogs, showing his friendly and adaptable nature, and he’s always ready to make new furry friends wherever he goes. This active boy thrives on plenty of exercise and stimulation, but he also knows how to switch gears and settle in for lots of cuddles and affection. Jett absolutely loves being close to his humans and will happily snuggle up whenever he gets the chance. His affectionate nature makes him a true companion who will brighten your days with his joyful spirit. Jett would do best in a home where someone is working from home or part-time, as he enjoys having company around and thrives when he’s not left alone for long periods. His confident and sociable personality means he’s ready to explore the world and enjoy new adventures with you by his side. If you’re looking for an energetic, loving, and confident greyhound who is great with smaller dogs and adores affection, Jett could be the perfect addition to your family!","jett-4",""
"2023-05-01","Southern NSW/ACT (Bulli, Nowra, Goulburn, Canberra)","956000017162490","Kala","2026-02-27","MALE","","Kala is strapping young lad who is a big cuddly softie. He just wants to be part of the family. He is happy to supervise while your working hard around the yard and is happy to fetch toys and drop them at your feet. Kala is destined to be a valued family member with a lot of love to give. Great with everyone he meets. Still needs a bit of patience and guidance to be a great companion.","kala",""
"2020-04-01","Hunter Valley Mid Coast (Maitland/ Muswellbrook/Newcastle/Forster)","956000007855090","Geisha","2026-02-27","FEMALE","","Say hello to Geisha 🐶 Geisha is a beautiful lady with a calm presence, a gentle spirit, and a love for life’s simple pleasures. She has the kind of soothing energy that fills a room without saying a word – just her being there makes everything feel a little more peaceful. True to her name, Geisha moves with grace and serenity, but don’t let that elegant exterior fool you – she’s also got a wonderfully playful streak! When it comes to other dogs, Geisha is a total pro. She’s incredibly dog-social and happy to live with canine companions of all shapes and sizes. Whether she’s gently playing, quietly snoozing next to them, or just sharing her space, she does it all with ease and friendliness. Geisha is what we like to call “effortlessly easy.” She’s wonderfully relaxed, low-maintenance, and happy to go with the flow. She’ll adapt to your routine without complaint and will be your quiet shadow, following you from room to room with calm curiosity. She doesn’t ask for much – just a soft bed, some gentle affection, and maybe a toy or two to keep her entertained. One of her favourite things is simply being close to her humans. She thrives on gentle affection and will happily rest her head in your lap or snuggle in close for some quiet bonding time. She’s affectionate without being needy – just a sweet, steady presence who’s always nearby when you need a bit of comfort or company. Geisha is ready to find her forever home – could it be with you?","geisha",""
"2020-04-01","Hunter Valley Mid Coast (Maitland/ Muswellbrook/Newcastle/Forster)","956000007851461","Joe","2026-02-27","MALE","","Meet Joe 🐾 Joe is a confident and cheerful gentleman with a tail that never stops wagging! Full of personality and charm, Joe carries himself with a happy-go-lucky attitude and a healthy dose of independence. He knows what he likes — whether it's a good sniff around the backyard or a comfy spot to lounge in, but he’s always happy to come over for a cuddle and soak up all the affection you're willing to give. Joe is great with medium and large dogs, showing good manners and a calm approach. He’s still learning about smaller dogs, so slow and gentle introductions will be key. With the right guidance, he’s a smart boy who’s always up for learning something new. This lovely lad would thrive in a home with a secure backyard where he can stretch his legs and enjoy some solo sunbathing time. Joe’s independent streak means he’s not overly clingy, but he still loves having his humans around — especially if they’re up for some playtime or pats. He’d be best suited to a home with older children who can match his energy and give him the space he needs to relax and feel secure. If you're looking for a happy, affectionate, and self-assured greyhound to brighten your days, Joe could be just the guy for you! 🐶","joe-10",""
"2020-04-01","Hunter Valley Mid Coast (Maitland/ Muswellbrook/Newcastle/Forster)","956000012226800","Nitro","2026-02-27","MALE","","Meet Nitro! ⚡️ Nitro is a lively guy who knows how to strike the perfect balance between zoomies and chill time. When he’s feeling energetic, he’ll happily race around the yard like a little lightning bolt, showing off his speedy moves and playful spirit. But just as quickly, he’s just as content curling up beside you for some serious relaxation and quality cuddle time. Nitro is a true social butterfly in the pet world. He’s cat-friendly and dog-friendly, making him an ideal member of a multi-pet household. Whether he’s sharing space with feline friends or canine companions, Nitro is easy-going, respectful, and gets along famously with everyone. Plus, he’s fantastic with children of all ages; gentle, patient, and always ready to be part of the family fun. This affectionate boy absolutely thrives on attention and love. He’s the type of dog who will happily follow you around the house just to be near you, eagerly accepting all the pets, scratches, and belly rubs you can offer. Nitro’s love tank is bottomless, and he’s not shy about letting you know when he needs a little extra TLC. Nitro also appreciates his crate—a cozy, safe haven where he can retreat when he wants some downtime or a peaceful nap after a busy day of adventures and play. He’s well-behaved, adaptable, and loves having a comfy spot to call his own. If you’re searching for a loving, well-rounded companion who fits seamlessly into a bustling household, Nitro might just be your perfect match.","nitro-1",""
"2020-07-01","Mid North Coast","956000011710328","Bat Man","2026-02-27","MALE","","Meet Bat Man! 🦇 Don’t let the name fool you—Bat Man is a laid-back greyhound with a heart as soft as his adorable fluffy coat. He’s happiest when surrounded by his fellow greyhounds, loving their company and enjoying the calm, easy-going life of a true greyhound gentleman. Bat Man hasn’t been tested with smaller dogs yet, but he’s got such a chilled-out nature that we’re hopeful he’d take things in stride with the right introduction. This easy going guy adores his human friends and is always up for some quality time; whether it’s a gentle pat, a slow stroll, or just hanging out together. He’s happy to cruise about at his own relaxed pace, taking in the world with a contented smile. Bat Man’s combination of chilled vibes, fluffy charm, and love for his greyhound pals makes him a wonderful companion for someone looking to add a calm, affectionate friend to their home.","bat-man-1",""
"2019-01-01","Western Sydney (Londonderry)","956000006812015","Matey","2026-02-27","MALE","","*I have just aced my 8 weeks of foster care and I'm ready to go home with you!* Foster Update: ""Matey is going great, enjoys his walks, enrichment toys and especially enjoys food! He now comes inside and runs straight to his bed and lies down, without me even needing to tell him, we are blown away with how well he is going!"" Ahoy Matey! Matey is the finest gem of them all! With his pretty blue coat, floppy ears and gentle, curious and affectionate nature, this Matey is a bounty of charm waiting to be adopted! He is a super outgoing boy who just loves everyone he meets, especially if you have some yummy treats or play a game of fetch with him! Matey suits full time workers and loves spending his days outside with enrichment during the day - making him a great outdoor dog for a family looking for a pet who spends most of their time outside. Matey is an enthusiastic, gentle, smart and fun-loving boy making him suitable for those wanting a laid back yet playful friend. Matey suits full-time workers, and would enjoy a small yard to call his own. This handsome boy is available now from our Western Sydney adoption centre.","matey-2",""
"2019-05-01","Western Sydney (Londonderry)","956000006795720","Cindy","2026-02-27","FEMALE","","Cindy is a sweet, quiet girl, who is lovely and soft with other dogs. She warms up well once you get to know her and becomes very sweet and affectionate. Cindy would suit a nurturing home where they can take things slow, but we're sure she will come out of her shell! A quiet home with a backyard to retreat to would be a perfect match for Cindy as she settles into pet life. A home without little kids is best suited as she is on the shy side. Available at Western Sydney!","cindy-6",""
"2024-01-01","Northern Rivers (Grafton, Lismore, Casino)","956000017173454","Tails","2026-02-27","FEMALE","","Meet Tails 🐕‍🦺 Tails has been in foster care with a wonderful family and their 2 greyhounds now for a few months. 💕 Tails has flourished in foster with Winnie and Potato teaching her the ropes. She loves going for walks and enjoys the beach. Tails is a collector of all things, she has learnt to clean up her toys and take them to her bed at night. She also collects many other things and looks after them. Tails would benefit from another confident playful greyhound friend like Potato to teach her the ropes and continue to bring out her confidence. Tails loves to play and run with her friend Potato in the yard while Winnie supervises watching fromt he sidelines ready to be the fun police if required.","tails-1",""
"2021-10-01","Western Sydney (Londonderry)","956000012865989","Tim Tam","2026-02-27","MALE","","Whether you're a double coat, caramel or an original Tim Tam fan, we can all agree Tim Tams are a sweet treat and a family favourite. He is the perfect blend of calm natured and sometimes playful, what more could you want in a canine companion. He walks lovely on the lead and would suit a home without exposure to small dogs. Tim Tam gets along with dogs his size. Due to his friendly nature, he will suit a family that have respectful children. Tim Tam comes when called and is polite around new people! Tim Tam is available at Western Sydney.","tim-tam-1",""
"2019-01-01","Western Sydney (Londonderry)","956000006169035","Wooly","2026-02-27","MALE","","Hey, I'm Wooly! I'm a quiet guy, looking for a quiet home. I warm up to new people but would prefer a nurturing chilled out place to call my own. I'd love my own backyard and don't mind mingling with other dogs big or small. I love food and will enjoy learning new tricks in my forever home. A home without children is best for me. I can't wait to meet you! Available at Western Sydney.","wooly",""
"2022-02-01","Hunter Valley Mid Coast (Maitland/ Muswellbrook/Newcastle/Forster)","956000011359134","Brax","2026-02-27","MALE","","Meet Brax 🐾! Brax is a delightful boy with a playful and affectionate personality that instantly wins hearts. He’s had wonderful experience being around small children, showing a calm and gentle demeanour that makes him a fantastic addition to family life. Brax has also seen chickens and cats during his time, though he hasn’t been formally tested with them, so a slow, supervised introduction would help everyone feel comfortable. This handsome boy loves the company of other medium to large dogs and enjoys socializing and playing with his furry pals. Whether it’s a lively play session or just hanging out side by side, Brax thrives in a dog-friendly environment where he can be active and engaged. While he’s full of playful energy, Brax also knows how to relax and truly enjoys lying in his crate, which he finds cozy and safe and a perfect spot to recharge after a busy day. One of his most lovable traits is how much he loves to show affection. He’s not shy about letting you know when he wants some love, and he delights in offering cuddles and warm moments to those he trusts. Brax is looking for a forever home where he can be part of a loving family who appreciates his playful spirit and gentle heart. If you’re seeking a sweet, social, and affectionate greyhound who’s great with kids and loves spending time with other dogs, Brax might be the perfect fit for you!","brax",""
"2019-01-01","Northern Rivers (Grafton, Lismore, Casino)","956000006803507","Jill","2026-02-27","FEMALE","","Jill is a confident, friendly and affectionate girl described as 'wonderful' by her trainers here at the adoption centre. If you're looking for a super smart and focused girl, Jill's known cues are: name/recall, 'on your bed', off, down, touch, shake, chin rest, and drop (a toy). Jill loves toys & will play fetch with you. Her ideal home is a house with a backyard with colorbond fencing with shorter hours alone while she settles in. Jill requires a home without exposure to other dogs and requires an owner who lives in a low small dog populated area. She would thrive with an experienced greyhound owner who can continue her human engagement, training, focus training, and things like stationing on a bed, performing cues and recalling. She is happy to entertain herself in the yard during the day making her a good fit for those who work full-time and want a loving companion welcome them home everyday. Meet Jill at Western Sydney!","jill-8",""
"2017-08-01","Northern Rivers (Grafton, Lismore, Casino)","956000009574469","Spring","2026-02-27","FEMALE","","Meet Spring! 🌼 Spring is a sweet-natured girl with a heart as soft as her gorgeous greyhound coat. She’s one of those dogs who makes life easier just by being around – relaxed, gentle, and incredibly easy to handle. Whether you’re an experienced dog owner or new to life with pups, Spring fits in effortlessly. She’s a real social butterfly, getting along brilliantly with all other dogs and loving the company of people. If you’ve got visitors, expect Spring to be first in line for a gentle hello and a little tail wag. She's a friendly soul who just wants to be included in the love. Spring would be a great fit for a family home, including one with respectful children. Her calm and steady personality makes her a safe and lovely companion for little ones. While she’s a joy in almost every way, Spring is still working on perfecting her lead manners – nothing too tricky, just a bit of ongoing training and consistency, and she’ll have it down in no time. If you're looking for a sweet, low-maintenance, and loving dog who enjoys companionship and will bring a peaceful energy to your home, Spring could be your perfect match.","spring-1",""
"2019-11-01","Northern Rivers (Grafton, Lismore, Casino)","956000012226511","Belle","2026-02-27","FEMALE","","Belle is a happy, vibrant and energetic girl who is affectionate and social! She loves all the fun things in pet life - treats, zoomies, attention and play! She would love a fun active home to keep her stimulated and meet her training and enrichment needs. She is very friendly, and would suit a home with another dog big or small. She would suit kids experienced with large breed dogs. A fully fenced yard with somewhere for her to romp around and sunbake would be ideal for Belle! Available via Northern Rivers.","belle-5",""
"2023-04-01","Northern Rivers (Grafton, Lismore, Casino)","956000015762349","Dina","2026-02-27","FEMALE","","Hi, I'm Dina, I'm a shy but sweet girl looking for someone to nurture and calm my nerves. I am sweet and polite and I promise to be your new best friend, I'm just a little unsure when I first meet you. I take a bit of time to warm up, so I'd like a quiet neck of the woods to call my own, maybe a house with a quiet yard or a nice property to relax on. I am polite, calm and friendly around other dogs, too! Available via Northern Rivers.","dina",""
"2022-01-01","Northern Rivers (Grafton, Lismore, Casino)","956000011657987","Rev","2026-02-27","MALE","","Meet Rev ⚡! Rev is a handsome and energetic boy who loves nothing more than making new friends—both human and canine alike. With excellent recall, he’s eager to listen and respond, but he does have a strong lead presence that means he’d benefit from a bit more training to help him channel all that enthusiasm in the best way possible. Rev is incredibly social and friendly, and he’ll always be the first to say hi with a wagging tail and a big smile. His love for other greyhounds is clear—he thrives when he’s around his own kind, enjoying playful interactions and company that keeps his spirits high. An explorer at heart, Rev is happiest when he’s out and about, taking in new sights and scents with boundless curiosity and energy. He’s ready for an active home that can keep up with his zest for life and support his ongoing training to help him become the best version of himself. If you’re looking for a friendly, lively, and affectionate greyhound who’s ready to share adventures and endless greetings, Rev is your guy!","rev",""
"2021-11-01","Northern Rivers (Grafton, Lismore, Casino)","956000013018423","Gem","2026-02-27","FEMALE","","Meet Gem 💎! This gorgeous girl has a heart full of love and a gentle, shy nature that takes a little time to come out of her shell. At first, Gem might feel a bit reserved as she gets used to new surroundings and people, but with patience and a calm environment, she quickly settles in and reveals her true, loving self. Gem would thrive best in a household where someone is usually around—whether working from home, part-time, or just a steady presence—so she never feels alone and can build her confidence at her own pace. One of Gem’s greatest joys is spending time with her doggy friends. She loves to play and interact with other dogs, showing her friendly and sociable side once she feels comfortable. Gem also adores children and enjoys their playful energy, making her a wonderful companion for families with kids who can engage her in gentle games and fun activities. Though she may start off a little shy, once Gem has warmed up to you, she’s a total cuddle queen. She loves curling up close, soaking in affection, and sharing those quiet, cozy moments that truly bond a dog and their human. Her sweet, gentle spirit shines through in these calm times, reminding you just how special she is. If you’re looking for a patient, loving, and devoted friend who will blossom beautifully in a supportive and caring home, Gem is waiting to meet you. With time, love, and consistency, this gentle girl will become a treasured member of your family, bringing warmth and happiness every day.","gem-9",""
"2019-12-01","Northern Rivers (Grafton, Lismore, Casino)","956000012224426","Snooty","2026-02-27","MALE","","Snooty is a charming boy with a heart full of love and a tail that’s always wagging. Snooty walks beautifully on lead and loves getting out and about, making him the perfect company for an adventure or an afternoon stroll. Snooty is super affectionate and friendly and he absolutely adores pats and scratches! He’s also a social butterfly who has shown positive interactions with dogs of all sizes, so pending a meet and greet, may suit a home with a canine friend. If you’re looking for a loving companion who’s as gentle as he is joyful, Snooty is your guy. Apply now!","snooty",""
"2019-12-01","Northern Rivers (Grafton, Lismore, Casino)","956000011092944","Sunny","2026-02-27","MALE","","Hi, I'm Sunny! Like a perfect spring day, the sun is shining, and I promise to be a bright and happy presence in your life! I am a calm, loving boy. I am happy, easy going and engaging, quite charismatic if I do say so myself. I would love a fenced yard to call my own, so I can enjoy my sunbaking zoomies. Due to my charming nature I'd do well in a home with other dog/s big or small. I hope my gorgeous nature shines through the screen, and that you can't wait to meet me, because I am a polite and laid back boy who can't wait to meet you! Available in Northern Rivers.","sunny-6",""
"2016-11-01","Northern Rivers (Grafton, Lismore, Casino)","956000004482938","Lonnie","2026-02-27","FEMALE","","Hey, I'm Lonnie! With my big happy smile, I hope I catch your eye! I'm a friendly girl to people and dogs alike, making me a wonderful family pet. I walk perfectly on the lead, and I have a lovely gentle personality. I like car rides, adventures and having fun with my people. I would love a home who will show me all about the big wide world and include me in daily activities. I have a soft, gentle personality and would love to meet you! Available in Northern Rivers.","lonnie",""
"2018-11-01","Northern Rivers (Grafton, Lismore, Casino)","956000006672042","Angel","2026-02-27","FEMALE","","Hi, I'm angel, a gentle mannered quiet girl looking for a forever home. I'm middle aged, making me sweet and calm and ready to snooze by your side. I can take a little time to warm up but I promise to be your best friend once I get to know you. Another dog does give me some more confidence so maybe you have a confident doggie for me to be friends with? I'd love a courtyard or backyard to call my own, as I love being outside in the sunshine. Available in Northern Rivers.","angel-9",""
"2021-06-01","Hunter Valley Mid Coast (Maitland/ Muswellbrook/Newcastle/Forster)","956000014517918","Bella","2026-02-27","FEMALE","","Meet Sooky 🐾 Sooky is a beautiful girl with a soft heart and a gentle spirit. She’s the kind of girl who doesn’t ask for much — just a calm home, a comfy spot inside, and someone who understands her sensitive nature. Sooky can be a little unsure when left alone for long periods, so she'd do best in a home where she has access to the indoors during the day, especially if her humans are out. Having that safe, familiar space helps ease her anxiety and lets her settle in comfortably. She currently lives on a property with a cattle dog and gets along well, so she could definitely benefit from having another calm, furry companion to keep her company. Sooky is small dog workable, and with a slow and respectful introduction, she may also be cat workable — she’s happy to coexist and just vibe out with her friends. This lovely girl has no need for chaos — she’s all about the peaceful life. She enjoys a quiet day, a gentle stroll, and the comfort of knowing she’s not alone. Whether she’s lying in a sunny patch of grass or relaxing on the couch, Sooky brings a quiet calm wherever she goes. If you're looking for a sweet, sensitive greyhound who just wants a peaceful home, a bit of company, and a place to feel safe, Sooky might just be the perfect fit.","sooky-1",""
"2021-10-01","Hunter Valley Mid Coast (Maitland/ Muswellbrook/Newcastle/Forster)","956000014810017","Boris","2026-02-27","MALE","","Meet Boris 🐾 Looking for a big-hearted best mate with extra-long legs and even longer cuddle sessions? Say hello to Boris — a supersized sweetheart who’s equal parts lounge lizard and lovebug! The only way to describe him is…. A gentle giant. Boris is a big boy (and he knows it!), but don’t let his size fool you — he’s a total softie who lives for snuggles and affection. If there’s a comfy spot and a human nearby, Boris is already there, leaning in for pats and making himself right at home. He loves hanging out with his fellow greyhounds and is a bit of a social butterfly in the dog world. Whether it's chilling in the backyard or going for a casual group walk, Boris is all about the good vibes and friendly company. Car rides? Trailer trips? No worries! Boris is calm, cool, and collected on the move. He travels like a seasoned pro — just give him a spot to settle and he’s happy to watch the world go by (or take a nap en route to his next adventure). Boris would love a home where he can lounge around, share his oversized heart, and maybe steal a spot on the couch (or at least a corner!). If you’re after a chill, cuddly, and all-around lovely lad to complete your family — Boris is ready to roll right into your life and never look back.","boris-6",""
"2020-11-01","Hunter Valley Mid Coast (Maitland/ Muswellbrook/Newcastle/Forster)","956000011576753","Danny","2026-02-27","MALE","","Meet Danny 🐕 Danny is a charming and affectionate boy with a big heart and a friendly soul. He absolutely adores other greyhounds and thrives in their company. Although he hasn’t been tested around smaller dogs yet, his gentle and calm nature suggests he could adapt well with the right introduction. Danny has lived happily with young children and has proven to be a patient and loving friend to the little ones in his life. He’s used to the hustle and bustle of a busy home and enjoys being part of a family environment where he can share lots of love and attention. One of Danny’s standout qualities is how beautifully he walks on the lead — calm, polite, and well-mannered, he makes every walk a pleasant experience. He’s also very trainable and responds well to crate training, which helps him settle and feel secure when needed. Danny would do best in a home that has a backyard or safe outdoor space where he can stretch his legs, enjoy some fresh air, and have the freedom to relax and play. He’s not just an energetic pup; he’s a true people-lover who thrives on companionship and bonds closely with his humans. If you’re looking for a gentle, friendly, and devoted greyhound who will fit seamlessly into a loving home, Danny could be your perfect match. He’s ready to share his heart and make new memories with a family that can give him the care and affection he deserves.","danny-4",""
"2022-02-01","Hunter Valley Mid Coast (Maitland/ Muswellbrook/Newcastle/Forster)","956000011646118","Lawsie","2026-02-27","MALE","","Meet Lawsie 🐾 Lawsie is a vibrant and confident boy who’s bursting with energy and enthusiasm for life! This lively boy loves nothing more than spending time with his fellow greyhounds — their company really makes him shine. With a slow and careful introduction, Lawsie can also learn to get along well with small dogs, though he’s better suited to a household that understands his playful and excitable nature. Lawsie thrives in a home with older children who can keep up with his high energy and enjoy joining in on his fun adventures. He’s happiest when he’s zooming around, chasing his favorite toys, and letting loose with the classic greyhound zoomies that will bring a smile to anyone’s face. His playful spirit and bright personality make him a true bundle of joy to be around. While Lawsie is friendly and outgoing, he is a bit stronger on the lead due to his excitement, so some patient lead training will help him focus and walk calmly by your side. This little guy is eager to learn and wants to impress his new family! If you’re looking for a confident, happy-go-lucky companion who will fill your home with energy and love, Lawsie could be the perfect match. He’s ready to bring endless fun and affection to a patient family who can match his pace and appreciate his wonderful personality.","lawsie",""
"2021-12-01","Northern Rivers (Grafton, Lismore, Casino)","956000007421455","Speedy","2026-02-27","MALE","","Meet Speedy 🐕‍🦺 Speedy is a true friend to all dogs and thrives on socializing with his canine companions. He’s incredibly friendly and easy going, but when it comes to smaller pups, he appreciates those who are confident and respectful—he knows how to set boundaries without fuss. With the right doggy friends, Speedy blossoms into the perfect playmate and loyal buddy, making him an ideal addition to a multi-dog household where everyone gets along peacefully. Travel is no trouble for Speedy; in fact, he’s always eager to hop in the van and go on new adventures. Whether it’s a quick trip to the park, a visit to the vet, or a day out exploring, Speedy handles car rides like a seasoned pro. His calm demeanour makes traveling stress-free and enjoyable for everyone involved. On walks, Speedy is a dream. He walks beautifully on the lead, matching your pace with effortless grace and a happy tail wag. His cruisy personality shines through every step, making your daily strolls a pleasure rather than a chore. Beyond his sociable nature with dogs and his love for travel, Speedy has a wonderfully happy and relaxed attitude towards life. He’s content to chill at home, soak up some sun, or simply be near his humans, always with a calm, gentle presence that brings peace to any household. If you’re looking for a well-mannered, sociable, and super laid-back companion who loves life, good company, and peaceful adventures, Speedy is the one to meet. With his loving nature and easy going spirit, he’s ready to cruise his way into your heart and home.","speedy-5",""
"2022-12-01","Hunter Valley Mid Coast (Maitland/ Muswellbrook/Newcastle/Forster)","956000015749226","Millie","2026-02-27","FEMALE","","Meet Millie 🌿 Millie is a lovely greyhound with a gentle spirit who tends to be a little nervous in new situations. She needs some encouragement and lots of patience as she learns to feel safe and comfortable in her new surroundings. With the right support, Millie will blossom into a loving and devoted companion. Because Millie is shy, she would benefit hugely from foster care, where she can receive one-on-one attention and gentle guidance during her initial settling-in phase. A quiet, calm household would be the perfect environment for her to grow in confidence without feeling overwhelmed. Millie is good with cats and would happily share her home with them. When it comes to other dogs, she’ll need a slow and careful introduction to build trust and feel at ease. With time and gentle encouragement, she can learn to enjoy canine company. This special girl is looking for someone with a kind heart who understands that patience and love are the keys to helping her settle in and feel truly at home. If you have a calm space and the time to nurture Millie’s confidence, she could be the perfect addition to your life.","millie-5",""
"2021-01-01","Hunter Valley Mid Coast (Maitland/ Muswellbrook/Newcastle/Forster)","956000007356655","Dancer","2026-02-27","FEMALE","","Meet Dancer 💃 Dancer is a beautiful girl with a quiet charm and a soul full of tenderness. A little shy at first, she takes her time to get comfortable in new surroundings—but once she gets to know you, she reveals the sweetest, most affectionate side of herself. She loves companionship but prefers to make the first move. Once she feels safe, she’ll come to you for affection. Dancer is looking for a calm, peaceful home where she can truly relax and come into her own. A quieter household, free from too much hustle and bustle, would suit her best—somewhere she can settle at her own pace and feel secure. She’d do well with older, respectful children who can give her the gentle space she needs to flourish. She’s wonderfully polite with other animals and gets along well with both dogs and cats. Whether she joins a home with other calm pets or becomes your one and only, she’ll be a loyal and loving presence once she finds her confidence. This lovely girl isn’t looking for loud excitement or constant attention—just a safe place, kind people, and the chance to build a bond that runs deep. With a little time, a lot of love, and plenty of patience, Dancer will reward you with quiet loyalty and a heart full of trust. Dancer is ready to find her soft place to land.","dancer-1",""
"2017-07-01","Western Sydney (Londonderry)","956000009519629","Georgia","2026-02-27","FEMALE","","This sweet girl has entered her golden years and is ready to find her forever home! Georgia warms up to new people in no time and loves affection, often leaning in for more pats and scratches behind the ear (an easy way to win her over!). Georgia would prefer a quieter home with a laid back life style so she can spend her days upside down on a couch or catching rays in the yard. A home with adults or older children would also best suit Georgia. She gets a long well with other Greyhounds so pending a meet and greet, could suit a home with another medium to large canine friend. Meet Georgia at Western Sydney!","georgia-3",""
"2023-03-01","Northern Rivers (Grafton, Lismore, Casino)","956000014887458","Jerry","2026-02-27","MALE","","Hi, I'm Jerry! I love kids aged 2 up and have lots of experience with them, I'm gentle and love the attention if I'm honest! I'm overall laid back & gentle, and have done all sorts of things to get ready to be your perfect pet, including meeting a staghound & Great Dane x. I'm super easy on lead, not an active dog but loves attention when seeing visitors, and would love to get out and have a play with you in the yard during the day! I like travelling in cars and vans, easy to walk on the lead and love playing with squeaky toys. I could live with other dogs male or female, and I'm ready to show off my happy go lucky energy!","jerry-7",""
"2021-05-01","Mid North Coast","956000007430616","Jill","2026-02-27","FEMALE","","Jill is a sweet and gentle soul who’s looking for a calm, loving home where she can settle in at her own pace. She can be a little shy to start, but with patience and kindness, she’ll begin to show you just how affectionate and loving she truly is. Jill would be best suited to a quieter lifestyle, where she can feel safe, secure, and take things one step at a time. With slow and careful introductions, she could potentially be okay around smaller dogs, especially those who are calm and respectful. If you’re looking for a soft-natured companion who will quietly steal your heart, Jill might be the perfect match.","jill-6",""
"2020-10-01","Hunter Valley Mid Coast (Maitland/ Muswellbrook/Newcastle/Forster)","956000007455878","Bob","2026-02-27","MALE","","Meet Bob 🐾 Introducing Bob, a gentle, affectionate greyhound with a heart full of love and a calm, easy-going nature. Bob is the kind of companion who doesn’t need much – just a quiet home, some treats, and a loving human (or two) to call his own. Bob is friendly with other dogs, cat-tolerant, and would do well in a home with older, respectful children. His gentle demeanour and soft, soulful eyes make him a peaceful presence, and he’s happiest when surrounded by the people he loves. This sweet boy has so much affection to give and loves nothing more than being close to his human family. He’s more than happy to chill out for most of the day, watching the world go by from a comfy spot in the house, or curling up next to you for some quiet company. Bob isn’t looking for adventure – just a calm, loving home where he can feel safe, relaxed, and cherished. If you’re after a loyal companion who will bring peace, love, and gentle tail wags into your life, Bob might just be the perfect match. He’s ready to settle down and soak up all the love his forever family has to offer – could that be you?","bob-16",""
"2024-05-01","Hunter Valley Mid Coast (Maitland/ Muswellbrook/Newcastle/Forster)","956000015654585","Nicko","2026-02-27","MALE","","Meet Nicko 💤 🐾 Looking for a calm, low-maintenance companion to match your relaxed lifestyle? Nicko might be your perfect match. This laid-back greyhound boy is the definition of cool, calm, and collected. With his gentle nature and love for the quiet life, Nicko would thrive in a peaceful home with someone who enjoys a slower pace and values the joy of simple companionship. Nicko is incredibly relaxed around other dogs and enjoys the company of canine friends. He’s also shown a calm curiosity around children, making him a lovely addition to a home with respectful kids who understand his mellow vibe. And here's a bonus – Nicko could live with a cat! With a careful and slow introduction, he may adapt well to a feline housemate, making him a rare gem in the greyhound world. Nicko isn't the type to demand constant attention or high-energy adventures – a comfy bed, a few gentle walks, and the quiet presence of his human(s) is all he needs to be content. He’s ideal for someone who works from home, is retired, or simply prefers the comfort of a more peaceful routine. If you’re ready to share your life with a sweet, chilled-out greyhound who just wants to be near you and enjoy the calm moments, Nicko is waiting to meet you.","nicko",""
"2020-07-01","Hunter Valley Mid Coast (Maitland/ Muswellbrook/Newcastle/Forster)","956000007840661","Emma","2026-02-27","FEMALE","","Meet Emma 🐾 Say hello to Emma, a gentle, affectionate, and quietly charming greyhound with a heart full of love. With her graceful presence and calm nature, Emma is the kind of dog who quickly becomes the heart of any home. She loves nothing more than spending time with her people – whether that’s relaxing on the couch, following you around the house, or just being nearby while you work or unwind. Emma walks beautifully on the lead and enjoys her daily strolls, especially when she gets to catch up with her greyhound friends. She’s well-mannered around other medium to large dogs and has a calm, friendly way about her that makes her easy to get along with. Emma is also great with children and would be a wonderful companion for a family or a household with visiting grandkids. While she’s happy to snooze the day away in true greyhound fashion, Emma does best when she has company. She would thrive in a home where someone is around most of the time – whether you work part-time or from home, Emma will be your loyal and loving sidekick. If you’re looking for a gentle soul with lots of love to give, Emma is ready to steal your heart and become your new best friend.","emma-5",""
"2022-12-01","Hunter Valley Mid Coast (Maitland/ Muswellbrook/Newcastle/Forster)","956000014883084","Charlie","2026-02-27","MALE","","Meet Charlie! 🐾🌟 Charlie is a gentle, slightly reserved greyhound who quickly warms up once he feels settled and safe. This calm and affectionate boy enjoys exploring the world through his nose, taking in all the smells and sights on his sniffing adventures. Charlie thrives on companionship and would be happiest in a home where he can be part of the family’s daily life. He’s great with other dogs and cats, making him an ideal addition to a multi-pet household. Charlie’s easy-going nature means he adapts well to new environments, especially with a little patience and time to adjust. Charlie would do best in a home where he isn’t left alone for long periods. He loves having company, whether that’s a family with kids to keep him entertained or someone who works from home or part-time, so he never feels lonely. If you’re looking for a sweet, adaptable companion who loves to explore and enjoys the company of both humans and other pets, Charlie is ready to be your loyal friend. Charlie would be most suited to: A multi-pet household with dogs and/or cats A family environment with children who can provide gentle companionship A home where someone is present part-time or works from home An owner or family willing to give him time and patience to settle in A calm and loving environment where he can enjoy daily sniffing adventures and relaxed walks If Charlie sounds like your perfect match, do not hesitate to come and meet him!","charlie-18",""
"2022-07-01","Hunter Valley Mid Coast (Maitland/ Muswellbrook/Newcastle/Forster)","956000007430385","Archie","2026-02-27","MALE","","Meet Archie 🐾 ✨ Archie is a truly wonderful boy with a heart full of social spirit and a calm, confident nature. He absolutely adores spending time with other greyhounds and is happiest when he has a canine buddy by his side. Archie is great with medium to large dogs and fits perfectly into a multi-dog home where he can enjoy plenty of furry company. But it’s not just other dogs that Archie loves — he’s incredibly social and affectionate with people too! Archie thrives on human interaction and is always eager to make new friends, whether it’s a quick pat or some relaxed downtime together. His easy-going temperament means he’s not phased by much — busy environments, new places, or changes in routine don’t rattle this laid-back boy. Archie would do well in a home with older children who understand how to respect boundaries and enjoy gentle play. His calm and steady demeanour makes him a wonderful companion for families, singles, or anyone looking for a loyal, loving dog who’s ready to be part of the family. If you want a confident, friendly, and adaptable greyhound who gets along with both dogs and humans alike, Archie is the perfect match!","archie-14",""
"2022-05-01","Southern NSW/ACT (Bulli, Nowra, Goulburn, Canberra)","956000011324074","Kingsley","2026-02-27","MALE","","King is a wonderful boy who likes to chase after toys and play. He has great recall and comes when called. He is a great companion and very affectionate. He has been living around a mixture of native and domestic animals.","king-9",""
"2022-05-01","Southern NSW/ACT (Bulli, Nowra, Goulburn, Canberra)","956000011346656","Val","2026-02-27","MALE","","Val is a cuddly and affectionate softie. He will love to be around you when your home and play with toys and love going for walks with you. He would make an excellent addition to the family.","val-2",""
"2022-12-01","Western Sydney (Londonderry)","956000014915342","Tito","2026-02-27","MALE","","If you're after a happy, friendly greyhound with a love for life, Tito is your guy! This cheerful boy is bursting with personality and with treats, toys and some love, his tail will always be wagging. Tito loves engaging with the new people he meets while he's out and about and wouldn't mind a home with older kids to match his playful spirit. He’d do best in a home with a backyard where he can have a play, do some zoomies or catch some rays ☀️ Tito may suit a home with another medium to large dog, pending a meet and greet to make sure it's the right fit for everyone! He’s also a star in the crate, happily munching on treats and chilling out. If you're ready for a life full of joy, play, and tail wags, Tito is the guy for you. Come and meet him at Western Sydney!","tito-1",""
"2016-11-01","Northern Rivers (Grafton, Lismore, Casino)","956000005574412","Jitter","2026-02-27","FEMALE","","Meet Jitter 🌸 Say hello to Jitter, a beautiful senior lady with the softest eyes and the gentlest soul. She’s in her golden years and is now searching for the perfect place to enjoy the peaceful, loving retirement she so deeply deserves. Jitter is the definition of easy-going. She’s friendly, affectionate, and content to go with the flow. She’s fantastic with other dogs – big and small – and is also completely cat-friendly, making her a great fit for multi-pet homes. She’s also happy to share her space with children, as long as they’re the calm, gentle type who understand her love for quiet companionship. While Jitter enjoys affection – especially a soft pat and a warm cuddle – she’s also totally fine doing her own thing. She’s independent in the best way, happy to potter around the house or snooze in a comfy spot nearby while you go about your day. She doesn’t demand attention, but she’ll always be ready for a cuddle when you are. Jitter would thrive in a calm, relaxed household where she can enjoy the simple pleasures: soft beds, gentle hands, a quiet garden or sunny windowsill, and the company of people and pets who appreciate her peaceful energy. She’s not the type to bounce around or seek adventure – instead, she’s looking for a home filled with comfort, love, and understanding. Jitter is a low-maintenance, high-love kind of girl who will bring calm, comfort, and quiet joy to the right home. Let her spend her golden years knowing she’s truly loved.","jitter",""
"2021-01-01","New England","956000014510438","Jimmy","2026-02-27","MALE","","Jimmy is the sweetest boy a heart full of love and legs built for adventure. This playful boy is looking for his forever home where he can shine as either your one-and-only or alongside another medium to large dog who matches his energy and style. 🐾 Personality & Temperament: Playful & affectionate – Jimmy loves to play and thrives on human interaction. Walk enthusiast – Walks are his favorite part of the day, and he’ll happily trot beside you rain or shine. Kid-friendly – Best suited to homes with older children who understand gentle dog manners. 🏡 Ideal Home: Jimmy would do best in a home where he’s either the only pet or paired with another dog of similar size. He’s not suited to living with small dogs or cats, but he’s got plenty of love to give to his human family.","jimmy-10",""
"2020-09-01","Northern Rivers (Grafton, Lismore, Casino)","956000012805487","Zara","2026-02-27","FEMALE","","Zara is a chilled and easy going girl Zara would like a quiet home where she can chill with her family and perhaps go on a short walk every few days Zara has been living in a home and is quiet and easy to live with Zara has been socialised with small dogs and would be fine with a relaxed quiet small friend","zara-6",""
"2021-01-01","Hunter Valley Mid Coast (Maitland/ Muswellbrook/Newcastle/Forster)","956000007456471","Bob","2026-02-27","MALE","","Bob is a vibrant and playful greyhound who’s full of life and always ready for the next adventure. He would thrive in an active home with a yard to run around in and older kids to keep him company. Bob is high on life, he loves his zoomies, enjoys playing with toys (his absolute favourite activity), and is always up for a cuddle once he’s had his fun. He walks well on lead and is very social, enjoying the company of people and other dogs. While he’s not a fan of cats, he might do well with a medium to small dog in the home, provided introductions are done slowly and with care. Bob travels beautifully in the car and takes everything in stride. He will need an experienced owner or someone patient and understanding, as he may take a little time to learn house manners and settle into a routine. He’s smart, enthusiastic, and eager to please, he just needs the right guidance. Overall, Bob is just happy to be here. With the right family, he’s going to be an incredibly fun and loving companion.","bob-15",""
"2021-09-01","Western Sydney (Londonderry)","956000007419695","Gary","2026-02-27","MALE","","Hey mate, the names Gary, good to meet ya! I am a lovely, happy boy, and pretty much a friend to everyone I've met. Everyone loves Gary, if I do say so myself! I'll wag my tail like crazy, probably do a zoomie, but I don't mind my down time too mate! I reckon I could get along with your dog if you've already got one at home, and even those little trouble makers at home, I figure kids would be great fun, more attention for ol' Gary! Give me a backyard or a townhouse and I'll make myself right at home. I might not have been a pet before but I have such a can do attitude, I'll fit in anywhere. Come meet Gaz at Western Sydney.","gary-2",""
"2020-02-01","Western Sydney (Londonderry)","956000007832122","José","2026-02-27","MALE","","Hi! I have just met you and I love you! I'm José, a friendly, confident boy, I love people, pats and attention! I hope you can see how full of love I am from my cute photos. I will put my head on you and ask for more pats! I'm a sweet guy who is good around other dogs, including mingling with small dogs at times. I don't mind chilling out in a crate but I don't need one! I'd love a backyard, a social life, adventures, and maybe even children to give me lots of pats and adoration, too! Meet me at Western Sydney!","jose-2",""
"2022-01-01","Western Sydney (Londonderry)","956000011658223","Pat","2026-02-27","MALE","","Hi, I'm Pat! I promise to be the bestest boy ever! I hope you like me too. I am a very friendly and affectionate boy. I love food and can be a little shy. I am called a lounge lizard by my current family. I've even done things like go to the beach, meet children, and see the sights on street walks. I don't really show much interest in toys but I have perfected the greyhound zoomie. A paddock gallop is my 'happy place'. I hope you have a backyard for me to chill out in! You can meet me and ""Pat me"" at the Western Sydney adoption centre!","pat-7",""
"2019-11-01","Northern Rivers (Grafton, Lismore, Casino)","956000012226511","Royal","2026-02-27","FEMALE","","Meet Royal 👑🐾 Royal is a delightful girl who truly lives up to her name. She’s a playful and affectionate sweetheart who adores making friends—especially with other dogs, no matter their size! Royal’s favourite thing in the world is playing with her furry pals, and she’ll happily invite any dog she meets to join in on the fun. Whether it’s a game of chase, tug, or just a joyful romp, Royal is always ready to play. This gentle lady would make a wonderful family pet. She’s calm and confident, not easily stressed by new people or environments, which makes her adaptable and easygoing in all kinds of settings. Royal loves her toys and can spend hours happily entertaining herself or sharing playtime with her favourite humans. When she’s not busy playing or making new friends, Royal is a cuddle bug who loves to snuggle up and soak in all the love and attention she can get. She’s a perfect balance of lively and laid-back—a true joy to have around. If you’re looking for a loving, playful, and incredibly social companion who will bring laughter and warmth into your home, Royal is ready to steal your heart and become your family’s new best friend.","royal-2",""
"2020-03-01","Hunter Valley Mid Coast (Maitland/ Muswellbrook/Newcastle/Forster)","956000007842710","T Rex","2026-02-27","MALE","","Meet T-Rex 🦕 Dog Friendly: Yes – best with medium to large dogs Child Friendly: Yes – best suited to a home with older children Ideal Home: A family with a secure backyard and an active lifestyle Don’t let the name fool you – T-Rex is all heart and happiness! This big, bouncy boy is bursting with personality and ready to find a family who’ll love his enthusiastic, affectionate nature. T-Rex is a social butterfly through and through. He’s currently living with other greyhounds and thrives in their company, especially those who can match his playful energy. He’s also friendly with medium and large dogs, and loves being part of a pack. This boy lives for his people – always close by, always ready to join in. Whether you're moving around the house or heading out for an adventure, expect T-Rex to be your loyal shadow. He’s interactive, affectionate, and happiest when included. T-Rex would do best in a home with older children who can enjoy his energy and help guide his big personality. A backyard is a must – he’s got some serious zoomie skills and needs space to stretch those long legs. While he’s eager to get out and explore, T-Rex can be strong on the lead, so he’ll need confident handlers who can continue his training and help him channel his excitement on walks. He will be your super social and loyal shadow and sidekick If you’re ready for a fun, affectionate, and outgoing greyhound who will bring non-stop joy and energy into your life, T-Rex is your guy.","t-rex",""
"2020-11-01","Western Sydney (Londonderry)","956000007786716","Vaughn","2026-02-27","MALE","","Vaughn has been described by his handlers as simply ""amazing""! He is outgoing and affectionate with people & would suit a family home with a yard for him to relax in. He cannot wait to show you his Vaughn-derful personality! He is highly engaged with his training, best suited to house/townhouse living and settles alone well in a backyard setting. He’s already learned a bunch of tricks like 'down', shake, recall, his name, and on/off bed, and he’s currently working on sit. He’s quick to pick things up! He will need a home with a yard where he can run and play till his heart’s content. A family that will continue to help him on his training journey and a calm, loving environment where he can relax and feel secure. His best home is a family who want to do dog training, adventures and cool fun activities with him! Vaughn is available from the Western Sydney adoption centre.","vaughn",""
"2021-03-01","Northern Rivers (Grafton, Lismore, Casino)","956000014517931","Zippa","2026-02-27","MALE","","Meet Zippa!🐾 Zippa is a charming, affectionate boy who’s never met a dog he didn’t want to be friends with—especially if they’re fellow greyhounds! He thrives on canine company and is always the first to say hello with a happy wag and a gentle nuzzle. This social superstar settles quickly into new environments and brings calm confidence wherever he goes. Whether it’s a bustling park or a cozy home, Zippa makes himself right at home in no time. He absolutely adores human affection and will happily lean in for cuddles, neck scritches, and all the love you’re willing to give. With his friendly nature and easy-going personality, Zippa is a joy to have around and will make a wonderful companion for a home with other dogs—or just humans ready to shower him with love.","zippa",""
"2022-09-01","Northern Rivers (Grafton, Lismore, Casino)","956000014888140","Pebbles","2026-02-27","FEMALE","","Meet Pebbles! 🐶 Pebbles is a bright, bubbly, and super social greyhound who’s ready to win hearts wherever she goes! This lovely lady has a big personality and an even bigger heart — she adores the company of other dogs and gets along with absolutely everyone she meets, both two-legged and four. Pebbles has been well-socialised in the community and is comfortable and confident in a variety of environments. She’s spent plenty of time indoors and knows how to settle into home life with ease. Whether she's out and about or relaxing at home, Pebbles is always engaged, curious, and tuned into her humans. She’s a huge fan of pats, cuddles, and—of course—treats! Show her a snack and she’ll be your best friend in an instant. Her friendly, affectionate nature makes her a joy to be around, and she’s always up for a chat (or at least a tail wag and a nuzzle). Pebbles would thrive in a home where she can continue being part of the action—whether it’s social outings, doggy playdates, or simply lounging at your feet after a day full of love and attention. If you're looking for a sweet, sociable girl who’s already got the hang of home life and is ready to be your loyal companion, Pebbles is your perfect match.","pebbles-6",""
"2021-02-01","Western Sydney (Londonderry)","956000011712732","Bobby (Western Sydney)","2026-02-27","MALE","","Meet Bobby! a sweet, affectionate boy with a big heart and a love for close company. 🐶💛 Bobby has experience mingling with medium to large dogs, including a German Shepherd, and would thrive in a home with another friendly dog to keep him company and help him feel secure. He’s wonderful inside the home and is happiest when snuggled up on the couch or bed with his people. Bobby would suit a family with older children who can enjoy playtime and give him the gentle guidance he needs. A home with a secure yard and experienced owners would be ideal, as Bobby is still building his confidence and will benefit from patient support to help him express himself and continue to grow. With the right environment and lots of love, Bobby will blossom into an incredibly loyal and loving companion. Meet Bobby at the Western Sydney adoption centre.","bobby-western-sydney",""
"2022-11-01","Western Sydney (Londonderry)","956000015729131","Son","2026-02-27","MALE","","Hi, I'm Son! I've been described as calm, loving, sociable, and easy going! I'm happy travelling, snoozing in crates, snuggling into new people for a bit of attention and pats. I've got a charming nature and I think I'm pretty adaptable in new situations! I would suit respectful kids and a backyard to search for my toys in! I'm a confident fella who can't wait to meet you. You can meet me at the Western Sydney adoption centre!","son-7",""
"2020-12-01","Western Sydney (Londonderry)","956000007374898","Edi","2026-02-27","FEMALE","","Hi, I'm Edi! I was born on Christmas Day! I can be shy around new people but I promise to be a total love bug once I know you! I'm learning about all things ""pet"" right now including being indoors, things like couches and TV's are pretty cool! I also like the crate, and the splashy pool in summer! I'm learning about busy streets and have mingled with kids, too. I am quiet, affectionate, calm and friendly and hope you would like to come and meet me at the Western Sydney adoption centre!","edi-1",""
"2021-09-01","New England","956000012790590","Diesel","2026-02-27","MALE","","With his sweet little undershot jaw, Diesel oozes character both on the outside and on the inside! This sweet dog is good with children and other dogs, he is ready to slot right into family life and find a sofa to call his own. Whist he loves to play ball and goof around, Diesel is also happy to curl up next to his person for a cuddle and a snooze!","diesel-6",""
"2020-09-01","Western Sydney (Londonderry)","956000011723017","Harper","2026-02-27","FEMALE","","Harper is a loveable girl who keeps life interesting in the best way possible! Her quirky, fun-loving nature is sure to bring smiles and laughter to her new home. She has learnt her name and can recall on the lead, and loves to lay down on any bed possible, anywhere and everywhere! She is a very sweet natured girl and loves to play with other greyhounds here, too. She’s full of excitement when she’s outside but once she’s indoors, Harper settles in and loves being close to her people. She does cope fine on her own, especially indoors. She would thrive in a home with older kids. An owner willing to continue her training around smaller breeds of dogs will see Harper succeed as she would benefit from ongoing exposure. If you’re after a sweet, silly, and affectionate companion with a big personality and an even bigger heart, Harper is ready to move in and make your days brighter. Harper can be adopted at the Western Sydney adoption centre.","harper-2",""
"2021-09-01","Hunter Valley Mid Coast (Maitland/ Muswellbrook/Newcastle/Forster)","956000007432818","Boris","2026-02-27","MALE","","Meet Boris! 🐕 Boris is a high-energy, fun-loving boy with a big personality and an even bigger heart. With his confident nature and bouncy enthusiasm, he’s always ready to play, explore, and soak up all the affection he can get. Boris gets along great with medium to large dogs and would thrive in an active home where he can be part of the action. Whether it’s going on adventures, playing in the yard, or just enjoying time with his people, Boris is all in. He would also love a friend at home to keep him company and is happy to play with him. If you’re an energetic family looking for a lively, loving companion who brings joy wherever he goes, Boris is your guy!","boris-4",""
"2019-12-01","Western Sydney (Londonderry)","956000012257986","Gazza","2026-02-27","MALE","","Gazza is a sweet boy who travels well in vans, cars and trailer, also walks well on lead on adventures out and about. Gazza has shown polite manners with children ranging from 20 months to 9 years old, showing a gentle & polite indifference. Gazza has spent time mingling with big and small dogs and would suit a home looking for a laid back boy happy to go with the flow. Gazza dreams of a little backyard to spend his days in and kids to keep him entertained during the day. He can be adopted at the Western Sydney adoption centre.","gazza-1",""
"2023-11-01","Mid North Coast","956000016207399","Albert","2026-02-27","MALE","","Meet Albert 🐾 Albert is a quiet, clean, and gentle soul who’s ready to find his forever home. He’s the kind of greyhound who takes life in his stride—literally! He walks beautifully on the lead, travels like a pro, and is an all-around easy companion. While he can be a little shy at first, Albert warms up quickly and really comes into his own once he’s settled. He absolutely loves a good run with his canine pals and gets along wonderfully with dogs of all shapes and sizes. Albert would thrive in a calm, loving home where he can enjoy his daily walks, zoomies with friends, and a comfy spot to relax. If you're looking for a sweet, well-mannered boy with a playful side, Albert might just be your perfect match.","albert-2",""
"2021-02-01","Mid North Coast","956000014517053","Grace","2026-02-27","FEMALE","","Meet Grace ☀️ Grace is a calm, friendly girl with a beautifully chilled personality and a love for the simple things in life — like a sunny spot to nap in and the company of other dogs. She’s previously lived happily with other canine companions and would love a home where she can continue to enjoy that friendship. She would be equally as happy being an only dog with her human friends. Grace has lived inside a home before; she walks nicely on the lead and travels well — making outings easy and enjoyable. Whether she's strolling beside you or stretching out in the sunshine, Grace brings a gentle, contented energy wherever she goes. She’s the perfect mix of affectionate and independent and would thrive in a home that appreciates her relaxed nature and loving heart. If you’re looking for a loyal companion who’s happy to share her space, her sunshine, and her heart — Grace is ready to meet you.","grace-9",""
"2023-07-01","Mid North Coast","956000016289402","Edna","2026-02-27","FEMALE","","Meet Edna 🌸 Edna is a lovely, soft-natured girl with a quiet charm and a heart full of potential. She enjoys the company of other dogs and her human friends. Edna walks beautifully on the lead and travels calmly, making her a joy to take out and about. While she may be a little shy at first, given time and gentle encouragement, she begins to show her sweet, affectionate personality. She would thrive in a quieter home where she can take things slowly and build confidence with patient people by her side, especially as she navigates new environments at her own pace. Once she feels settled, Edna blossoms — and her gentle companionship is truly special. If you're looking for a loyal friend to love and nurture, Edna might just be the perfect match.","edna",""
"2020-03-01","Mid North Coast","956000013060347","Horse","2026-02-27","MALE","","Meet Horse 🐾 Horse might have a big name, but he’s a total softie at heart. This gorgeous boy is the definition of laid-back – calm, collected, and always up for a cuddle or a tasty treat (he’s a bit of a snack connoisseur!). Horse gets along brilliantly with other dogs, making him the perfect companion whether you're out on a group walk or welcoming visitors at home. He travels like a pro, whether it's a quick ride or a longer trip, and he's even happy to wait patiently in the car while you pop into the shops – no fuss, no bother. Friendly with everyone he meets and just the right amount of nosey (we call it “curious charm”), Horse has a gentle soul and a curious streak that keeps life interesting. If you’re after a relaxed, loving dog who’s as easy-going as they come, Horse is your guy. Treat in hand? You’ve got a friend for life, the Gentle Giant with a heart of gold!","horse-2",""
"2019-07-01","Southern NSW/ACT (Bulli, Nowra, Goulburn, Canberra)","956000006794477","Sooky","2026-02-27","FEMALE","","walks well on lead Confident and social. higher energy dog for someone thats looking for adventure and likes fitness jumps up and down playful and jumps up to give cuddles likes to go off and explore would love a big backyard good for fulltime working hours enjoys a zoomie","sooky",""
"2021-09-01","Hunter Valley Mid Coast (Maitland/ Muswellbrook/Newcastle/Forster)","956000011705157","Franky","2026-02-27","MALE","","Meet Franky 🐾 Franky is a sweet boy who adores the company of other dogs and would do well living with a feline friend, provided they have a very slow and gentle introduction. With his engaging personality, Franky loves to sniff and explore his surroundings, always curious about the world around him. He would thrive in a home with another pet to keep him company, especially where someone works from home or part-time, so he can enjoy plenty of companionship throughout the day. Franky’s playful spirit and affectionate nature make him a wonderful addition to a loving family ready to share adventures and quiet moments alike.","franky",""
"2021-04-01","Mid North Coast","956000007419865","Sam","2026-02-27","MALE","","Say Hello to Sam – A Gentle Soul Ready to Bloom 🌱 Sam is a sweet boy who’s looking for a quiet home where he can truly come into his own. A little timid at first, Sam takes his time to get to know you– but once he feels settled, his playful and affectionate side begins to shine. He enjoys the simple joys in life: a gentle game in the yard with his canine friends, a few soft toys to toss around, and, of course, a tasty treat or two! Sam gets along well with other dogs and would love a calm canine companion to help boost his confidence. With a bit of patience and a lot of love, Sam will reward you with loyalty, quiet companionship, and those special moments that come from watching him blossom.","sam-12",""
"2021-07-01","Hunter Valley Mid Coast (Maitland/ Muswellbrook/Newcastle/Forster)","956000013034060","Davie","2026-02-27","MALE","","Introducing Davie 🐾 Davie is a gentle, affectionate boy with a heart of gold and a tail that never stops wagging! This easy going boy is the perfect fit for just about any household – whether you have children, other dogs, or just need a calm companion by your side. He walks beautifully on a loose lead and has wonderfully relaxed body language, making strolls together an absolute pleasure. Davie is a social butterfly who gets along with dogs of all shapes and sizes, and his sweet, patient nature makes him a hit with kids too. Whether it’s lounging at home, greeting new friends, or enjoying a quiet walk, Davie’s laid-back personality and loving nature shine through in everything he does. If you're looking for a loyal, low-maintenance friend with lots of love to give, Davie might just be your perfect match!","davie",""
"2021-07-01","Western Sydney (Londonderry)","956000011712426","Bozo","2026-02-27","MALE","","Bozo is a tall, shy, and gentle boy. He might be big and tall but he has a quiet, soft and wise personality. If you're looking for a very gentle giant, who loves to lean on you and look up at you with puppy dog eyes, Bozo is the perfect match. Bozo is such a gentleman, especially around other dogs. He is a calm, reserved boy who would suit a home who can build up his confidence. A quiet, understanding owner who is interested in helping shy dogs become the best confident version of themselves, would be the perfect fit for our gentle giant, Bozo. Come and meet him at the Western Sydney adoption centre.","bozo-2",""
"2022-03-01","Northern Rivers (Grafton, Lismore, Casino)","956000011646777","Zane","2026-02-27","MALE","","Say hello to Zane! 🐾 Say hi to Zane, a lovable boy with a bright personality and a constantly wagging tail! Zane is the kind of dog who takes life in stride—always happy, always friendly, and ready to make new friends wherever he goes. Zane gets along beautifully with dogs of all shapes and sizes. Whether he’s meeting other Greyhounds or mingling with different breeds, he’s calm, polite, and loves being part of the action. Busy environments? No problem for Zane! He takes everything in with a relaxed attitude and copes well with new places, people, and experiences. He’s curious, confident, and always up for a new adventure—especially if there are treats involved (his favourite!). Zane would thrive in a home where he gets to be part of the fun and share his joy with others. If you’re after a gentle, friendly companion who brings sunshine wherever he goes, Zane might just be your perfect match.","zane",""
"2022-04-01","Hunter Valley Mid Coast (Maitland/ Muswellbrook/Newcastle/Forster)","956000011647482","Chloe","2026-02-27","FEMALE","","Meet Chloe — the confident, friendly tail-wagger who loves her doggy pals! 🐾💖 Chloe is a happy-go-lucky greyhound with a big heart and an even bigger tail — because she just can’t stop wagging when she’s around other dogs! 🐕💨 She already lives with a small dog and absolutely loves having furry friends to share her days with. With her confident and friendly personality, Chloe is always ready to say hello, make new friends, and spread good vibes wherever she goes. Whether she’s meeting new pups on a walk or chilling at home with her canine buddy, she’s a true social butterfly. 🦋🐶 If you’re looking for a cheerful, outgoing greyhound who adores company and knows how to make friends easily, Chloe is the perfect match!","chloe-12",""
"2020-01-01","Hunter Valley Mid Coast (Maitland/ Muswellbrook/Newcastle/Forster)","956000007357256","Garth","2026-02-27","MALE","","Introducing Garth… 🐾✨ Garth is a clever, confident greyhound who is happy to sniff out the world around him. 🌍👃 Whether it’s a leafy park, a busy street, or a quiet trail, Garth’s nose is always on a mission. He’s got a serious sniff game going on, taking in all in. But don’t let his independent streak fool you — when it’s time to wind down, Garth transforms into a total cuddle champ. 🥰 He’s a pro at snuggling up close, giving the best warm, cozy vibes after a long day of exploring. 🐕❤️ On walks, Garth is the perfect gentleman: calm, focused, and walking nicely on the lead. 🐕‍🦺 He’s happy to take the lead on where to sniff next, but always by your side. If you’re after a smart, easy-going companion who loves his independence but knows how to share the love, Garth is your guy and he can’t wait to meet you! 💙","garth",""
"2021-03-01","Western Sydney (Londonderry)","956000012863981","Canya","2026-02-27","MALE","","Canya is a cute guy, happy to settle where ever and go with the flow. He walks nice on lead, happy around new people and happy wagging tail where ever he goes. Canya would enjoy an outdoor area to call his home whether that's a courtyard or backyard. Super friendly and easy going, Canya would happily join a family with children or other dogs. He will lean on you and be forever grateful and love you forever for the adventures and treats that come his way! Canya is available at the Western Sydney adoption centre.","canya",""
"2019-12-01","Western Sydney (Londonderry)","956000012226848","Benny","2026-02-27","MALE","","B-B-B-B-Benny and the Pets! Benny is calm around other dogs and would be happy to live with a big or small dog pal. He travels well in the car, and happy to sniff and explore new places with you. He's laid back and happy to go with the flow. A backyard/townhouse would be best suited so he has some outdoor space to call his own. He’s a sucker for the occasional Elton John ballad playing in the background while he naps. Adopt Benny and get front row seats to unconditional love. Benny is available at Western Sydney.","benny-9",""
"2017-08-01","Hunter Valley Mid Coast (Maitland/ Muswellbrook/Newcastle/Forster)","956000009462053","Sadie","2026-02-27","FEMALE","","Say hello to Sadie! 🌸 Sadie is a cool, calm, and confident greyhound who knows exactly what she wants out of life — and that includes plenty of chill time 😌. She’s an independent lady who’s perfectly happy entertaining herself with a comfy bed 🛏️, a toy or two 🎾, and a quiet corner to call her own. She would suit a household with full time workers or with another chilled out dog. Relaxed and self-assured, Sadie takes new experiences in her stride. If you're looking for a low-maintenance companion who brings a calm presence and quiet charm into your home, Sadie could be the perfect fit 🐾💕","sadie-5",""
"2020-12-01","Hunter Valley Mid Coast (Maitland/ Muswellbrook/Newcastle/Forster)","956000007449362","Shakey","2026-02-27","FEMALE","","Meet Shakey! 🐾 Shakey is a lovable greyhound with a heart full of affection for humans and fellow dogs alike❤️. Always the initiator of cuddles and belly rubs, Shakey thrives on connection and companionship. Curious and adventurous, he loves exploring new surroundings and enjoys every walk — especially because he’s such a pro on the lead! 🚶‍♂️ He’d be happiest in a busy, lively home where there’s plenty going on and would be more than happy with another furry friend to share the fun 🐕🎉. If you’re looking for a gentle, sociable, and well-mannered greyhound to brighten your days, Shakey might just shake her way into being your perfect match!","shakey",""
"2021-10-01","Southern NSW/ACT (Bulli, Nowra, Goulburn, Canberra)","956000007423772","Max","2026-02-27","MALE","","Max is a beautiful dog who enjoys his days lazing around the backyard with his two older female greyhound friends. Max is smaller sized for a male weighing only 29kg Max is a great companion and would be perfect for a family with another large dog for him to be friends with. Max has been socialised around younger school age children and happily plays in the backyard with them. Max would make a great addition to your home and is perfect for full-time workers with a companion to hang with during the day","max-15",""
"2022-08-01","Central West (Bathurst/Dubbo/Coonabarabran)","956000015731404","Tommy","2026-02-27","MALE","","Meet Tommy – The Tail-Wagging Bundle of Joy! 🐾🎉 Tommy is a happy greyhound whose tail never stops wagging! He’s a lovable guy who thrives on cuddles, pats, and playtime—always ready to share his infectious enthusiasm with everyone he meets. Tommy loves exploring new places and sniffing out adventures, making every walk an exciting journey. His joyful spirit and affectionate nature make him the perfect companion for anyone looking for a fun-loving, loving friend. If you want a happy, playful pal who’s always up for a cuddle and a romp, Tommy’s your guy!","tommy-18",""
"2020-10-01","Hunter Valley Mid Coast (Maitland/ Muswellbrook/Newcastle/Forster)","956000011574978","Alfie","2026-02-27","MALE","","Meet Alfie! 🐾 Alfie is a handsome greyhound with a heart as big as his paws! This sociable guy adores the company of humans and loves making new friends—especially the big dog kind! With his bubbly personality and relaxed nature, Alfie is the perfect companion for a family looking for a gentle, easy-going friend. He’s fantastic with children, walks beautifully on the lead, and brings a calm, happy presence wherever he goes. Whether he's lounging in the sun or trotting alongside you on a stroll, Alfie is just happy to be part of the fun. If you're looking for a sweet, social pup with a heart of gold, Alfie’s your guy! 💛","alfie-8",""
"2020-10-01","Western Sydney (Londonderry)","956000012247522","Ray","2026-02-27","MALE","","This handsome boy is a Ray of Sunshine🌤️ Ray is the total package! Social, sweet and confident. He absolutely loves meeting new people and greets everyone like an old friend! Ray walks well on lead and loves to explore, so he wouldn't mind joining you for an adventure. He gets along well with other dogs of all sizes too! So he would'nt mind sharing his new home with a friend or two, pending a meet and greet. If you're looking for a loving companion who will brighten your days, Ray is ready to light up your life! Meet him at Western Sydney.","ray-2",""
"2020-02-01","Hunter Valley Mid Coast (Maitland/ Muswellbrook/Newcastle/Forster)","956000007837824","Bruiser","2026-02-27","MALE","","Meet Bruiser – Big Heart, Bigger Tail Wags! 🐶💕 Don’t let the name fool you – Bruiser is a total softie! This happy-go-lucky boy is bursting with love and has a tail that never stops wagging. He’s always ready to greet you with a smile and a nuzzle, and he thrives on affection from his human friends. Bruiser is full of energy and enjoys his playtime, walks, and any chance to explore the world by your side. He’s been around children aged 8 and up and would do well in a home where he can continue building those bonds – he loves being part of the action! Whether it’s zoomies in the yard or cuddles on the couch, Bruiser brings a joyful spark to every moment. He’d be a wonderful match for an active family or anyone looking for a loyal, loving companion. Ready to meet your new best friend? Bruiser can’t wait to wag his way into your heart!","bruiser-4",""
"2018-10-01","Hunter Valley Mid Coast (Maitland/ Muswellbrook/Newcastle/Forster)","956000005106467","Maggie","2026-02-27","FEMALE","","Meet Maggie – Your Future Snuggle Buddy! 🐾 Say hello to Maggie, a sweet and gentle greyhound with a heart full of love and legs made for graceful strolls. This lovely girl is as affectionate as they come – she absolutely adores pats, cuddles, and being close to her people. Maggie is a dream on the lead and makes every walk a pleasure. She gets along well with other dogs and would happily share her space with a canine friend. Whether it’s a walk around the block or a cozy nap on the couch, Maggie is content just being near those she loves. While Maggie can be redirected around cats, she still needs a bit more work and supervision in that area, so a cat-free home would be best. If you're looking for a calm, cuddly companion who will melt into your side and brighten your days, Maggie might just be the perfect match!","maggie-17",""
"2020-08-01","Central West (Bathurst/Dubbo/Coonabarabran)","956000011574597","Sonny","2026-02-27","MALE","","Sonny is a gentle, easy-going boy with a calm and placid nature. He loves a good snuggle but is just as happy doing his own thing or spending time with his people. With a slow introduction, he may get along well with smaller dogs. Sonny is a relaxed companion ready to bring quiet joy to a loving home.","sonny-5",""
"2021-05-01","Northern Rivers (Grafton, Lismore, Casino)","956000007430419","Charlie","2026-02-27","MALE","","Meet Charlie! 🐾 Charlie is a social butterfly who loves spending time with people and gets along great with other dogs. He’s full of energy and can be a bit strong on the lead at first, but he quickly settles into a calm and well-mannered walker once he gets going. Charlie is also a pro traveller—he enjoys van rides and is comfortable on the road, making him a great adventure buddy. If you’re looking for a friendly, outgoing greyhound who’s ready to join you on walks and trips, Charlie is your guy!","charlie-15",""
"2022-10-01","Northern Rivers (Grafton, Lismore, Casino)","956000011349543","Jack","2026-02-27","MALE","","Jack is a calm, easygoing greyhound who’s as lovely on the inside as he is on the outside. With his gentle nature and relaxed attitude, he settles into new environments quickly and takes everything in his stride. Jack is fantastic with children and other dogs, making him a wonderful family companion. He’s always polite, friendly, and happy to be part of the group – whether it’s a quiet day at home or a walk around the neighbourhood. He walks beautifully on the lead, never pulling or fussing, and is more than happy to stroll along at your side. Jack’s chilled-out personality and kind soul make him a joy to have around. Meet Jack by appointment at the Western Sydney adoption centre.","jack-32",""
"2019-06-01","Northern Rivers (Grafton, Lismore, Casino)","956000007829359","Greg","2026-02-27","MALE","","Meet Greg – A Gentle Soul Ready to Bloom 🌟🐾 Greg is a sweet and sensitive greyhound with a quietly charming personality. He can be a little shy at first, but it doesn’t take long for him to warm up – and once he does, you’ll see a loving and loyal companion who enjoys being part of the action in his own gentle way. Greg gets along well with other dogs and enjoys their company. He walks beautifully on the lead and is a dream to take out and about, always calm and well-mannered. He also travels well in the car, making adventures easy and stress-free. With a little patience and a lot of love, Greg will continue to come out of his shell and show you just how affectionate and easy going he really is. He’s a quiet star who’s just waiting for the right person or family to help him shine.","greg-1",""
"2019-06-01","Northern Rivers (Grafton, Lismore, Casino)","956000007857162","Sheila","2026-02-27","FEMALE","","Meet Sheila – A Sweet Soul with a Playful Heart 🐾💖 Sheila is a beautiful greyhound with a gentle nature and a heart full of love. She can be a little shy when meeting new people or exploring new places, but give her a bit of time and patience, and you’ll see her blossom into a joyful, playful girl with the happiest little tail wags. Once Sheila feels safe and settled, her playful side shines through. She loves to run, bounce around, and enjoy the company of her doggy friends – she gets along wonderfully with other dogs and thrives in their company. Sheila would do best in a calm and supportive home where she’s given the space to build her confidence. In return, she’ll reward you with sweet affection, gentle playfulness, and a loyal heart.","sheila-2",""
"2019-06-01","Northern Rivers (Grafton, Lismore, Casino)","956000007853681","Penny","2026-02-27","FEMALE","","Meet Penny🎾🐾 Penny is a bright, bubbly greyhound with a zest for life and a serious love for fetch! Toss a ball and watch her light up with joy – she could play all day if you let her. Her playful spirit and happy nature make her an absolute delight to be around. Always cheerful and full of personality, Penny brings positive energy wherever she goes. She travels well in the car, making her a great companion for outings and adventures, and she’s perfectly content relaxing in her crate when it’s time to wind down. Penny is the perfect mix of fun and easy going. Whether she’s chasing a ball, enjoying a ride, or snoozing in her crate after a busy day, she does it all with a wagging tail and a happy heart.","penny-11",""
"2019-06-01","Northern Rivers (Grafton, Lismore, Casino)","956000007856122","Glen","2026-02-27","MALE","","Meet Glen – The Ultimate Companion with a Heart of Gold 💛🐾 Glen is a handsome greyhound with a big heart and an even bigger love for life. Friendly, affectionate, and full of charm, Glen adores people and never misses an opportunity for a cuddle or a kind word. His tail is always wagging, especially when he's surrounded by his favourite humans. Glen gets along wonderfully with other dogs and is a real social butterfly. Whether he's playing with his pals or just chilling nearby, he brings calm, friendly energy wherever he goes. A big fan of toys, Glen loves a bit of playtime and will happily keep himself entertained with a squeaky or two. He also travels like a dream in the car, making him the perfect buddy for road trips, weekend getaways, or even just a quick drive to the park.","glen-2",""
"2019-06-01","Northern Rivers (Grafton, Lismore, Casino)","956000007855335","Donnie","2026-02-27","MALE","","Meet Donnie – The Social Butterfly with a Love for Fun! 🐶🎾 Donnie is a happy-go-lucky greyhound who’s always up for a good time! Whether he’s heading out on a road trip or making new doggy friends at the park, Donnie takes it all in stride. He travels like a pro – calm, relaxed, and ready for the next stop on the journey. This playful boy has a soft spot for toys and will happily entertain himself with a squeaky or a tug toy, bringing a smile to everyone around him. He gets along wonderfully with other dogs and thrives in social settings, making him a great fit for families with existing canine companions. Donnie walks beautifully on the lead and loves exploring the world at a comfortable pace by your side. His friendly nature, confidence, and zest for life make him a joy to have around.","donnie",""
"2019-06-01","Northern Rivers (Grafton, Lismore, Casino)","956000007853642","Dougall","2026-02-27","MALE","","Meet Dougall🚗🐾 Dougall is a charming greyhound with a heart as big as his love for car rides. This gentle soul is always ready to hop in the car and join you on your next adventure – whether it’s a weekend getaway or just a trip to the shops, Dougall’s happy place is right by your side. With excellent leash manners, Dougall walks beautifully on the lead, making strolls a breeze. He’s polite and friendly around other dogs, and his calm nature makes him a wonderful companion in a variety of settings. Dougall also has a soft spot for affection. He’ll happily lean in for a cuddle or nuzzle up for some ear scratches – he may be sleek and speedy, but he’s really just a big softie at heart.","dougall",""
"2022-06-01","Western Sydney (Londonderry)","956000011325843","Rocky (Western Sydney)","2026-02-27","MALE","","Rocky, the underdog coming through to take the spotlight of a home! This boy has no trouble leading his way through our kennels to find his next victory. Rocky is a very handsome lad that doesn’t mind spending time with children and frolicking in a backyard/townhouse as he has experience around kids. Rocky would walk best on a harness as he is excited to get going. Rocky is available to adopt from the Western Sydney adoption centre.","rocky-15",""
"2020-01-01","Central West (Bathurst/Dubbo/Coonabarabran)","956000007467365","Uno","2026-02-27","FEMALE","","Uno is a sweet-natured, gentle girl with a calm and placid demeanor. She may be a little shy at first, but with patience and a supportive home, she’ll blossom beautifully. Uno does well with kind, understanding children and gets along with smaller dogs. With a slow and careful introduction, she may also do well with cats. Uno is looking for a calm, nurturing environment where she can continue to grow in confidence and love.","uno-1",""
"2021-08-01","Western Sydney (Londonderry)","956000007424877","Eddy","2026-02-27","MALE","","Eddy is a shy and quiet boy looking for a nurturing home to thrive in. He warms up with those he's confident with and would do best with a backyard for his zoomies when the mood strikes. Eddy hasn't seen a lot of the world yet and would thrive with a home who is looking to take it slow with him to build his confidence. Eddy can't wait to meet you and become a beloved family pet! Eddy is available at the Western Sydney adoption centre.","eddy-6",""
"2022-01-01","","956000011646731","Beau","2026-02-27","MALE","","Beau is a confident, happy-go-lucky boy bursting with puppy-like energy and a love for life! Playful and engaging, he’s always up for a game or some quality time with his people—and he’s never short on tail wags. Beau would thrive in a home with another medium to large dog who can match his energy and playful nature. He’s full of enthusiasm on walks and can be strong on the lead, so a family with older kids who can keep up with his strength and spirit would be ideal. If you're after a fun-loving, social companion who brings joy wherever he goes, Beau is ready to be your new best mate!","beau-6",""
"2022-05-01","Mid North Coast","956000011334010","Jimmy","2026-02-27","MALE","","Jimmy is a happy, confident boy with a playful heart and a relaxed outlook on life. He’s the kind of dog who’s just as content having a romp around the yard as he is chilling out by your side, soaking up cuddles and pats (his favourite!). Jimmy walks with enthusiasm and might be a bit strong on the lead at times, but with a bit of practice, he’ll settle into a great walking buddy. He could potentially get along with smaller dogs too, given slow and careful introductions—he’s a sociable guy who just likes to take his time getting to know new friends. If you're after a cheerful, affectionate companion with a lovely balance of energy and calm, Jimmy could be the perfect fit!","jimmy-9",""
"2022-05-01","Mid North Coast","956000011332727","Jj","2026-02-27","MALE","","JJ is a sweet, happy-go-lucky boy with the playful energy of a puppy and a heart full of love. Confident and full of charm, he’s always ready for fun — whether that’s a zoom around the garden or a goofy game with his canine pals. He’s still working on his lead manners (he’s just so excited to explore!), but with a bit of guidance, he’ll be strutting like a pro in no time. JJ might be cat-workable, but he’s definitely more in his element around other greyhounds or larger dogs. In fact, he’d thrive in a home with a doggy friend to play with and help show him the ropes. If you’re looking for a cheerful, fun-loving companion with a heart of gold, JJ is your guy!","jj-3",""
"2021-04-01","Mid North Coast","956000012865653","Angel","2026-02-27","FEMALE","","Angel is a confident, people-loving girl who can’t resist a good cuddle session — she’s basically a professional snuggle expert. When she’s excited, she does a happy little prance that’s guaranteed to brighten your day. She walks beautifully on lead and is always ready to be your loyal companion, whether you’re a busy family or flying solo. She is also happy to travel with you if you like a good road trip. Angel would suit a household who have other M/L dogs and children that are happy to play with her. If you don’t have any pint-sized pooches or sneaky cats, Angel is all in for a lifetime of love and fun! This girl always has her tail wagging around her favourite humans, bounding around and exploring the world are just two of her favourite things to do.","angel-7",""
"2021-05-01","Western Sydney (Londonderry)","956000007466974","Harry","2026-02-27","MALE","","Harry is a total catch! He is friendly, confident, good with humans and dogs, and a happy bubbly boy. He likes to play, has a good food drive, showing to be very trainable, he also walks lovely on the leash. He is confident on lead and in new environments as well as super polite with our greyhounds and small dogs here at the centre. Harry is a gentle, yet playful, lovely mix of all the perfect greyhound quirks! If he's not smooching up to you, he's sniffing out the treats in your pocket or finding a toy to entertain himself with. This goofy love bug is available at the Western Sydney adoption centre.","harry-13",""
"2019-04-01","Western Sydney (Londonderry)","956000006677803","Henry","2026-02-27","MALE","","Henry has lived his life surrounded by children, and would suit a home with a family of children who are eager to give him lots of love. Henry is a social butterfly who loves a bit of attention! He would suit a home with another medium to large dog who is on the chill side like him. His previous owners have summed him up as a big goof ball, who is placid, even a little bit clumsy! He settles well on his bed and is happy to watch the world go by with you by his side. Henry is available at the Western Sydney adoption centre.","henry-9",""
"2023-01-01","Western Sydney (Londonderry)","956000014911818","Alf","2026-02-27","MALE","","Alf is a handsome young male. He is destined for pet life as he is a relaxed, playful, affectionate confident boy. He loves diving into the water when he can - a true water baby! He enjoys lounging around the yard, basking in the sun and creating life long memories playing with little humans. Alf would be suited to a household with full time workers with a backyard or a family with younger children.","alf-7",""
"2023-01-01","Western Sydney (Londonderry)","956000014915380","Diesel (Western Sydney)","2026-02-27","MALE","","Hi, I'm Diesel 🐾 I'm a gorgeous confident boy, ready to bring some fun to the life of my new family. I adore all humans and even grew up around children myself, making me the perfect addition to your family! I would love my new home all to myself as I thrive when I'm the only star of the show⭐ Oh and I also love to play and chase after my toys so a backyard would be great for me! If you think I could be the guy for you, come and meet me at Western Sydney!","diesel-5",""
"2022-01-01","Western Sydney (Londonderry)","956000007374120","Dolly","2026-02-27","FEMALE","","Dolly is a charming girl, she likes meeting new people. She is very cuddly and affectionate. She comes when called and plays with toys. She is a good mixture of a hound that wants to go for a walk and be social with also wanting to lounge around doing nothing.","dolly-12",""
"2019-03-01","Northern Rivers (Grafton, Lismore, Casino)","956000003709266","Oakley","2026-02-27","MALE","","Oakley is a loving greyhound and he thrives off play and fun! His ideal owner will love his enthusiasm and zest for life, making him the perfect buddy for adventure. Oakley is doing wonderfully with his training here with us at the facility and absolutely loves his treats so continuing this in his new home should be a breeze! His recall is excellent, he performs 'down' on cue, and he has the ability to walk nicely in heel position. He loves the outdoors so would be best suited to a home with a backyard for a bit of space to play or catch some rays. Meet him at Western Sydney!","oakley-1",""
"2023-02-01","Central West (Bathurst/Dubbo/Coonabarabran)","956000015726835","Hawke","2026-02-27","MALE","","Hawke is a playful and happy boy 🐶, full of energy and confidence. He loves toys, gets excited easily, and brings joy wherever he goes! With a safe and slow introduction, Hawke has the potential to become best friends with your smaller dogs. He’s also great around young children, making him a fun and loving addition to a lively family. ❤️","hawke-1",""
"2022-02-01","Central West (Bathurst/Dubbo/Coonabarabran)","956000011659317","Amber","2026-02-27","FEMALE","","Amber is a gentle soul who may be a little shy at first 🐶, but with a warm and comforting home, she begins to shine. She blossoms with patience, support, and love ❤️, and would thrive best in a calm, peaceful environment. Older, understanding children would be a great match for her, helping her feel safe and supported as she builds confidence and truly comes into her own.","amber-4",""
"2020-04-01","Central West (Bathurst/Dubbo/Coonabarabran)","956000012114782","Chief","2026-02-27","MALE","","Meet Chief – a handsome, easy-going boy with a heart of gold. This laid-back fella is happy entertaining himself or just chillin' solo 😎. Patient and gentle, Chief is great with small children and gets along well with other animals. He grew up around a cattle dog and has been exposed to goats, so farm life is nothing new to him. Whether he's playing or relaxing in the sun, Chief brings a calm, loyal energy to any home 🐾.","chief-6",""
"2022-05-01","Central West (Bathurst/Dubbo/Coonabarabran)","956000011340679","Lloyd","2026-02-27","MALE","","🐾 Meet Lloyd! 💙 Lloyd may be a little shy when meeting new people, but with a supportive and understanding family, he quickly blossoms into a confident, happy, and loving boy. 🐶 Smart and full of potential, Lloyd is just waiting for the right people to help him shine. If you're looking for a sweet companion who’ll grow into your best buddy, Lloyd is ready to meet you! 💫","lyold",""
"2021-08-01","Central West (Bathurst/Dubbo/Coonabarabran)","956000012863585","Flow","2026-02-27","FEMALE","","🐾 Meet Flow! 🌸 Flow is a very sweet girl with a heart full of potential. 💕 She's ready to learn, grow, and succeed with the help of a loving, supportive home. With a little training and plenty of encouragement, she’ll blossom into an amazing companion. She’d do best with older, understanding children and could be a great match for a calm, medium-large dog friend. If you're looking for a kind soul to grow with, Flow is ready to start her journey with you! 🐶💫","flow-1",""
"2021-11-01","Central West (Bathurst/Dubbo/Coonabarabran)","956000012861144","Jasper","2026-02-27","MALE","","🐾 Meet Jasper! 💙 Jasper is an affectionate, sweet, and kind-hearted boy who just wants to be loved. 🐶 He’s playful and gentle, with so much potential to shine in the right home. He’s still learning and will need a supportive family to continue his training and help build his confidence. Jasper would do best with older, understanding children and could get along well with a compatible medium-large dog. If you're ready to open your heart to a truly lovable companion, Jasper is waiting for you! 💕","jasper-5",""
"2022-03-01","Central West (Bathurst/Dubbo/Coonabarabran)","956000012917914","Reggie","2026-02-27","MALE","","🐾 Meet Reggie! 🐶 Reggie is an active, playful, and seriously handsome boy! 😍 He's full of energy and would love a yard where he can run, play, and burn off that puppy spirit. Still working on his manners, Reggie needs a patient, understanding family ready to guide him with love and consistency. He’d do best with older kids and could be a great match for a friendly medium-large dog buddy. If you’re looking for a fun-loving companion to grow with, Reggie’s your guy! 💙","reggie-7",""
"2021-11-01","Central West (Bathurst/Dubbo/Coonabarabran)","956000013022670","Emma","2026-02-27","FEMALE","","🐾 Meet Emma! 💖 Emma is a gentle soul with so much love to give. She may be a little shy at first, but with patience and kindness, her sweet personality shines through. 💕 She’s looking for a calm, supportive family to help her grow in confidence with continued training and socialisation. Emma enjoys the company of well-mannered dogs (especially larger ones!) and would do best with older, understanding children. A secure yard to play and explore would be the cherry on top for this lovely girl. 🐶🌿","emma-3",""
"2021-11-01","Central West (Bathurst/Dubbo/Coonabarabran)","956000012861951","Goofy","2026-02-27","MALE","","Meet Goofy – A Special Boy Looking for His Special Home 🐶💛 Goofy is a sweet male with a quirky charm and a heart ready to bond. He’s looking for a quiet, patient home where he can take things at his own pace. Goofy needs someone who understands that dogs like him need time, gentle guidance, and a whole lot of love to build trust. He’s still learning about the world, so training and socialization will be key to helping him grow into his best self. Goofy would do best as the only dog in the home, with older, understanding children who can respect his boundaries. With the right people, Goofy will shine – could that be you?","goofy",""
"2021-02-01","Central West (Bathurst/Dubbo/Coonabarabran)","956000013017722","Sofia","2026-02-27","FEMALE","","Meet Sofia – A Loving Blue Beauty Looking for Her Forever Home 💙🐾 Sofia is a beautiful blue female with a gentle soul and a heart full of potential. She's looking for a home that can offer her support, understanding, and time—someone patient and committed to helping her grow with continued training and care. Sofia has an old injury to her front leg, so she’ll need a family that understands her physical needs and can help her feel safe and comfortable. She thrives best as a single dog in the household and would be happiest with older, dog-savvy children who can respect her space and needs. If you’re ready to offer a calm, loving home where Sofia can continue her journey, she’s ready to meet you. 💙","sofia",""
"2017-11-01","Northern Rivers (Grafton, Lismore, Casino)","956000009463034","Tylah","2026-02-27","FEMALE","","Tylah is a beautiful, gentle soul who’s mastered the art of relaxing. She’s a laid-back lady who loves her naps and cozy spots, but don’t let that fool you—she still has her zoomie moments! Short bursts of energy are her specialty, followed by lots of lounging and cuddles. She’s happiest when she’s with her people, always close by and ready to share her calm, loving presence. Loyal, sweet, and full of quiet charm, Tylah is the kind of companion who makes every day feel a little more peaceful. If you're looking for a loyal, low-maintenance best friend who will love being by your side (especially on the couch), Tylah might just be the perfect match. 💕","tylah",""
"2019-12-01","Central West (Bathurst/Dubbo/Coonabarabran)","956000007831473","Digger","2026-02-27","MALE","","Digger is a curious, affectionate boy who loves to learn and be involved in whatever you're doing. He’s attentive, enjoys playing with his toys, and thrives on interaction. Digger would do best as the only dog in the home and would love having older children to play and bond with.","digger-4",""
"2018-12-01","Central West (Bathurst/Dubbo/Coonabarabran)","956000006812686","Brad","2026-02-27","MALE","","Brad is a lively, energetic boy once he feels at home. He enjoys playtime, especially in a backyard where he can stretch his legs and have fun. Brad is good with smaller dogs and would do well in a home with older children. A sweet, active companion ready for his next adventure!","brad-3",""
"2022-12-01","Central West (Bathurst/Dubbo/Coonabarabran)","956000011346970","Rafiki","2026-02-27","MALE","","Rafiki is a lively, energetic boy with an incredible love for toys! He’s a one-dog fetch machine—happily tossing his own toys just to chase them down again. Social, interactive, and full of fun, Rafiki brings playful energy and joy wherever he goes.","rafiki",""
"2022-11-01","Central West (Bathurst/Dubbo/Coonabarabran)","956000011345375","Dempsey","2026-02-27","MALE","","Dempsey is a fun-loving, affectionate boy with a big personality and an even bigger love for his toys. He's interactive, silly, and always ready to make you laugh with his goofy antics. Dempsey does well with smaller dogs after a slow, safe introduction. A joyful companion who’s all about play, cuddles, and good vibes!","dempsey",""
"2021-10-01","Northern Rivers (Grafton, Lismore, Casino)","956000012864402","Bruce","2026-02-27","MALE","","Meet Bruce! 🖤 Bruce is a sweet, laid-back boy with a charming personality. He gets along well with small dogs and is always happy to spend time with his human friends. Bruce does have pannus, a condition that affects his eyes. While it's not curable, it’s easily managed with treatment to keep him comfortable. If you’re looking for a friendly, easy-going companion with a big heart, Bruce is ready to bring his charm into your life!","bruce-4",""
"2020-11-01","Western Sydney (Londonderry)","956000007357481","Vox","2026-02-27","MALE","","Vox is a gentle, affectionate boy who’s ready to find his forever home.One filled with patience, calm, and understanding. While he can be a little reserved at first, his sweet, loving nature shines through once you get to know him. He’s now ready to take the next step and find a calm, experienced home that can continue to help him build confidence and guide him through life’s adventures. Vox thrives in a peaceful environment where he can take things at his own pace and be gently encouraged to try new experiences. Once he feels settled, Vox’s affectionate and goofy side shines through. He enjoys quiet companionship, gentle affection, and the comfort of a predictable routine. Vox would do best in a home without other dogs or children, where he can enjoy a calm, stable environment and the undivided attention of his family. He would thrive with someone who understands sensitive dogs and can offer him patience, consistency, and kindness. In the right home, this beautiful boy will continue to flourish and become a devoted, lifelong friend. If you’re looking for a gentle companion and have the time and experience to help a sweet soul like Vox grow in confidence, he could be the perfect match for you. 💛 He is available now from our Western Sydney centre.","vox",""
"2021-12-01","Western Sydney (Londonderry)","956000014800665","Rowdy","2026-02-27","MALE","","Meet Rowdy! The handsome social butterfly with a heart full of love and a nose for treats! This confident and friendly guy absolutely adores people and will charm his way into your heart (and maybe your snack stash) in no time. Rowdy is super trainable and eager to learn, especially if food or toys are involved – a home that is interested in furthering his training and development is ideal Rowdy is still learning the ropes when it comes to other animals, so he’s best suited as a solo dog or with another greyhound friend who can help him find his groove. He’d thrive in a home with a yard to explore and a family who can support him through his transition to pet life. With a little guidance and a lot of love, Rowdy will be the ultimate loyal companion – cheeky, charming, and full of fun. Rowdy is available through our Western Sydney Adoption Centre.","rowdy",""
"2019-08-01","Central West (Bathurst/Dubbo/Coonabarabran)","956000009589667","Blaze","2026-02-27","MALE","","Meet this laid-back, placid boy—our sweet male Blaze! He's the definition of a ""dopey"" cuddle bug who loves nothing more than a good snuggle. As a single dog household pup, he's very content with his quiet life in the backyard, and he's happy to share his space with older children who understand his calm nature. Experienced owners will appreciate his lazy demeanor and gentle temperament. He’s all about relaxing and enjoying the simple things in life!","blaze-7",""
"2021-04-01","Central West (Bathurst/Dubbo/Coonabarabran)","956000012917728","Bertha","2026-02-27","FEMALE","","Bertha is a playful, cheeky, and energetic female greyhound who loves people and is very social. She’s curious and full of fun, always ready for an adventure. With the right introduction, she might get along with smaller dogs, making her a great addition to an active and engaging home.","bertha-1",""
"2017-01-01","Central West (Bathurst/Dubbo/Coonabarabran)","956000004889171","Collie","2026-02-27","FEMALE","","Collie is a sweet older female with a calm, relaxed, and easy-going nature. She’s happy to please and would thrive in a slower-paced home. Older children are best for her, and she’s fine with smaller dogs and cats, making her a wonderful companion for a peaceful and loving household.","collie",""
"2020-12-01","Central West (Bathurst/Dubbo/Coonabarabran)","956000012805049","Dare","2026-02-27","MALE","","Dare is a big, gentle giant with a very sweet and playful nature. He’s fun-loving yet shows a patient and calm side when needed. Confident and happy, Dare is the perfect mix of energy and tranquility, making him an affectionate companion for any home.","dare-1",""
"2022-05-01","Central West (Bathurst/Dubbo/Coonabarabran)","956000011351882","Windy","2026-02-27","MALE","","Windy is a very sweet-natured male dog who can be a little shy at first but quickly comes out of his shell, especially when playing with toys. Confident on his own, he gets along well with smaller breeds of dogs and is sure to bring joy and warmth once he settles in.","windy-1",""
"2020-12-01","Central West (Bathurst/Dubbo/Coonabarabran)","956000011710299","Hank","2026-02-27","MALE","","Hank is a calm, easy-going, and very friendly dog with an affectionate and interactive nature. He loves to connect with others and is great with smaller breeds of dogs. Hank’s gentle personality makes him a wonderful companion for any home looking for a sweet and sociable pet.","hank-6",""
"2021-04-01","Central West (Bathurst/Dubbo/Coonabarabran)","956000012861460","Tom","2026-02-27","MALE","","Tom is a happy boy who thrives on his own in a single-dog household. He needs a supportive home where he can grow and learn. With patience and encouragement, Tom will blossom into a loving and confident companion.","tom-18",""
"2020-12-01","Central West (Bathurst/Dubbo/Coonabarabran)","956000011711067","Scotch","2026-02-27","MALE","","🐾 Meet Scotch! 🖤 Scotch is a happy, confident greyhound with a heart full of joy. Due to a past leg injury, he enjoys a slower-paced home and shorter walks—but don’t worry, he can still move around and play just fine! 🐾 Engaging, affectionate, and full of love, Scotch thrives in a calm environment where he can relax and enjoy life at his own pace. If you're looking for a gentle, loyal companion, Scotch is ready to win your heart. 💕","scotch",""
"2018-01-01","Central West (Bathurst/Dubbo/Coonabarabran)","956000009589973","Uno","2026-02-27","FEMALE","","🐾 Meet Uno! 🌟 Uno is a lovely older lady with a confident, engaging personality and a heart full of love. 💕 She’s sweet, kind, and always happy—bringing a warm, joyful presence wherever she goes. With her calm nature and affectionate spirit, Uno makes the perfect companion for a caring, loving family ready to share their home with a gentle soul. 🐶💫 If you’re looking for a steady, loving friend, Uno is ready to make your heart her home.","uno",""
"2020-12-01","Central West (Bathurst/Dubbo/Coonabarabran)","956000007436627","Dozer","2026-02-27","MALE","","Dozer, or ""Little D,"" is a sweet boy who needs time and patience to learn and grow. He’ll thrive in a quiet home where he can feel safe and supported as he blossoms into his best self. With the right care, he’s sure to become a loving companion.","dozer-2",""
"2020-03-01","Central West (Bathurst/Dubbo/Coonabarabran)","956000007827233","Lexi","2026-02-27","FEMALE","","Lexi is a sweet and placid female greyhound with a calm demeanor. Eager to learn, she needs room to grow and thrive, along with patience and understanding. A single-dog household would be ideal, providing her with the space and care she needs to flourish.","lexi-7",""
"2019-12-01","Central West (Bathurst/Dubbo/Coonabarabran)","956000012179623","Aggi","2026-02-27","FEMALE","","Aggi is a pretty female greyhound who can be a little shy at first. She needs encouragement, support, love, and time to grow. A single-dog household would be ideal, where she can feel secure and receive the attention she needs. Aggi is eager to learn and thrive with the right care and patience.","aggi-2",""
"2021-12-01","Central West (Bathurst/Dubbo/Coonabarabran)","956000007431437","Micha","2026-02-27","FEMALE","","🐾 Meet Micha! 💖 Micha is a sweet and sensitive female greyhound looking for a calm, loving home to help her blossom. With the right support and encouragement, she’s eager to learn and grow into a confident companion. She’ll thrive in a quiet environment where she feels safe and secure. Micha would do best as the only dog to start with, giving her the space and attention she needs to adjust and build trust. If you have a gentle heart and a peaceful home, Micha is ready to find comfort by your side. 🐶💕","micha-1",""
"2021-06-01","Central West (Bathurst/Dubbo/Coonabarabran)","956000007424531","Tubby","2026-02-27","FEMALE","","🐾 Meet Tubby! 💗 Tubby is a sweet girl who just needs a little time and patience to truly shine. 🌸 She can be a bit unsure at times, but with the right support and encouragement, she’ll blossom into a loving, confident companion. She’d do best in a calm, single-dog household where she can feel safe and truly be herself. With your love and guidance, Tubby is sure to thrive. 🐶💕","tubby",""
"2021-06-01","Central West (Bathurst/Dubbo/Coonabarabran)","956000011552057","Sassy","2026-02-27","FEMALE","","Sassy is a female greyhound looking for a quiet, supportive, and loving home. She needs room to grow, learn, and thrive, along with the encouragement and patience to help her blossom. A single-dog household would be ideal, where she can receive all the attention and care she deserves.","sassy-1",""
"2021-06-01","Central West (Bathurst/Dubbo/Coonabarabran)","956000007428296","Molly","2026-02-27","FEMALE","","Molly is a sweet female greyhound who can be a little shy and unsure at first, but she’ll open up with time and patience. She needs space, encouragement, and room to grow in a supportive environment. Molly thrives in a single-dog household where she can receive the love and attention she needs to feel comfortable and secure.","molly-11",""
"2016-02-01","Central West (Bathurst/Dubbo/Coonabarabran)","956000004489012","Minni","2026-02-27","FEMALE","","Minni is a laid-back, easy-going older gal with a calm and confident demeanor. She’s curious and independent, but also affectionate and loves a good snuggle. Minni is the perfect companion for someone looking for a relaxed and loving pet.","minni-6",""
"2018-05-01","Central West (Bathurst/Dubbo/Coonabarabran)","956000006810145","Lucy","2026-02-27","FEMALE","","Lucy is a very friendly and affectionate older girl who loves to give and receive cuddles. She can be relaxed and easy-going, but also has a cheeky, playful side that adds fun to her personality. Good with smaller breeds of dogs, Lucy makes a sweet and loving companion for any home.","lucy-21",""
"2021-10-01","Central West (Bathurst/Dubbo/Coonabarabran)","956000013039547","Lucy","2026-02-27","FEMALE","","Beautiful Lucy is lady who needs to find a supportive, patient & kind family. Lucy shows interest in wanting to be a part of a family, grow, learn how to be confident & playful, she just needs that support & encouragement to do so. A quiet home at first would be ideal. Lucy has spent time indoors, around children & a smaller breed of dog. With the correct introduction & supervision, Lucy may become best friends with your smaller fluff's. Please reach out if you would like to meet Lucy :)","lucy-20",""
"2018-06-01","Hunter Valley Mid Coast (Maitland/ Muswellbrook/Newcastle/Forster)","956000009589443","Red","2026-02-27","MALE","","This is our boy Red. Say hello to this charming boy who is looking for his forever home. Red is relaxed on lead, great to handle, making your daily walks very enjoyable. He has had frequent exposure to leisurely strolls in town and enjoys the slow paced lifestyle. He is very friendly and will stop for pats or to say hello. At times Red can be apprehensive in new environments. Once he has found his feet, he takes the world in his stride and settles into a happy pace of life. He would suit a quieter home with any humans, big or small, that are willing to give him all of the love in the world.","red-8",""
"2022-02-01","Hunter Valley Mid Coast (Maitland/ Muswellbrook/Newcastle/Forster)","956000011358684","Stacey","2026-02-27","FEMALE","","Meet our sweet girl Stacey. Stacey warms up after a little bit of attention but initially she could be weary of her surroundings. She has spent time around children and is gentle around them. Stacey is responsive on lead but will like to sniff around as well.","stacey",""
"2022-05-01","Hunter Valley Mid Coast (Maitland/ Muswellbrook/Newcastle/Forster)","956000011341912","Benji","2026-02-27","MALE","","Are you after a playful and cheeky friend? Benji is after his forever home! He is all things cheeky, confident and cunning. Benji is responsive on lead but some extra training wouldn't go astray. He loves a pat and to bound around a yard big or small, he would be suitable to live in a townhouse or villa and would in time be able to conquer stairs. Benji had an injury in 2023 which he has now recovered from but has a plate in his hock. If you're interested in learning more about Benji, please apply now.","benji-11",""
"2021-09-01","Central West (Bathurst/Dubbo/Coonabarabran)","956000007430066","Paddy","2026-02-27","MALE","","Mr Paddy! This gentle giant is such an easy-going, laid-back goof ball! He is always down to clown or just take it easy and rest his feet. He gets on well with smaller breeds of dogs- there's a Yorkie always saying hello :) Paddy interacts positively with new people, even younger children. He would love to have yard where he can run about, chasing toys thrown by his new best friends :)","paddy-2",""
"2019-08-01","Central West (Bathurst/Dubbo/Coonabarabran)","956000006702904","Millie","2026-02-27","FEMALE","","Looking for a sweetheart that loves children, engaging in fun play & snuggling? Then Millie is the girl for you! Millie is very excitable & playful! Loves to run around being a little silly & cheeky. Quick to jump in a body of water.... even on picture day hehe :)","millie-4",""
"2017-04-01","Central West (Bathurst/Dubbo/Coonabarabran)","956000009435360","Chucky","2026-02-27","FEMALE","","Sweet & adorable older gal. Independant & confident. Will adpat to full time workers. Has spent time around young grandchildren. Relaxed in new spaces & around new people. Sister to Storm! Would you consider welcoming both into your family?","chucky-2",""
"2018-03-01","Northern Rivers (Grafton, Lismore, Casino)","956000009464574","Garnet","2026-02-27","FEMALE","","**Garnet has lived in a foster home in the city CBD with full time workers, is affectionate and intelligent, and loves long walkies and would enjoy an active family to keep fit and go on daily adventures with** She's been a joy to foster! Here's a glimpse into Garnet's wonderful traits: - Garnet is an early bird who enjoys morning naps after joining you in bed. - A fearless adventurer, she's unbothered by much and walks in loud, busy city streets. - Walks in the rain without hesitation. - Patiently waits outside shops while you run quick errands. - Curious by nature, Garnet follows you around, eager to be part of your activities. - Loves to relax and roach on the couch. - Enjoys chasing Frisbees, balls, and playing with squeaky toys. - An exceptional office companion and assistant. - Incredibly friendly and affectionate, she welcomes pats from everyone she meets. - Gentle with children she meets. - Gets super excited about snacks, especially denta sticks! - Loves to taste a variety of foods, from peanut butter, hot chips, and banana. - Garnet has accompanied professional dog walkers, who have consistently praised how well she walks on the lead. Garnet has been a delight in the home, and I'm sure she'll make an excellent addition to a loving family. We’ll certainly miss her! If you're looking for a dog to fill your home with love and joy then apply to adopt the gorgeous Garnet today!","garnet",""
"2015-04-01","Northern Rivers (Grafton, Lismore, Casino)","956000004256320","Pattie","2026-02-27","FEMALE","","Meet Pattie, a gentle and gracious senior who has spent her life expertly spreading love and warmth. Pattie has been in the company of children and copes well with if they are polite and well mannered. Pattie is a well-mannered lady who carries herself with a polite serenity, she has been socialised with small dogs and although she would prefer a large companion she is polite around small dogs. Pattie has slowed in her senior years, but she would love a foster home where she can settle and would be the perfect companion for someone looking for an older calm companion.","pattie",""
"2015-05-01","Northern Rivers (Grafton, Lismore, Casino)","956000004273766","Eve","2026-02-27","FEMALE","","Meet Eve, a gentle and calm senior lady who's ready to grace your home with her presence. With her quiet and serene nature, Eve is the epitome of tranquility, and she effortlessly brings a sense of peace wherever she roams. Eve has a friendly disposition and a soulful gaze that speaks volumes. She's an observant girl who appreciates the simpler things in life, making her a suitable match for a loving individual or family seeking a mellow furry friend. As a senior dog, Eve would thrive in a foster home where she can enjoy her golden years in comfort. Her dream environment would be one filled with love, where she can relax while being treasured as the devoted companion she is. By welcoming Eve into your life, you'll not only be providing her with a secure and loving home, but you'll also be rewarded with the companionship of a truly special and lovable friend.","eve-1",""
"2020-09-01","Southern NSW/ACT (Bulli, Nowra, Goulburn, Canberra)","956000007466509","Katie","2026-02-27","FEMALE","","Quote from foster career, We have loved getting to know Katie and giving her the opportunity to enjoy her new life as a pet. Being the older sister, she is very independent and settles very easily. She is very happy to sit on her bed whilst you work or go about your day. She is toilet trained and has fallen into her new routine very easily. She gets so excited to see us, as exemplified with her happy, whipping tail (duck for cover!). She tends to jump up on you when she’s very excited, but this is something we are working on and have already seen great improvements on. Katie walks well on a leash and doesn’t react negatively to other dogs, big or small. She has done well approaching small dogs and children and saying hello. Katie would be a great pet for a someone looking for an independent dog that will also shower you will love and affection. __________________________________________________________________________ Katie is a lovely hound. She is happy and confident, very playful. Does appreciate a good lay down also. Has been living in a rural setting is no stranger to native animals and is now in suburban foster care enjoying cuddly toys, living out the back and coming in the home for the evening.","katie-9",""
"2020-01-01","Western Sydney (Londonderry)","956000012252567","Flash","2026-02-27","MALE","","Flash is seeking an empathetic & nurturing owner who can follow a cooperative care plan to help with his daily eye medication. Could you be the perfect owner for our sweet boy? Flash has advanced pannus, which means he needs daily eye medication. But don’t worry—he’s a star pupil when it comes to taking his meds & he’s getting better every day with the right guidance. Flash is currently learning all sorts of new tricks at the adoption centre. He is a fast learner and with a little time and practice, he's shown he can do amazing things. A large yard where Flash can stretch his legs and zoom around is a must! He loves a good run, and a big space is perfect for his energy. No small children or other animals. Flash would prefer a calm environment where he can be the only one getting your attention and affection. Flash is available at the Western Sydney adoption centre. **Flash is on daily medication - enquire with GAP for more info**","flash-8",""
"2014-01-01","Northern Rivers (Grafton, Lismore, Casino)","956000003031937","Spot","2026-02-27","MALE","","Meet Spot, our distinguished older gentleman who is looking for the perfect match. Spot isn't just any dog; he carries himself with the grace and ease that only a seasoned greyhound can. Spot has had the pleasure of living in the serene setting of a granny flat, making him an expert in enjoying the quieter side of life. However, don’t let his age fool you; thanks to a thorough training program, Spot is sharp and responsive. He comes eagerly when his name is called and possesses a well-mannered set of tricks, including ""touch"" and ""paws up,"" that make him a delight to teach and interact with. His training, combined with his naturally loyal temperament, makes Spot an excellent fit for a single person looking for a true companion. He understands the comforting routine of a single household and offers unwavering loyalty in return. Spot embodies the best qualities of an older dog. Devoted and endearing, he is ready to join someone who values thoughtful companionship and has room in their heart for a truly dignified and loving friend.","spot-6",""
"2019-02-01","Central West (Bathurst/Dubbo/Coonabarabran)","956000006809611","Chandler","2026-02-27","MALE","","Meet sweet & beautiful Chandler... Chandler is a gentle and polite male greyhound with a calm and relaxed demeanor. He’s a sweetheart who greets everyone warmly and enjoys a good snuggle, especially after a sunbath. Chandler has been around older kids and medium-sized dogs, and he gets along well with both. He’s also a joy to walk on a lead, making him the perfect companion for leisurely strolls. Whether lounging in the sun or curled up for some quiet time, Chandler is sure to bring a sense of calm and affection to any home.","chandler-2",""
"2021-08-01","","956000012866851","Raffa","2026-02-27","MALE","","This bundle of joy loves human interaction and adventure. Raffa loves to run around his big yard area and shows you how fast he can be. Raffa gets very excited for the first five minutes you meet him before settling down. After getting his morning energy out and jumping around Raffa settles down and loves to lay in the sun. Raffa is fine around older kids and would make a great pet for a family with a big yard or a young couple who are fit and active.","raffa",""
"2018-06-01","Western Sydney (Londonderry)","956000009518190","Ronald","2026-02-27","MALE","","Ronald is a cheerful, confident and friendly lad looking to bounce straight into your home. We know Ronald to be a charismatic, charming and affectionate boy. With these qualities in mind, we think he'd suit a family with children and preferably shorter hours alone while he begins to settle in. This beautiful boy is at the magical age of 7 where he has his lazy side but has moments of playfulness, too. A perfect blend for many family types! Did we mention he currently lives with another greyhound? He'd love it if you had another hound for a play mate and nap buddy. Get in touch with the Western Sydney centre to meet Ronald.","ronald",""
"2020-01-01","Western Sydney (Londonderry)","956000007467933","Baby","2026-02-27","FEMALE","","Nobody puts baby in the corner! This little lady is looking to learn all about the world with you! She would suit short hours alone as a solo girl, or longer hours with a canine companion. Polite with dogs big or small, beautiful Baby has so much love to give and is searching for the right place to call home. If this Baby girl sounds like the perfect addition to your family, apply to take her home from the Western Sydney adoption centre.","baby-2",""
"2020-09-01","Hunter Valley Mid Coast (Maitland/ Muswellbrook/Newcastle/Forster)","956000011722890","Irena","2026-02-27","FEMALE","","Are you ready to be laughing with your newest furry friend? Well, Irena will have you cackling. She is a true definition of a little pocket rocket, she will be showing all aspects of her zoomies and how confident she is in doing so. Irena enjoys spending her days showing off and basking in the sunshine. She loves to have someone's full-attention so is best suited to being an only dog. Irena knows her name well and with a little bit of getting used to your voice she will come (running) straight back.","irena",""
"2022-04-01","Hunter Valley Mid Coast (Maitland/ Muswellbrook/Newcastle/Forster)","956000011366429","Ralph","2026-02-27","MALE","","Are you after a little fire-cracker in your life? Look no further than our boy Ralph! He is all things active/fun-loving and absolutely hilarious; Ralph will have your grinning from ear to ear. Ralph would suit an active family with a backyard who can walk him daily and throw his favourite toy around, Ralph hasn't been exposed to an indoor setting as yet so may take some time adjusting but I think he will happily follow you around. His favourite game is showing his friends how quick his zoomies are so a nice backyard will do the trick so he can show off to you. If you're interested in hearing more about Ralph, please apply now.","ralph-4",""
"2019-09-01","Hunter Valley Mid Coast (Maitland/ Muswellbrook/Newcastle/Forster)","956000007852599","Bruce","2026-02-27","MALE","","Meet our big boy Bruce! He is a true delight to be around. He will make you laugh until you cackle. He will be happy to cruise around with you day in and out. He is a gorgeous character to boasts confidence. Bruce suffered a racing injury and required surgery on his front right leg so an experienced owner who knows when to slow down on the zoomies is ideal.","bruce-2",""
"2019-12-01","Hunter Valley Mid Coast (Maitland/ Muswellbrook/Newcastle/Forster)","956000012226004","Moses","2026-02-27","MALE","","Are you after a dog to be totally besotted by you? Well meet Moses, a quirky and loveable boy whose after his forever home. Moses boasts confidence and is extremely gentle in his approach. He has been around children 4+ and will request frequent pats. He has been brought up with a jack russel at home, but would benefit from a meet and greet prior to being adopted. Moses will be attending our Adoption Day at Glandore Wines on the 5th of October.","moses",""
"2019-10-01","Western Sydney (Londonderry)","956000007361249","Stephen","2026-02-27","MALE","","Meet Stephen ! a total sweetheart with a PhD in cuddling. 💙 Stephen is incredibly affectionate and absolutely adores people. He has a special love for his crate and all things soft and comfy, making him a champion napper and a joy to have indoors. While he’s social with medium to large dogs when out and about, Stephen would be happiest as the only dog in the home where he can soak up all the attention. Stephen has shown himself to be wonderful inside, so an apartment or quieter home where he can snooze on the couch and enjoy a relaxed routine would suit him perfectly. He has the potential to gradually work up to full-time hours, given time and patience. A home without kids, or with older, calm, and respectful children, would be ideal for this gentle soul. If you’re looking for a loving companion who’s all about comfort, closeness, and calm vibes, Stephen might just be your perfect match","stumpy",""
"2019-02-01","Hunter Valley Mid Coast (Maitland/ Muswellbrook/Newcastle/Forster)","956000008235593","Spot","2026-02-27","FEMALE","","Spot is independent and enjoys spending time roaming around. Spot would suit a family who is after a companion to cruise around the backyard with. At times Spot can be weary and a bit timid in new environments but with the right re-assurance, she recovers really well. If you're interested in meeting our darling Spot, please apply now.","spot-4",""
"2019-12-01","","956000007837203","Julian","2026-02-27","MALE","","Julian is best described as a distinguished gentleman. He is calm, friendly and an easy-going boy who just goes about his day without a fuss. He's walked around busy streets, schools, shopping centres as well as farms and paddocks. Nothing much fazes Julian, including other large dogs, small dogs and children. He loves people and pats and loves a walk, rarely pulling. Julian would suit most households and make a very special and loving companion who wants to be with you.","julian",""
"2020-05-01","Central West (Bathurst/Dubbo/Coonabarabran)","956000012195521","Gus","2026-02-27","MALE","","Meet Gus: The Gentle Soul Gus is a serene and soft-natured Greyhound who thrives in a calm and loving environment. His gentle demeanor and shy personality make him a unique and endearing companion for the right home. Gus may be a bit reserved at first, but his gentle nature shines through once he feels comfortable. He’s the kind of dog who appreciates a quiet and patient approach, revealing his sweet personality in a calm and loving setting. Gus thrives in a peaceful environment where he can feel secure and relaxed. He’s not a fan of loud noises or bustling activities, so a tranquil home is ideal for him. Despite his shy nature, Gus is friendly and gets along well with other dogs. He enjoys their company and can be a great addition to a home with existing canine companions. If you’re looking for a sweet, soft-natured Greyhound who will flourish in a calm, loving home, Gus is the perfect match. He’s ready to bring his gentle presence and quiet companionship into your life.","gus-8",""
"2021-06-01","Central West (Bathurst/Dubbo/Coonabarabran)","956000014506260","Sub","2026-02-27","FEMALE","","Sub is a joyful greyhound whose enthusiasm and positive energy are truly contagious. She approaches each day with a wagging tail and a bright smile, spreading happiness wherever she goes. She is a high-energy girl who thrives on regular physical activity. Her zest for life is evident in her love for playtime and her eagerness to engage in various activities. Sub absolutely adores zoomies! She loves to let loose and sprint around her playful bursts of speed are a sight to behold. Sub is a vibrant and spirited greyhound looking for an energetic home where her zest for life can shine. If you’re ready to embrace her joyful nature and provide a dynamic environment, Sub is eager to become your new best friend!","sub-1",""
"2019-12-01","Central West (Bathurst/Dubbo/Coonabarabran)","956000006807059","Corene","2026-02-27","FEMALE","","Corene carries herself with a natural poise and assurance. She navigates new environments and situations with a calm self-assuredness that makes her a standout companion. Corene loves to stay on the move. Whether it’s a brisk walk, a run in the park, or playtime in the backyard, she’s always ready for an adventure. Corene’s curiosity knows no bounds. She’s always exploring her surroundings with an eager eye, making sure she’s aware of all that’s happening around her. Corene gets along well with medium and large dogs. She’s confident and social, but her interactions are best suited for companions of similar size and energy levels. Smaller dogs may find her enthusiasm overwhelming. Corene is a spirited and delightful greyhound ready to bring her energy and enthusiasm into a loving home. If you’re looking for a confident and active companion, Corene might be the perfect match for you!","corene",""
"2020-03-01","Hunter Valley Mid Coast (Maitland/ Muswellbrook/Newcastle/Forster)","956000007828567","Bailey","2026-02-27","MALE","","Are you looking for a new furry companion to help bring out of their shell? Bailey would be the ideal companion for you! Bailey is our beautiful nervous nelly, he loves his routine and the people he is around all the time, but new people can make him revert into his greyhound bubble. Bailey is searching for home that is quiet and will allow him the time to really show off his personality. He would suit an avid Knights fan as he enjoys spending his Sunday afternoons by the TV, Bailey enjoys basking in the sunshine and having a splash at the beach. He is currently living inside/outside and is quiet and relaxed, he is okay to be left alone so long as he is in his safe spot.","bailey-3",""
"2021-12-01","Hunter Valley Mid Coast (Maitland/ Muswellbrook/Newcastle/Forster)","956000012896105","Sam","2026-02-27","MALE","","Meet Sam! Sam is quite a character and cannot wait to be the newest member of your family. He is always eager to get in on the action and be part of all the fun. Sam isn't shy and will say to everyone he passes. He is quite the socialist, so your daily walks will consist of meeting and greeting everyone that strolls past. He is relatively strong on the lead but will settle into his stride when he gets going. The ideal home for this charming boy would be one with an active lifestyle to help him channel his abundant energy.","sam-9",""
"2022-02-01","Central West (Bathurst/Dubbo/Coonabarabran)","956000007423998","Zarva","2026-02-27","MALE","","Meet Zavra! Zarva is a very sweet natured boy. He is very curious & interested in the world. He positively interacts with those around him; children & smaller dogs :) Zarva wants to be involved. He'll be happy doing almost about anything. Whether it's a family movie day or spending a day outside going on adventures :) Enquire now & arrange to meet Zarva!","zarva",""
"2016-07-01","Central West (Bathurst/Dubbo/Coonabarabran)","956000005412613","Maisie","2026-02-27","FEMALE","","Meet Maisie! She might have the age of a senior lady, but definitely doesn't show it! Maisie is sweet curious girl. Eager to explore & learn. She might take a little while to warm up but once she does, she is full of character. Maisie would be best suited to a home with bigger dogs only, or a single dog home. Older kids to play with her preferred. Maisie would become a very loyal part of your home once settled & feeling comfortable :)","maisie",""
"2021-04-01","Mid North Coast","956000011651683","Chickadee","2026-02-27","MALE","","Meet Chickadee, a friendly and playful, loving gentleman who is ready to meet his new family. This delightful dog is known for his fun-loving and amiable personality, and he's eager to share his heart with a compassionate, affectionate family. Chickadee has a wonderful rapport with children, especially those 8 years and older. He's not the sort who will tire out your kids with endless games of fetch, but prefers to spend time in children's company, quietly keeping them company while they do their homework or read stories. He loves leaning into a hearty pat and will choose to cuddle up next to you over toys any day. An interesting fact about Chickadee is that while he is a dog, he prefers the company of humans over other dogs. He's quite selective with his canine friends and might come off as aloof with dogs, particularly the smaller ones, which makes him ideally suited for a home where he can be the only pet. Chickadee is looking to bring his friendly and playful nature into a family who will offer him the same kindness and playfulness that he offers others in spades. He's ready for the next step and hopes to find a loving, forever home with a protective family to cherish him.","chickadee",""
"2015-04-01","Mid North Coast","956000004248651","Alley","2026-02-27","FEMALE","","Meet Alley, our friendly, senior female pup with a heart as golden as her years. Despite her age, Alley still carries a spark of puppyish charm in her eyes, making everyday feel like an adventure. Alley possesses the superb ability to bring life and joy into any room, with her boundless affection and unwavering loyalty. Well-socialised and incredibly friendly, Alley has had a great rapport with other small dogs and her fellow greyhounds. Her gentle and easygoing nature means she can find common ground with just about any dog she meets. She has even been socialised with cats and could probably coexist peacefully with the right feline friend. Alley's age doesn't slow her down. She has the physical agility of a much younger dog and loves playtime and walkies as much as curling up for a nap. Alley enjoys her walks and would be a wonderful companion to explore the neighbourhood parks with. Her ability to make friends so easily would also mean plenty of playdates with other dogs! As Alley's future family, you will be cherished with her loving gaze and affectionate rubs. If you're in search of an older, wiser pup who still knows how to have fun like a youngster, Alley just might be the loving companion you've been waiting for. Come meet her and let her amiable spirit brighten up your life!","alley",""
"2020-04-01","Hunter Valley Mid Coast (Maitland/ Muswellbrook/Newcastle/Forster)","956000007851461","Joe","2026-02-27","MALE","","","joe-7",""
"2019-05-01","Hunter Valley Mid Coast (Maitland/ Muswellbrook/Newcastle/Forster)","956000006792942","Meg","2026-02-27","MALE","","Meg is the epitome of gentle charm, with a touch of bashfulness that adds to his irresistible appeal. This shy guy isn't just looking for any home; he's on a quest for his own private sanctuary, where he can be the star of the show without any pesky co-stars stealing his spotlight. Meg's motto? ""One dog, one throne!"" He's not one for sharing his kingdom, but he'll gladly share his love with respectful children who understand the art of giving him space but love when he likes. With Meg around, every day is an adventure filled with quiet moments of contemplation, punctuated by bursts of zoomies when no one's looking. So, if you're ready to welcome a regal greyhound into your castle and bask in the glory of his majestic presence then Meg is the dashing companion you've been searching for. Contact our Western Sydney facility to arrange a meet and greet and get ready to embark on a journey of laughter, love, and endless tail wags with this shy but lovable boy!","meg-1",""
"2018-11-01","Central West (Bathurst/Dubbo/Coonabarabran)","956000009482074","Sandy","2026-02-27","FEMALE","","Introducing Sandy, a beautiful and gentle girl who is ready to bring a ton of joy into your life! Known for her soft and gentle demeanor, Sandy possesses the ability to fill any room with calmness and love. Sandy is not just a dog; she's a friend and companion. Her kind and loving nature ensures that she gets along beautifully with both children and other dogs. She is known for her soft, soulful eyes that seem to look straight into your heart. What Sandy would love the most is a family that showers her with the same affection that she effortlessly gives to others. In her new home, Sandy would enjoy a cozy corner to curl up in, a safe garden to explore, and a family that she can love and be loved by. Sandy is just waiting to create numerous wonderful memories with a family who adores her. She promises a lifetime of love and dedication to those who welcome her into their heart.","sandy-6",""
"2019-01-01","Hunter Valley Mid Coast (Maitland/ Muswellbrook/Newcastle/Forster)","956000006671930","Wighton","2026-02-27","MALE","","Hello! My name is Wighton. I was known as Four Five on the racing tracks, but I hung up my racing collar late last year. I'm a courteous fellow, though I may take a little time to open up. Once I'm comfortable, I love to display my energetic zoomies. I've encountered several small dogs and they don't pique my interest much. I'm looking for a home with a backyard where I can have some space to myself from time to time. And, if you could take me on walks, that would be wonderful. I am looking forward to meeting my new human companions, so be sure to hit the 'apply' button when you can.","wighton",""
"2021-10-01","Hunter Valley Mid Coast (Maitland/ Muswellbrook/Newcastle/Forster)","956000011646676","Lara","2026-02-27","FEMALE","","Meet Lara! Lara hails from a sociable household where she has interacted with a Maltese terrier and frequently plays her fellow hound siblings. Initially, Lara may appear somewhat reserved, but with a touch of affection, care, and cuddles, she quickly warms up. She tends to be indifferent towards smaller dogs, often seeking reassurance from humans when they are present. With a lively spirit, Lara would be thrilled if her new human friends could take her on walks to let her energy out. Hit apply today to chat about your possible new addition.","lara-2",""
"2014-07-01","Northern Rivers (Grafton, Lismore, Casino)","956000004096731","Miss Ling","2026-02-27","FEMALE","","Miss Ling is a big snuggle bunny. She is sweet and affectionate and will seek out affection Described as a happy girl she will bring a ray of sunshine to your life and be happy to be by your side through thick and thin. Miss Ling may be on the other side of 9 but she still has a lot of love to share and is looking for the right person to shower her love on","miss-ling",""
"2017-12-01","","956000009568225","Luna","2026-02-27","FEMALE","","Say hello to Luna, a sociable and friendly female dog who is sure to win your heart. Luna's radiant persona lights up every room she enters, and her charming nature has a contagious effect that brightens up everyone around her. Luna's love for people is truly one of her fine characteristics. She adores being in the company of humans and is a strong advocate for endless belly rubs, cuddles, and ear scratches. She thrives off attention and relishes in making every moment delightful for you, and herself of course. Interactive playtime is Luna's favorite! She gets immense joy out of chasing toys, whether it's a game of fetch or squeaky toys that catch her attention. This playful activity helps Luna stimulate her mind and use her attentive nature to the best of her abilities. In a dog community, Luna prefers the companionship of medium to large breed dogs. She blends well with her fellow canine mates, her easygoing nature allowing her to adapt quickly to their play style. This adaptability makes her the perfect addition to a family with a medium to large breed dog. In stepping into Luna's life, be prepared for an overflow of love and memorable moments. Luna is ready to love her new family wholeheartedly, and promises to bring with her a bundle of joy, laughter, and playful adventures.","luna-7",""
"2018-01-01","Mid North Coast","956000009483201","Toby","2026-02-27","MALE","","Nightmare? Bad dream? Don't worry, sometimes names ARE deceiving, because our boy Toby, former Race Name Scary Dream, is anything but scary! ✅ Beautiful nature, a genuinely sweet duffer ✅ Big softie: this boy is your quintessential ""gentle giant."" He does get excited, but is very kind-hearted and means well. ✅ Very friendly and human social. Nothing makes him happier than being with his people. ✅ Loves hopping on the lounge and laying with you. Disclaimer: he's big and likes to hog most of the couch space! ✅ Enjoys playing, having fun, and just living his best life ✅ He can be exuberant and boisterous to start (oh my god life is so exciting!!) - but he does settle and eventually wants to find a lounge. ✅ Has been living inside his current home everyday - and is becoming quite accustomed to the spoils of pet life! ✅ Like most men, Toby LOVES his food! This will help with training as he is very easily influenced when free food is on offer! ✅ This patient boy settles when in the car or trailer ✅ Best suited as the only dog in the household - more attention for Toby 😉 ✅ The only hound Toby wouldn't mind sharing his new forever home with is his sister-from-another-mister: Winnie (Microchip: 956000009482109). - They currently live inside together and don't mind sharing all the love and attention. - Winnie is also available for adoption: https://www.gapnsw.com.au/our-greyhounds/winnie-2 Toby will need a bit of time to settle into his new home - it's a big transition moving to a new house. But with a bit of love and patience, you will be rewarded with a sweet, but funny, but lovable larrikin. Toby hasn't had the chance to interact with children yet. So would need a nice meet and greet to see how everybody goes, if potentially going into a home with kids. He is a big strong boy so likely would be best with older children. This sturdy lad is strong on lead - there's a big world out there and oh so little time, Toby feels like he must concur it stat! He does settle, and with a little training and patience will be a good walking companion or social wing man. Toby will be 6 at the end of January! Nothing bonds a family and new boy better than a birthday party right?!","toby-2",""
"2019-12-01","Mid North Coast","956000012217180","Marn","2026-02-27","MALE","","Make room!! The Big Marn is here! He may bump around a little bit due to his left eye corneal abnormality, but he does it in style! With the former Race Name ""Son Of Thirty,"" Marn could be your very own Son - and he'll never grow up to talk back to you or sneak out the window! In fact, he is a beautiful boy: ✅ This gorgeous lad is used to his current owner calling him ""Handsome"" and has requested this nickname continue in his new home ;) ✅ Loves people! He will seek out attention so get ready to give some affection (he'll give you ample back don't worry) ✅ Marn has met Geese, ducks and a cat and was well behaved (he did remain on his lead and muzzled for these interactions) ✅ Good with other dogs: - Settled well with a blind West Highland Terrier, but would benefit from a bit more work with small dogs. - Regularly interacts extremely well with other Greyhounds. - He would still need very slow, gradual introductions to any new dogs. ✅ Good with older children: - Marn has only interacted with kids aged 6+ years old. - He hasn't had the chance to interact with younger children yet, so would need a nice meet and greet first to see how everybody goes. ✅ Always a gentleman, Marn is very clean and quiet in his kennel. Poor Ol' Marn does suffer from Pannus, mainly in his left eye, and will require ongoing treatment. This is easily managed and the GAP team will always provide advice and answer any questions or concerns you may have. Marn has lived in a kennel environment, so hopes his new family understand he will need a little time and patience to settle into his new pet-life world. Marn recently celebrated his 4th birthday! It's definitely not too late to welcome him into your home and throw him a combined Housewarming and Belated Birthday party - maybe just blow out the candles for him though!","marn-1",""
"2017-12-01","Northern Rivers (Grafton, Lismore, Casino)","956000009568225","Luna","2026-02-27","FEMALE","","Check out the pretty girl we have for you! You won't regret meeting the gorgeous Luna (former Race Name: Marion's Regret). We're not sure what Marion was regretting because it certainly wouldn't be this perfect lass: ✅ Socialite Luna looooooves people! She seeks out interaction and attention. But she definitely knows how to make you feel appreciated and loved back. ✅ Helpful Luna jumps in the car herself and travels very well - so get ready for some road trips! ✅ Luna the Lady is a lovely house guest: she is very clean in her kennel, doesn't chew her bed, and doesn't bark. ✅ Loopy Luna does commit zoomies and thoroughly enjoys them! ✅ She also loves to chase toys so get your throwing arm ready! ✅ Ever the investigator, Luna is also more than happy to roam the yard and inspect all the news and smells. ✅ Even Lunas need downtime, and she does love nothing more than sitting on her couch on the veranda, surveying her lands and taking in the fresh air and vitamin D. ✅ Great with kids. Luna frequently interacts and is fine with children aged 5+ years. ✅ Good with other dogs: - Luna was a little shy at first when she met a small Italian Greyhound. She had no issues, just a bit standoffish. However she did soon settle and was fine. - Free-ranges in the yard with a male Greyhound housemate. - Regularly interacts with other Greyhounds. - She didn't like when dogs got in her face (I think we can all appreciate a bit of personal space!) but settled and was able to play and interact. - Luna would need very slow, gradual introductions to any new dogs or potential doggie housemates Yes, she does appear to have a massive tongue! This fair-haired maiden turns 6 years old very soon! How convenient - you can throw both a ""Welcome To Your New Home"" AND ""Birthday"" party for her 😉","luna-6",""
"2019-04-01","Northern Rivers (Grafton, Lismore, Casino)","956000006810672","Tori","2026-02-27","FEMALE","","Looking to spruce up your abode? We have some styling tips: Simply add the stunning Tori aka ""Rattlin' Style"" into your house! You'll be all the fashion and talk of the town! This strikingly elegant and beautiful girl has other lovely qualities too: ✅ Very affectionate little lady who thrives on human companionship. ✅ Good with older children: - Tori currently interacts with children aged 6+years old - She is relaxed and calm around older kids. She recognizes their gentle and caring presence, and her natural instincts guide her to be extra gentle and patient. - Tori is the kind of dog who will offer a warm nuzzle or a gentle paw to her young humans, ensuring an unbreakable bond. ✅ Tori is a good, polite girl in her kennel. ✅ This clever lass has an understanding of appropriate conduct and is respectful of boundaries. ✅ Good with Medium-Large breed dogs: - Regularly interacts with other Greyhounds. - Tori interacts best with male Greyhounds. - She would need very slow, gradual introductions to any new dogs. ✅ Tori loves her toys! Watching her play is a joy in itself. Her evident fun and energy is contagious! - so both Tori and you can have a grand old time! Tori will need a fully fenced yard. Tori can sometimes Resource Guard her food, so it is best if she is fed separately and left alone to eat her dins. If having a devoted dame in your life sounds like a pretty picture, then Enquire or Apply to Adopt Tori (Rattlin' Style) to style up your home 😉 She may just improve your life and happiness too!","tori-4",""
