"DATEOFBIRTH","LOCATION","MICROCHIPNUMBER","NAME","RECORDEDDATE","SEX","SPECIFICNEEDS","TEXT","URLNAME","WHATWEHAVENOTICED"
"2022-05-01","Hunter Valley (Maitland/ Muswellbrook/Newcastle/Forster)","956000011334010","Jimmy","2025-06-04","MALE","","Jimmy is a happy, confident boy with a playful heart and a relaxed outlook on life. He’s the kind of dog who’s just as content having a romp around the yard as he is chilling out by your side, soaking up cuddles and pats (his favourite!). Jimmy walks with enthusiasm and might be a bit strong on the lead at times, but with a bit of practice, he’ll settle into a great walking buddy. He could potentially get along with smaller dogs too, given slow and careful introductions—he’s a sociable guy who just likes to take his time getting to know new friends. If you're after a cheerful, affectionate companion with a lovely balance of energy and calm, Jimmy could be the perfect fit!","jimmy-9",""
"2020-09-01","Hunter Valley (Maitland/ Muswellbrook/Newcastle/Forster)","956000012963543","Cooper","2025-06-04","MALE","","Cooper is a confident, cheeky boy with a playful spark and a big personality! He’s always up for fun, whether it’s a run around the yard, a good game with a doggy mate, or heading out on an adventure. He’d thrive in an active home, especially one with another dog around his size to keep him company and match his energy. Cooper’s zest for life is infectious — he’s the kind of dog who’ll keep you laughing and moving, then happily crash for a nap once the fun’s over. If you’re looking for a playful, social, and slightly cheeky companion, Cooper could be your perfect adventure buddy!","cooper-8",""
"2022-05-01","Hunter Valley (Maitland/ Muswellbrook/Newcastle/Forster)","956000011335576","Reggie","2025-06-04","MALE","","Reggie is a relaxed and independent boy who’s all about the quiet life. He enjoys a bit of company and is happy to hang out with you, but he’s equally content doing his own thing — the perfect companion for someone who appreciates a low-key, easy-going dog. He does pull a little on the lead (there’s just so much to sniff!), so he’ll need a bit of guidance when it comes to walks. But with a patient and gentle hand, Reggie will soon settle into a lovely routine. If you’re looking for a calm, undemanding friend to share peaceful days with, Reggie might be your perfect match.","reggie-8",""
"2022-05-01","Hunter Valley (Maitland/ Muswellbrook/Newcastle/Forster)","956000011332727","Jj","2025-06-04","MALE","","JJ is a sweet, happy-go-lucky boy with the playful energy of a puppy and a heart full of love. Confident and full of charm, he’s always ready for fun — whether that’s a zoom around the garden or a goofy game with his canine pals. He’s still working on his lead manners (he’s just so excited to explore!), but with a bit of guidance, he’ll be strutting like a pro in no time. JJ might be cat-workable, but he’s definitely more in his element around other greyhounds or larger dogs. In fact, he’d thrive in a home with a doggy friend to play with and help show him the ropes. If you’re looking for a cheerful, fun-loving companion with a heart of gold, JJ is your guy!","jj-3",""
"2020-08-01","Central West (Bathurst/Dubbo/Coonabarabran)","956000011713002","Usyk","2025-06-04","MALE","","Meet Usyk, a loving male dog who is seeking a simple and fulfilling life with a new family. He's a charismatic chap who adores medium-size canine companions and is always eager to make new friends. His kind-hearted nature and great spirit make him a treat to be around. Usyk is ready to embark on an enriching journey with a family that cherishes mutual growth and learning. He truly embodies the spirit of companionship and will surely become an integral part of your family. His intelligent eyes tell a story of love and loyalty that will reassure you in times of solitude and fill you with joy when times are good. Adventurous yet gentle, Usyk is the perfect companion for a family who enjoys a balance of outdoor activities and cozy time indoors. He's not a demanding pet; a simple life filled with love and care is all he aspires to. His only request? A nice, comfortable spot beside you. With a loving heart that is ready to expand and a spirit that is eager to learn, Usyk is the perfect companion for a family looking forward to welcoming a new member. He's surely the sweetheart you've been looking for. Begin a beautiful journey filled with comfort, companionship, and adventure with this wonderful dog. Usyk is excited to meet his new family and is ready to shower them with his unconditional love.","usyk",""
"2021-04-01","Hunter Valley (Maitland/ Muswellbrook/Newcastle/Forster)","956000012865653","Angel","2025-06-04","FEMALE","","Angel is a confident, people-loving girl who can’t resist a good cuddle session — she’s basically a professional snuggle expert. When she’s excited, she does a happy little prance that’s guaranteed to brighten your day. She walks beautifully on lead and is always ready to be your loyal companion, whether you’re a busy family or flying solo. Now, here’s the deal: Angel isn’t a fan of small dogs or cats. Think of her as the diva of the dog world who politely requests no tiny four-legged frenemies crashing her party. So, if you don’t have any pint-sized pooches or sneaky cats, Angel is all in for a lifetime of love and fun!","angel-7",""
"2021-12-01","","956000007425762","Jj","2025-06-04","MALE","","JJ is a sweet and gentle boy with a heart full of love and just the right amount of playful mischief. He’s a bit of a slow burner—once he warms up, you’ll discover his fun-loving, zoomie-ready side that’s always up for a quick burst of excitement. JJ walks nicely on lead and enjoys a good balance between lively adventures and laid-back chill time. While he’s not a big fan of cats, his charming personality more than makes up for it! If you’re after a gentle companion with a dash of goofy energy and plenty of love to give, JJ is the perfect match.","jj-2",""
"2021-12-01","Hunter Valley (Maitland/ Muswellbrook/Newcastle/Forster)","956000007429724","Thor","2025-06-04","MALE","","Thor is one handsome, sweet-natured boy who knows how to keep things cool. This relaxed gentleman is as happy to kick back and chill as he is to join you on an adventure—he’s got the perfect balance of laid-back charm and eager enthusiasm. Thor walks like a dream on lead and absolutely adores pats and cuddles (honestly, who wouldn’t?). He’s fantastic with kids, super low maintenance, and ready to be your loyal sidekick through all of life’s ups and downs. If you want a handsome, easy-going companion who’s all about good vibes and great company, Thor’s your guy!","thor-4",""
"2022-11-01","Hunter Valley (Maitland/ Muswellbrook/Newcastle/Forster)","956000014914351","Mel","2025-06-04","FEMALE","","Mel is a friendly and joyful girl with a playful spirit and a heart full of love. She’s naturally cuddly and thrives on affection, making her the perfect companion for anyone seeking warmth and fun. When she’s out exploring, Mel gets quite excited and enthusiastic, so she may benefit from a little lead training to help her walk calmly and confidently. Whether you’re a family with kids or someone looking for a devoted solo companion, Mel’s sweet and charming personality will quickly win you over. She’s eager to share her love and devotion, and with a bit of guidance, she’ll flourish into the perfect adventure buddy and snuggle partner.","mel-7",""
"2021-04-01","Western Sydney (Londonderry)","956000007434408","Carter","2025-06-04","MALE","","Carter is gentle, walks on a loose leash, and would be the kind of greyhound who could live with respectful kids, or older/elderly folks, due to his laid back nature. He is lovely around dogs big or small here at the centre and would be happy to live with them. Carter would enjoy a small backyard/townhouse to call his own. He can have bursts of quirky excitement like other greyhounds but overall he is a relaxed greyhound. He is great with people in general, loves pats and will snuggle into you (to sneak in a face lick). He loves treats and attention and would do well with a family who are looking for a placid greyhound to add to the family. He is available at the Western Sydney adoption centre.","carter",""
"2020-02-01","Riverina (Wagga, Temora, Gundagai, Griffith)","956000007828273","Spud","2025-06-04","MALE","","Spud is a lovable brindle boy with a heart as big as his paws. This gentle giant is the epitome of calm and cuddly, making him the perfect companion for families. Despite his size, Spud is well-mannered and easy to walk on a lead, never pulling or jumping. He adores children and has been living happily in a home with kids. Spud is a true people-lover who thrives on affection and belly rubs. His favourite pastime? Snuggling up on the couch, where he can relax and enjoy the company of his humans. He's also a foodie at heart, always eager for mealtime. Social and friendly, Spud gets along wonderfully with other greyhounds, as well as both large and small dogs, even cats. His easy going nature and big teddy bear personality make him a perfect pet for any loving home, preferably with someone home some of the day, or a home or part-time worker.","spud-2",""
"2015-04-01","Western Sydney (Londonderry)","956000004252752","Ester","2025-06-04","FEMALE","","Ester may have just celebrated her 10th birthday, but this sweet, gentle lady still has so much love to give! Ester has spent some time in a unit apartment foster care home. A well-mannered, affectionate soul, she adores the company of other greyhounds and is open to meeting new friends with a proper introduction—especially other medium or large breeds. Ester’s ideal day includes lounging on a comfy pillow, taking a leisurely walk, and enjoying quiet moments with her humans. Though she’s an “older” gal, Ester still has plenty of spunk and would love a calm, loving home to call her own. She’s the perfect companion for someone looking for a loyal, relaxed dog to share their home, maybe couch, and life’s simple pleasures. Ester is ready to fill your heart with the kind of love only a senior dog can bring—gentle, kind, and full of gratitude. Could you be the one to offer Ester the forever home she deserves? If you’re ready to make her golden years the best yet, come meet this sweet lady today. She’s waiting to shower you with love! 🐾💕","ester",""
"2020-11-01","Riverina (Wagga, Temora, Gundagai, Griffith)","956000007467036","Snip","2025-06-04","FEMALE","","Snip, Snippy, Snipper dog....she's one of a kind. Such a pretty girl with her white nose, chest and socks and even a beautiful little mane of hair down the back of her neck (a whorl of hair that sticks up), making her a very special girl indeed. Snip is a darling; kind and affectionate, and just loves loving you. She is also playful, friendly, and loves her food - she will eat anything you put in front of her! Luckily she loves her walkies to keep her trim, playing in the yard with her toys or throwing/kicking a ball with her. Snip is a good traveller and loves going in the car, off on adventures! Snip would suit an active family with older kids 10+ or a couple with a backyard to play in and time to spend with her. Although Snip is used to the whippets and terriers, she would probably be best as an only dog or with a larger male dog or greyhound.","snip-2",""
"2019-11-01","Southern NSW/ACT (Bulli, Nowra, Goulburn, Canberra)","956000009501096","Barba","2025-06-04","MALE","","Barba is a beautiful boy who loves adventure. Barba would be ideal for the young professional couple or single person looking to give a dog a structured life. Barba whilst growing up in a residential street has limited house exposure. Barba is very good to take on longer walks and is a very good learner. Barba with the correct introduction would be good with medium to large dogs","barba-1",""
"2019-11-01","","956000009447645","Parade","2025-06-04","FEMALE","","Parade is a beautiful smaller girl who is looking for her perfect companion. Parade has grown up in a residential street and would be suited to someone with a backyard or courtyard. Parade travels well in the car and enjoys a walk around the local streets Parade has grown up around other greyhounds and loves getting pats from the neighbourhood children when she knows them. Parade is the perfect mix for someone that likes short walks and a dog that sleeps the day and night away.","parade",""
"2021-07-01","Southern NSW/ACT (Bulli, Nowra, Goulburn, Canberra)","956000007466142","Poppy","2025-06-04","FEMALE","","Poppy Is a beautiful Brindle female that loves to play. Whether it be at the local oval or having a run around your backyard this girl loves to zoom. Poppy is good with older kids and is the perfect first pet for a family. Poppy settles well and walks very well on lead Poppy has grown up in a backyard where she enjoys sunning herself after a quick play. Poppy is currently undertaking some house training and is progressing very well. enquire today to find out more about Poppy","poppy-8",""
"2022-12-01","","956000011658476","Pop Tart","2025-06-04","FEMALE","","Pop Tart is a stunning lady with a heart as sweet as her name. She might be a little shy at first—think of her as a delicate flower that needs some gentle nurturing and patience to truly bloom. With the right person to give her space and time, she’ll slowly come out of her shell and reveal the delightful, goofy, and affectionate friend she’s been hiding all along. Once Pop Tart trusts you, she transforms into the ultimate cuddle buddy and loyal sidekick, ready to fill your days with warmth, laughter, and a touch of silly charm. If you’re ready to invest in a special friendship that grows beautifully at its own pace, Pop Tart can’t wait to meet you!","pop-tart",""
"2023-01-01","","956000014912029","Alfie","2025-06-04","MALE","","Alfie is a happy, excitable greyhound with a heart full of love and a personality that will keep you smiling. This sweet boy is a total cuddle bug who loves giving kisses and soaking up all the affection you have to offer. Whether he’s off on an adventure or just chilling at home, Alfie is your perfect companion — always ready for fun but also totally content to relax by your side. While Alfie isn’t a big fan of cats, his funny and charming personality more than makes up for it! If you’re looking for a loyal buddy who’s full of life and love, Alfie might just be the one for you.","alfie-7",""
"2021-11-01","Hunter Valley (Maitland/ Muswellbrook/Newcastle/Forster)","956000014638402","Maggie","2025-06-04","FEMALE","","Maggie is a sweet and affectionate girl who’s all about the cuddles once she feels safe and settled. While she may be a little reserved at first, with patience and gentle encouragement, she’ll soon reveal her loving and loyal nature. Maggie would thrive in a calm, family-oriented home—especially one with older kids who can respect her space as she finds her feet. She enjoys the company of people and forms strong bonds once she’s had time to build trust. She might be okay with a calm, small dog companion, but would need a slow introduction to ensure everyone gets along. If you’re looking for a loving companion and are happy to give Maggie the time and support she needs to shine, she could be the perfect fit for your family.","maggie-16",""
"2020-10-01","New England","956000006115451","Neon","2025-06-04","FEMALE","","🖤 Meet Neon – The Belly Rub Queen! 🖤 Neon is a gentle 4-year-old black greyhound with a heart of gold and a love for human company. She’s the kind of dog who will quietly follow you from room to room, just happy to be near her people. Her soulful eyes and calm presence make her an instant favorite with everyone she meets. She adores belly rubs and will happily roll over to show you her soft side – literally! She’s affectionate, easygoing, and would thrive in a home where she can be part of the family and soak up all the love and attention she deserves. Whether you’re relaxing on the couch or enjoying a quiet walk, Shadow will be right by your side, making every moment a little brighter.","neon",""
"2021-06-01","New England","956000014488009","Jazz","2025-06-04","FEMALE","","Meet Jazz – The Life of the Paw-ty 🐱 Cats – Yes! 🐶 Other Dogs – Absolutely! ⚡ Energy Level – Zoomies guaranteed! Jazz is a gorgeous 4-year-old brindle greyhound with a zest for life and a heart full of love. She’s a social girl who gets along with other dogs and is even cat workable, making her a perfect fit for a multi-pet household. Jazz thrives on activity and would love a home where she can stretch her legs, play to her heart’s content, and then snuggle up for some well-deserved downtime.","jazz-4",""
"2020-08-01","Western Sydney (Londonderry)","956000005720366","Arnie","2025-06-04","MALE","","A true superstar, introducing Arnie! With a name like Arnie, it’s no surprise this guy is ready to bring some action into your life. He’s ready to run into your heart faster than a speeding chopper! If you’ve ever watched Arnie in Predator, you know that underneath that tough exterior is a soft spot that only the right person can unlock. Arnie is no different! With a calm and loving nature, he’ll cuddle up with you after a long day of zoomies, providing the perfect balance of strength and sweetness. Arnie would suit a backyard, a house with stair access, and doesn't mind some stints being left alone as solo pet however would suit a home with another M-L canine companion. If you're ready to bring Arnie into your life and experience a life of creating your own highlight reel...contact GAP. Arnie is available from the Western Sydney adoption centre...let the adventures begin!","arnie-1",""
"2021-02-01","Southern NSW/ACT (Bulli, Nowra, Goulburn, Canberra)","956000013034147","Roy","2025-06-04","MALE","","Roy is a 4-year-old greyhound who has grown up in a rural environment and is now looking for his forever home. He is a clean and well-mannered dog who never messes in his kennel, showing great potential for transitioning into a home environment with a little support for house training. He’s an excitable boy who enjoys a good run around but doesn’t jump up or show signs of destructive behaviour. Roy gets along well with other greyhounds and would thrive either as a solo dog or with a calm canine companion. Roy is well-suited to homes where the owners work full-time, as he is independent and relaxed when left alone. He would do best with a secure yard and regular opportunities to stretch his legs, ideally in a quiet, calm setting similar to his upbringing. Roy is a gentle, happy dog who just needs a little time and patience to adjust to home life. With the right guidance, he will make a loving and loyal companion.","roy-5",""
"2021-02-01","Southern NSW/ACT (Bulli, Nowra, Goulburn, Canberra)","956000012864576","Dixie","2025-06-04","FEMALE","","Dixie is a 4-year-old brindle greyhound and the sister of Roy. She’s a smaller girl with a big personality, full of charm and playful energy. Dixie is a good kennel dog who keeps her space clean and enjoys a structured routine. She’s an excited little lady who absolutely loves to show off her zoomies in the yard. Despite her bursts of energy, she settles down quickly and is happy to relax once she’s had a chance to stretch her legs. Dixie would suit a family environment and is good with children aged 5 and up. She’s gentle, affectionate, and thrives on attention. With her easy-going nature and love of fun, Dixie would make a delightful addition to a home that can offer her both playtime and plenty of cuddles.","dixie-4",""
"2020-10-01","Riverina (Wagga, Temora, Gundagai, Griffith)","956000007827661","Buddy","2025-06-04","MALE","","Meet Buddy! A happy, friendly dog who loves meeting people, is easy going and loves life. Basking in the sun is one of his favourites past-times, as is playing in the yard with his greymates and attention from his humans. He loves it when he comes inside and lies on the rug but would love a couch all to himself (currently occupied by the 'boss' girls). He's also happy spending time on his own during the day, hanging out in the garden, sun-snoozing on the grass or in a sheltered spot in cooler times (veranda, gazebo). Buddy is an easy maintenance lad who just wants some love and attention and a cruisy, simple life. He will making a loving companion for anyone wanting an affectionate friend to hang out with. 💙","buddy-13",""
"2022-05-01","Western Sydney (Londonderry)","956000011343487","Hope","2025-06-04","FEMALE","","We hope that you’ll fall in love when you first lay eyes on our teeny tiny beautiful girl, Hope! Weighing in at just 25 kgs, Hope is a sweet, confident and gentle girl. She enjoys going for walks, walks lovely on the leash, and is beautiful around kids 5-10 years old. A home with respectable children would be suited. This happy vibrant girl is great with other medium to large dogs as well. If you can’t bear the idea of not having Hope in your life then apply to adopt her today!","hope-7",""
"2021-09-01","Western Sydney (Londonderry)","956000014518296","Mila","2025-06-04","FEMALE","","This is Mila! She may only have 3 legs, but that wont stop her from showing you endless love and affectionate once she gets to know you! She may be a little timid at first in new environments, but it wont take long for her to warm up to you, leaning in for pats and cuddles. Mila enjoys the company of dogs and cats ideally with a calm nature, just likes hers. She's learnt to navigate the world on 3 legs and could suit apartment living on the ground floor or with lift access. Do you think Mila could be the girl for you? Meet her at Western Sydney 🐾","mila-1",""
"2022-09-01","Western Sydney (Londonderry)","956000015732535","Betsy","2025-06-04","FEMALE","","Betsy would do well in a quiet and respectful household with a fenced yard to romp around in. Betsy will thrive in a home where she can learn how to be the best pet she can be! She is a friendly girl who is stepping her paws into pet life for the first time & would do best in a quiet neighbourhood. Betsy is available to adopt from our Londonderry Western Sydney adoption centre.","betsy-1",""
"2021-11-01","Western Sydney (Londonderry)","956000013022194","Kirby","2025-06-04","MALE","","Oh hey there! My name's Kirby and I would love to tell you all about how I would be your perfect pet! I've had some experience living as a pet and I was an excellent house guest however we discovered I really love my food. The amazing trainers here at GAP have been working on my sharing, so my new home can continue this training with their help. Fun games like ""leave it"" (which I'm getting really good at by the way!) are doing wonders in my progress! Running around and playing in the sun is the best thing ever, and I would love my new fur-ever home to have a backyard to call my own. With my love for sunbaking and zoomies I am more than happy being a predominantly outside dog with supervised or restricted access to the house. Full-time workers are a-ok with me, though I am still a big snuggle bug who will shower you with love and affection when you get home. I love exploring new places and my friends at GAP say I walk very well on lead, so if you're looking for a walking partner for your quiet morning/evening stroll I'm your guy. Not to brag, but I really am a true genius, mastering many cues including ""down"", ""stay"", ""shake"", ""touch"", ""crate"", ""leave it"", ""heel"", and—drumroll, please—the legendary greyhound sit! I find daily training sessions and enrichment activities super fun and a great way to keep my super smart brain occupied and stimulated. I can't wait to meet my forever family! So come on down to GAP Western Sydney to meet (and fall in love with) me!","kirby",""
"2022-02-01","Western Sydney (Londonderry)","956000007427718","Mauve","2025-06-04","FEMALE","","Blue girl Mauve is a playful, fun loving and happy girl. She loves to lean into you for pats and has that perfect outgoing and affectionate personality which is infectious and unforgettable! She may only have 3 legs but we don't think anyone has actually informed her...as she gets around just fine! She loves playing, doing zoomies and has perfected the 'greyhound lean' too. She does well indoors and would suit unit/apartment life (with a lift so she doesn't need to do stairs). Shorter walks are totally fine by Mauve as long as she gets some mental enrichment and cuddles when you get home. She has done well in her initial alone time testing and would be happy to be left alone as a solo pet. This gorgeous girl has an infectious happy personality which we think many home types will adore! She is available at the Western Sydney adoption centre.","mauve",""
"2021-04-01","Western Sydney (Londonderry)","956000013029374","Jack (Western Sydney)","2025-06-04","MALE","","Hi there! My names Jack - I'm a super friendly affectionate boy who's ready to bring lots of love and fun to your life! I'm a confident guy, happy being around all my human friends and meeting new ones on my adventures. I also show really positive interactions with other dogs of all sizes, so depending on how a meet and greet goes, I may not mind sharing my new home with a canine buddy. I travel well, so would be happy to head out on adventures with my new family! Come down and meet me at Western Sydney!","jack-western-sydney-1",""
"2021-12-01","Western Sydney (Londonderry)","956000011572232","Cowboy","2025-06-04","MALE","","This chilled out Cowboy is ready to find his forever home! This handsome and gentle boy would suit a home with respectful children, big or small dogs, and of course some toys to keep him company. Not only is he fabulous around children, he's been learning to go on walks with the kids, and he's well known for being quite confident across the board in many new situations. He's happy living in a house/townhouse or a unit apartment (he can also walk up and down stairs!). He would make a wonderful family pet due to his charming and adaptable nature. Cowboy is available at Western Sydney's adoption centre.","cowboy-1",""
"2020-08-01","Western Sydney (Londonderry)","956000007852110","Archie","2025-06-04","MALE","","Archie is a gentle hound who has a calm, non jumpy, laid back nature. He has spent some time in a home and the feedback is: ""He has been perfect, slept through the night, no inside accidents, amazing on the lead, friendly to everyone he meets and does not seem bothered at all."" Never too over the top and never boisterous, Archie is a lovely hound. If you want an affectionate and gentle boy, keep reading! Archie is excellent on the lead with no pulling. He plays nicely with other greyhounds, spending time in our office with other greyhounds to simulate a home environment. He has excelled with stairs, too. He is available from the Western Sydney adoption centre.","archie-13",""
"2022-01-01","Western Sydney (Londonderry)","956000007421019","Donna","2025-06-04","FEMALE","","Donna or Don as she's known to her friends is a gorgeous girl who enjoys spending time around kids 3-5 years old, lapping up all the pats and love from those she trusts. A bit on the shy side at first but warms up, we've noticed she loves attention, her playful side comes out when she is relaxed. She loves kids and playing with soft toys, balls, water. She will be a great pet with an owner/family who has patience at start to allow time/space to settle & trust. She's well across getting lots of love and pats from her humans and would love a family who will give her cuddles and attention. She has done brilliantly in her initial testings with small animals including cats and small dogs and with gradual introductions will thrive in a multi-pet home. This gorgeous girl can be summed up as placid and playful. If you're looking for the perfect match for your pets, kids, and easy going lifestyle, we think Donna could be the one!","donna-1",""
"2020-05-01","Western Sydney (Londonderry)","956000007827523","Elsie","2025-06-04","FEMALE","","Little Elsie is a very friendly & affectionate girl, she has a nice calm but confident nature. This happy girl loves toys and is confident all round making her a wonderful addition to a home with or without children, she has learnt to play nice with children regularly. She loves popping in to see the neighbours and is a perfect little social butterfly! Elsie is available at the Western Sydney adoption centre.","elsie-3",""
"2021-10-01","Western Sydney (Londonderry)","956000013022747","Ashton","2025-06-04","MALE","","Ashton has been around children of all ages from 1 to 16 making him a great addition to a young, growing family. He's spent some time around working dogs including border collies and kelpies and understands their social dynamic, so would suit a home with any medium to large dogs with a bit of drive. He is a beautiful hound who would fit seamlessly into so many home types - enquire about Ashton with the Western Sydney adoption centre.","ashton",""
"2020-10-01","Western Sydney (Londonderry)","956000007825854","Jack","2025-06-04","MALE","","Jack is a confident hound looking for his forever home. Jack still has some beans and would enjoy a backyard to romp around. He would enjoy an outdoor and indoor life where he can join you where ever you are. He has a vibrant and joyful personality which children would enjoy! Jack is available at the Western Sydney adoption centre.","jack-31",""
"2020-05-01","Western Sydney (Londonderry)","956000007833625","Anna","2025-06-04","FEMALE","","Anna loves kids, and is a quiet, gentle and friendly girl ready to show off her beautiful social skills in her forever home. She walks gently on lead and can initially be a little bit shy but warms up with treats and toys. This gorgeous girl would suit a home with another hound and a quiet home where she can thrive into the confident girl we know she can be! This gentle and affectionate girl will show you she likes you by sniffing your face! Find out the gentle love of a greyhound with Anna, Anna is available at the Western Sydney adoption centre.","anna-7",""
"2021-05-01","Western Sydney (Londonderry)","956000007466974","Harry","2025-06-04","MALE","","Harry is a total catch! He is friendly, confident, good with humans and dogs, and a happy bubbly boy. He likes to play, has a good food drive, showing to be very trainable, he also walks lovely on the leash. He is confident on lead and in new environments as well as super polite with our greyhounds and small dogs here at the centre. Harry is a gentle, yet playful, lovely mix of all the perfect greyhound quirks! If he's not smooching up to you, he's sniffing out the treats in your pocket or finding a toy to entertain himself with. This goofy love bug is available at the Western Sydney adoption centre.","harry-13",""
"2019-04-01","Western Sydney (Londonderry)","956000006677803","Henry","2025-06-04","MALE","","Henry has lived his life surrounded by children, and would suit a home with a family of children who are eager to give him lots of love. Henry is a social butterfly who loves a bit of attention! He would suit a home with another medium to large dog who is on the chill side like him. His previous owners have summed him up as a big goof ball, who is placid, even a little bit clumsy! He settles well on his bed and is happy to watch the world go by with you by his side. Henry is available at the Western Sydney adoption centre.","henry-9",""
"2020-10-01","Western Sydney (Londonderry)","956000011576024","Meri","2025-06-04","FEMALE","","Little 23kg Meri has been around children 1+ to 14 years old, she loves a bit of attention and loves to run off with toys and have a bit of fun. She is a friendly, confident, yet relaxed girl. Meri would enjoy a backyard/townhouse with or without a greyhound pal to spend her days with, she would also be suitable around children due to her history of exposure with kids! Meri is available at the Western Sydney adoption centre.","meri-1",""
"2018-03-01","Western Sydney (Londonderry)","956000009480565","Bo","2025-06-04","MALE","","Bo has beautiful moo-cow markings, making him stand out here at the centre. He also stands out of the crowd due to his confident, happy-go-lucky nature. He has an sometimes energetic side and loves his training sessions, showing off his amazing engagement and ability to learn new tricks. He is confident around new people and loves neck scratches from anyone who'll give them. He enjoys spending time around bigger dogs and would suit a backyard/townhouse as he loves having a bit of a run to burn off those greyhound zoomies. A home with respectful children will be a great fit, too. Bo is available at the Western Sydney adoption centre.","bo-15",""
"2019-01-01","Western Sydney (Londonderry)","956000006169196","Maverick","2025-06-04","MALE","","This handsome, sweet, gentle, calm and loving boy is Maverick. He is calm natured, sweet and quiet. He enjoys a little bit of attention but is a relaxed boy happy to do his own thing. He loves spending time indoors in our office. He loves a quiet, gentle lifestyle and has an amazing personality which would suit respectful children. He is also a highly polite boy with our greyhounds onsite and would suit a home with another hound. He is cautious on staircases at the moment so if he lives in a unit/apartment, a lift would be best at this stage. He has spent long stints alone in our office space and does well independently, meaning he could suit longer hours left alone. He enjoys being indoors so doesn't need a large yard to be happy. This stunning boy is available at the Western Sydney adoption centre.","maverick-1",""
"2021-08-01","Western Sydney (Londonderry)","956000007429011","Popeye","2025-06-04","MALE","","Popeye is a handsome, goofy boy who's bursting with personality. He lives for playtime, whether it's a good game of fetch, tug with his favourite rope toy, or zoomies in the yard. He's social and enjoys the company of other medium to large dogs, especially those who can keep up with his playful energy. Popeye would thrive in an active household or with someone who has a secure backyard where he can stretch those long legs and get his daily dose of fun. He's also happy just hanging out once he's had his play, he knows how to chill when the time is right. When it comes to walks, Popeye has been doing really well with his training. He's learning to stay focused and calm, especially when small dogs are around. He does best when you bring his favourite toy along, it helps redirect his attention and keeps him happily engaged with you. Ongoing positive training and consistent management have helped him progress beautifully. With the right guidance, Popeye's a total gem. He's smart, responsive, and full of love to give. In return, you'll gain a loyal sidekick who's always ready for fun and fiercely devoted to his people.","popeye-1",""
"2021-12-01","Southern NSW/ACT (Bulli, Nowra, Goulburn, Canberra)","956000012895791","Ronaldo","2025-06-04","MALE","","This laid back character is currently living amongst the trees around all sorts of creatures like native birds, the occasional wallabies to a friendly border collie he plays with and different smaller breeds of dogs that come past. He has free range chicken walking around and also enjoys being walked around the property by the young kids. He is very friendly and playful, he also adores affection.","ronaldo",""
"2022-11-01","Southern NSW/ACT (Bulli, Nowra, Goulburn, Canberra)","956000014886641","Emma","2025-06-04","FEMALE","","Emma is a gorgeous girl, she likes to play, loves to cuddle and loves to relax. Emma has been exposed to various creatures domestic and native from goats and chickens to poodles, fox terriers and native birds. She has always lived around a family and is great with kids and good to be left on her own while your at work.","emma-4",""
"2020-08-01","Riverina (Wagga, Temora, Gundagai, Griffith)","956000011722631","Nate","2025-06-04","MALE","","Meet Nate, the gentle soul. He's a sweet and loving male greyhound who has stolen the hearts of everyone he meets. With a gentle demeanour and a knack for snuggling, Nate is the perfect companion for those cosy, cold days. He'll happily curl up beside you, providing warmth and affection whenever you need it. Nate is fully housetrained, making him an easy-going addition to any home. He loves walks, enjoying the sights and smells around him, but he's also equally happy at home as your one and only companion, where he can shower you with love and cuddles and play in the back yard, throwing a tennis or soccer ball to him. If you’re looking for a loyal friend who thrives on companionship and affection, Nate is your boy!","nate-1",""
"2020-03-01","Southern NSW/ACT (Bulli, Nowra, Goulburn, Canberra)","956000007854250","Ox","2025-06-04","MALE","","Ox is the big softie that makes your heart melt. Ox is currently living inside a home learning to love the relaxed life. Ox still enjoys his walk and is a delight to walk on lead. This big guy is a kind hearted boy who loves sleeping the day away. Ox enjoys human company but is also happy to be left alone for full time working hours. Ox enjoys a car ride and lazing on his bed in your home","ox-1",""
"2023-07-01","Southern NSW/ACT (Bulli, Nowra, Goulburn, Canberra)","956000015747552","Willow","2025-06-04","FEMALE","","Willow is a sweet and gentle soul with a heart full of love to give. This petite brindle girl has grown up around children as young as five and thrives in a family environment. Willow has spent time inside the home and is crate trained, making her well-adjusted to a household routine. She’s small-dog workable and has shown she can live comfortably alongside other canine companions with appropriate introductions. Willow would suit a full-time worker as she’s content to snooze the day away, especially when given a comfy bed and a few toys. Willow doesn’t ask for much—just a short daily walk and a secure courtyard to stretch her legs. With time, patience, and continued training, she could adapt well to apartment living too. If you’re after a low-maintenance, affectionate companion to fit your lifestyle, Willow might just be your perfect match.","willow-10",""
"2023-07-01","Southern NSW/ACT (Bulli, Nowra, Goulburn, Canberra)","956000015740801","Raven","2025-06-04","FEMALE","","Raven is a bright, affectionate little brindle girl who brings a calm presence to any home. Raised with young children, she’s gentle and respectful—making her a lovely option for families or first-time dog owners. This sweet girl is crate trained and has spent time indoors, so she understands the rhythm of household life. Raven is small-dog workable and would be happy living with another dog, given the right introductions. She’s also perfectly suited to full-time workers, as she’s more than happy to relax during the day and save her energy for a short evening walk. Raven would thrive in a townhouse with a courtyard and—with a little guidance and consistency—could easily adapt to apartment life. Looking for a loyal companion who’s calm, adaptable, and low-fuss? Raven could be the one for you.","raven-4",""
"2021-03-01","","956000012221634","Max","2025-06-04","MALE","","if you are looking for a boy who is very laid back and affectionate at the same time then you must meet Max Max is a beautiful and soft black boy who is looking for his perfect backyard Max enjoys a daily walk and has grown up around small children. Max enjoys lazing the day away in the sun and is a very care free boy. Max was raised around small sausage dogs and has lived with other greyhounds. Max is the final piece to a families perfect puzzle","max-14",""
"2019-05-01","","956000006794630","Carly","2025-06-04","FEMALE","","Carly may take a little time to fully warm up but once she does, you'll find a wonderfully affectionate pup. Patience will reveal Carly's true nature: a loyal and cuddly grey. Carly can be apprehensive and may shy away when approached from above, but if you crouch down to her level, you'll soon discover her gentle heart and spark of curiosity. Her ideal home would be a calm environment where she can enjoy plenty of affection and cozy snuggles without feeling rushed or overwhelmed. A home with a part-time worker would be an excellent fit for Carly, as she'd benefit from having company during the day. With time, patience, and love, Carly will become an irreplaceable member of your household, full of love and ready to receive it in return.","carly-5",""
"2022-01-01","Southern NSW/ACT (Bulli, Nowra, Goulburn, Canberra)","956000007427015","Lola","2025-06-04","FEMALE","","Lola is a stunning young hound, she is very interactive, she loves playing with toys and will keep coming back for a pat and a cuddle. She has seen a variety of livestock and native animals living in a semi rural setting. She spends time around a toddler who she is very careful and affectionate with. She would fit in well to a lot of peoples lives.","lola-4",""
"2023-01-01","Southern NSW/ACT (Bulli, Nowra, Goulburn, Canberra)","956000014911818","Alf","2025-06-04","MALE","","Alf is a handsome young male. He is destined for pet life as he is a relaxed, playful, affectionate confident boy. He loves getting in the water when he can, he enjoys lounging around the yard, he is good with young children and is from a semi rural property.","alf-7",""
"2022-07-01","Hunter Valley (Maitland/ Muswellbrook/Newcastle/Forster)","956000011344438","Diamond","2025-06-04","FEMALE","","Meet Diamond, a gentle soul in search of a cozy and loving new family. Suitable for a home that embraces peace and calm, Diamond will find joy in an environment with older children who can understand and respect her initial need for space. While she may appear a little wary upon first meeting, Diamond quickly blossoms into an affectionate companion who will melt your heart. Her loyalty and sweet nature come to light once she feels safe and secure, revealing her soft and loving side. Diamond walks beautifully on the lead, making her a delightful partner for leisurely strolls around the neighborhood. She's had some experience with dachshunds and chickens, suggesting a potential for adaptability with the right introductions.","diamond-5",""
"2020-12-01","Hunter Valley (Maitland/ Muswellbrook/Newcastle/Forster)","956000007454311","Chalbino","2025-06-04","MALE","","Meet Chalbino, destined to make his new family's hearts overflow with happiness. This cheeky yet confident boy, radiatesenthusiasm through his whole body, especially his wagging tail that seems to have a mind of its own! Chalbino is eager to join a lively household that matches his love for play. At times he is strong on the lead due to sheer excitement rather than power, making each walk an adventure. A happy heart in a furry package, Chalbino is always ready to engage and fill your day with laughter and companionship. His impeccable house training, developed after overcoming a neck injury as a pup, demonstrates his resilience and adaptability.","chalbino",""
"2022-03-01","Western Sydney (Londonderry)","956000011346985","Lucy (Western Sydney)","2025-06-04","FEMALE","","Hi there! I'm Lucy🐾 I'm a sweet, gentle girl looking for a new place to call home! I've been living as a pet with my cattle dog buddy for a while now, so I wouldn't mind meeting another canine friend to potentially go home with. Oh and I'm not just a pretty face, I'm very smart too! I know how to do down, shake and I come when my name is called. I'm confident, friendly and looking forward to being a apart of your family 🏠 Come down and meet me at Western Sydney!","lucy-22",""
"2023-01-01","Western Sydney (Londonderry)","956000014915380","Diesel (Western Sydney)","2025-06-04","MALE","","Hi, I'm Diesel 🐾 I'm a gorgeous confident boy, ready to bring some fun to the life of my new family. I adore all humans and even grew up around children myself, making me the perfect addition to your family! I would love my new home all to myself as I thrive when I'm the only star of the show⭐ Oh and I also love to play and chase after my toys so a backyard would be great for me! If you think I could be the guy for you, come and meet me at Western Sydney!","diesel-5",""
"2022-01-01","Western Sydney (Londonderry)","956000011658165","Missy (Western Sydney)","2025-06-04","FEMALE","","Meet Missy! This lovely lady is looking for her new family and cant wait to meet you at Western Sydney. Missy can be a little shy at first but in time she will show you just how sweet she is, leaning in for pats any chance she gets. Missy has three legs, but that doesn't stop her! She's learning to navigate the world and is doing wonderfully, taking it all in her stride. She gets along well with other dogs and wouldn't mind going home with a canine buddy, pending a meet and greet. If you're looking for a friendly, affectionate additional to your family, Missy is your girl 🐾","missy-23",""
"2019-04-01","Western Sydney (Londonderry)","956000006660153","Kane","2025-06-04","MALE","","Kane is a social and confident lad with a charming personality. Kane is a good traveller, enjoys spending time with other hounds and has been described as playful, fun, and very lazy! He is a wonderful blend of calm, with that perky playful side! Kane would enjoy a townhouse/backyard, and a home with or without respectful children. A family with another M-L canine companion would also be well suited to this sweet gentleman. Kane is available at the Western Sydney adoption centre.","kane-1",""
"2021-01-01","Western Sydney (Londonderry)","956000011576018","Cuddles","2025-06-04","FEMALE","","Hi, I'm Cuddles! Not only do I know how to cuddle, I also know how to ""sit"" which is apparently a big deal for greyhounds - who knew?! I've been socialised around a few types of dogs, so I'm ready to join a multi-dog household or one who would like their dog to head down to the cafe and catch up with the local dogs. I have been around a mini foxy X chihuahua and a kelpie, and of course greyhounds too, whom I love. I haven't met those little humans called children before but I am a sweet girl who is pretty happy and confident, so I'm sure I'd take it all in my stride. Lastly, I have also met cats, so they say I have passed my testing and am ready to go home! Enquire with the Western Sydney team to meet me.","cuddles-1",""
"2017-12-01","Western Sydney (Londonderry)","956000009593092","Reba","2025-06-04","FEMALE","","Reba is our 7-year-old girl with a soft heart and an even softer spot for cuddles. She’s incredibly affectionate, calm, and friendly. The kind of dog who wants nothing more than to be by your side, whether that’s curling up on the couch or quietly following you through the house. Her gentle nature makes her a great fit for families, including those with children. Reba is also wonderfully independent. She’s perfectly suited to full-time workers, as she’s happy to relax during the day and will greet you with the warmest welcome when you return. She gets along well with other medium to large dogs and could happily share her home with a canine companion of similar size. Reba would love a home with a secure backyard where she can enjoy her own little adventures, zoomies, sunbathing, and taking in the breeze. She doesn’t need daily walks, and in fact, would be happiest in a home where walks are optional. She’s a great pet for a low-key lifestyle with plenty of love, a routine, and the freedom to just be herself. Reba is ready to be someone’s heart dog, a loyal, loving companion who asks for very little but gives so much in return.","reba",""
"2020-10-01","Western Sydney (Londonderry)","956000007464026","Meraki","2025-06-04","FEMALE","","Hi, I'm Meraki 🐾 I'm a super sweet girl, who cant wait to find my new home! I can be a little shy at first, but with a bit of time and a chance to warm up to you, I'll be ready to give and take lots of love 💖 I wouldn't mind sharing my new home with another canine buddy, big or small! In fact, I think a new friend is exactly what I'll need in my new home, depending on how our meet and greet goes of course. I can't wait to meet you at Western Sydney!","meraki",""
"2021-01-01","Western Sydney (Londonderry)","956000011576736","Lulu","2025-06-04","FEMALE","","This is Lulu 🐾 This confident girl is full of life and is ready to bring lots of love and fun into your home! Lulu shows lots of training potential as a few treats are the way to this girls heart. Lulu loves to give affection just as much as she loves to give it and cant wait to find her new family. Her new family might even already have a another dog, which Lulu wouldn't mind! Are you ready for lovely Lulu to become apart of your family? Meet her at Western Sydney 😄","lulu-4",""
"2021-01-01","Western Sydney (Londonderry)","956000012806108","Siri","2025-06-04","FEMALE","","Say Hey Siri, to Siri 👋 This gorgeous girl knows it all and is ready to teach you a thing or two about bringing fun to your life! Any questions you have, Siri has the answer for! What to do on a beautiful sunny day? Throw her toys around in the backyard of course! What about when the weather isn't so great? Movies in bed ALL day she reckons! Do greyhounds get along with other dogs? She sure does! How do I win my new greyhound over? Treats, treats and more treats is always her answer! Is Siri everything you've been looking for? Her answer is YES! Come down and meet her at Western Sydney 🐾","siri-1",""
"2020-10-01","Western Sydney (Londonderry)","956000007437964","Evie","2025-06-04","FEMALE","","Hi, I'm Evie! I'm a sweet, gentle girl looking for a place to call home! I love my walks and have shown to be quite well mannered whilst I'm out and about. I may be a little shy at first but once I warm up to you, I love lots of pats and ear scratches. I love my greyhound buddies, and pending a meet and greet, I wouldn't mind going home with canine companion! I cant wait to meet my new family 🏠 If you think I might be the girl for you, come meet me at Western Sydney 🐾","evie-7",""
"2022-11-01","Southern NSW/ACT (Bulli, Nowra, Goulburn, Canberra)","956000014887924","Lilly","2025-06-04","FEMALE","","Lilly is a gorgeous girl who gets along with everyone, she is great with kids, shares space with other dogs and has lived around native wildlife on the south coast. She is affectionate and social.","lilly-15",""
"2020-11-01","Western Sydney (Londonderry)","956000010911482","Sandy (Western Sydney)","2025-06-04","FEMALE","","*Sandy is in a foster home with 2 greyhounds - check in for more updates soon!* Weighing in at just 24 kg this teeny tiny girl makes up for her size with her adorable personality! Sweet, happy, confident little girl Sandy requires a home with human, or preferably canine companionship. She is a social butterfly who thrives around other dogs so we would love to see her forever home be much like her foster home, where she has dog companionship. She is a confident lady who walks super nicely on the lead. She likes treats and will definitely persuade you with her puppy dog eyes. She has spent time living with other greyhounds in foster and before her GAP days, and would be a fabulous fit for a multi-dog household. Playful and loving, she absolutely loves people and has never met someone she didn't like - making her suitable for a busy social life or a family with active kids. She is available by appointment at the Western Sydney adoption centre.","sandy-10",""
"2022-02-01","Hunter Valley (Maitland/ Muswellbrook/Newcastle/Forster)","956000012895814","Juliet","2025-06-04","FEMALE","","Meet sweet girl Juliet. A big cuddler at heart, she loves to curl up next to you on the couch. Juliet loves playing around in the water and enjoys a good game of fetch. Juliet has had exposure to household environments as well as children aged 2-16years old.","juliet-1",""
"2023-02-01","Central West (Bathurst/Dubbo/Coonabarabran)","956000014943213","Emi","2025-06-04","FEMALE","","Emi is a very sweet little lady who shines once she feels comfortable. She loves jumping up for snuggles and cuddles, and enjoys chasing toys during playtime. Emi has grown up around children and would do well with the company of medium to large dogs. Gentle, playful, and full of heart, she’s ready to find a loving home to call her own.","emi-1",""
"2022-10-01","Central West (Bathurst/Dubbo/Coonabarabran)","956000014889861","Prince","2025-06-04","MALE","","Prince is a very handsome boy with a playful heart and a love for life! He’s affectionate, engaging, and always up for a game of chase with his favorite toys. Prince gets along well with smaller dogs and would be thrilled to have a yard where he can run and play to his heart’s content.","prince-9",""
"2022-01-01","Southern NSW/ACT (Bulli, Nowra, Goulburn, Canberra)","956000007374120","Dolly","2025-06-04","FEMALE","","Dolly is a charming girl, she likes meeting new people. She is very cuddly and affectionate. She comes when called and plays with toys. She is a good mixture of a hound that wants to go for a walk and be social with also wanting to lounge around doing nothing.","dolly-12",""
"2022-12-01","Southern NSW/ACT (Bulli, Nowra, Goulburn, Canberra)","956000015749024","Ned","2025-06-04","MALE","","This boy is made to fit into a family. He is super affectionate, plays with toys, enjoys laying around the yard and is good to be left alone.","ned-2",""
"2020-04-01","Southern NSW/ACT (Bulli, Nowra, Goulburn, Canberra)","956000012138304","Katie","2025-06-04","FEMALE","","Katie is a lovely hound, she is very friendly with everyone, she is great with pups and young kids also. She is pretty lazy and would suit a lifestyle where she would appreciate a small daily walk followed by relaxing and going at her own pace. She is social and confident and is comfortable being left alone.","katie-11",""
"2019-01-01","Western Sydney (Londonderry)","956000006812015","Matey","2025-06-04","MALE","","Ahoy Matey! Matey is the finest gem of them all! With his pretty blue coat, floppy ears and happy go lucky energy, this Matey is a bounty of charm waiting to be adopted! Matey has spent some time in a foster care home and we have learnt he loves spending time with his family and going for a quiet sniffari around the block! He is a super outgoing boy who just loves everyone he meets, especially if you have some yummy treats or play a game of fetch with him! Matey is an enthusiastic and fun-loving boy making him suitable for those wanting a playful companion and would do best in a home without young kids or other pets. Matey suits part-time or full-time workers provided he lives in a quiet area with opaque fencing so he can just relax and snooze the day away in the backyard. Get ready to meet your new best Matey! This handsome boy is available now from our Western Sydney adoption centre.","matey-2",""
"2019-03-01","Western Sydney (Londonderry)","956000003709266","Oakley","2025-06-04","MALE","","Oakley is an energetic and fun loving greyhound, he thrives when given structured activities. His ideal owner will love all of his drive, energy and passion for all things fun. His best fit would be an owner who is eager to actively train and work with him. He is a driven hound driven who loves physical and mental stimulation. His perfect match will be someone looking for a highly trainable and driven dog who enjoys training as much as he does. He has a strong need for physical and mental stimulation. His recall is excellent, he performs 'down' on cue, and he has the ability to walk nicely in heel position after exercise. He loves the outdoors and would do best as an outside dog. He is available now from our Western Sydney centre.","oakley-1",""
"2020-09-01","Western Sydney (Londonderry)","956000011712055","Flint","2025-06-04","MALE","","**Flint has done his 6 weeks of foster care and excelled! He's back at the centre now and ready for adoption - reach out to the team to find out more!** Flint is a polite gentleman when it comes to people & other dogs. He would suit a calm canine friend in his forever home. He’s all about manners and will leave you impressed with how well he interacts with both humans and other greyhounds. Flint is quick to learn and takes training in stride, making him a highly trainable and adaptable companion. He is currently in a foster care home where he is picking up all the pet skills to be the best pet he can be for when he finds his forever home. Flint is a polite young man who can't wait to meet you. He's available from the Western Sydney adoption centre.","flint",""
"2021-07-01","Western Sydney (Londonderry)","956000007374088","Sully","2025-06-04","MALE","","Hi, I'm Sully, a gentle, quiet natured blue boy looking for my new home. I get along great with other dogs and don’t mind spending time in the yard while you’re out – but I do love having the freedom to go in and out as I please. I’m happiest in a home with a yard where I can stretch my legs and take in the fresh air throughout the day. I love the water – so much so that I even took a dip in the river (see photos)! I also travel great in the car and enjoy my walks, especially in quiet areas while I continue building my confidence. When I first started going on walks, I wasn’t sure what to do, but with some patience and encouragement, I’ve learned to keep going and haven’t had any issues in a long time! Now, I just take my time getting used to new environments, and once I do, I’m all in. I have even learnt to walk up and down stairs! I also have experience in a pet home, so I already know the routine of a home life. I’m comfortable being left alone for a few hours, especially with a yard to explore and settle in, but I thrive best in a home where I still get plenty of interaction throughout the day. I love being around my people and enjoy a good balance of companionship and independence. And when the day winds down, you’ll find me cozied up in my crate – it’s my little safe haven where I sleep soundly through the night. I'm available at the Western Sydney adoption centre!","sully-2",""
"2017-12-01","Western Sydney (Londonderry)","956000009593162","Lemon","2025-06-04","FEMALE","","Whether it's her adorable overbite smile, or cheeky playful nature, Lemon is a sweet and gentle soul with a heart full of love to give. She is super affectionate and adorable and suits indoor unit/apartment living or a backyard. Read on to see what she's learnt during her time at GAP, proving you can teach an older dog new tricks! Lemon has conquered the following exciting milestones: - Walking up and down stairs - Hanging out with other greyhounds - Learning to toilet on cue - The 'touch' cue Lemon would suit a home with respectful children and a house with a backyard or unit/apartment, and would enjoy living with another likeminded greyhound too! Lemon doesn’t ask for much—just a short daily walk and some love and TLC. If Lemon sounds like she will bring the zest into your life, come and meet her at our Western Sydney Facility!","lemon-1",""
"2022-02-01","Central West (Bathurst/Dubbo/Coonabarabran)","956000011658657","Peanut","2025-06-04","FEMALE","","Peanut is a super sweet and cuddly girl 🐶 who’s full of love and ready to share it. She’s looking for a supportive home where she can continue to grow, learn, and feel safe. Peanut would do especially well with a canine companion to keep her company, as she doesn’t like being left alone. She gets along wonderfully with smaller dog breeds and is gentle and loving with children ❤️","peanut-2",""
"2023-02-01","Central West (Bathurst/Dubbo/Coonabarabran)","956000015726835","Hawke","2025-06-04","MALE","","Hawke is a playful and happy boy 🐶, full of energy and confidence. He loves toys, gets excited easily, and brings joy wherever he goes! With a safe and slow introduction, Hawke has the potential to become best friends with your smaller dogs and even cats. He’s also great around young children, making him a fun and loving addition to a lively family. ❤️","hawke-1",""
"2022-02-01","Central West (Bathurst/Dubbo/Coonabarabran)","956000011659317","Amber","2025-06-04","FEMALE","","Amber is a gentle soul who may be a little shy at first 🐶, but with a warm and comforting home, she begins to shine. She blossoms with patience, support, and love ❤️, and would thrive best in a calm, peaceful environment. Older, understanding children would be a great match for her, helping her feel safe and supported as she builds confidence and truly comes into her own.","amber-4",""
"2022-04-01","Central West (Bathurst/Dubbo/Coonabarabran)","956000011349565","Jed","2025-06-04","MALE","","Jed is a very handsome boy 🐶 with a playful spirit and a heart full of charm. He’s interactive and social, always ready to make new friends and spread good vibes. Confident yet a little goofy, Jed is easygoing and happy-go-lucky — the kind of companion who makes every moment more fun and lighthearted. ❤️","jed-4",""
"2023-03-01","Central West (Bathurst/Dubbo/Coonabarabran)","956000015734818","Queenie","2025-06-04","FEMALE","","Queenie is a confident and loving soul 💖, radiating warmth wherever she goes. Her friendly, outgoing nature 🐾 makes her a joy to be around, and she thrives in social settings. Playful and engaging, Queenie brings happiness to every room she enters, leaving a lasting impression with her vibrant personality and boundless affection 🥰.","queenie-1",""
"2021-02-01","Western Sydney (Londonderry)","956000011710246","Walker","2025-06-04","MALE","","Cats, birds, dogs, you name it, Sir Walker treats everyone big and small as a friend. Sweet boy Walker currently lives with cats and small dogs & is a very social & affectionate boy with people. He's also friendly with birds in a cage (see photo). He is soft and gentle around all of GAP's cats, small dogs and greyhounds making him a great addition to a multi-pet household with polite introductions to his new housemates. Walker is very affectionate, calm and an all round lovely boy who we can see fitting in to a home with or without children. He has been learning how to be inside the house and is so far going great! Reach out to the Western Sydney adoption centre!","walker",""
"2022-10-01","Western Sydney (Londonderry)","956000014799638","Gem","2025-06-04","FEMALE","","Young blue girl Gem is a gentle soul with a world of love to give – she’s just looking for the right person to help her shine. Gem loves children! This beautiful girl may be a little shy at first, but with time, patience, and a calm environment, she blossoms into a loyal and affectionate companion. Gem is the kind of dog who forms deep bonds with her people and rewards kindness with quiet devotion. She feels most at ease in the company of other greyhounds and would likely thrive in a home with a calm canine friend to show her the ropes. Gem is seeking a peaceful household without children, where she can settle into a predictable routine and feel safe. With the right support, Gem has so much potential – all she needs is a gentle heart and a soft place to land. If you are interested, please reach out the Western Sydney team.","gem-7",""
"2022-09-01","Western Sydney (Londonderry)","956000012964018","Axel","2025-06-04","MALE","","Axel is a sweet and sensitive greyhound who’s looking for a home where he can continue to build his confidence and thrive with a little guidance. While he’s not overly timid, he does best in a home that offers clear structure, routine, and patient support as he navigates the world. Axel is affectionate and eager to please, and once he settles in, he becomes a calm and loyal companion. He enjoys the company of other greyhounds and could do well with a confident dog buddy to help him feel at ease. Axel is best suited to a quieter household without young kids, where he can relax and grow at his own pace. With a supportive environment and consistent routine, Axel has all the right ingredients to become a happy, well-adjusted family member.","axel-2",""
"2018-01-01","Western Sydney (Londonderry)","956000009592630","Dawn","2025-06-04","FEMALE","","Say hello to Dawn! This bright, bubbly, and beautiful greyhound is ready to light up your life! Bursting with personality and affection, Dawn is the kind of dog who makes friends wherever she goes. She absolutely adores people and thrives on human connection, always up for a cuddle, a gentle walk, or just hanging out with her favourite humans. Dawn is polite on the leash and has shown she can be calm around small dogs from a respectful distance. She currently lives happily with other greyhounds and would fit beautifully into a home with another medium to large breed dog – or be just as happy soaking up all the love as your one and only. With her affectionate nature and easygoing charm, Dawn would make a fabulous family dog. She’s ready to bring joy, companionship, and a whole lot of tail wags to her forever home! Dawn is available at Western Sydney.","dawn-7",""
"2018-01-01","Western Sydney (Londonderry)","956000009591390","Monica","2025-06-04","FEMALE","","Meet Monica, a sweet and sociable girl with a heart of gold. This confident gal is friendly with everyone she meets and takes life in her stride with a calm and gentle nature. Monika is well-mannered on leash and happily shares her space with another greyhound and could be a lovely companion for a medium to large dog already in the home. Monica is the perfect fit for a variety of households, whether you're living in a townhouse, ground floor apartment (with lift access), or a home with a yard. She is quite adaptable and with the right home to provide her support, she is sure to thrive. Whether you're looking for a low-maintenance friend or a calm canine companion for your existing dog, Monica is ready to bring love and companionship into her forever home. If you are interested in learning more about Monica, reach out to the Western Sydney team.","monica",""
"2023-02-01","Western Sydney (Londonderry)","956000014914658","Romeo","2025-06-04","MALE","","Romeo, Romeo, wherefore art thou Romeo? Why I’m right here at Western Sydney! If you’ve been searching for your soul mate then look no further than gorgeous Romeo. Romeo is a gentle soul who loves love! Romeo has a goofy and charming personality! A gentleman by nature, he’s as graceful as he is affectionate. Whether it’s cuddling up for a quiet evening or running through the fields, Romeo is ready to share his world with you. We can guarantee this love story won’t end in tragedy...come down for a chance at love at first sight (hound)!","romeo-1",""
"2021-01-01","Western Sydney (Londonderry)","956000007374823","Patch","2025-06-04","MALE","","Adorable and ultra cute, Patch can't wait to find his perfect home! Patch is a respectable young boy, who travels well, and has some experience around kids. His best home would be one with another m-l canine companion and a home without constant walkies around smaller breeds of dogs. Patch can be initially shy around new people and new areas but we know he will make an amazing and loyal pet! Patch is available at the Western Sydney adoption centre.","patch-6",""
"2023-10-01","Western Sydney (Londonderry)","956000016775570","Pixel","2025-06-04","FEMALE","","If you're looking for a fun-loving greyhound who brings excitement and affection in equal measure, 1 year old little Miss Pixel could be the perfect fit for your family. Pixel is a bright and bubbly young greyhound who’s full of personality and always ready for fun! With her puppy-like energy and love for play, she’s the perfect match for an active family with kids. She currently lives with a staffy and gets along beautifully with other dogs, showing a mix of playful and respectful behaviours. Pixel would do well in a home that embraces her energy and provides structure, enrichment, and plenty of love. Pixel is available at the Western Sydney adoption centre.","pixel-1",""
"2023-01-01","Riverina (Wagga, Temora, Gundagai, Griffith)","956000014914708","Tippy","2025-06-04","MALE","","Tippy is a sweet, gentle soul who’s ready to find his forever home. He’s wonderful with kids of all ages (2–18), especially gentle-hearted girls, and absolutely adores playtime with his toys—he’ll happily bring the ball back for more! Tippy also enjoys soaking in his shell pool and lounging in the sun like a true chill king. He gets along well with pet fox terriers, is calm around aviary parrots, and has shown no reaction to cats—what a champ! Tippy is well-behaved, comes when called, and melts for pats and cuddles. He would be a perfect addition to a young family or a couple looking for a loyal best friend. Give Tippy your love and he’ll return it in spades.💙","tippy-4",""
"2021-05-01","Riverina (Wagga, Temora, Gundagai, Griffith)","956000007420601","Macca","2025-06-04","FEMALE","","This is Macca! What a sweetheart; a friendly and happy girl who will steal your heart. Macca is full of fun and playfulness—she loves toys, playtime, walks, pats, cuddles, as well as quiet downtime with her humans. She's good with other dogs (including a labrador buddy) and would thrive with a loving family with older kids or with a couple who can give her the time, attention, and love she deserves. Macca is more than just a pet—she’s a loyal companion who will return your love tenfold. If you're looking for a devoted best friend with a wagging tail, a soft heart and a skip in her step, Macca's your girl!","macca-3",""
"2020-01-01","Western Sydney (Londonderry)","956000012247333","Bernie","2025-06-04","MALE","","**Bernie is in a foster care home with cats and older kids - check in soon for updates!** Bernie is friendly around dogs and cats here at the adoption centre! He enjoys being in the outdoors so a house with a backyard is preferred. Bernie can feel a bit overwhelmed when first going into new environments so we recommend a slow introduction to new things, however we've noticed he loves food and is already responding well to early training so we think he will thrive in a consistent home environment. He is a friendly boy who would be suitable around older kids. Bernie is available at the Western Sydney adoption centre.","bernie-1",""
"2016-01-01","Western Sydney (Londonderry)","956000004274445","Joy","2025-06-04","FEMALE","","*Joy has just gone in to a foster care home with a greyhound and a cavoodle - check in soon for updates!* Look at those sweet soulful eyes! Joy is a sweet senior girl full of cuteness and affection. She is well known for approaching anyone and everyone for some attention! She is great around calm dogs big or small. She likes chilled out dogs so if you have a calm canine companion, Joy would love to meet them. Joy is full of happiness, kindness & love. Joy is a senior lady but in no way does that slow her down. She is confident, engaging & playful. We think she would suit longer hours alone due to her laid back nature during alone time testing here at the adoption centre. Joy has grown up with smaller breeds of dogs, chickens, ducks & sheep around. If you're searching for two lovely ladies to join your family, Joy's sister Raven, is also available! Enquire with the Western Sydney adoption centre to meet Joy.","joy-2",""
"2020-11-01","Western Sydney (Londonderry)","956000007363641","Bubbles","2025-06-04","FEMALE","","Bubbles is a sweet, gentle and sooky adorable girl! Her friendly nature is something to see and we love hanging out with her! She is a friend to all, and we can't wait for someone to adopt her and experience the love we've seen here. Bubbles would love a courtyard or yard to bounce around, she has a laid back independent side which we see as she snoozes all day and is one of the most laid back hounds here at the adoption centre. Bubbles would love a home with a family who will treat her like the princess she is. Maybe you have kids who'd like a hound to grow up along side or a adventures and walking buddy, Bubbles is your girl. She can be adopted from the Western Sydney adoption centre.","bubbles-5",""
"2019-06-01","Riverina (Wagga, Temora, Gundagai, Griffith)","956000007842424","Julie","2025-06-04","FEMALE","","Miss Julie is a playful, friendly girl who loves her toys, a run around with the other dogs (retired greyhounds and Jug), a splash in her clam shell pool and just being around people and quiet kids 10+, not too rambunctious. She's a bit of a character, loves to show off but she's not over the top, just a happy girl! At 6 she hasn't lost energy but slows down faster and rests longer, especially as she is learning the comforts of retired life! Julie has grown up on the farm and has come into town life ready for her new home. She has taken to a nice cosy bed on the floor and loves being on the patio as well on the warm nights. She would suit a quiet household, and someone with the time to get to know her, take her for a walk and have a bit of playtime in the morning, especially if you are going off to work. Some toys, an outdoor bed, pool, sandpit or another dog friend will keep her company for the day, plus plenty of rests. Someone home more often than not would be perfect. She's easy going and not worried by pet birds, cats or little fluffy dogs. Just a sweetheart ready to relish retired life. 💗","julie-7",""
"2020-02-01","Riverina (Wagga, Temora, Gundagai, Griffith)","956000007839957","Goose","2025-06-04","MALE","","Goose is, well, just a big goose! Only 32 kg, gentle and loves attention. He likes to wander around the sheds with his owner and visits the farm border collie who he loves to play with. He's a good traveller, no house experience, but was walked in town as a puppy. He's used to pottering about, but dreams of finding that comfy couch or spot in the garden, patio or verandah. He's friendly and happy to meet new people with a wag of his tail, loves a swim in the dam and loves his toys. He has been around kids 10+, and when you're not around to follow about, he is happy to amuse himself throwing his toys up in the air, especially his beloved soccer ball. Goose is a gentle, happy-go-lucky boy who would make a wonderful, loyal and easy going companion. Goose doesn't bark, except occasionally as a reminder for a bit of attention if you've stopped patting or when its dinner time! He lost 2 toes on his back left foot due to an injury as a puppy, which doesn't bother him, otherwise a healthy lad who has so much love to give. 💙","goose-3",""
"2022-11-01","Hunter Valley (Maitland/ Muswellbrook/Newcastle/Forster)","956000014886701","Yola","2025-06-04","FEMALE","","Yola thrives on social interaction. She's a dynamo, always up for fun, whether it's dashing about or bursting into a sudden sprint. With her angelic demeanor and captivating eyes, she can charm her way out of any mischief she finds herself in. Yola would suit someone who is after a companion to cruise around with day-to-day but also chill out on the couch with.","yola",""
"2022-05-01","Western Sydney (Londonderry)","956000011333600","Faith","2025-06-04","FEMALE","","Given up on finding the perfect dog? Have a little faith! This happy excitable girl can't wait to bounce into your home! Faith is a good traveller, great in the car, friendly with people and dogs, and is great on the lead. She's a social and confident girl looking for a family with a townhouse/backyard, respectful kids who will enjoy play time, and a family who will include her in family life including walks and outings. Who are we to mess with faith? Enquire or Apply to Adopt this darling girl from the Western Sydney adoption centre.","faith-2",""
"2022-11-01","Western Sydney (Londonderry)","956000014887185","Dylan","2025-06-04","MALE","","Meet Dylan—a true pocket rocket bursting with energy and enthusiasm for life! This fun-loving boy is always on the go, whether it’s heading out for a walk, sprinting around the yard in full zoomie mode, or playing endlessly with his favourite toys. Dylan thrives in a home that can match his pace and give him the physical and mental stimulation he craves. He’ll need an active household with a good-sized yard and experienced children who are confident around large, energetic dogs. While Dylan doesn’t show strong prey drive, he can be a bit too much for small breeds, so he’s best suited to homes with a robust, playful canine companion of similar size—pending a successful meet and greet. He’s a whirlwind of joy, curiosity, and excitement, and would make a wonderful addition to a family that embraces his zest for life and is ready for all the fun he brings","dylan-1",""
"2021-04-01","Western Sydney (Londonderry)","956000007464633","Sally","2025-06-04","FEMALE","","Say hello to Sally—the life of the party and a greyhound full of bounce, joy, and endless fun! This playful girl loves her toys, lives for a good zoomie session, and thrives in an environment where she can stretch her long legs and let loose. Sally would love a home with a spacious yard and an active lifestyle to match her energy. She isn’t suited to homes with small animals but she’s a great match for other greyhounds or larger breeds who enjoy a good play session, pending a successful meet and greet. Sally is also a total sweetheart with people and doesn’t hold back on affection. Whether it’s leaning into a cuddle, joining in on family activities, or bringing her toy over for a game, she makes every moment fun and full of love. If you're looking for a lively, loving companion who will keep you smiling and moving, Sally might just be the perfect addition to your family.","sally-19",""
"2020-05-01","Western Sydney (Londonderry)","956000007469684","Missy","2025-06-04","FEMALE","","Meet Missy, a gentle and sensitive soul with a quiet nature and a heart full of love to give. She’s looking for a peaceful home where she can take her time to settle in and truly be herself. Missy thrives in calm environments and would prefer a home without other pets—unless it’s another greyhound who shares her relaxed vibe. A yard where she can lounge in the sun or potter about at her own pace would be her dream come true. Once Missy feels safe and comfortable, her secret playful side begins to shine. She has a soft, endearing way of engaging with her people, showing affection and gentle joy that makes every moment with her special. If you're patient, kind, and ready to welcome a sweet girl who just needs a bit of time to bloom, Missy could be the perfect addition to your family.","missy-22",""
"2020-02-01","Western Sydney (Londonderry)","956000007833247","Julia","2025-06-04","FEMALE","","Meet Julia, a gentle and affectionate 5-year-old female Greyhound with a heart full of love. She’s incredibly loyal and enjoys being close to her people—her favorite pastime is following her owner around the yard while he mows the lawn, just to be near him. Julia has a calm and sweet temperament that makes her a joy to have around, and she’s always up for some quiet companionship or a relaxing stroll. Julia is well-socialized and polite on walks, getting along well with other dogs she meets along the way. However, she prefers not to be around smaller animals, so a home without cats or small pets would be best. She’d thrive in a family environment, especially one with a yard where she can stretch out and soak up the sun. If you’re looking for a loving, devoted companion, Julia might just be the perfect match.","julia-1",""
"2021-05-01","Western Sydney (Londonderry)","956000007464883","Pocket","2025-06-04","FEMALE","","Pocket is a bouncy, fun little thing! She is very playful, hilarious and goofy, and will definitely make you laugh with her antics! Known for her cuddles, we love her here at the centre as she will snuggle right into you for a cuddle when you crouch down. She is very outgoing and affectionate, and we know someone will just love her for her silly cute personality. Due to her wiggly, bouncy nature we'd recommend older children in the home. This , adorable, affectionate girl is known for her love of toys and fun loving personality. She enjoys being indoors and would suit indoor living however access to a backyard or courtyard is recommended for her to get her energy out during the day. Pocket is available at the Western Sydney adoption centre.","pocket-1",""
"2019-09-01","Western Sydney (Londonderry)","956000011097693","Kenneth","2025-06-04","MALE","","Kenneth is a sweet gentle soul who is a darling on the lead and an overall laid back boy. Being middle aged, he's ready to take it easy and enjoy the retirement life. He's a friendly and affectionate boy who is suitable to live with respectful children or another M-L doggie pal. Suitable for a backyard/townhouse, this laid back boy suits many home types! He has the sweetest little face with an adorable personality to match. Come meet Kenneth at the Western Sydney adoption centre!","kenneth",""
"2020-08-01","Western Sydney (Londonderry)","956000012227840","Shadow","2025-06-04","MALE","","Lurking in the shadows is this beautiful boy! Shadow is learning 'pet prep' in his current home, which includes spending time indoors, spending time with children, and small dogs! Having been around kids 10 years old and over, as well as 3 small dogs - Jack Russel, Pomeranian and Dachshund, he has perfected the art of the top 2 greyhound past times - playing and sleeping together. Shadow would be a wonderful addition to a family with dogs, children, and a townhouse/backyard for Shadow to enjoy spending time in. Shadow would enjoy being a member of the family and being included on walks, adventures, and cuddling watching TV at night. Shadow is available at the Western Sydney adoption centre.","shadow-5",""
"2020-10-01","Western Sydney (Londonderry)","956000012965006","Naomi","2025-06-04","FEMALE","","Naomi is a sweet & shy girl. She is suitable to live with other dogs including small dogs! Although initially shy, she is a brave girl who warms up well with consistent, gentle handling. Naomi would enjoy a quiet home with a grassy courtyard/backyard. She likes to keep to herself but travels well and is working on her confidence every day. If you're looking for a sweet and gentle hound who you can watch thrive with your nurturing personality, consider adopting Naomi. Naomi is available at the Western Sydney adoption centre.","naomi",""
"2022-03-01","Southern NSW/ACT (Bulli, Nowra, Goulburn, Canberra)","956000011347526","Mattie","2025-06-04","FEMALE","","Maddie is a confident, social and playful hound. She is a funny and quirky girl who has been in the home, gone on trips to bunnings, hung around the kids at footy training and can be left in a yard on her own. She is great in the car.","mattie",""
"2021-01-01","Western Sydney (Londonderry)","956000011712609","Huckleberry","2025-06-04","MALE","","This is Huckleberry 🐾 A sweet, playful boy ready to bring lots of fun and love into his new home! Huckleberry is super friendly, affectionate and loves to play. With the help of his favourite treats, Huckleberry picks up on training very quickly, showing he's not just a pretty face! If you’re home more often or have another medium to large dog, Huckleberry could fit right in! Whether you’re looking for a walking buddy or a happy face to greet you at the door, Huckleberry is your guy. Available at Western Sydney!","huckleberry",""
"2021-02-01","Western Sydney (Londonderry)","956000014510466","Dianne","2025-06-04","FEMALE","","Diane is a sweet girl, she can take some time to warm up but is doing better every day! She loves her treats and can be won over easily with a pocket full of treats. She enjoys spending time with other greyhounds and would suit a forever home with another M-L canine companion. Her best suited home would be one in a quieter area, away from the hustle and bustle. She would enjoy a backyard or townhouse to lay in the sunshine. She can go up and down the stairs at the GAP centre and doesn't mind being left alone for a few hours, too. She is available at the Western Sydney adoption centre.","dianne",""
"2020-04-01","Central West (Bathurst/Dubbo/Coonabarabran)","956000012114782","Chief","2025-06-04","MALE","","Meet Chief – a handsome, easy-going boy with a heart of gold. This laid-back fella is happy entertaining himself or just chillin' solo 😎. Patient and gentle, Chief is great with small children and gets along well with other animals. He grew up around a cattle dog and has been exposed to goats, so farm life is nothing new to him. Whether he's playing or relaxing in the sun, Chief brings a calm, loyal energy to any home 🐾.","chief-6",""
"2021-02-01","New England","956000012227127","Scout","2025-06-04","MALE","","Scout is a playful and goofy greyhound who brings a sense of fun and adventure wherever he goes. His fun-loving nature, combined with his sweet personality, makes him an ideal companion for any family. Scout's zest for life ensures that there's never a dull moment when he's around. Scout's playful demeanor means he gets along well with people and other pets. His adventurous spirit makes him a great match for families who enjoy outdoor activities and playtime. Scout would thrive in a home that can match his playful spirit and provide plenty of opportunities for fun and adventure. A family that loves to play and explore will find a perfect companion in Scout. At the same time, his sweet nature means he also enjoys quiet moments of affection and relaxation.","scout-3",""
"2020-03-01","New England","956000007828624","Lyla","2025-06-04","FEMALE","","Lyla is a delightful girl with a fun personality that is perfectly balanced by her sweet and gentle nature. Her vibrant ways and affectionate demeanor make her a favorite among everyone she meets. Lyla's charm and warmth are sure to bring joy to any household. Lyla's friendly and gentle nature means she gets along well with people and other dogs. She makes her a wonderful companion for families or individuals looking for an active yet loving friend. Lyla would thrive in a home where she can share her love and affection. A family that enjoys playtime and outdoor activities would be perfect for her. At the same time, she appreciates quiet moments of affection and will happily snuggle up for some downtime.","lyla",""
"2020-09-01","New England","956000007840211","Pepper","2025-06-04","FEMALE","","Pepper has a kind and gentle nature that instantly wins over everyone she meets. She’s easygoing, affectionate, and loves being part of the action, whether it’s with her human family or her fellow dog friends. Pepper’s playful yet calm demeanor makes her a joy to be around, and she’s ready to share her love with the lucky family who takes her home!","pepper-4",""
"2020-09-01","New England","956000007829932","Dennis","2025-06-04","MALE","","Dennis is a quiet, sweet, and gentle boy who is looking for a loving home that understands his shy nature. He thrives in a calm and stable environment where he can feel safe and secure. With a little patience and a lot of love, Dennis will blossom into a confident and happy companion. Dennis is great with other dogs, both big and small, making him a wonderful addition to a household with existing pets. His gentle demeanor ensures he gets along well with everyone he meets. Dennis would do best in a home that can provide him with plenty of love and encouragement. A calm setting will help him feel at ease and allow his true personality to shine.","dennis-1",""
"2020-07-01","New England","956000012804931","Alvie","2025-06-04","MALE","","Alvie is a delightful and sweet greyhound. He’s a shy boy who needs a loyal and loving friend to do life with. Once he has settled in, Alvies's personality shines through in everything he does, making him a delightful and loyal friend who is always ready to share his love. Alvies perfect home would be an experienced doggy handler who has the time to win his trust and help him to adjust to a new life 💕","alvie",""
"2021-09-01","Riverina (Wagga, Temora, Gundagai, Griffith)","956000013024094","Rex","2025-06-04","MALE","","Rex is a handsome energetic and confident boy with a playful spirit and a heart full of love. He thrives on human companionship and will be a loyal shadow to his forever family—whether lying by your side, working alongside you, or joining in on daily adventures. Rex is housetrained, loves attention, and soaks up every pat and cuddle you can give. He would prefer to be the only dog in his new home, where its his time to soak up all the love. A large yard or acreage would be ideal for his zoomies, and he’s happiest with regular walks and space to run, then rest outside during the day for workers. Best suited to a home with an active person, couple or family with older kids (7+), someone home for some of the day, Rex is ready to bring joy, companionship and loyalty into your life. He's looking though the back door right now ready to come inside! 😍","rex-5",""
"2021-04-01","Western Sydney (Londonderry)","956000014496493","Cassie","2025-06-04","FEMALE","","Cassie is a stunning white hound with a fawn patch or two, making her not only eye catching, but very unique! This 4 year old girl is confident and affectionate with new people and would be suitable around respectful children. She would suit a home with other medium to large dogs in the home, and a backyard to enjoy exploring and sniffing. Cassie is available at the Western Sydney adoption centre.","cassie-4",""
"2021-09-01","Western Sydney (Londonderry)","956000011641008","Pete","2025-06-04","MALE","","For Pete's sake, look at this handsome boy! Pete is a shy and reseved boy looking for a calm, low stimulus home to enjoy his retirement. Pete would do best without children and would love a backyard to retreat to when things get too busy for him. Pete is a delight around other greyhounds and gains confidence around them. A nurturing and relaxed owner would suit him the best. We think he would love to either live with another greyhound and/or continue socialisation around other dogs. Pete is available at the Western Sydney adoption centre.","pete-6",""
"2023-02-01","Western Sydney (Londonderry)","956000014914891","Ivy","2025-06-04","FEMALE","","Meet Ivy, an energetic & affectionate girl looking for her forever home. Ivy is toilet trained, good on floorboards, carpet, stairs, the elevator and enjoys a ride in the car, but can be a little shy with dogs on walks. Ivy is currently in a foster care home where her daily routine includes two long walks and a shorter evening stroll, ensuring she gets the exercise she needs to stay happy and healthy. Ivy is a devoted cuddler on the couch, absolutely loving playtime with her favourite stuffed toys. Ivy would do best in a fully fenced townhouse or backyard, where she can relax during the day and do her zoomies. Ivy is a perfect companion for an active family with plenty of space to run and play. While Ivy thrives on walks and playtime, she's also a calm, adaptable dog who would happily fit into the routine of a family with full-time working parents with a canine companion. A canine or feline companion would be a wonderful addition to her life, allowing her to be entertained by her doggie friend. If you're interested in Ivy, contact GAP Londonderry or fill out an application and mention her name to meet her today!","ivy-4",""
"2022-05-01","Central West (Bathurst/Dubbo/Coonabarabran)","956000011340679","Lloyd","2025-06-04","MALE","","🐾 Meet Lloyd! 💙 Lloyd may be a little shy when meeting new people, but with a supportive and understanding family, he quickly blossoms into a confident, happy, and loving boy. 🐶 Smart and full of potential, Lloyd is just waiting for the right people to help him shine. If you're looking for a sweet companion who’ll grow into your best buddy, Lloyd is ready to meet you! 💫","lyold",""
"2021-10-01","Central West (Bathurst/Dubbo/Coonabarabran)","956000007431850","Flick","2025-06-04","FEMALE","","🐾 Meet Flick! 🐶💛 Flick is a happy-go-lucky lady with a gentle soul and a love for life (and treats!). 🍖 She’s playful, sweet, and has a calm nature that makes her wonderful around small and young children. She’s spent time indoors and even had some exposure to farm life—including goats! 🐐 Whether she’s enjoying cuddle time or playtime, Flick’s joyful spirit shines through. Looking for a loving, easygoing companion? Flick might just be your perfect match! 💕","flick-1",""
"2021-08-01","Central West (Bathurst/Dubbo/Coonabarabran)","956000012863585","Flow","2025-06-04","FEMALE","","🐾 Meet Flow! 🌸 Flow is a very sweet girl with a heart full of potential. 💕 She's ready to learn, grow, and succeed with the help of a loving, supportive home. With a little training and plenty of encouragement, she’ll blossom into an amazing companion. She’d do best with older, understanding children and could be a great match for a calm, medium-large dog friend. If you're looking for a kind soul to grow with, Flow is ready to start her journey with you! 🐶💫","flow-1",""
"2021-11-01","Central West (Bathurst/Dubbo/Coonabarabran)","956000012861144","Jasper","2025-06-04","MALE","","🐾 Meet Jasper! 💙 Jasper is an affectionate, sweet, and kind-hearted boy who just wants to be loved. 🐶 He’s playful and gentle, with so much potential to shine in the right home. He’s still learning and will need a supportive family to continue his training and help build his confidence. Jasper would do best with older, understanding children and could get along well with a compatible medium-large dog. If you're ready to open your heart to a truly lovable companion, Jasper is waiting for you! 💕","jasper-5",""
"2022-03-01","Central West (Bathurst/Dubbo/Coonabarabran)","956000012917914","Reggie","2025-06-04","MALE","","🐾 Meet Reggie! 🐶 Reggie is an active, playful, and seriously handsome boy! 😍 He's full of energy and would love a yard where he can run, play, and burn off that puppy spirit. Still working on his manners, Reggie needs a patient, understanding family ready to guide him with love and consistency. He’d do best with older kids and could be a great match for a friendly medium-large dog buddy. If you’re looking for a fun-loving companion to grow with, Reggie’s your guy! 💙","reggie-7",""
"2021-11-01","Central West (Bathurst/Dubbo/Coonabarabran)","956000013022670","Emma","2025-06-04","FEMALE","","🐾 Meet Emma! 💖 Emma is a gentle soul with so much love to give. She may be a little shy at first, but with patience and kindness, her sweet personality shines through. 💕 She’s looking for a calm, supportive family to help her grow in confidence with continued training and socialisation. Emma enjoys the company of well-mannered dogs (especially larger ones!) and would do best with older, understanding children. A secure yard to play and explore would be the cherry on top for this lovely girl. 🐶🌿","emma-3",""
"2021-08-01","Central West (Bathurst/Dubbo/Coonabarabran)","956000011658052","Jodie","2025-06-04","FEMALE","","🐾 Meet Jodie! 💕 Jodie is a sweet, goofy girl with a big heart and an even bigger personality! 💖 She’s bursting with playful energy and would love a yard where she can zoom around and enjoy all her favorite games. Jodie is still learning the ropes, so she’ll need a patient, loving home committed to helping her grow with consistent training and gentle guidance. 🐶 She’d thrive with older, understanding kids and could do well with a medium-large dog friend who matches her vibe. If you’re ready to laugh, play, and love a little extra every day—Jodie’s your girl! 💕","jodie",""
"2021-11-01","Central West (Bathurst/Dubbo/Coonabarabran)","956000013018726","Benson","2025-06-04","MALE","","Meet Benson – A Gentle Giant with a Heart Full of Love 💙🐾 Benson is a sweet, kind-hearted boy who’s still finding his way in the world. This gentle giant is looking for a calm, supportive home where he can grow in confidence, surrounded by patience, understanding, and lots of love. He’ll need ongoing training and encouragement, but with the right guidance, Benson will blossom into the most loyal companion. He’s suitable to live with medium to large dogs who are calm and respectful, and would do best with older, understanding children who can give him the space and gentleness he needs. If you have a little extra room in your home—and your heart—Benson might just be the perfect fit. 💛","benson",""
"2015-09-01","Central West (Bathurst/Dubbo/Coonabarabran)","956000004888574","Ducky","2025-06-04","FEMALE","","Meet Ducky – A Sweet, Gentle Soul Ready for Her Cozy Forever Home 🐾💗 Ducky is a loving, affectionate older girl who’s all about the cuddles and calm vibes. She’s looking for a slower-paced home where she can enjoy the quiet life with people who appreciate the beauty of a relaxed routine. Ducky would love a family with older, understanding children, and she’s suitable to live with medium to large dogs who are respectful and calm like her. If you're after a sweet companion who just wants to be loved and lounge by your side, Ducky might be your perfect match 🐾💗","ducky-2",""
"2021-11-01","Central West (Bathurst/Dubbo/Coonabarabran)","956000012861951","Goofy","2025-06-04","MALE","","Meet Goofy – A Special Boy Looking for His Special Home 🐶💛 Goofy is a sweet male with a quirky charm and a heart ready to bond. He’s looking for a quiet, patient home where he can take things at his own pace. Goofy needs someone who understands that dogs like him need time, gentle guidance, and a whole lot of love to build trust. He’s still learning about the world, so training and socialization will be key to helping him grow into his best self. Goofy would do best as the only dog in the home, with older, understanding children who can respect his boundaries. With the right people, Goofy will shine – could that be you?","goofy",""
"2021-02-01","Central West (Bathurst/Dubbo/Coonabarabran)","956000013017722","Sofia","2025-06-04","FEMALE","","Meet Sofia – A Loving Blue Beauty Looking for Her Forever Home 💙🐾 Sofia is a beautiful blue female with a gentle soul and a heart full of potential. She's looking for a home that can offer her support, understanding, and time—someone patient and committed to helping her grow with continued training and care. Sofia has an old injury to her front leg, so she’ll need a family that understands her physical needs and can help her feel safe and comfortable. She thrives best as a single dog in the household and would be happiest with older, dog-savvy children who can respect her space and needs. If you’re ready to offer a calm, loving home where Sofia can continue her journey, she’s ready to meet you. 💙","sofia",""
"2018-01-01","Western Sydney (Londonderry)","956000009589858","Royal","2025-06-04","MALE","","Meet Royal! The King of Cuddles and Playtime! 🐾 If you're looking for a loyal companion who’s both noble and a bit goofy, Royal is ready to bring you love, fun and lots of personality. This charming greyhound enjoys his toys and loves to play! Royal walks beautifully on lead and adores his daily walks. He's polite around smaller dogs but would prefer to share his kingdom with a medium or large canine companion. Ready to give Royal his happily ever after? Come and meet this beautiful boy at Western Sydney...he’s been waiting for his crowning moment! 👑","royal-1",""
"2019-08-01","Western Sydney (Londonderry)","956000011151238","Snippy","2025-06-04","MALE","","Snippy is a relaxed, easy-going boy who’s active without being jumpy and a dream on the lead. One of the friendliest greyhounds his owner has met, he’s super social, affectionate, and loves spending time with people - he just adores the grandkids aged 6 and up! Snippy’s confident, happy nature makes him an excellent pet for anyone. He’s great with other greys, mingled with the farm cat, and not bothered by the labradoodle next door. He doesn’t chase kangaroos or sheep in the paddock, or chickens in a pen near his yard, and he’s fine being on his own if needed. He loves his daily walks, swimming adventures, and is very food-motivated—making him a breeze to train. Snippy currently sleeps on the verandah but would be just as happy curled up indoors. He’d thrive in a home with someone who has time to hang out with him. This sweet, easy-going boy is ready to bring love, fun, and loyalty to his forever home. Snippy is a rare find. 💥","snippy",""
"2022-03-01","Western Sydney (Londonderry)","956000011347258","Conrad","2025-06-04","MALE","","*Hi, I'm in foster care! I'm available to adopt - reach out to the team!* Foster Update - he is a gentle, sweet, little old man who is a quiet observer...more foster update below: 🐾 Conrad is truly a sweet and gentle boy who is very affectionate 🐾 He doesn’t bark, whinge or whine 🐾 He comes when called & he loves being wherever you are 🐾 Suitable for full time hours, stays outdoors during that time 🐾 He comes across as an old man, quiet and observant 🐾 Conrad won't get up on couches 🐾 Sleeps outside at night quietly and doesn't mind the possums 🐾 He likes walks & is OK with sirens, busy roads 🐾 Happy walking past junior rugby & groups of children 🐾 Great on doggie dates with other greyhounds 🐾 Learning to enjoy road trips 🐾 Tolerant of wild life & birds in the yard 🐾 The birds can have pool parties in his water bowl and will share his kibble with magpies! 🐾 Spent time with 12-14 year old kids who are dog savvy (who he chose to spend 'quiet time' on the floor with!) 🐾 Grown so much in confidence & is ready for his forever home! Conrad is a quiet natured, reserved yet affectionate boy. He is polite meeting other big or small dogs when out and about but would suit a home willing to take things slow while he learns about the world around him. He could happily co exist with another doggie with a similar gentle temperament. Conrad is enjoying foster care and has become so confident in new environments but will still require a patient home. Conrad is available from the Western Sydney adoption centre to meet him & his amazing foster carers.","conrad",""
"2022-09-01","Southern NSW/ACT (Bulli, Nowra, Goulburn, Canberra)","956000014889024","Poh","2025-06-04","MALE","","Poh is a sweet well balanced boy. He will engage in playing fetch, quick zoom in the yard followed by some serious lounging around. He is good with kids and all dogs. He lives in a semi rural area and is familiar with native wildlife coming round like roos, wombats and native birds.","poh",""
"2022-11-01","Southern NSW/ACT (Bulli, Nowra, Goulburn, Canberra)","956000014944164","Buster","2025-06-04","MALE","","Buster is a beautiful social boy, he gets along with all dog breeds and sizes. He lives on the south coast and has been visited by various native animals. He is happy to play in the yard, relax on his own or go out for a small adventure to Bunnings or the beach.","buster-9",""
"2022-08-01","Northern Rivers (Grafton, Lismore, Casino)","956000014700723","Tracey","2025-06-04","FEMALE","","Tracey is a loving girl with a heart of gold and a very special talent—leaning! If you're standing still, she'll gently lean in close, just to let you know she loves you. Affectionate and calm, Tracey is happiest when she’s near her people. She’s great with other dogs, big or small, and absolutely adores children. Tracey is the kind of dog who fits right in and makes everyone feel at ease. Let’s be honest—everyone knows a girl called Tracey… so maybe it’s time you had one of your own! 💕🐾","tracey-2",""
"2022-11-01","Northern Rivers (Grafton, Lismore, Casino)","956000014814425","George","2025-06-04","MALE","","George is a calm and loyal boy who just loves to be by your side. He’s the kind of dog who’ll follow you around the house, not because he needs anything—he just likes to know what’s going on! A bit of a sticky beak, George is always curious and quietly watching the world around him. He’s great with dogs of all shapes and sizes and absolutely adores children. With his gentle nature and friendly personality, George makes a perfect family companion or best buddy for someone who wants a loving shadow. If you're after a sweet, loyal boy who will stick close and make every day brighter, George is ready to join your pack! 🐾🧡","george-6",""
"2019-10-01","Northern Rivers (Grafton, Lismore, Casino)","956000007851244","Felix","2025-06-04","MALE","","Felix is a chilled-out charmer who’s just happy to be part of the fun. He’s quiet, calm, and has a super relaxed nature—nothing really bothers him! Whether it's hanging out with other dogs or being around kids, Felix fits right in. He’s friendly, gentle, and goes with the flow. This sweet boy doesn’t have a care in the world—he’s just looking for a comfy spot, some love, and maybe a snack or two. Felix is the kind of dog who brings a little bit of sunshine into every day without ever asking for much in return. If you’re after a gentle, low-fuss companion who gets along with everyone, Felix might just be your perfect match. 🐾💙","felix-2",""
"2017-11-01","Northern Rivers (Grafton, Lismore, Casino)","956000009463034","Tylah","2025-06-04","FEMALE","","Tylah is a beautiful, gentle soul who’s mastered the art of relaxing. She’s a laid-back lady who loves her naps and cozy spots, but don’t let that fool you—she still has her zoomie moments! Short bursts of energy are her specialty, followed by lots of lounging and cuddles. She’s happiest when she’s with her people, always close by and ready to share her calm, loving presence. Loyal, sweet, and full of quiet charm, Tylah is the kind of companion who makes every day feel a little more peaceful. If you're looking for a loyal, low-maintenance best friend who will love being by your side (especially on the couch), Tylah might just be the perfect match. 💕","tylah",""
"2019-12-01","Central West (Bathurst/Dubbo/Coonabarabran)","956000007831473","Digger","2025-06-04","MALE","","Digger is a curious, affectionate boy who loves to learn and be involved in whatever you're doing. He’s attentive, enjoys playing with his toys, and thrives on interaction. Digger would do best as the only dog in the home and would love having older children to play and bond with.","digger-4",""
"2018-12-01","Central West (Bathurst/Dubbo/Coonabarabran)","956000006812686","Brad","2025-06-04","MALE","","Brad is a lively, energetic boy once he feels at home. He enjoys playtime, especially in a backyard where he can stretch his legs and have fun. Brad is good with smaller dogs and would do well in a home with older children. A sweet, active companion ready for his next adventure!","brad-3",""
"2022-12-01","Central West (Bathurst/Dubbo/Coonabarabran)","956000011346970","Rafiki","2025-06-04","MALE","","Rafiki is a lively, energetic boy with an incredible love for toys! He’s a one-dog fetch machine—happily tossing his own toys just to chase them down again. Social, interactive, and full of fun, Rafiki brings playful energy and joy wherever he goes.","rafiki",""
"2022-11-01","Central West (Bathurst/Dubbo/Coonabarabran)","956000011345375","Dempsey","2025-06-04","MALE","","Dempsey is a fun-loving, affectionate boy with a big personality and an even bigger love for his toys. He's interactive, silly, and always ready to make you laugh with his goofy antics. Dempsey does well with smaller dogs and cats after a slow, safe introduction. A joyful companion who’s all about play, cuddles, and good vibes!","dempsey",""
"2022-12-01","Central West (Bathurst/Dubbo/Coonabarabran)","956000011349605","Zazu","2025-06-04","MALE","","Zazu is a gentle male who takes a little time to settle in, but once he's comfortable, his playful and funny personality shines through. He absolutely loves his toys and enjoys exploring his surroundings with curiosity. Zazu gets along well with smaller dogs and cats after a slow, safe introduction. A sweet soul with a goofy side, he’s sure to bring joy and laughter to a patient and loving home.","zazu",""
"2020-10-01","Riverina (Wagga, Temora, Gundagai, Griffith)","956000011584871","Jack","2025-06-04","MALE","","Jack is a such a sweet, affectionate soul who’s never raced and was born and raised in a gentle, loving environment. Recently, Jack had the chance to live in a foster home for a month — with both big (Maremma, Great Dane x) and small dogs (Jack Russell) — and he settled in right away, slept through his first night with no fuss, and proved he’s just as good inside as he is out. This boy is the definition of easy-going. Whether he's snoozing on a cozy rug in an enclosed patio or quietly sniffing around the garden, Jack is all about the slow life. He’s a gentle, lazy wanderer who enjoys the simple things: a bit of sun, a bit of shade, and a lot of love. He enjoys the car for outings and is unfazed in new environments A perfect gentleman, Jack would make a wonderful companion for retirees or families with older kids in a quiet, relaxed environment. He'd love someone to be home to poke about with but doesn't require daily walks if has playtime in yard and attention.","jack-30",""
"2021-05-01","Riverina (Wagga, Temora, Gundagai, Griffith)","956000011710743","Holly","2025-06-04","FEMALE","","Holly is a delightful bubbly little girl, loves pats, cuddles and playing with kids 5+, small dogs and big dogs, from a mini groodle to a Rottweiler, running around with them and sleeping next to them. She loves walks and is easy on the lead, even on busy streets. Holly has been living inside and is nearly housetrained, also crate-trained to sleep at night. She loves all people, kids, other dogs and cats. She is calm and affectionate as well as a playful social butterfly, happy to sit, be patted and admired at your local café. Holly would make a beautiful, loving and cuddly companion. *Holly needs to be fed separately from other dogs at mealtimes as she doesn't like sharing her food with other dogs.","holly-5",""
"2021-10-01","Southern NSW/ACT (Bulli, Nowra, Goulburn, Canberra)","956000011656898","Horsey","2025-06-04","MALE","","Horsey is an incredible work of art. He is a sculpted magnificent looking retired athlete. He does enjoy a play and a run. He does wipe out pretty quick like most sprinters once he has moved and will relax nicely. He is a gentle boy who loves everyone, he is a social and confident boy.","horsey",""
"2020-09-01","Southern NSW/ACT (Bulli, Nowra, Goulburn, Canberra)","956000007467851","Daisy","2025-06-04","FEMALE","","Daisy is a lovely hound, she is very social, confident and friendly. She is great around everybody and will make an excellent addition to your life. She is good on the lead and great company.","daisy-18",""
"2020-10-01","Riverina (Wagga, Temora, Gundagai, Griffith)","956000007849860","Ella","2025-06-04","FEMALE","","This sweetest girl could be all yours! A beautiful, calm, gentle and affectionate little girl, Ella is the perfect fit for any family, couple or retirees that have time to be with her. She loves company, being close to you and being part of your daily life. She loves kids 3-5+ and meeting everyone, pats and cuddles welcome! Ella has been living inside where she likes to lie on her bed, not fazed about the resident cat, mini Groodle and kelpie pup, also small kids 3+, a labrador and other retired greyhounds. Small quiet dogs preferred, loves paying with the lab. She loves a run and play in the yard, walks and being around her family; home workers or retirees would be perfect. Otherwise Ella is such an easy-going girl, just has FOMO when kids are playing or something is going on she just has to be part of it. FOMO! She is super friendly, fun, playful and loves life; she would make yours a happy one, too. 🧡","janelle",""
"2021-04-01","Southern NSW/ACT (Bulli, Nowra, Goulburn, Canberra)","956000007433917","Garry","2025-06-04","MALE","","Garry is a true companion and ready to become anyone’s best friend. Garry is 4 years of age and has grown up in a residential home whilst also living with other greyhounds. Garry enjoys his daily walk around town and makes friends with the neighbourhood children and dogs on his walk. With the correct introduction Garry could he suited to younger children and would be amazing in a townhouse or apartment with a walk everyday.","garry-2",""
"2021-01-01","Northern Rivers (Grafton, Lismore, Casino)","956000011712002","Blue","2025-06-04","MALE","","Blue is a friendly and loyal boy who loves meeting new people with lots of enthusiasm! He greets everyone with gusto and is always happy to make new human friends. When it comes to dogs, Blue prefers medium to large breed pals and needs a good introduction, as he can get quite excited at first. He’s not a fan of small dogs, so he’d do best in a home with larger dog friends. If you’re looking for a loyal, lively companion who loves people and is ready to be part of the fun, Blue could be the perfect fit!","blue-10",""
"2020-01-01","Northern Rivers (Grafton, Lismore, Casino)","956000007834462","Rockstar","2025-06-04","MALE","","Rockstar is the coolest, most laid-back guy around! Just like his name, he’s a chilled-out rockstar who loves attention and enjoys hanging out with people—especially kids. He’s great with all dogs and loves to play, making him the perfect companion for a fun-loving household. Rockstar is as friendly as they come and always ready to be part of the action. If you’re looking for a relaxed, happy, and playful buddy who’s always ready for some fun, Rockstar is your guy!","rockstar",""
"2022-11-01","Riverina (Wagga, Temora, Gundagai, Griffith)","956000014915431","Queeny","2025-06-04","FEMALE","","Queeny is a happy, very lovable and friendly young girl who loves life! She would be a great addition for a young couple or family with older kids on her own or with another greyhound or medium to large dog. She just wants to be part of your life, be a sticky beak, play, and have fun! She can also settle down and have a rest when needed, inside or out in a large yard. She has been around a lot of people coming and going in an office environment, noises don't worry her. Queeny loves to wander around the yard and play, then sleep inside with other retired greys during the day or in her own indoor kennel. She is used to walking on lead, loves pats and is well-behaved when given love and attention. She would adore a new home to settle into with her own special people be your loyal companion. 🥰","queeny",""
"2021-12-01","Northern Rivers (Grafton, Lismore, Casino)","956000013020747","Pretty","2025-06-04","FEMALE","","Meet Pretty! 💖 Personality: Sweet, friendly, and happy! Pretty in name and nature!!!! Pretty is a gentle, sweet-natured girl who is friendly with everyone she meets—both people and dogs! She’s quick to settle and enjoys a relaxed, calm environment. Her lovely personality makes her the perfect companion for a variety of homes. If you’re looking for a happy and easy-going dog with a heart full of love, Pretty could be the one for you!","pretty-2",""
"2021-10-01","Northern Rivers (Grafton, Lismore, Casino)","956000012864402","Bruce","2025-06-04","MALE","","Meet Bruce! 🖤 Bruce is a sweet, laid-back boy with a charming personality. He gets along well with small dogs and is always happy to spend time with his human friends. Bruce does have pannus, a condition that affects his eyes. While it's not curable, it’s easily managed with treatment to keep him comfortable. If you’re looking for a friendly, easy-going companion with a big heart, Bruce is ready to bring his charm into your life!","bruce-4",""
"2022-04-01","Northern Rivers (Grafton, Lismore, Casino)","956000013064396","Sonny","2025-06-04","MALE","","Sonny is a strong, happy, and fun-loving boy who adores people and loves to play! He’s always up for some fun with his favorite toys—he absolutely loves them and could play all day. Sonny gets along great with medium to large breed dogs and would be happiest with a female dog friend. He’d also love to have a yard where he can run and play to his heart’s content. If you’re looking for an energetic and toy-obsessed companion with a heart full of love, Sonny might just be the perfect match for you!","sonny-4",""
"2017-07-01","","956000006210837","Venus","2025-06-04","FEMALE","","Venus is a beautiful, independent lady who is an absolute delight to have around. She’s perfectly happy relaxing on her own but still enjoys some attention and pats when you're nearby. She’s been socialised with small dogs and, while she’s not overly interested in them, she’s calm and well-behaved in their company. If you're looking for a sweet, low-maintenance companion who enjoys both quiet time and a little love, Venus could be the one for you! She may be nearly 8 years old but she still has lots of love to share.","venus-4",""
"2021-09-01","Northern Rivers (Grafton, Lismore, Casino)","956000013020623","Matty","2025-06-04","MALE","","Matty is a relaxed and happy boy who loves nothing more than a pat and a tasty treat! He’s very friendly and has been socialised with small dogs, making him a lovely companion for a variety of homes. With his calm nature and sweet personality, Matty is the kind of dog who just wants to hang out, enjoy your company, and maybe sneak an extra snack or two! If you’re looking for an easy-going buddy with a big heart, Matty’s your guy.","matty-1",""
"2017-05-01","Northern Rivers (Grafton, Lismore, Casino)","956000009573549","Cia","2025-06-04","FEMALE","","Meet Cia! 💙 Cia may be nearly 8, but she’s young at heart and full of love! She’s a happy, friendly girl who enjoys the simple things in life—like a short walk, a comfy bed, and a ride in the car (one of her favourite things!). Cia is social with other dogs and gets along best with large breeds or calm small dogs. She’s easy-going and loves being part of the action, but also knows how to relax and take it easy. Cia thinks an apartment would be fine as long as she does not have to walk up and down stairs. If you’re after a sweet and gentle companion who still has a spring in her step, Cia could be the perfect match!","cia-1",""
"2022-07-01","Northern Rivers (Grafton, Lismore, Casino)","956000011579878","Jethro","2025-06-04","MALE","","Meet Jethro 🐾 Jethro is a quiet, easy-going boy who just needs a little time to show his sweet side. At first, he might come across as a bit of a sad sack—but don’t let that fool you! He’s loving, gentle, and really enjoys a good pat and some one-on-one time. While Jethro is usually calm, he can get a bit excited when meeting small dogs for the first time. The good news is he does settle down once he’s had a moment. If you’re after a laid-back companion with a soft heart and soulful eyes, Jethro could be the perfect match for you.","jethro",""
"2020-08-01","Northern Rivers (Grafton, Lismore, Casino)","956000011584894","Bob","2025-06-04","MALE","","Bob is a handsome, happy, and playful boy who’s full of personality! He loves life and enjoys being around people and other dogs—especially other greyhounds. Bob is strong and can get a little overexcited around small dogs, so he’d do best in a home without them. He would love to live with a medium to large female dog, or he’d be just as happy as the only dog in the home. If you’re looking for a fun-loving companion with a big heart and a beautiful brindle coat, Bob could be your perfect match!","bob-14",""
"2022-12-01","Northern Rivers (Grafton, Lismore, Casino)","956000014910409","Be","2025-06-04","MALE","","Be is a sweet and friendly boy who loves going for walks and spending time with his people. At just 2 years old, he’s still full of playful energy and curiosity about the world! He’s been introduced to small dogs, but can be a bit too bouncy for them—so he’d do best with a medium to large dog buddy who can match his playful style. Be would really love a home with a secure yard where he can stretch out, relax, and enjoy the sunshine between walks. He’s ready to bring lots of love, tail wags, and fun to his forever home!","be-19",""
"2021-10-01","Central West (Bathurst/Dubbo/Coonabarabran)","956000013020743","Strawberry","2025-06-04","FEMALE","","Meet Strawberry, a quiet and calm greyhound with a wonderfully laid-back and easy-going nature. She’s patient and gentle, making her a dream companion for a peaceful home. Best suited as a single dog household, Strawberry is cat workable and has experience living indoors, so she’s already familiar with home life. A sweet soul looking for a calm place to call her own.","strawberry",""
"2016-11-01","New England","956000004481400","Wolfie","2025-06-04","MALE","","Wolfie is the sweetest older gentleman you will ever meet! At 8 years old, he still has plenty of life and love to give. With his soft demeanor and loving nature, Wolfie is the perfect companion for anyone seeking a loyal and affectionate friend. He has a calm and soothing presence, making him an ideal pet for a any household. His loving and affectionate nature means he enjoys cuddles and spending quality time with his human family. Wolfie is a delight to be around, always ready to offer a comforting nuzzle. He has been living with a Cavoodle and is good with other dogs both big and small.","wolfie-1",""
"2021-11-01","Western Sydney (Londonderry)","956000007431808","Brooke","2025-06-04","FEMALE","","Introducing Brooke! A gentle soul with the sweetest nature you could hope for. She is super sweet and affectionate, with a nice gentle personality. Quiet and loving, she adores human connection, happily leaning in for cuddles and trotting over when called. Brooke is the kind of companion who will quietly fill your days with warmth, love, and loyalty. With her gentle personality, Brooke could thrive in an apartment setting, especially with a patient and understanding family who can give her the time and support she needs to settle in. Shorter hours alone during the first few weeks will see Brooke settle into pet life. She walks nicely on the lead and does well on walkies. She does well on walks with other big and small dogs but would prefer not to share her home with them at this stage. Brooke is available through our Western Sydney Adoption Centre.","brooke",""
"2021-12-01","Western Sydney (Londonderry)","956000014800665","Rowdy","2025-06-04","MALE","","Meet Rowdy! The handsome social butterfly with a heart full of love and a nose for treats! This confident and friendly guy absolutely adores people and will charm his way into your heart (and maybe your snack stash) in no time. Rowdy is super trainable and eager to learn, especially if food or toys are involved – a home that is interested in furthering his training and development is ideal Rowdy is still learning the ropes when it comes to other animals, so he’s best suited as a solo dog or with another greyhound friend who can help him find his groove. He’d thrive in a home with a yard to explore and a family who can support him through his transition to pet life. With a little guidance and a lot of love, Rowdy will be the ultimate loyal companion – cheeky, charming, and full of fun. Rowdy is available through our Western Sydney Adoption Centre.","rowdy",""
"2019-08-01","Central West (Bathurst/Dubbo/Coonabarabran)","956000009589667","Blaze","2025-06-04","MALE","","Meet this laid-back, placid boy—our sweet male Blaze! He's the definition of a ""dopey"" cuddle bug who loves nothing more than a good snuggle. As a single dog household pup, he's very content with his quiet life in the backyard, and he's happy to share his space with older children who understand his calm nature. Experienced owners will appreciate his lazy demeanor and gentle temperament. He’s all about relaxing and enjoying the simple things in life!","blaze-7",""
"2021-02-01","New England","956000012227690","Dusty","2025-06-04","MALE","","Dusty is a fun and playful greyhound with a heart full of love, a social butterfly who would love to be your next companion. He has a cheeky personality that makes everyone smile. His playful antics and affectionate nature make him a joy to be around. Dusty enjoys his daily walks and will be sure to curl up next to you for some quality cuddle time when the walk is done. Dusty is curious and loves to explore new places. Whether it’s a walk in the park or a hike in nature, he’s always up for an adventure. If you’re looking for a fun, loving, and goofy companion, Dusty is the perfect greyhound for you! 🐾","dusty-7",""
"2020-10-01","Northern Rivers (Grafton, Lismore, Casino)","956000011578748","Jack","2025-06-04","MALE","","Jack is a friendly, happy-go-lucky greyhound who’s always up for an adventure! He’s 4 1/2 years old and loves going for walks around the neighborhood, especially in suburban areas where there’s lots to sniff and explore. 🌳 This guy is also a big fan of the beach, with a special love for small shell pools—he’s happiest splashing around and enjoying the water! 🌊 Jack is great with other dogs and always ready to make new friends. His sweet, friendly nature makes him a joy to be around. Whether he’s on a walk or just chilling, Jack is sure to bring a smile to anyone he meets! 😊 If you’re looking for a fun, friendly companion who loves the outdoors, Jack is the perfect buddy for you! 🐕💖","jack-29",""
"2020-11-01","Southern NSW/ACT (Bulli, Nowra, Goulburn, Canberra)","956000007467734","Santa","2025-06-04","MALE","","Santa Clause is coming to your lounge! Santa is a handsome 4 year old boy who is looking to be your perfect companion. Santa takes a little bit to warm up to new people but when he is comfortable he's the perfect mix of cuddly and playful. During the day Santa is perfect for fulltime workers as he spends his day sleeping and playing in the backyard. By night time You'll find Santa dreaming whilst curled up on the lounge or your bed with family or your other large fluffy companion.","santa",""
"2022-04-01","Northern Rivers (Grafton, Lismore, Casino)","956000011310877","Plucky","2025-06-04","FEMALE","","Plucky is a friendly and independent greyhound with a charming personality! She loves spending time in her kennel and lounging on her bed, making her a cozy and content companion. With her plucky attitude, she’s full of confidence and doesn't mind doing her own thing. While she enjoys being around people, she also appreciates her personal space. If you're looking for a laid-back but lovable dog with a bit of spunk, Plucky is the perfect match!","plucky",""
"2020-07-01","Western Sydney (Londonderry)","956000007835326","Pepper","2025-06-04","FEMALE","","Looking for a spicy, high-energy pup to add some heat to your life? With her bold confidence and zest for adventure, Pepper will keep you on your toes and bring endless fun to your days. Whether it’s a brisk walk in the park, a game of fetch, or a playful romp with her doggy friends, Pepper’s always up for action and excitement. Her enthusiasm is contagious, and there’s never a dull moment with this fiery girl around! Pepper is confident, sociable, and loves to have a good time, especially with medium to large dogs who can match her energy. If you're looking for a fun-loving, playful companion to join in your outdoor adventures and keep the excitement rolling, Pepper’s the one for you! She’s the perfect addition to an active home where she can burn off some of that spicy energy and steal your heart with her fiery personality. Ready for a hot new addition to your family? Pepper can’t wait to meet you at the Western Sydney Facility!","pepper-3",""
"2022-03-01","Southern NSW/ACT (Bulli, Nowra, Goulburn, Canberra)","956000011360101","Simon","2025-06-04","MALE","","Simon is a charming hound, he does like to stretch his legs with a morning zoomie and fetching toys. He burns himself almost straight away and enjoys being a lazy hound. He is a good mix of being an active hound that likes to relax also.","simon-2",""
"2022-05-01","Western Sydney (Londonderry)","956000011349967","Dusty (Western Sydney)","2025-06-04","MALE","","Howdy, partner! Name’s Dusty, and I’m a handsome greyhound lookin’ to saddle up and make some memories with ya! 🤠 I’m a social cowboy, friendly with folks and always up for a good ol’ chinwag. I get along great with medium and large dogs, and with a bit of further training and a meet-and-greet, I could be rustlin' up some friendships with smaller breeds too! 🐾 Now, I’m not one to turn down a good meal — I’m mighty food motivated! If you’ve got some tasty treats or a fun toy in your pocket, I’ll be the best partner-in-crime you could ask for! 🍖🎾 I’m also used to my crate, so I know when it’s time to rest in my own little space, but I’ll be rarin' to go when you’re ready for some fun! If you’re lookin' for a loyal, friendly companion with a heart as big as the Wild West, I’d be thrilled to join your posse. Let’s make this ride a whole lot more fun, partner! 🤠🌵","dusty-6",""
"2021-04-01","Western Sydney (Londonderry)","956000007433454","Maximo","2025-06-04","MALE","","Maximo is a sporty and fun-loving greyhound with a passion for water and a heart full of love. Whether he’s splashing around in the pool or running around with his greyhound buddies, he’s always up for an active, fun time. Maximo is also fantastic with kids, having spent time with young ones and showing nothing but patience and gentleness. His easy-going nature and friendly demeanor make him a perfect fit for a family looking for a loving, playful companion. Maximo is also open to living with other dogs, especially fellow greyhounds, and has the potential to coexist with small dogs and cats with the right training and introductions, and pending a meet and greet. His calm and cooperative attitude will make him a great addition to your home. If you’re looking for a sporty, fun, and affectionate dog who’s ready to join your team, Maximo could be the perfect match! Come meet him and see why he’s ready to take your home to the next level!","maximo-1",""
"2018-07-01","Western Sydney (Londonderry)","956000009462372","Ruby (Western Sydney)","2025-06-04","FEMALE","","Hi, I'm Ruby, I'm pretty and petite like my gemstone name. I have a placid & quiet nature. I’m a sweet middle aged hound looking for a family who will love me forever. I love being indoors on my comfy bed and would be glad to live in an apartment or unit. I am quite happy spending some time alone snoozing the day away while you're away as long as you live in a quiet neighbourhood so i can enjoy my beauty rest. I would like a home with calm kids and calm dogs so I can enjoy the quiet life with you. Like all greyhounds, I do have a little burst of energy and will zoom around and play with my toys, but don’t worry as soon as I’m finished you will find me in bed or laying in the sun. Oh, and did I mention I love food? I love learning new things as long as there are treats involved and the GAP humans say I am very smart. If you think this I could be suited to your home then apply to meet me today at our Londonderry site.","ruby-western-sydney",""
"2021-09-01","Western Sydney (Londonderry)","956000011552295","Sam (Western Sydney)","2025-06-04","MALE","","Looking for a fun-loving, people-obsessed companion? Sam the greyhound is your guy! 🐾 With his playful personality and endless enthusiasm, he’s ready to steal your heart and bring joy to every adventure. Sam is a total people pleaser, always eager for his human's attention and affection. He’s incredibly social and loves to be around his people, making him the perfect companion for anyone looking for a friendly, outgoing dog. Sam is also pro when it comes to car rides—he loves hopping in for a fun adventure and travels like a champ. Whether it’s exploring new environments or playing with his favorite toys, Sam is always up for the next exciting thing! He’s also a big fan of walks, where his playful, excitable personality shines. Sam is suitbale for living with other dogs around his size and would also be happy to share his home with older kids. If you’re looking for a fun, loving, and energetic pup to share your life with, Sam is your guy! 🐕💙 Contact the Western Sydney team to meet Sam today!","sam-10",""
"2021-04-01","Central West (Bathurst/Dubbo/Coonabarabran)","956000012917728","Bertha","2025-06-04","FEMALE","","Bertha is a playful, cheeky, and energetic female greyhound who loves people and is very social. She’s curious and full of fun, always ready for an adventure. With the right introduction, she might get along with smaller dogs, making her a great addition to an active and engaging home.","bertha-1",""
"2017-01-01","Central West (Bathurst/Dubbo/Coonabarabran)","956000004889171","Collie","2025-06-04","FEMALE","","Collie is a sweet older female with a calm, relaxed, and easy-going nature. She’s happy to please and would thrive in a slower-paced home. Older children are best for her, and she’s fine with smaller dogs and cats, making her a wonderful companion for a peaceful and loving household.","collie",""
"2023-06-01","Central West (Bathurst/Dubbo/Coonabarabran)","956000015745332","Billy","2025-06-04","MALE","","Billy is a sweet, affectionate, and kind natured boy. He’s loving and enjoys playing with toys, often collecting them on his bed. Billy is interactive and gets along well with smaller breeds of dogs, making him a fun and friendly companion.","billy-19",""
"2020-12-01","Central West (Bathurst/Dubbo/Coonabarabran)","956000012805049","Dare","2025-06-04","MALE","","Dare is a big, gentle giant with a very sweet and playful nature. He’s fun-loving yet shows a patient and calm side when needed. Confident and happy, Dare is the perfect mix of energy and tranquility, making him an affectionate companion for any home.","dare-1",""
"2022-05-01","Central West (Bathurst/Dubbo/Coonabarabran)","956000011351882","Windy","2025-06-04","MALE","","Windy is a very sweet-natured male dog who can be a little shy at first but quickly comes out of his shell, especially when playing with toys. Confident on his own, he gets along well with smaller breeds of dogs and is sure to bring joy and warmth once he settles in.","windy-1",""
"2020-12-01","Central West (Bathurst/Dubbo/Coonabarabran)","956000011710299","Hank","2025-06-04","MALE","","Hank is a calm, easy-going, and very friendly dog with an affectionate and interactive nature. He loves to connect with others and is great with smaller breeds of dogs. Hank’s gentle personality makes him a wonderful companion for any home looking for a sweet and sociable pet.","hank-6",""
"2021-04-01","Central West (Bathurst/Dubbo/Coonabarabran)","956000012861460","Tom","2025-06-04","MALE","","Tom is a happy boy who thrives on his own in a single-dog household. He needs a supportive home where he can grow and learn. With patience and encouragement, Tom will blossom into a loving and confident companion.","tom-18",""
"2020-12-01","Central West (Bathurst/Dubbo/Coonabarabran)","956000011711067","Scotch","2025-06-04","MALE","","🐾 Meet Scotch! 🖤 Scotch is a happy, confident greyhound with a heart full of joy. Due to a past leg injury, he enjoys a slower-paced home and shorter walks—but don’t worry, he can still move around and play just fine! 🐾 Engaging, affectionate, and full of love, Scotch thrives in a calm environment where he can relax and enjoy life at his own pace. If you're looking for a gentle, loyal companion, Scotch is ready to win your heart. 💕","scotch",""
"2018-01-01","Central West (Bathurst/Dubbo/Coonabarabran)","956000009589973","Uno","2025-06-04","FEMALE","","🐾 Meet Uno! 🌟 Uno is a lovely older lady with a confident, engaging personality and a heart full of love. 💕 She’s sweet, kind, and always happy—bringing a warm, joyful presence wherever she goes. With her calm nature and affectionate spirit, Uno makes the perfect companion for a caring, loving family ready to share their home with a gentle soul. 🐶💫 If you’re looking for a steady, loving friend, Uno is ready to make your heart her home.","uno",""
"2020-12-01","Central West (Bathurst/Dubbo/Coonabarabran)","956000007436627","Dozer","2025-06-04","MALE","","Dozer, or ""Little D,"" is a sweet boy who needs time and patience to learn and grow. He’ll thrive in a quiet home where he can feel safe and supported as he blossoms into his best self. With the right care, he’s sure to become a loving companion.","dozer-2",""
"2020-11-01","Central West (Bathurst/Dubbo/Coonabarabran)","956000011710186","Milo","2025-06-04","MALE","","Milo is a fun-loving male greyhound with a playful and confident personality. He’s happy, sweet-natured, and kind, making him a loving companion for any home. Milo’s cheerful attitude and affectionate nature are sure to bring joy to those around him.","milo-9",""
"2020-03-01","Central West (Bathurst/Dubbo/Coonabarabran)","956000007827233","Lexi","2025-06-04","FEMALE","","Lexi is a sweet and placid female greyhound with a calm demeanor. Eager to learn, she needs room to grow and thrive, along with patience and understanding. A single-dog household would be ideal, providing her with the space and care she needs to flourish.","lexi-7",""
"2019-12-01","Central West (Bathurst/Dubbo/Coonabarabran)","956000012179623","Aggi","2025-06-04","FEMALE","","Aggi is a pretty female greyhound who can be a little shy at first. She needs encouragement, support, love, and time to grow. A single-dog household would be ideal, where she can feel secure and receive the attention she needs. Aggi is eager to learn and thrive with the right care and patience.","aggi-2",""
"2021-12-01","Central West (Bathurst/Dubbo/Coonabarabran)","956000007431437","Micha","2025-06-04","FEMALE","","🐾 Meet Micha! 💖 Micha is a sweet and sensitive female greyhound looking for a calm, loving home to help her blossom. With the right support and encouragement, she’s eager to learn and grow into a confident companion. She’ll thrive in a quiet environment where she feels safe and secure. Micha would do best as the only dog to start with, giving her the space and attention she needs to adjust and build trust. If you have a gentle heart and a peaceful home, Micha is ready to find comfort by your side. 🐶💕","micha-1",""
"2021-07-01","Central West (Bathurst/Dubbo/Coonabarabran)","956000007424531","Tubby","2025-06-04","FEMALE","","🐾 Meet Tubby! 💗 Tubby is a sweet girl who just needs a little time and patience to truly shine. 🌸 She can be a bit unsure at times, but with the right support and encouragement, she’ll blossom into a loving, confident companion. She’d do best in a calm, single-dog household where she can feel safe and truly be herself. With your love and guidance, Tubby is sure to thrive. 🐶💕","tubby",""
"2021-07-01","Central West (Bathurst/Dubbo/Coonabarabran)","956000011552057","Sassy","2025-06-04","FEMALE","","Sassy is a female greyhound looking for a quiet, supportive, and loving home. She needs room to grow, learn, and thrive, along with the encouragement and patience to help her blossom. A single-dog household would be ideal, where she can receive all the attention and care she deserves.","sassy-1",""
"2021-07-01","Central West (Bathurst/Dubbo/Coonabarabran)","956000007428296","Molly","2025-06-04","FEMALE","","Molly is a sweet female greyhound who can be a little shy and unsure at first, but she’ll open up with time and patience. She needs space, encouragement, and room to grow in a supportive environment. Molly thrives in a single-dog household where she can receive the love and attention she needs to feel comfortable and secure.","molly-11",""
"2016-02-01","Central West (Bathurst/Dubbo/Coonabarabran)","956000004489012","Minni","2025-06-04","FEMALE","","Minni is a laid-back, easy-going older gal with a calm and confident demeanor. She’s curious and independent, but also affectionate and loves a good snuggle. Minni is the perfect companion for someone looking for a relaxed and loving pet.","minni-6",""
"2018-05-01","Central West (Bathurst/Dubbo/Coonabarabran)","956000006810145","Lucy","2025-06-04","FEMALE","","Lucy is a very friendly and affectionate older girl who loves to give and receive cuddles. She can be relaxed and easy-going, but also has a cheeky, playful side that adds fun to her personality. Good with smaller breeds of dogs, Lucy makes a sweet and loving companion for any home.","lucy-21",""
"2016-05-01","Central West (Bathurst/Dubbo/Coonabarabran)","956000004257033","Banj","2025-06-04","FEMALE","","Banj is a sweet, older female greyhound, ready to enjoy a relaxing retirement. She’s calm, easy-going, and laid-back, thriving in a peaceful home. Banj gets along well with smaller breeds of dogs and is comfortable around older children, making her the perfect companion for a quiet, loving household.","banj-7",""
"2020-06-01","Central West (Bathurst/Dubbo/Coonabarabran)","956000007467697","Snoz","2025-06-04","MALE","","Snoz is a male greyhound with a calm and quiet demeanor. He’s patient, easy-going, and always happy, enjoying a laid-back lifestyle. With his gentle nature, he’s the perfect companion for anyone seeking a relaxed and peaceful pet.","snoz-3",""
"2018-10-01","Central West (Bathurst/Dubbo/Coonabarabran)","956000009460515","Bella","2025-06-04","FEMALE","","Meet Bella, a sweet, kind, and patient female greyhound who remains calm in new environments. She’s excited to play and learn, always eager for new experiences. Bella is affectionate and loves to spend time with her humans, and she gets along well with smaller breeds of dogs. She’s ready to bring her gentle spirit and enthusiasm for life to a loving home!","bella-17",""
"2020-12-01","Central West (Bathurst/Dubbo/Coonabarabran)","956000011781124","Nova","2025-06-04","FEMALE","","Meet Nova, a beautiful and sweet female greyhound who will melt your heart once she settles into her new home. She’s affectionate and loves cuddles, and she has a playful side when it comes to toys! Nova is patient and eager to learn, making her a wonderful companion for a family who can help her continue to grow. She’s ready to share her love and brighten your life!","nova-2",""
"2019-09-01","Central West (Bathurst/Dubbo/Coonabarabran)","956000006660531","Bec","2025-06-04","FEMALE","","Meet Bec, a playful and affectionate female greyhound who absolutely loves toys! She enjoys collecting and playing with them, and there's nothing better than a cuddle and some quality time with her humans. Bec thrives in a home with an experienced owner who can provide her with the care and attention she needs, including a backyard to run and explore. She’s grown up around children, but older kids are best for her. She’s ready to bring love and joy into a forever home!","bec-7",""
"2021-07-01","Central West (Bathurst/Dubbo/Coonabarabran)","956000007424357","Zac","2025-06-04","MALE","","Meet this gentle and shy male greyhound, looking for a loving, supportive family to help him continue to grow and thrive. With a quiet nature, he enjoys the simple pleasures of life, like collecting little toys, and he responds beautifully to a gentle touch. Having grown up around small children, he’s well-suited for a family environment. An experienced dog owner would be ideal, as he’s looking for someone who can provide the patience and care he needs to flourish.","zac-3",""
"2020-02-01","Central West (Bathurst/Dubbo/Coonabarabran)","956000007373972","Tony","2025-06-04","MALE","","Tony is a barrel full of laughs, love & fun! This big goof ball loves to run, play & chase. He is an active boy with a spirit to match! He would love to find a home with older active children he can run around with in the backyard. Potentially another grey or large breed of dog to play with as well. He is a confident boy who doesn't shy away from much. Tony is ready to find his perfect family! Reach out to meet him today!","tony-6",""
"2021-10-01","Central West (Bathurst/Dubbo/Coonabarabran)","956000013039547","Lucy","2025-06-04","FEMALE","","Beautiful Lucy is lady who needs to find a supportive, patient & kind family. Lucy shows interest in wanting to be a part of a family, grow, learn how to be confident & playful, she just needs that support & encouragement to do so. A quiet home at first would be ideal. Lucy has spent time indoors, around children & a smaller breed of dog. With the correct introduction & supervision, Lucy may become best friends with your smaller fluff's, even your feline family members. Please reach out if you would like to meet Lucy :)","lucy-20",""
"2022-07-01","Central West (Bathurst/Dubbo/Coonabarabran)","956000011334285","Missy","2025-06-04","FEMALE","","Sweet Missy is a darling girl looking for her perfect family. Missy is looking for love & support from her new family in order for her shine and grow into the best version of herself. A quiet & patient home would be best. With growth, she will shine in personality & playfulness. Missy responds well to young children. She has spent time living indoors with a smaller breed of dog. With the correct introduction, Missy might become best friends with your small pups or feline family members. Please reach out if you would like to meet her :)","missy-21",""
"2020-11-01","Riverina (Wagga, Temora, Gundagai, Griffith)","956000007468123","Wichita","2025-06-04","FEMALE","","Wichita is gorgeous, sweet girl, pretty chill but does get excited when running around with her other greymates! She absolutely loves water, a clam shell pool, which would keep her occupied as well as toys and is much quieter with the company of an older small dog as a companion but would also be happy as an only dog. She is fantastic with her household pet whippet, a small blue girl, and they love doing zoomies together but settle down quickly. She has such a loving nature, adores attention and pats, is well handled and good on lead. Wichi would make a lovely companion and walking buddy for couples, families with older kids and retirees, also happy to keep herself occupied for workers or with a whippet or similar as a playmate. * Wichita has a gorgeous whorl of hair that looks like a mane down the back of her neck - truly a unique girl.","wichita",""
"2019-07-01","Western Sydney (Londonderry)","956000007839524","Alf (Western Sydney)","2025-06-04","MALE","","*Alf is in a foster home and is available for adoption!* See foster care update within. 'Alf is a true gentleman, who loves all people big or small, male or female. He exudes joy and happiness when you come home, or when visitors arrive. He is goofy when playing on the lawn with you, or chasing a thrown toy, then, just has to have a good lie down. His manners inside the house are impeccable, and doesn’t steal from the counter top or rubbish bin, doesn't destroy his toys or scratch doors. He knows not to be on couches or beds but given licence to do so he would love to accept. He manages 15+ stairs well and will travel in a lift. Car travel is for more sleeping. Thunder and lightning cause a little concern, but he only needs to be close – no hiding, just a little panting for this big boy. And what a handsome boy he is, accepting praise for his good looks wherever he goes. Alf is a beautiful, affectionate, gentle soul.' Alf is available from our Londonderry adoption centre.","alf-6",""
"2015-09-01","Northern Rivers (Grafton, Lismore, Casino)","956000004346598","Venus","2025-06-04","FEMALE","","Venus may be 9 years old, but don’t let her age fool you – she certainly doesn’t act like it! This sweet, friendly girl is full of energy and loves being around people. She has the heart of a young pup and enjoys every moment spent with her humans. Venus is the perfect mix of a calm, affectionate companion and a fun-loving friend. Why You'll Love Venus: Friendly & People-Loving: Venus absolutely adores people and will be your best friend in no time. Young At Heart: Despite being 9 years old, Venus has the playful energy and spirit of a much younger dog! Calm & Affectionate: She loves cuddles and enjoys relaxing with you, but also has plenty of energy for playtime. If you’re looking for a loving, friendly greyhound who doesn’t act her age, Venus is the one for you! 💕","venus-3",""
"2022-03-01","Northern Rivers (Grafton, Lismore, Casino)","956000011584777","Jett","2025-06-04","FEMALE","","Jett is a fun-loving and friendly female greyhound with a playful spirit and an easy-going personality. Born on April 3, 2022, she’s still young and full of energy but knows how to relax and enjoy quiet moments too. Jett’s happy, affectionate nature makes her a great companion for active families or anyone who enjoys a friendly, outgoing dog. Why You'll Love Jett: Playful & Friendly: Jett loves to have fun and is always ready to make new friends, whether it’s with humans or other dogs. Easy-Going: While playful, Jett is also calm and relaxed when it's time to chill. Good with Small Dogs: After a proper introduction, Jett gets along well with small dogs, making her a great addition to a multi-dog home. Young & Energetic: At just 2 years old, Jett has plenty of energy to enjoy walks, playtime, and adventures. Whilst being energetic Jett can be extremely lazy and would be happy to just laze around after a short walk. If you’re looking for a sweet, friendly greyhound with a playful personality, Jett might be your perfect match! 💕","jett-2",""
"2018-06-01","Hunter Valley (Maitland/ Muswellbrook/Newcastle/Forster)","956000009589443","Red","2025-06-04","MALE","","This is our boy Red. He is relaxed on lead, great to handle. Red has had frequent exposure to leisurely strolls in town and enjoys the slow paced lifestyle. At times Red can be apprehensive with new people but warms up quickly after he has a good play. Red will be attending the ACT Adoption Day on March 22nd.","red-8",""
"2019-01-01","Southern NSW/ACT (Bulli, Nowra, Goulburn, Canberra)","956000006792547","Dutch","2025-06-04","MALE","","Dutch is a sweet sensitive hound, he may be a bit shy and quirky at first but he does warm up and is very gentle and affectionate. He is a handsome boy who is calm and laid back. Relaxes well on his own.","dutch-3",""
"2020-02-01","Northern Rivers (Grafton, Lismore, Casino)","956000007830024","Kenny","2025-06-04","MALE","","Meet Kenny! Kenny is the happiest dog you will ever meet! Kenny is a friendly, joyful pup who loves everyone he meets. He’s great with all dogs, making him the perfect companion for a multi-dog household. Whether it’s playing or just hanging out, Kenny gets along with dogs of all sizes. Kenny could also live with the right cat! He’s got a gentle and adaptable personality, so he may fit well into a home with a cat that’s comfortable around dogs. If you’re looking for a loving, happy dog to brighten your life, Kenny is your guy!","kenny-6",""
"2020-04-01","Western Sydney (Londonderry)","956000007374982","Summer","2025-06-04","FEMALE","","*I am in a foster care home in Newtown in the inner west - reach out to the team to find out how I'm going!* The sun is shining - Summer is finally here! Well, Summer the greyhound that is! Summer is affectionate yet independent. She doesn’t mind spending time alone, making her a great fit for a variety of lifestyles. She has also spent time around children aged 3+ making her a great fit for families. Summer is a super social and friendly girl, making her perfect for those wanting an affectionate companion. She absolutely loves people, enjoys playtime, and settles beautifully inside. Summer is learning about the world and other dogs here at the centre and is doing so well! She would benefit from ongoing training for her dog sociability but is doing well at the centre. With the right family, Summer will thrive and make a wonderful companion. So grab your hat and sunnies and get ready to enjoy this ray of sunshine, available from the Western Sydney adoption centre.","summer-4",""
"2022-02-01","Northern Rivers (Grafton, Lismore, Casino)","956000007431200","Lilly","2025-06-04","FEMALE","","Meet Lilly – A Sweet and Shy Greyhound! Lilly is a gentle and quiet female greyhound who may be a little shy at first, but once she gets to know you, her affectionate nature shines through. She’s great with all other dogs and would be sutiable for a home with a cat if you are patient and give her time to settle, making her an easy-going companion for any household. Lilly’s calm demeanor and low-key attitude make her the perfect choice for anyone looking for a laid-back, loving pet. Give her time to settle in, and she’ll reward you with endless loyalty and love!","lilly-13",""
"2022-02-01","Hunter Valley (Maitland/ Muswellbrook/Newcastle/Forster)","956000011358684","Stacey","2025-06-04","FEMALE","","Meet our sweet girl Stacey. Stacey warms up after a little bit of attention but initially she could be weary of her surroundings. She has spent time around children and is gentle around them. Stacey is responsive on lead but will like to sniff around as well.","stacey",""
"2022-02-01","Hunter Valley (Maitland/ Muswellbrook/Newcastle/Forster)","956000011353483","Tracey","2025-06-04","FEMALE","","Are you looking for the perfect all-arounder? Tracey will make for the perfect companion. Tracey has had frequent exposure to children and enjoys playing with them, she has also met chickens and cows at her current home. Tracey is incredibly engaging and responsive on lead; she has a great personality willing to people please.","tracey-1",""
"2020-04-01","Southern NSW/ACT (Bulli, Nowra, Goulburn, Canberra)","956000007827688","Jimmy","2025-06-04","MALE","","Jimmy is a good all round pet that is looking to bring joy to someone's home Jimmy has grown up in a farm style setting and is experienced around kids as young as 5 years of age. Jimmy is an active boy who walks very well on lead and would thrive with a daily walk before retiring to his bed for the night. Jimmy loves a cuddle and with extra training and love would be a great apartment dog. Unfortunately Jimmy is a single pet dog as he thrives by himself and isnt a big fan of sharing his family with other dogs off lead. Jimmy is still a gentle and loving boy who is looking for his perfect family","jimmy-8",""
"2022-05-01","Hunter Valley (Maitland/ Muswellbrook/Newcastle/Forster)","956000011341912","Benji","2025-06-04","MALE","","Are you after a playful and cheeky friend? Benji is after his forever home! He is all things cheeky, confident and cunning. Benji is responsive on lead but some extra training wouldn't go astray. He loves a pat and to bound around a yard big or small, he would be suitable to live in a townhouse or villa and would in time be able to conquer stairs. Benji had an injury in 2023 which he has now recovered from but has a plate in his hock. If you're interested in learning more about Benji, please apply now.","benji-11",""
"2021-09-01","Southern NSW/ACT (Bulli, Nowra, Goulburn, Canberra)","956000011646028","Coco","2025-06-04","MALE","","Coco is an old dog at heart despite being 3 years old Coco is a very good dog who is working on his recall training and is succeeding as he is a great learner. Coco would be the ideal pet for a backyard whether that be adopters who are retirees with no other pets or a young couple looking for a boy who doesn't mind going for a bit of adventure. Ideally Coco would suit fulltime working hours and also a backyard and has grown up around teenagers","coco-12",""
"2021-07-01","Southern NSW/ACT (Bulli, Nowra, Goulburn, Canberra)","956000007464786","Prince","2025-06-04","MALE","","Prince is a friendly and well-mannered greyhound looking for his forever home. He’s fantastic around kids and settles well after initial excitement. He walks beautifully on a lead and has experience being around other dogs, including a small sausage dog for a short amount of time and a Labrador. Prince is an intelligent boy who will let you know when he needs something—whether it’s food or a toilet break—with a few attention barks. With a loving family and a little routine, he’ll make a wonderful companion. If you’re looking for a loyal and affectionate addition to your home, Prince might just be the perfect fit!","prince-8",""
"2020-02-01","Western Sydney (Londonderry)","956000012189109","Gazza","2025-06-04","MALE","","Confident, social and happy, are all great ways to describe Gazza. Gazza is social with other M-L breeds of dogs. Maaaate, he'd love to join Shazza, Bazza and Dazza on daily adventures! Gazza doesn't mind if those ankle-biters are in the home, either, more good old fun for him! Gazza would love to do his daily burn outs in the yard but will nap away on the porch once his few moments of fun are over. He's a sweet guy at heart who can't wait to find his crew! Grab a stubby and a meet Gazza at the local watering hole because this fair dinkum fella has a few yarns to tell! He can be adopted from the Western Sydney adoption centre.","gazza",""
"2019-12-01","Northern Rivers (Grafton, Lismore, Casino)","956000012179517","King","2025-06-04","MALE","","Meet King – A Playful and Friendly Greyhound! King is a 4 1/2-year-old male greyhound who is the perfect mix of fun and friendly! He’s an energetic and playful companion who loves to make new friends and enjoy exciting activities. Whether it’s running around, playing games, or splashing in the water, King is always up for some fun! This gentle and loving greyhound has a heart full of joy and a playful spirit that will keep you smiling. He’s not just fast on his feet – he also has a soft spot for water! Whether it’s swimming or playing in a sprinkler, King loves getting wet and cooling off on warm days. If you’re looking for a dog who’s friendly, fun, and full of energy, King might just be your perfect match! Medica","king-7",""
"2021-09-01","Western Sydney (Londonderry)","956000011640070","Jax (Western Sydney)","2025-06-04","MALE","","Meet Jax! This handsome boy is ready to find his forever home - Greeting you with a happy wagging tail and affectionate energy, Jax is sure to win over your heart in no time! Jax has had the pleasure of spending time with whippets, kids, and has been in a loving house setting, so he's already on his way to being well-versed in being a great family companion. Jax is looking for a forever family where he can offer endless affection and share his happy, friendly demeanour. If you're looking for a sweet companion to join your family, Jax might be the perfect match for you!","jax-4",""
"2021-11-01","Northern Rivers (Grafton, Lismore, Casino)","956000013032077","Bo","2025-06-04","MALE","","Bo is a laid-back, cruisy greyhound who knows how to enjoy the simple things in life. He's a quiet guy, who loves to relax and take things slow, but don’t let his calm nature fool you—he’s got a heart full of love to give! Great with small dogs, Bo is the perfect companion for furry friends of all sizes. He’s also cat-workable, meaning he could fit in well with a home that has feline family members too. If you’re looking for a chill and friendly greyhound who’s ready to take life one relaxed step at a time, Bo’s your guy!","bo-14",""
"2020-12-01","Northern Rivers (Grafton, Lismore, Casino)","956000011723982","Iris","2025-06-04","FEMALE","","Meet Iris, your soon-to-be favorite furry friend! This sweet and easy-going pup is all set to bring joy and love into your life. With her playful spirit and gentle personality, Iris is the perfect addition to any warm and welcoming home. She absolutely thrives on companionship and loves soaking up all the attention she can get! Iris is wonderfully adaptable, fitting seamlessly into both bustling households and peaceful settings. Whether your home is filled with laughter and activity or a cozy, quiet retreat, she’ll feel right at home. If you’re searching for a loyal friend who will shower you with affection and sprinkle a little extra happiness into your days, look no further—Iris is the one for you! Get ready for an amazing adventure with this lovely girl, who is sure to become a beloved member of your family.","iris-1",""
"2015-11-01","Western Sydney (Londonderry)","956000003332239","Mo","2025-06-04","MALE","","Gentle natured and affectionate, this senior boy will surely charm you with his adorable salt and pepper face. Mo has a lot of love to give and will share his affection with you from the moment you meet him. He has been around kids aged 1+ and would suit a home with kids who can respect his grandpa naps. Mo has shown wonderful manners with dogs big and small and is even learning about those so called ""cats"", too! We are hoping his forever home is full of soft beds, sunshine naps and treats...Maybe that could be you! Mo is available at the Western Sydney adoption centre.","mo-11",""
"2021-12-01","Western Sydney (Londonderry)","956000007421912","Angus","2025-06-04","MALE","","Meet Angus, the sweet and happy greyhound who’s ready to find his forever home! He’s a gentle boy who requires his boundaries are respected. He also has some in-home experience. Angus would suit a home with a backyard/townhouse with a place to snooze without being bothered, and is happy to spend the day independently while you're gone, a long as he gets a few walks and some playtime. Angus is available at the Western Sydney adoption centre.","angus-1",""
"2022-10-01","Northern Rivers (Grafton, Lismore, Casino)","956000015732099","Soy","2025-06-04","MALE","","Meet Soy, the joyful canine companion who embodies the essence of youthful exuberance. Soy is young at heart and greets each day with an infectious sense of playfulness that will make your heart swell with joy. Soy's happy-go-lucky personality is perfect for anyone looking to bring energy and fun into their home. His playful spirit will have you rediscovering the joy in life's simplest pleasures, from playing in the backyard to leisurely walks around the neighborhood. Whether he's catching a ball or simply lounging by your side, Soy revels in the company of his human friends, showcasing his loyalty and affection in delightful ways.","soy",""
"2020-03-01","Northern Rivers (Grafton, Lismore, Casino)","956000007825337","Bob","2025-06-04","FEMALE","","Bob is a cheerful and easy-going canine with a heart full of fun. His positive attitude is contagious, and he never fails to bring a smile to the faces of everyone he meets. Bob is the perfect blend of laid-back and playful, making him a versatile companion for various lifestyles. Whether you're seeking a buddy for leisurely walks in the park or a great companion for some backyard fun, Bob is your guy. When it comes to spreading happiness, Bob is a natural. His enthusiasm for life shines through in all he does, from simple lounging around with his favorite humans to exciting games of fetch or tug-of-war. If you're ready for endless moments of laughter and a devoted friend who delights in life's simple pleasures, Bob might just be the perfect addition to your family.","bob-13",""
"2021-11-01","","956000012868495","Alfie","2025-06-04","MALE","","Meet Alfie, the lovable canine with a heart as big as his playful nature. Alfie is known for his boundless friendliness, making him an excellent companion for anyone seeking a playful, affectionate dog. Alfie enjoys nothing more than a good play session with medium to large breed friends. His playful energy is a perfect match for an active lifestyle, where he can gallop, jump, and frolic with fellow dog buddies, spreading joy and making friends easily. Consider Alfie if you're looking for an engaging and social pet to add to your family. With the right blend of companionship and play, Alfie will undoubtedly bring endless smiles and tail wags to your life.","alfie-6",""
"2020-04-01","Northern Rivers (Grafton, Lismore, Casino)","956000007837271","Jimmy","2025-06-04","MALE","","Meet Jimmy, a laid-back and easygoing dog with a heart full of love to give. Jimmy is the perfect companion for those who appreciate a relaxed and unflustered canine friend. Jimmy is dog who adores the simple pleasures in life, from leisurely strolls in the park to quiet evenings lounging at home. He's not one to rush through life but rather takes his time to soak in his surroundings, making every moment feel special and serene. His chilled-out nature also makes him an excellent companion for other medium to large breed dogs. If you're in search of a dog who can seamlessly integrate into a tranquil lifestyle, whether you're single, a couple, or a family, Jimmy is ready to settle in and share his companionship with you. Get ready for leisurely adventures and cozy evenings with this loving and relaxed furry friend.","jimmy-7",""
"2021-09-01","Central West (Bathurst/Dubbo/Coonabarabran)","956000007430066","Paddy","2025-06-04","MALE","","Mr Paddy! This gentle giant is such an easy-going, laid-back goof ball! He is always down to clown or just take it easy and rest his feet. He gets on well with smaller breeds of dogs- there's a Yorkie always saying hello :) Paddy interacts positively with new people, even younger children. He would love to have yard where he can run about, chasing toys thrown by his new best friends :)","paddy-2",""
"2021-03-01","Northern Rivers (Grafton, Lismore, Casino)","956000014513477","Skip","2025-06-04","MALE","","Meet Skip, the happy and friendly boy. This loyal and loving dog is always ready to greet you warmly and share a moment, no matter how small. Not only does Skip adore people, but he's also a social butterfly with other dogs, making him an incredible addition to multi-dog households. This charming canine companion will enrich your life with his unwavering loyalty and snuggles. Whether it’s a hike through the woods or a cozy night at home, Skip is just happy to be by your side, providing companionship, laughter, and unconditional love. If you're looking for a furry friend who always wears a smile and offers boundless affection, Skip might just be the perfect companion for your household.","skip-1",""
"2021-09-01","Northern Rivers (Grafton, Lismore, Casino)","956000014497117","Scout","2025-06-04","MALE","","Meet Scout, a gentle soul of a dog. Scout is an easy-going companion, ready to fill your days with quiet affection and steadfast loyalty. His presence is soothing and his love is unconditional, offering the perfect balance in a fast-paced world. Scout's relaxed nature makes him the ideal partner for leisurely walks around the neighborhood or peaceful afternoons spent lounging in the backyard. He's more than content to curl up at your feet, providing the kind of quiet companionship that warms the heart. Scout would like a quiet home where is gets lots of love and affection. Scout has met cats and would settle with proper introduction and a calm easy going cat.","scout-2",""
"2020-07-01","Northern Rivers (Grafton, Lismore, Casino)","956000007374662","Bear","2025-06-04","MALE","","Meet Bear, the ultimate embodiment of relaxation and tranquility wrapped up in a big, huggable package. This calm and easygoing canine companion resembles a giant teddy bear. Bear's favourite pastime is napping. Whether it's a lazy afternoon snooze on the patio or stretching out for a long, cozy rest beside you on the couch, Bear knows how to unwind like no other. While he might not be the most active pup on the block, Bear’s delightful charm lies in his serene nature. He's the perfect partner for a quiet afternoon reading session or watching a movie at home. Bear also enjoys a short walk around the block where he can have a sniff and explore Bear would thrive in a home where he can enjoy a relaxed lifestyle. While he may be big in size, his heart and loveable nature are even bigger.","bear-18",""
"2021-08-01","Northern Rivers (Grafton, Lismore, Casino)","956000007424155","King","2025-06-04","MALE","","Introducing King, a regal canine companion who effortlessly lives up to his name with friendliness and charm. This amiable boy is known for his warm demeanor and ability to get along with both humans and his fellow canine friends. King has been crate trained and upholds pristine manners indoors, demonstrating his adaptiveness and intelligence. His crate is a cozy and secure retreat where he feels right at home. King appreciates having a structured, comfortable space that provides him with a sense of stability. King's sociable personality extends to all dogs, and he thrives on the companionship and joy of his furry peers. If you’re seeking a friendly, sociable, and well-mannered dog to be a part of your family or home, King is ready for royal treatment and a happy, loving environment King in the boy for you","king-6",""
"2021-09-01","Northern Rivers (Grafton, Lismore, Casino)","956000014500249","Brinnie","2025-06-04","MALE","","Meet Brinnie, a friendly boy wrapped up in a furry package! This delightful dog is on the hunt for a loving home, and he's ready to bring joy and companionship to your life. Brinnie is the definition of easygoing. He gets along splendidly with other dogs, making him a wonderful addition if you already have a canine companion or you're considering expanding your furry family. Brinnie's laid-back personality means he adapts well to various environments. He's content to enjoy some downtime with you or find a sunny spot for a relaxing nap. Equally, he'll never turn down a walk around the neighbourhood or a play date with furry friends. Whether you're a family looking for a reliable companion or an individual searching for a fuss-free friend, Brinnie's undeniable charm and friendly nature make him the ideal choice.","brinnie-1",""
"2016-11-01","Central West (Bathurst/Dubbo/Coonabarabran)","956000005413287","Dora","2025-06-04","FEMALE","","Pleased to introduce you to the wonderful Dora! Dora is a senior lady looking to share her love with a new family. Dora has spent time living with a young family for approx 12 months & is now ready to find her forever home. She loves young children. Very patient & calm with them. Dora is gentle, kind & affectionate. Engaging in sweet cuddles & kisses. Dora may adapt to living on her own or in an apartment. Confident & content, she might well adapt to full-time workers as well :)","dora-2",""
"2019-08-01","Central West (Bathurst/Dubbo/Coonabarabran)","956000006702904","Millie","2025-06-04","FEMALE","","Looking for a sweetheart that loves children, engaging in fun play & snuggling? Then Millie is the girl for you! Millie is very excitable & playful! Loves to run around being a little silly & cheeky. Quick to jump in a body of water.... even on picture day hehe :)","millie-4",""
"2020-11-01","Western Sydney (Londonderry)","956000007860345","Vixen","2025-06-04","FEMALE","","Meet Vixen, a spunky and joyful girl who’s ready to find her forever home! With her excitable energy and sweet cuddly nature, Vixen is the type of dog who’ll brighten anyone's day! While she’s got a ton of enthusiasm and excitement to share with her people, she’d be happiest as your one and only pup — so she can enjoy having all the attention to herself! Given the time and patience to adjust to her new routine, Vixen will quickly learn how to be the best companion and show you what an amazing pet she can be! If you’re looking for a loving & gentle girl with lots of personality and a zest for life, Vixen just might be your perfect match.","vixen-1",""
"2021-02-01","Western Sydney (Londonderry)","956000007443454","Banks","2025-06-04","MALE","","Banks is in a foster home in a unit/apartment - read below to find out what he's been up to! ""He's a very affectionate boy, loves pets, and presses his head into my chest or leg for neck scratches. He's pretty goofy and playful, loves a squeaky toy and has started bringing them to me to play. He's inquisitive, always wants to know what I'm doing or to investigate the not-too-scary sounds. He's been quite resilient all things considered! Even though he gets a bit anxious on walks sometimes, he still gets excited to go out the next time I pick up his leash, and will happily take himself up the stairs even knowing the loud cars are at the top - he's been very brave! I've been to leave him alone for 3-4 hours without issue - the one time I couldn't see him on my wifi cameras was because he'd decided to make himself comfortable in my bed while I was out! I doubt he'd have issues with a longer stint. Banks ended up meeting my landlord's small dog and spent some supervised time with her in my apartment. He was good, even initiating play at one point - it lasted all of a second though because she's about 1/10th his size, if that."" Banks would suit a home with another dog, he is very dog social and loves spending time with other dogs. He would be OK with longer hours alone as tested in his foster home, and a house/unit with or without a backyard. He is still mastering the doggie door in foster care. Banks is available from the Western Sydney adoption centre.","banks-2",""
"2019-12-01","Western Sydney (Londonderry)","956000012225936","Friday","2025-06-04","MALE","","*Friday is in a foster care unit apartment & is available to adopt - reach out to the team for more info!* Foster Care Update: Friday is such an incredibly loving and sweet boy. He loves neck and under chin scratches. He is very playful in the mornings but loves a good snooze on the couch and knows how to be calm in his bed during naps and the evening. He sleeps throughout the night with no inside accidents or barking/winning. He is a bit scared of unfamiliar noises such as trains, cars on the street and working on stairs with these noises. When outside he doesn't exhibit interest in small animals or birds. -------- Friday would suit a home with stair access. He enjoys being indoors, sunbaking with a mix of couch naps. Friday shows nice calm behaviours with a mix of playful and silly, making him a perfect addition to many home types. Respectful children would enjoy his gentle energy. He could live with another greyhound, too. Come and meet Friday at the Western Sydney adoption centre along with his dedicated foster carer!","friday",""
"2023-03-01","Northern Rivers (Grafton, Lismore, Casino)","956000007427402","Harley","2025-06-04","MALE","","Meet Harley, a cheerful and easygoing companion. This friendly fella has a personality that's as warm as the summer sun, making him an ideal addition to any family seeking a loyal, loving dog. Harley has a delightful, laid-back nature about him. He is effortlessly sociable, having met small dogs with a friendly yet disinterested attitude, ready to just hang out and enjoy their company without demanding constant interaction. With his infectious happiness and calm, affectionate personality, Harley promises to be a wonderful companion for anyone seeking a peaceful, friendly presence in their life. If you’re ready to welcome an easygoing and friendly buddy into your life, Harley is more than ready to meet you.","harley-4",""
"2017-04-01","Central West (Bathurst/Dubbo/Coonabarabran)","956000005708531","Storm","2025-06-04","FEMALE","","Relaxed & very loving older lady. Has spent time around grandchiildren. Storm is a confident girl looking for a life of leisure. She will do well on her own, with full time workers..... or if you might consider welcoming 2 beautiful ladies into your life, Storm’s sister, Chucky is also available :)","storm-4",""
"2017-04-01","Central West (Bathurst/Dubbo/Coonabarabran)","956000009435360","Chucky","2025-06-04","FEMALE","","Sweet & adorable older gal. Independant & confident. Will adpat to full time workers. Has spent time around young grandchildren. Relaxed in new spaces & around new people. Sister to Storm! Would you consider welcoming both into your family?","chucky-2",""
"2018-03-01","Northern Rivers (Grafton, Lismore, Casino)","956000009464574","Garnet","2025-06-04","FEMALE","","**Garnet has lived in a foster home in the city CBD with full time workers, is affectionate and intelligent, and loves long walkies and would enjoy an active family to keep fit and go on daily adventures with** She's been a joy to foster! Here's a glimpse into Garnet's wonderful traits: - Garnet is an early bird who enjoys morning naps after joining you in bed. - A fearless adventurer, she's unbothered by much and walks in loud, busy city streets. - Walks in the rain without hesitation. - Patiently waits outside shops while you run quick errands. - Curious by nature, Garnet follows you around, eager to be part of your activities. - Loves to relax and roach on the couch. - Enjoys chasing Frisbees, balls, and playing with squeaky toys. - An exceptional office companion and assistant. - Incredibly friendly and affectionate, she welcomes pats from everyone she meets. - Gentle with children she meets. - Gets super excited about snacks, especially denta sticks! - Loves to taste a variety of foods, from peanut butter, hot chips, and banana. - Garnet has accompanied professional dog walkers, who have consistently praised how well she walks on the lead. Garnet has been a delight in the home, and I'm sure she'll make an excellent addition to a loving family. We’ll certainly miss her! If you're looking for a dog to fill your home with love and joy then apply to adopt the gorgeous Garnet today!","garnet",""
"2022-02-01","Western Sydney (Londonderry)","956000011655718","Rissole","2025-06-04","MALE","","Rissole is a handsome blue boy. Described as a happy, cheerful bubbly boy, we think he could live with older kids and would be content with a courtyard or backyard to call his own. He can be shy when you first get to know him, so a home who enjoy bringing a dog out of their shell will be the best fit for this pretty boy. We have noticed he is more confident around other hounds, and would suit a home with another doggie pal, but not a requirement. He is looking for a quiet loving home - could it be you? Rissole is available from the Western Sydney adoption centre.","rissole",""
"2021-07-01","Western Sydney (Londonderry)","956000013032808","Astro","2025-06-04","MALE","","Yep, Astro is astronomically cute! This gorgeous boy is looking for a quiet backyard, with or without a dog, he's even friendly with small dogs! What a polite and lovely boy....read on to learn more! This sweet boy is currently learning our stairs, to gain his stair licence, one step at a time. He is best suited for shorter hours with or without a doggie pal while he learns to settle in. He's also learning to be friends with cats - watch this space! A backyard with indoor outdoor access and a quiet home who can nurture Astro into the best pet will be the best match for him. Astro is available at the Western Sydney adoption centre.","astro",""
"2015-04-01","Northern Rivers (Grafton, Lismore, Casino)","956000004256320","Pattie","2025-06-04","FEMALE","","Meet Pattie, a gentle and gracious senior who has spent her life expertly spreading love and warmth. Pattie has been in the company of children and copes well with if they are polite and well mannered. Pattie is a well-mannered lady who carries herself with a polite serenity, she has been socialised with small dogs and although she would prefer a large companion she is polite around small dogs. Pattie has slowed in her senior years, but she would love a foster home where she can settle and would be the perfect companion for someone looking for an older calm companion.","pattie",""
"2019-05-01","Western Sydney (Londonderry)","956000009590292","Arthur (Western Sydney)","2025-06-04","MALE","","And I say HEY! What a wonderful kind of day. If you can learn to work and play and get along with Arthur the greyhound! Arthur is a total cutie pie. He is the star of the show, much like the 90's show! Arthur would enjoy a home without another canine companion, and would prefer his family members to be older children or adults only. He is super polite with other hounds but doesn't need their companionship, so being a solo pet is best for this independent boy. He is a shy boy at heart, but loves smooches and cuddles once you get to know him. A backyard or courtyard would be preferred while he learns the ins and outs of pet life. He can even do stairs, walking on a loose lead, as well as learning some training cues like 'on your bed' and 'off your bed'... Talk about talented! It's a simple message and it comes from the heart, Believe in this (and in Arthur the greyhound) for that's the place to start! Arthur is available from the Western Sydney adoption centre.","arthur-5",""
"2021-12-01","Western Sydney (Londonderry)","956000007430009","Cookie (Western Sydney)","2025-06-04","FEMALE","","Cookie is a friendly & social girl looking for her new home where she will be surrounded by love and attention! She’s very human-focused and loves being around people, always displaying positive consent and gentle affection. Whether it’s playtime or cuddle time, she’s sure to brighten your day! Cookie does very well walking calmly on a lead, making walks a relaxed and enjoyable experience. She’s also shown to be good around our other greyhounds, and could be happy sharing her new home with another medium/large doggie friend - Pending a Meet & Greet at our Western Sydney site. Contact us today to learn more about this lovely girl and discuss booking in an appointment to meet her!","cookie-9",""
"2018-04-01","Western Sydney (Londonderry)","956000006793724","Wynstan","2025-06-04","MALE","","Wynstan with a Y here...let me tell you a bit about myself! I hope you like a happy affectionate boy, if so, read on! I love to lean on my handlers and show off my adorable affectionate nature. Did anyone tell you I'm also polite with big and small dogs? Seriously, I'm a catch! I'm also all about my treats, so if you're looking to teach me tricks, please involve snacks too! This will help me settle in and learn how to be the best pet for you. Everyone says I'm amazing, so I guess they love how I walk so nicely and gently on the lead for walkies, too! I'm available from the Western Sydney adoption centre, see you soon!","wynstan",""
"2021-10-01","Southern NSW/ACT (Bulli, Nowra, Goulburn, Canberra)","956000013018104","Paul","2025-06-04","MALE","","Paul is a stunning boy who is great to play with, can be left alone. He is social and confident with other dogs and a good walker on the lead.","paul-1",""
"2021-11-01","Southern NSW/ACT (Bulli, Nowra, Goulburn, Canberra)","956000013017765","Ace","2025-06-04","MALE","","Ace is currently in a foster home with his sister Katie. We have loved getting to know Ace and giving him the opportunity to enjoy his new life as a pet. Affectionally known to us as our ‘Sookie Lala’, Ace just wants to be by your side 24/7. He loves being close and seeing what things you are getting up to throughout your day. He also loves the outdoor (and indoor) couch and will happily settle in there for the day when outside. Ace will bounce happily on his toes when we come home and loves a hug and cuddle. We are teaching him how to play fetch and he really enjoys being included in any play time activities. He is toilet trained and sleeps very well throughout the night. Ace walks wonderfully on a leash as he likes to be right by your side. He doesn’t react negatively to other dogs, big or small and is very friendly to other small dogs and children. If you have love to give and are looking for a dog to soak it all in – Ace is your boy! ______________________________________________________________________________ Ace is a playful and gentle hound. He was very friendly and nice when he met my daughter and was good company with a good balance of being playful and affectionate. Gets along great with other greyhounds. Currently fostered in a suburban home and getting comfy coming inside the house and loving the backyard.","ace-7",""
"2020-09-01","Southern NSW/ACT (Bulli, Nowra, Goulburn, Canberra)","956000007466509","Katie","2025-06-04","FEMALE","","Katie is currently in a foster home with her brother Ace. We have loved getting to know Katie and giving her the opportunity to enjoy her new life as a pet. Being the older sister, she is very independent and settles very easily. She is very happy to sit on her bed whilst you work or go about your day. She is toilet trained and has fallen into her new routine very easily. She gets so excited to see us, as exemplified with her happy, whipping tail (duck for cover!). She tends to jump up on you when she’s very excited, but this is something we are working on and have already seen great improvements on. Katie walks well on a leash and doesn’t react negatively to other dogs, big or small. She has done well approaching small dogs and children and saying hello. Katie would be a great pet for a someone looking for an independent dog that will also shower you will love and affection. __________________________________________________________________________ Katie is a lovely hound. She is happy and confident, very playful. Does appreciate a good lay down also. Has been living in a rural setting is no stranger to native animals and is now in suburban foster care enjoying cuddly toys, living out the back and coming in the home for the evening.","katie-9",""
"2020-01-01","Western Sydney (Londonderry)","956000012252567","Flash","2025-06-04","MALE","","**I'm in a foster home** Flash is seeking an empathetic & nurturing owner who can follow a cooperative care plan to help with his daily eye medication. Could you be the perfect owner for our sweet boy? Flash has advanced pannus, which means he needs daily eye medication. But don’t worry—he’s a star pupil when it comes to taking his meds & he’s getting better every day with the right guidance. Flash is currently learning all sorts of new tricks at the adoption centre. He is a fast learner and with a little time and practice, he's shown he can do amazing things. A large yard where Flash can stretch his legs and zoom around is a must! He loves a good run, and a big space is perfect for his energy. No small children or other animals. Flash would prefer a calm environment where he can be the only one getting your attention and affection. Flash is available at the Western Sydney adoption centre. **Flash is on daily medication - enquire with GAP for more info**","flash-8",""
"2021-02-01","Western Sydney (Londonderry)","956000012258443","Alex","2025-06-04","MALE","","Meet Alex, an incredibly fun and playful greyhound with a heart full of energy and charisma! He loves playing games with toys and is always up for a good fetch session. Alex would thrive in a home with a spacious backyard where he can run and play to his heart’s content. He’s suitable for living with other medium to large dogs and is especially fond of older kids who can keep up with his playful nature. Alex loves his food and is highly trainable and easy to entertain with enrichment activities. He walks lovely on lead and would make a great walking companion for a daily neighbourhood stroll. If you're looking for a joyful, active companion, Alex might just be the perfect match for you!","alex-1",""
"2014-01-01","Northern Rivers (Grafton, Lismore, Casino)","956000003031937","Spot","2025-06-04","MALE","","Meet Spot, our distinguished older gentleman who is looking for the perfect match. Spot isn't just any dog; he carries himself with the grace and ease that only a seasoned greyhound can. Spot has had the pleasure of living in the serene setting of a granny flat, making him an expert in enjoying the quieter side of life. However, don’t let his age fool you; thanks to a thorough training program, Spot is sharp and responsive. He comes eagerly when his name is called and possesses a well-mannered set of tricks, including ""touch"" and ""paws up,"" that make him a delight to teach and interact with. His training, combined with his naturally loyal temperament, makes Spot an excellent fit for a single person looking for a true companion. He understands the comforting routine of a single household and offers unwavering loyalty in return. Spot embodies the best qualities of an older dog. Devoted and endearing, he is ready to join someone who values thoughtful companionship and has room in their heart for a truly dignified and loving friend.","spot-6",""
"2019-02-01","Central West (Bathurst/Dubbo/Coonabarabran)","956000006809611","Chandler","2025-06-04","MALE","","Meet sweet & beautiful Chandler... Chandler is a gentle and polite male greyhound with a calm and relaxed demeanor. He’s a sweetheart who greets everyone warmly and enjoys a good snuggle, especially after a sunbath. Chandler has been around older kids and medium-sized dogs, and he gets along well with both. He’s also a joy to walk on a lead, making him the perfect companion for leisurely strolls. Whether lounging in the sun or curled up for some quiet time, Chandler is sure to bring a sense of calm and affection to any home.","chandler-2",""
"2020-04-01","Western Sydney (Londonderry)","956000007467573","Sting","2025-06-04","MALE","","Get ready to feel the Sting of love from this handsome boy! With his confident personality and loving nature, Sting is ready to take on the world, whether it’s playing in the backyard or having a cuddle session. Sting would thrive with an owner who can match his energy and provide plenty of love and attention. He would be open to sharing his new home with another furry friend, pending a meet & greet with the GAP team. He also has the potential to work up to longer hours alone, but would like he family or another furry companion with him to help settle in the early stages. If you’re looking to welcome a dog who’s full of personality and ready to make your life even more exciting, Sting might be the one for you!","sting",""
"2017-11-01","Western Sydney (Londonderry)","956000005577982","Benji","2025-06-04","MALE","","Meet Benji, a sweet and excitable boy who’s looking for his perfect forever home! Despite Benji nearing his senior years, he'll still win your heart over with his playful antics and would love a home with a courtyard or backyard to spend his time playing and sunbaking in. Benji has been around children of all ages in his previous home and could do well in a household with experienced children who can appreciate his enthusiastic nature. If you're ready to welcome a loving, loyal friend into your life, Benji can’t wait to meet you and be a part of your family!","benji-10",""
"2022-07-01","Southern NSW/ACT (Bulli, Nowra, Goulburn, Canberra)","956000011329837","Jax","2025-06-04","MALE","","Jax is a fun young hound who likes to play go for walks and enjoys a good rest afterwards. He lives in a suburban backyard and is conditioned to being left alone during full time work hours. He comes when called and enjoys a walk.","jax-3",""
"2021-02-01","Western Sydney (Londonderry)","956000007465951","Midas","2025-06-04","MALE","","Gentle, calm and a lovely walking companion, Midas will add the glitz and gold to your life. Midas is an affectionate and gentle boy, who shines with attention and love. He would prefer his family around more this summer as he settles in, and with further training could be left for longer hours. Everything he touches will turn to gold...he is a friendly and calm boy looking for a family with or without children to love him forever! Midas is available from the Western Sydney adoption centre.","midas",""
"2021-02-01","Western Sydney (Londonderry)","956000007374912","Billson","2025-06-04","MALE","","Bubbly, effervescent and a perfect accompaniment for your life (not only this summer!), Billson is a sweet and joyful hound. He has been around children of all ages and would suit a home with respectful children. A low small dog population is the best fit for Billson as he needs to learn and have more training around them. Upbeat and fun, Billson would suit many home types. He's an energetic lad with some energy to fizz away, so a home with the family members around more often than not would be the best fit for Billson. Grab a slab and join Billson this summer! He is available from the Western Sydney adoption centre.","billson",""
"2021-08-01","","956000012866851","Raffa","2025-06-04","MALE","","This bundle of joy loves human interaction and adventure. Raffa loves to run around his big yard area and shows you how fast he can be. Raffa gets very excited for the first five minutes you meet him before settling down. After getting his morning energy out and jumping around Raffa settles down and loves to lay in the sun. Raffa is fine around older kids and would make a great pet for a family with a big yard or a young couple who are fit and active.","raffa",""
"2021-01-01","Hunter Valley (Maitland/ Muswellbrook/Newcastle/Forster)","956000013078465","Missy","2025-06-04","FEMALE","","Meet Missy, a stunning female red fawn greyhound with a perfect balance of strength and sweetness. Missy can be strong on the lead, making her walks an exciting experience, but she is also incredibly relaxed and calm, adapting well to new environments and settling into a peaceful routine at home. Missy’s playful side shines through when it’s time for fun! She loves engaging with her humans, whether it’s a lively game or simply hanging out and soaking up attention. Her joyful and affectionate nature makes her a delightful companion for an active family or an individual who enjoys both adventure and relaxation. With her combination of strength, playfulness, and a laid-back attitude, Missy is ready to bring her warmth and energy into a loving home. If you’re looking for a dog who will keep you on your toes while also offering plenty of cuddles, Missy could be your perfect match!","missy-18",""
"2018-07-01","Western Sydney (Londonderry)","956000009518190","Ronald","2025-06-04","MALE","","Ronald is a cheerful, confident and friendly lad looking to bounce straight into your home. We know Ronald to be a charismatic, charming and affectionate boy. With these qualities in mind, we think he'd suit a family with children and preferably shorter hours alone while he begins to settle in. This beautiful boy is at the magical age of 6 where he has his lazy side but has moments of playfulness, too. A perfect blend for many family types! Did we mention he currently lives with another greyhound? He'd love it if you had another hound for a play mate and nap buddy. Get in touch with the Western Sydney centre to meet Ronald.","ronald",""
"2021-04-01","Western Sydney (Londonderry)","956000011712566","Jagger","2025-06-04","MALE","","He’s got the moves like Jagger! This boy certainly knows how to impress! Jagger is a special boy with a personality that can melt your heart. Jagger has a laid-back and easy-going nature, making him suited a home that has a secure backyard/courtyard type environment. Jagger can adapt to a household where family members work full-time, as long as he receives the love and attention he deserves when they return home. Providing him with a comfortable space and engaging toys during the day can help keep him content. Due to his sweet nature, he is an ideal choice for a home with respectful children seeking a loving companion. He has shown to be polite with other medium to large canine companions. He is a social boy and enjoys the companion of his four-legged friends, if you have other dogs in the home, he will surely enjoy showing them his moves! Be sure to apply online today and mention Jagger’s name in your application, you don’t want to miss out on welcoming this loving, gentle and playful boy to your home.","jagger-1",""
"2021-08-01","Southern NSW/ACT (Bulli, Nowra, Goulburn, Canberra)","956000014500733","Disco","2025-06-04","FEMALE","","Discos happy and playful energy makes her the perfect companion for a household ready to spend time playing and getting her walkies in. She will very quickly become your new best friend and would enjoy having people around more often in the early stages of being in her new home. Disco could also do well with another small or big dog friend. This happy girl would thrive in a home with less stimulation, she can live with a unit apartment life or a backyard.","disco-4",""
"2022-11-01","Southern NSW/ACT (Bulli, Nowra, Goulburn, Canberra)","956000011371334","Bert","2025-06-04","MALE","","Bert is currently in a foster home and learning the ropes of pet life. Bert is ready to find his forever home, this boy has personality+, boasts confidence and loves to come along for pats and cuddles anytime he wants. Bert is social with other greyhounds and spends a lot of time relaxing or playing. He can still be a bit sporadic on lead and excitable but given his age with a the right training and time, he will adapt quickly. Bert would be suited to a house with a backyard so if he has any energy he can have a good explore and play around.","bert-2",""
"2020-03-01","Central West (Bathurst/Dubbo/Coonabarabran)","956000012114164","Costa","2025-06-04","MALE","","Meet Cuddle Me Costa, a sweet and affectionate male greyhound who lives up to his name with big, warm cuddles! Costa is a confident, happy boy who loves to shower his family with love. He’s well-socialized with young children and medium-sized dogs, making him a perfect fit for family life. Costa is equally content doing his own thing or hanging out with the family, whether it’s relaxing on the couch or enjoying a quiet moment outdoors. With his loving nature and laid-back attitude, Costa is sure to bring joy and comfort to your home.","costa",""
"2020-09-01","Central West (Bathurst/Dubbo/Coonabarabran)","956000011579791","Rocky","2025-06-04","MALE","","Rocky is a friendly and easy-going male greyhound who loves socializing with young children and other medium-sized dogs. This laid-back fellow is happy to go with the flow, whether it’s enjoying a quiet moment at home or joining in on family activities. Rocky is a calm and adaptable companion, making him an ideal choice for a family looking for a well-mannered dog who’s great with kids and other pets. His gentle nature and relaxed attitude mean he’s content to simply be part of the family and enjoy whatever life brings his way.","rocky-14",""
"2019-09-01","Southern NSW/ACT (Bulli, Nowra, Goulburn, Canberra)","956000006705352","Jay Jay","2025-06-04","FEMALE","","Say g’day to JayJay this beautiful female has had a wonderful life around children as young as 1 year old and also around Medium dogs. Jayjay is 5 years of age and is a perfect mix between puppy playful during the day and settled mature girl of a night. Jay jay is always excited to go for a walk and would be the perfect dog for someone looking at undertaking adventures and longer walks Jayjay travels well in a car and would love a backyard to play the day away in","jay-jay",""
"2021-10-01","Southern NSW/ACT (Bulli, Nowra, Goulburn, Canberra)","956000013019900","Colin","2025-06-04","MALE","","Colin is an outgoing boy who loves to go on adventures and would love a daily walk around the neighbourhood. Colin can be a little bit cautious at the very start but settles very quickly and becomes your best friend within minutes. Colin jumps with excitement but settles very quickly Colin loves a car trip and is happy to jump up in to the car before laying down and sleeping the trip away. Colin would love a single person or a young couple who are keen to spend some time teaching him about the adventures of the world and what a lounge feels like to sleep on Colin is ready to give a family lots of love","whitey-3",""
"2020-01-01","Western Sydney (Londonderry)","956000007467933","Baby","2025-06-04","FEMALE","","Nobody puts baby in the corner! This little lady is looking to learn all about the world with you! She would suit short hours alone as a solo girl, or longer hours with a canine companion. Polite with dogs big or small, beautiful Baby has so much love to give and is searching for the right place to call home. If this Baby girl sounds like the perfect addition to your family, apply to take her home from the Western Sydney adoption centre.","baby-2",""
"2018-10-01","Hunter Valley (Maitland/ Muswellbrook/Newcastle/Forster)","956000006812644","Bear","2025-06-04","MALE","","Bear is a wonderfully sweet nature and a calm temperament. Bear's calm demeanor makes him an ideal partner for leisurely strolls, as he's quite responsive on a lead. Whether you're taking a walk in the park or simply exploring your local neighborhood, Bear's company will surely make your day brighter. His gentle pace and attentive nature are perfect for anyone seeking a serene and steady walking buddy.","bear-14",""
"2019-12-01","Hunter Valley (Maitland/ Muswellbrook/Newcastle/Forster)","956000007837876","Clyde","2025-06-04","MALE","","Meet Clyde, the charming socialite of the dog world! This happy-go-lucky greyhound is always ready to make new friends and engage with anyone he meets. His confidence shines as he approaches life with a tail wag and a friendly demeanor that wins over hearts immediately. Clyde absolutely adores ear scratches, and you’ll find him happily leaning in for more attention whenever he gets the chance. Whether he's meeting new people or hanging out with his greyhound buddies, Clyde is always the life of the party, making sure everyone feels welcome and included.","clyde-6",""
"2019-05-01","Central West (Bathurst/Dubbo/Coonabarabran)","956000007850926","Ivanka","2025-06-04","FEMALE","","Meet Ivanka, a playful and excited lady with a heart full of affection! This happy female greyhound is ready to bring joy and energy to your home. Playful and affectionate. Loves to give a classic Greyhound lean and cuddle. Social with larger dogs and open to learning to love smaller canine friends. Enjoys active playtime and engaging walks. Thrives in a lively environment where she can express her playful spirit. A loving and active household that can keep up with her playful nature. Suitable for families or individuals who appreciate a happy, energetic companion. If you’re looking for a lively and loving companion, Ivanka would be thrilled to meet you! Reach out for more information or to schedule a visit.","ivanka",""
"2014-12-01","Western Sydney (Londonderry)","956000004317813","Zooie","2025-06-04","MALE","","Meet Zooie, an older gentleman with a heartwarming, sweet nature. This charming male is looking for a peaceful home where he can enjoy gentle affection and quiet moments. Affectionate and loving. Enjoys companionship and thrives on gentle interactions. Prefers gentle walks and leisurely outings. Loves a calm environment and appreciates quiet time at home A quiet household, perfect for someone who enjoys a slower pace. Ideal for individuals or families who can provide plenty of gentle affection and care. If you’re looking for a sweet companion to share your life with, Zooie would be thrilled to meet you! Reach out for more information or to schedule a visit.","zooie",""
"2020-12-01","","956000007439026","Hunter","2025-06-04","MALE","","Meet Hunter, a gentle soul with a heart full of loyalty and companionship to offer. While he may be a tad shy when you first meet him, it doesn't take long for his affectionate personality to shine through. Hunter is an exemplary walker on a lead, showing politeness and attentiveness on each stroll. He won't pull or rush, making daily walks together a serene and enjoyable experience. He thrives in the presence of someone who understands his need for trust-building and who will cherish the meaningful connection he creates with his human family members. While he is happiest in a quiet home environment, Hunter's devotion is unwavering once he gets to know you. With his poised and loyal spirit, Hunter will be by your side as a faithful friend, ready to share life's simple pleasures. If you are looking for a devoted companion who values walks and quiet time alike, Hunter could be your perfect match, offering companionship and loyalty in the most endearing way.","hunter-8",""
"2021-04-01","Hunter Valley (Maitland/ Muswellbrook/Newcastle/Forster)","956000011652581","Foxy","2025-06-04","FEMALE","","Meet our little Foxy girl, a sweet natured girl who would love a family who is happy to take a slower approach while she learns the ropes of being a pet. Foxy is playful, excitable and engaging. She loves to show you her fluffy toys and will happily entertain herself! Foxy is a happy traveler and will be happy to follow you wherever you're off to. She would benefit from leash training, as she can be quite excited going to new places and meeting new people.","foxy-3",""
"2020-09-01","Hunter Valley (Maitland/ Muswellbrook/Newcastle/Forster)","956000011722890","Irena","2025-06-04","FEMALE","","Are you ready to be laughing with your newest furry friend? Well, Irena will have you cackling. She is a true definition of a little pocket rocket, she will be showing all aspects of her zoomies and how confident she is in doing so. Irena enjoys spending her days showing off and basking in the sunshine. She is loves companionship and will happily follow you anywhere you desire. Irena knows her name well and with a little bit of getting used to your voice she will come (running) straight back.","irena",""
"2022-04-01","Hunter Valley (Maitland/ Muswellbrook/Newcastle/Forster)","956000011366429","Ralph","2025-06-04","MALE","","Are you after a little fire-cracker in your life? Look no further than our boy Ralph! He is all things active/fun-loving and absolutely hilarious; Ralph will have your grinning from ear to ear. Ralph would suit an active family with a backyard who can walk him daily and throw his favourite toy around, Ralph hasn't been exposed to an indoor setting as yet so may take some time adjusting but I think he will happily follow you around. His favourite game is showing his friends how quick his zoomies are so a nice backyard will do the trick so he can show off to you. If you're interested in hearing more about Ralph, please apply now.","ralph-4",""
"2018-09-01","Western Sydney (Londonderry)","956000009417122","Lou","2025-06-04","MALE","","*Lou has just stepped paws into a foster care home in a unit/apartment - check in soon for updates!* Friendly, charismatic boy Lou ticks all the boxes! This fun loving goofy guy is going to make an amazing pet! We love spending time with this affectionate, toy loving boy. Here's why we love him: ✅ Full time workers ✅ Apartment living ✅ Respectful kids ✅ Medium to large doggie friends ✅ Affectionate boy with a playful side Apply now to meet Lou from our Western Sydney program!","lou-5",""
"2020-01-01","Hunter Valley (Maitland/ Muswellbrook/Newcastle/Forster)","956000007835659","Darren","2025-06-04","MALE","","Meet Darren, a super laid-back sort of boy, who is happy just to be around his humans, he doesn't ask for much but a pat here and there would strike a bonus. He's happy to explore alone or go for leisurely strolls, you would rarely even hear him bark. Darren enjoys going to school pick up to collect his human- brother who is 12yo and all the kids love to dote on him. If you're interested in knowing more about Darren, please apply now!","darren-1",""
"2019-09-01","Hunter Valley (Maitland/ Muswellbrook/Newcastle/Forster)","956000007852599","Bruce","2025-06-04","MALE","","Meet our big boy Bruce! He is a true delight to be around. He will make you laugh until you cackle. He will be happy to cruise around with you day in and out. He is a gorgeous character to boasts confidence. Bruce suffered a racing injury and required surgery on his front right leg so an experienced owner who knows when to slow down on the zoomies is ideal.","bruce-2",""
"2021-05-01","Hunter Valley (Maitland/ Muswellbrook/Newcastle/Forster)","956000007837705","Chum","2025-06-04","MALE","","Meet Chum, the epitome of easy-going and affection! This boy has a sweet personality that instantly wins over hearts. Chum is as laid back as they come. He loves nothing more than being close to his human friends. He's a responsive walker on leash, making strolls in the park or through the neighbourhood a pleasant experience for everyone involved. He naturally exudes confidence, thriving in a variety of social environments, especially around younger children. Chum is not just a pet; he's a loving family member, always eager to make new friends and share in the joys of everyday life. With his friendly disposition and ability to seamlessly fit into any family dynamic, Chum is ready to bring his special warmth and companionship to his new home.","chum",""
"2019-12-01","Hunter Valley (Maitland/ Muswellbrook/Newcastle/Forster)","956000012226004","Moses","2025-06-04","MALE","","Are you after a dog to be totally besotted by you? Well meet Moses, a quirky and loveable boy whose after his forever home. Moses boasts confidence and is extremely gentle in his approach. He has been around children 4+ and will request frequent pats. He has been brought up with a jack russel at home, but would benefit from a meet and greet prior to being adopted. Moses will be attending our Adoption Day at Glandore Wines on the 5th of October.","moses",""
"2019-10-01","Northern Rivers (Grafton, Lismore, Casino)","956000007361249","Stumpy","2025-06-04","MALE","","This sociable fellow is a joy to be around and has a knack for bringing smiles to everyone he meets. Stumpy is a social butterfly, especially when it comes to other greyhounds. He thrives in the company of his fellow canines and enjoys the camaraderie of a playful group. If you have other greyhounds or are involved in a greyhound community, Stumpy will fit in seamlessly and form bonds quickly. This gentle dog is well-socialized with children aged nine years and up, making him a wonderful family pet. Whether it's a leisurely stroll in the park or lounging around at home, Stumpy is adaptable and easygoing. Stumpy is not just a pet; he's a loving and loyal friend ready to enrich your life with joy and companionship.","stumpy",""
"2019-02-01","Hunter Valley (Maitland/ Muswellbrook/Newcastle/Forster)","956000008235593","Spot","2025-06-04","FEMALE","","Spot is independent and enjoys spending time roaming around. Spot would suit a family who is after a companion to cruise around the backyard with. At times Spot can be weary and a bit timid in new environments but with the right re-assurance, she recovers really well. If you're interested in meeting our darling Spot, please apply now.","spot-4",""
"2019-11-01","Northern Rivers (Grafton, Lismore, Casino)","956000007851857","Felix","2025-06-04","MALE","","Felix is the card you've been hoping to draw! This interesting lad is definitely personality plus, if not a little odd - in an endearing and adorable way of course! ✅ Absolutely loves people! Both the giving and receiving attention side of it! ✅ Travels very well in the car - so no excuse, he can attend your road trips! ✅ Such a community hero, Felix is a blood donor. ✅ Clever Felix comes to his name - we're not going to lie, he won't come if he doesn't feel like it. But he does know you're calling him 😎 ✅ At only 28.5kg, Felix is quite small for a male greyhound ✅ Felix has been spending time inside his current home - and loving the luxuries of pet life! ✅ Felix is crate trained and could live in an apartment (you'll be pleased to know he is very clean in his crate!) ✅ Loves his toys! So can be easily entertained with some toys he can call his own. ✅ Felix loves the water so get ready for some pool time, beach time, pond time - whatever water time you can offer him! ✅ Felix is happy to either be the only fur baby in your life, or could live with a female dog (he is a bit funny with other males...) - He would still need very slow, gradual introductions to any new dogs. ✅ Felix is good with children. He can get a bit excited so would be suited to kids 10+ years at this stage. If you would like to bask in the comic genius that is funny Felix, enquire or apply to adopt this little fella below!","felix-1",""
"2014-05-01","Northern Rivers (Grafton, Lismore, Casino)","956000003345879","Moi Moi","2025-06-04","MALE","","Meet Moi Moi, a delightful canine who prances through life with an infectious smile. Raised alongside children from the age of five and up. Moi's easygoing nature and affectionate heart make him an ideal companion for families of all shapes and sizes. Moi Moi's endearing ""antenna ears"" are more than just a charming feature; they make him ever-alert to your presence. Moi Moi's sociable demeanor extends to other animals too. He has met small dogs and remained remarkably unfazed, suggesting he's adaptable and friendly when it comes to making new furry friends. Adopt Moi Moi, and you'll invite endless joy and happiness into your life with this lovable, ear-wagging, prancing pup.","moi-moi",""
"2020-12-01","Central West (Bathurst/Dubbo/Coonabarabran)","956000007461234","Axel","2025-06-04","MALE","","Let me introduce Axel! Axel is a gentle and loving soul with a beautifully soft nature. He is friendly and sociable with all dogs when introduced and supervised properly. Axel will adapt well to full-time workers and is comfortable with children. Axel would thrive in a home with access to a yard. Axel would love to find a caring environment where he can enjoy affection, have outdoor space, and interact positively with other dogs and children.","axel-1",""
"2018-12-01","Central West (Bathurst/Dubbo/Coonabarabran)","956000006113926","Sky","2025-06-04","FEMALE","","This is Sky! Sky is a bit shy initially but warms up quickly with a gentle touch. She is very gentle with young children and enjoy snuggling and being patted. Her ideal home would be a home without other dogs or with larger dogs. Sky will adapt to a household with full-time workers, provided she has access to a yard.","sky-5",""
"2021-09-01","Northern Rivers (Grafton, Lismore, Casino)","956000014690790","Milkshake","2025-06-04","MALE","","Young, laid back, loving, friendly and very handsome, Milkshake is made of all the right ingredients to fit your life. Milkshake is a quiet natured boy who would suit a nurturing home with a gentle touch. He is gentle on the lead, and we would love to see his confidence build in a home. Shy by nature and still young, he is bravely learning the ropes here. Another medium to large canine companion could help support his confidence in a home. Respectful children on the quiet/gentle side would suit him the best. Milkshake is going to grow up to make an amazing addition to your life.","milkshake-1",""
"2019-12-01","","956000007837203","Julian","2025-06-04","MALE","","Julian is best described as a distinguished gentleman. He is calm, friendly and an easy-going boy who just goes about his day without a fuss. He's walked around busy streets, schools, shopping centres as well as farms and paddocks. Nothing much fazes Julian, including other large dogs, small dogs and children. He loves people and pats and loves a walk, rarely pulling. Julian would suit most households and make a very special and loving companion who wants to be with you.","julian",""
"2019-12-01","Broken Hill","95600001224681","Emmie","2025-06-04","FEMALE","","Emmie is a lovely Greyhound with a heart full of affection and a playful spirit. Her endearing personality and love for canine companionship make her a delightful addition to any home. Emmie is a charming girl with a naturally sweet disposition. Her gentle and loving nature makes her a joy to be around. Emmie adores human company and thrives on affection. She’s always eager to share her love and will happily snuggle up for some quality bonding time. With a zest for life, Emmie enjoys playful activities and fun interactions. Whether it's a game of fetch, running around in the yard, or engaging in lively play, she brings energy and enthusiasm to every moment. Emmie has a great fondness for other dogs and enjoys their company. She’s friendly and sociable with canine companions, making her a great fit for a home with other dogs. If you’re looking for a Greyhound who is sweet, affectionate, and full of playful energy, Emmie could be the perfect match. Her love for people and canine friends alike ensures she’ll bring warmth and joy to your home.","emmie-1",""
"2021-05-01","Broken Hill","956000013119553","Disco","2025-06-04","FEMALE","","Disco is a spirited and delightful young Greyhound who is ready to bring boundless energy and joy into your life. Her playful nature and love for zoomies make her a perfect match for an active, young family. Disco is a charming young girl with a vibrant personality. Her enthusiasm and zest for life are truly infectious, making her a joy to be around. One of Disco’s favorite pastimes is having a good run, or “zoomies,” where she can let loose and show off her speedy moves. She’ll keep you entertained with her bursts of playful energy and speedy sprints. Disco’s lively nature and affectionate demeanor make her a fantastic fit for an active family. She’ll thrive in an environment where she can participate in family activities, play with kids, and enjoy regular exercise. If you’re looking for a Greyhound who is both loving and full of energy, Disco could be the perfect addition to your family. Her playful spirit and affectionate nature will bring a lot of joy and excitement to your home.","disco-3",""
"2020-10-01","Broken Hill","956000013069983","Sandy","2025-06-04","MALE","","Sandy is a strikingly handsome Greyhound with a gentle and adventurous spirit. Though he may start off a bit shy, his love for exploration and quiet nature make him a wonderful companion for the right home. With his stunning looks and graceful presence, Sandy is sure to turn heads wherever he goes. His charm is matched by his graceful demeanor. Sandy may need a little time to warm up, but his shyness is simply a sign of his sensitive nature. Once he feels secure, his true, affectionate personality shines through. Sandy has a curious side and enjoys exploring new environments. Whether it’s a leisurely walk in the park or discovering new trails, his adventurous spirit makes every outing an exciting experience. If you’re looking for a handsome Greyhound with a gentle disposition who loves to explore and is happiest in a quiet, loving environment, Sandy could be the perfect addition to your family. He’s ready to embark on new adventures and bring his quiet charm into your life.","sandy-8",""
"2020-05-01","Broken Hill","956000012195521","Gus","2025-06-04","MALE","","Meet Gus: The Gentle Soul Gus is a serene and soft-natured Greyhound who thrives in a calm and loving environment. His gentle demeanor and shy personality make him a unique and endearing companion for the right home. Gus may be a bit reserved at first, but his gentle nature shines through once he feels comfortable. He’s the kind of dog who appreciates a quiet and patient approach, revealing his sweet personality in a calm and loving setting. Gus thrives in a peaceful environment where he can feel secure and relaxed. He’s not a fan of loud noises or bustling activities, so a tranquil home is ideal for him. Despite his shy nature, Gus is friendly and gets along well with other dogs. He enjoys their company and can be a great addition to a home with existing canine companions. If you’re looking for a sweet, soft-natured Greyhound who will flourish in a calm, loving home, Gus is the perfect match. He’s ready to bring his gentle presence and quiet companionship into your life.","gus-8",""
"2021-12-01","Broken Hill","956000012903018","Pam","2025-06-04","FEMALE","","Pam is a friendly and well-adjusted greyhound who has had extensive positive interactions with other dogs and people. Her outgoing nature makes her a joy to be around and ensures she fits well into various social settings. Pam gets along exceptionally well with her canine companions. Her easygoing and sociable demeanor makes her a perfect playmate for other dogs, whether they’re big or small. Pam’s gentle and affectionate nature makes her an ideal choice for a young family. She’s patient, loving, and enjoys being part of family activities and playtime. Pam is a sweet, social, and family-oriented greyhound looking for a loving home where she can share her affectionate nature and enjoy being part of a young family’s daily life. If you’re looking for a friendly and well-rounded companion who gets along great with other dogs and is ready to be a cherished member of your family, Pam is the perfect match!","pam-2",""
"2021-07-01","Broken Hill","956000014506260","Sub","2025-06-04","FEMALE","","Sub is a joyful greyhound whose enthusiasm and positive energy are truly contagious. She approaches each day with a wagging tail and a bright smile, spreading happiness wherever she goes. She is a high-energy girl who thrives on regular physical activity. Her zest for life is evident in her love for playtime and her eagerness to engage in various activities. Sub absolutely adores zoomies! She loves to let loose and sprint around her playful bursts of speed are a sight to behold. Sub is a vibrant and spirited greyhound looking for an energetic home where her zest for life can shine. If you’re ready to embrace her joyful nature and provide a dynamic environment, Sub is eager to become your new best friend!","sub-1",""
"2019-12-01","Broken Hill","956000006807059","Corene","2025-06-04","FEMALE","","Corene carries herself with a natural poise and assurance. She navigates new environments and situations with a calm self-assuredness that makes her a standout companion. Corene loves to stay on the move. Whether it’s a brisk walk, a run in the park, or playtime in the backyard, she’s always ready for an adventure. Corene’s curiosity knows no bounds. She’s always exploring her surroundings with an eager eye, making sure she’s aware of all that’s happening around her. Corene gets along well with medium and large dogs. She’s confident and social, but her interactions are best suited for companions of similar size and energy levels. Smaller dogs may find her enthusiasm overwhelming. Corene is a spirited and delightful greyhound ready to bring her energy and enthusiasm into a loving home. If you’re looking for a confident and active companion, Corene might be the perfect match for you!","corene",""
"2021-07-01","Broken Hill","956000014490567","Jasper","2025-06-04","MALE","","Meet Jasper, a dashing greyhound with a heart as big as his gentle eyes! Jasper is the epitome of relaxation and charm, embodying the perfect blend of social butterfly and cuddle enthusiast. His easygoing nature makes him a breeze to be around, whether you're lounging at home or out for a stroll. Jasper thrives on affection and has a remarkable talent for making everyone he meets feel special. He’s a true connoisseur of hugs and pats, always ready to lean in for some extra love. His calm demeanor and friendly attitude make him a wonderful companion for both lively gatherings and quiet evenings. If you’re looking for a loving and relaxed furry friend who will brighten your days with his warm snuggles and cheerful presence, Jasper is your perfect match!","jasper-4",""
"2021-12-01","Broken Hill","956000013129374","Nash","2025-06-04","MALE","","Nash is a happy-go-lucky greyhound with a heart full of love and a spirit that’s impossible not to adore. This sweet and playful boy is the perfect addition to any family looking for a loyal and affectionate companion. With his friendly demeanor and boundless energy, Nash is a social butterfly who gets along with everyone he meets, making him an excellent family pet. Nash's enthusiasm for life is infectious. Whether he's playfully bounding around the yard or snuggling on the couch, his joy is evident and brings smiles to everyone around him. Nash is a true peoples dog, thriving in social settings and getting along splendidly with other pets and children. Nash is not just a pet; he’s a bundle of joy who brings endless happiness to those around him. If you’re looking for a sweet-natured, playful, and well-socialized greyhound to brighten your life, Nash is the perfect match. Come meet him and discover the joy he can bring into your home! Apply today!!","nash-1",""
"2020-10-01","Broken Hill","956000012888828","Crash","2025-06-04","MALE","","Crash Is a spirited and joyful greyhound with a heart as big as his playful energy. True to his name, he loves to dash around with boundless enthusiasm, especially when a toy is involved. Crash's other favourite pastime is a splash in his shell pool! Crash is great with all other doggie friends and enjoys his interactions. He would make an ideal companion to an active family who loves life as much as he does! If Crash sounds like your man apply today!!","crash-1",""
"2018-03-01","Hunter Valley (Maitland/ Muswellbrook/Newcastle/Forster)","956000009596781","Nando","2025-06-04","MALE","","This gorgeous boy is Nando! Nando is one of a kind, he travels well, loves to be social but also boasts independence. He likes to spend his day basking in the sunshine and running amuck with his siblings. Nando is a bigger boy and whilst he has been around children, he may be more suited to a family with older children for this reason. If you're interested in getting to know Nando more, please reach out!","nando",""
"2019-08-01","Hunter Valley (Maitland/ Muswellbrook/Newcastle/Forster)","956000012247543","Bentley","2025-06-04","MALE","","Meet our easy going, fun-loving boy Bentley. He's ought to be the most handsome on the block, with responsive lead manners and some indoor house experience! Bentley approaches softly for a pat and is confident within himself when out and about meeting new people, he's always wanting to say hello. He's eager to please and is so ready to jump straight into pet life.","bentley",""
"2020-03-01","Hunter Valley (Maitland/ Muswellbrook/Newcastle/Forster)","956000012227525","Dixie","2025-06-04","FEMALE","","Meet our playful girl, Dixie. Dixie is a bundle of joy who loves to bound around and play. She is full of quirky characteristics like leaning on you for a pat, bowing to play. Dixie would suit a family that has an active lifestyle to burn some of her built up energy, she isn't a fan of other dogs invading her space. If you are interested in knowing more about Dixie please apply today.","dixie-3",""
"2021-12-01","Hunter Valley (Maitland/ Muswellbrook/Newcastle/Forster)","956000012896105","Sam","2025-06-04","MALE","","Meet Sam! Sam is quite a character; he's always eager to remind you of his presence. He's strong on the leash, so the ideal home for him would be one with an active lifestyle to help him channel his abundant energy. Sam is quite the socialist, so your daily walks will consist of meeting and greeting everyone that strolls past. Sam has not been assessed with small dogs or cats.","sam-9",""
"2022-02-01","Central West (Bathurst/Dubbo/Coonabarabran)","956000007423998","Zarva","2025-06-04","MALE","","Meet Zavra! Zarva is a very sweet natured boy. He is very curious & interested in the world. He positively interacts with those around him; children & smaller dogs :) Zarva wants to be involved. He'll be happy doing almost about anything. Whether it's a family movie day or spending a day outside going on adventures :) Enquire now & arrange to meet Zarva!","zarva",""
"2020-01-01","Central West (Bathurst/Dubbo/Coonabarabran)","956000007374897","Cozy","2025-06-04","MALE","","Cozy boy! Handsome, delightful & charming Consentino! This is boy loves to explore, adventure & play. Cozy would love to find an active family. Would love to find some little people to run around with outside after school. He wouldn't mind being the only dog at home or befriending your other canine companions :)","cozy",""
"2018-12-01","Western Sydney (Londonderry)","956000006815825","Tania","2025-06-04","FEMALE","","This is Tania :) Tania is a lady who needs to find the perfect home. Tania can be very shy at first. It takes her a little while to open up & start to feel comfortable. Tania needs a quiet home. A home that will give her the space, patience & love to grow and learn. Once settled & feeling more like herself, Tania is very loyal & playful towards with her person.","tania",""
"2016-07-01","Central West (Bathurst/Dubbo/Coonabarabran)","956000005412613","Maisie","2025-06-04","FEMALE","","Meet Maisie! She might have the age of a senior lady, but definitely doesn't show it! Maisie is sweet curious girl. Eager to explore & learn. She might take a little while to warm up but once she does, she is full of character. Maisie would be best suited to a home with bigger dogs only, or a single dog home. Older kids to play with her preferred. Maisie would become a very loyal part of your home once settled & feeling comfortable :)","maisie",""
"2019-01-01","Southern NSW/ACT (Bulli, Nowra, Goulburn, Canberra)","956000006792547","Dutch","2025-06-04","MALE","","This is Dutch! Dutch is a beautiful fawn coloured boy. Dutch needs a specific home & people able to offer him the love & patience he deserves. Dutch needs a quiet home & lifestyle. A place where he is offered love & support to grow and come out of his shell. With time, Dutch will become a very loyal member of your family... He just needs to get there :)","dutch-2",""
"2020-07-01","Central West (Bathurst/Dubbo/Coonabarabran)","956000011712626","Starsky","2025-06-04","MALE","","Starsky! This handsome boy is such a gentleman! He is such a good boy! Very polite, easy going, patient & kind. He loves to cuddle, be with his people, whether they be big or small. He is great around dogs his size or smaller. Nothing seems to worry Starsky! He would adapt to living in a smaller home & yard with the correct introduction to his new life.","starsky",""
"2021-01-01","Northern Rivers (Grafton, Lismore, Casino)","956000011586365","Uzzie","2025-06-04","MALE","","Meet Uzzie, a laid-back and lovable four-legged friend known for his warm personality and love for life. Uzzie's easy-going nature makes him a relaxed companion, an ideal mate to have by your side while you enjoy a quiet cup of coffee or lazy Sunday afternoons. One of Uzzie's favourite pastimes is going for car rides. Just mention the word ""ride"", and he's ready and wagging! Whether going across town for a vet visit or heading into the countryside for an afternoon adventure, Uzzie is the perfect co-pilot. H Uzzie may not be a social butterfly, but he knows how to play well with his peers, especially small dogs. His friendly and calm disposition makes him a dream to have around, not just for humans but also for furry friends. If you already have a small dog in the house looking for a buddy, Uzzie could be the perfect companion. What's more - during quiet times, Uzzie is comfortable being independent and can sit quietly by your side while you sip your drink and carry on a conversation. He enjoys being around people, but he respects your space and knows when to give you your alone time. All in all, Uzzie is an easy-going, sociable, and well-mannered pet who would make a heartwarming addition to any family or individual looking for a calm and steady companion. He is all set for the next chapter of his life, and with just one look at his joyful wag, you'll see that Uzzie's ready to share some great times with you!","uzzie",""
"2021-04-01","Northern Rivers (Grafton, Lismore, Casino)","956000011651683","Chickadee","2025-06-04","MALE","","Meet Chickadee, a friendly and playful, loving gentleman who is ready to meet his new family. This delightful dog is known for his fun-loving and amiable personality, and he's eager to share his heart with a compassionate, affectionate family. Chickadee has a wonderful rapport with children, especially those 8 years and older. He's not the sort who will tire out your kids with endless games of fetch, but prefers to spend time in children's company, quietly keeping them company while they do their homework or read stories. He loves leaning into a hearty pat and will choose to cuddle up next to you over toys any day. An interesting fact about Chickadee is that while he is a dog, he prefers the company of humans over other dogs. He's quite selective with his canine friends and might come off as aloof with dogs, particularly the smaller ones, which makes him ideally suited for a home where he can be the only pet. Chickadee is looking to bring his friendly and playful nature into a family who will offer him the same kindness and playfulness that he offers others in spades. He's ready for the next step and hopes to find a loving, forever home with a protective family to cherish him.","chickadee",""
"2015-04-01","Hunter Valley (Maitland/ Muswellbrook/Newcastle/Forster)","956000004248651","Alley","2025-06-04","FEMALE","","Meet Alley, our friendly, senior female pup with a heart as golden as her years. Despite her age, Alley still carries a spark of puppyish charm in her eyes, making everyday feel like an adventure. Alley possesses the superb ability to bring life and joy into any room, with her boundless affection and unwavering loyalty. Well-socialised and incredibly friendly, Alley has had a great rapport with other small dogs and her fellow greyhounds. Her gentle and easygoing nature means she can find common ground with just about any dog she meets. She has even been socialised with cats and could probably coexist peacefully with the right feline friend. Alley's age doesn't slow her down. She has the physical agility of a much younger dog and loves playtime and walkies as much as curling up for a nap. Alley enjoys her walks and would be a wonderful companion to explore the neighbourhood parks with. Her ability to make friends so easily would also mean plenty of playdates with other dogs! As Alley's future family, you will be cherished with her loving gaze and affectionate rubs. If you're in search of an older, wiser pup who still knows how to have fun like a youngster, Alley just might be the loving companion you've been waiting for. Come meet her and let her amiable spirit brighten up your life!","alley",""
"2020-09-01","Western Sydney (Londonderry)","956000013091352","Joy","2025-06-04","FEMALE","","Fill your home with Joy! Sweet and little girl Joy is a very lovely girl! She is polite with the other dogs she has met and could be suited to living with another large breed dog. She is calm in the yard and has shown the ability to settle for short hours, possibly being able to build to longer hours. A home with older and respectful children could be suitable for Joy. A bundle of joy, apply to adopt this darling girl today!","joy-1",""
"2020-04-01","Hunter Valley (Maitland/ Muswellbrook/Newcastle/Forster)","956000007851461","Joe","2025-06-04","MALE","","","joe-7",""
"2019-05-01","Hunter Valley (Maitland/ Muswellbrook/Newcastle/Forster)","956000006792942","Meg","2025-06-04","MALE","","Meg is the epitome of gentle charm, with a touch of bashfulness that adds to his irresistible appeal. This shy guy isn't just looking for any home; he's on a quest for his own private sanctuary, where he can be the star of the show without any pesky co-stars stealing his spotlight. Meg's motto? ""One dog, one throne!"" He's not one for sharing his kingdom, but he'll gladly share his love with respectful children who understand the art of giving him space but love when he likes. With Meg around, every day is an adventure filled with quiet moments of contemplation, punctuated by bursts of zoomies when no one's looking. So, if you're ready to welcome a regal greyhound into your castle and bask in the glory of his majestic presence then Meg is the dashing companion you've been searching for. Contact our Western Sydney facility to arrange a meet and greet and get ready to embark on a journey of laughter, love, and endless tail wags with this shy but lovable boy!","meg-1",""
"2018-11-01","Central West (Bathurst/Dubbo/Coonabarabran)","956000009482074","Sandy","2025-06-04","FEMALE","","Introducing Sandy, a beautiful and gentle girl who is ready to bring a ton of joy into your life! Known for her soft and gentle demeanor, Sandy possesses the ability to fill any room with calmness and love. Sandy is not just a dog; she's a friend and companion. Her kind and loving nature ensures that she gets along beautifully with both children and other dogs. She is known for her soft, soulful eyes that seem to look straight into your heart. What Sandy would love the most is a family that showers her with the same affection that she effortlessly gives to others. In her new home, Sandy would enjoy a cozy corner to curl up in, a safe garden to explore, and a family that she can love and be loved by. Sandy is just waiting to create numerous wonderful memories with a family who adores her. She promises a lifetime of love and dedication to those who welcome her into their heart.","sandy-6",""
"2021-01-01","Central West (Bathurst/Dubbo/Coonabarabran)","956000009499446","Ash","2025-06-04","FEMALE","","Meet Ash, a beautiful and friendly companion. This stunning lady has charisma and charm in spades. Always eager to make connections, Ash is an affectionate and sociable creature, lavishing affection on anyone fortunate enough to catch her eye. She is always ready for a cuddle after a playful romp in the yard. Her soft coat makes for the perfect snuggling companion, inviting you to share a quiet moment or two on the couch. She finds deep satisfaction in routine, and her perfect day involves a dash of play, a smidgen of quiet snoozing time, with a sprinkle of cuddles throughout the day. Ash exhibits excellent manners with her canine peers. This shows her adaptable nature, making her an interesting companion to have around the house. Ash is looking for a forever family who will embrace her affectionate nature and big puppy-dog eyes. She is truly a precious gem waiting to shine in your loving home. We understand that a dog is not just a pet but a member of your family, and Ash is eager to become the loving companion in yours.","ash-2",""
"2019-01-01","Hunter Valley (Maitland/ Muswellbrook/Newcastle/Forster)","956000006671930","Wighton","2025-06-04","MALE","","Hello! My name is Wighton. I was known as Four Five on the racing tracks, but I hung up my racing collar late last year. I'm a courteous fellow, though I may take a little time to open up. Once I'm comfortable, I love to display my energetic zoomies. I've encountered several small dogs and they don't pique my interest much. I'm looking for a home with a backyard where I can have some space to myself from time to time. And, if you could take me on walks, that would be wonderful. I am looking forward to meeting my new human companions, so be sure to hit the 'apply' button when you can.","wighton",""
"2021-10-01","Hunter Valley (Maitland/ Muswellbrook/Newcastle/Forster)","956000011646676","Lara","2025-06-04","FEMALE","","Meet Lara! Lara hails from a sociable household where she has interacted with a Maltese terrier and frequently plays her fellow hound siblings. Initially, Lara may appear somewhat reserved, but with a touch of affection, care, and cuddles, she quickly warms up. She tends to be indifferent towards smaller dogs, often seeking reassurance from humans when they are present. With a lively spirit, Lara would be thrilled if her new human friends could take her on walks to let her energy out. Hit apply today to chat about your possible new addition.","lara-2",""
"2017-04-01","Central West (Bathurst/Dubbo/Coonabarabran)","956000009575301","Joseph","2025-06-04","MALE","","Say hello to Joseph, our big, strong, and friendly boy who's eager to share his love with you. With his endearing personality and playful energy, Joseph is certain to light up your life and home. This social butterfly is always ready to meet and greet new people but because of his size and strength, Joseph needs a home where he can get plenty of exercise and mental stimulation. He is well-suited for an active adult or older children household, where he can satisfy his need for engagement and play. Joseph can be quite excitable and has a lot of love to give, so he's more comfortable in a single-dog household where he can be the star of the show. Despite his size, he's a charming boy who's always eager to please his family. In summary, Joseph is a delightful mixed bag of quirkiness, exuberance, and love. If you're ready for a dog who can match your energy and zest for life, Joseph could be your perfect companion. He is waiting to show his new family just what a loving and fun-filled life they can have together.","joseph-1",""
"2020-08-01","Central West (Bathurst/Dubbo/Coonabarabran)","956000011713002","Usyk","2025-06-04","MALE","","Meet Usyk, a loving male dog who is seeking a simple and fulfilling life with a new family. He's a charismatic chap who adores medium-size canine companions and is always eager to make new friends. His kind-hearted nature and great spirit make him a treat to be around. Usyk is ready to embark on an enriching journey with a family that cherishes mutual growth and learning. He truly embodies the spirit of companionship and will surely become an integral part of your family. His intelligent eyes tell a story of love and loyalty that will reassure you in times of solitude and fill you with joy when times are good. Adventurous yet gentle, Usyk is the perfect companion for a family who enjoys a balance of outdoor activities and cozy time indoors. He's not a demanding pet; a simple life filled with love and care is all he aspires to. His only request? A nice, comfortable spot beside you. With a loving heart that is ready to expand and a spirit that is eager to learn, Usyk is the perfect companion for a family looking forward to welcoming a new member. He's surely the sweetheart you've been looking for. Begin a beautiful journey filled with comfort, companionship, and adventure with this wonderful dog. Usyk is excited to meet his new family and is ready to shower them with his unconditional love.","usyk",""
"2020-03-01","Central West (Bathurst/Dubbo/Coonabarabran)","956000007831124","Rusty","2025-06-04","MALE","","Meet our sweet and gentle friend, Rusty. This uniquely quiet personality is looking for a family with whom he can grow, learn, and receive all the encouragement and support he deserves. Rusty is a refined gentlemen who brings calmness wherever he goes. Don't be fooled by his calm demeanor though; Rusty loves to play games and will always be up for any fun activity that involves his family. This sweetheart is gentle and mild-mannered, although he is always ready for an adventure. With his calm, quiet nature, he'd make the perfect companion for afternoons spent lounging in the backyard or taking mindful, leisurely strolls through the park. Rusty is particularly keen on learning. He looks forward to positive reinforcement training sessions and loves the idea of learning new tricks and routines with his new family. Don't be surprised if Rusty quickly becomes the star of your local obedience class, proudly showing off his latest trick. What would Rusty's ideal family look like? Well, they would share his love for learning and growth, offering him all the encouragement he needs to flourish. A family who cherishes the small moments of life, from peaceful mornings together to effortless games of fetch in the backyard. In return, Rusty promises to show endless love, patience, and loyalty to his new family. With his quiet, gentle nature and his willingness to learn, he'll surely bring joy and companionship to any home. So if you're ready to give Rusty the supportive, loving family he's been craving - he just can't wait to meet you!","rusty-7",""
"2018-09-01","Central West (Bathurst/Dubbo/Coonabarabran)","956000005783456","Tim","2025-06-04","MALE","","Meet Tim, an excitable and playful boy who loves nothing more than having a good time. This fun-loving chap is looking for his new family who can keep up with his playful antics and share his joy for life. Tim is outgoing and always ready for an adventure, Tim also loves exploring new environments, sniffing out the mysteries of the world around him. His intelligent mind loves puzzles, so interactive play toys are a great option to keep him entertained. Whether you are an active individual or a highly energetic family with children, Tim would fit right in. His playful, social disposition means he's also excellent around other animals, so he could easily be a part of a multi-pet household. Tim's joy is infectious, his love is boundless, and his energy is limitless. If you're looking for a happy-go-lucky companion who will bring adventure and laughter into your everyday life, look no further. Adopting Tim means lots of love, endless play, and plenty of happy tail wags.","tim-7",""
"2019-01-01","Hunter Valley (Maitland/ Muswellbrook/Newcastle/Forster)","956000008235323","Tank","2025-06-04","MALE","","Tank is a gentle, kind doggy soul encased in a robust, athletic body. Don't let his strong, sturdy name fool you, Tank is soft and loving, and his friendly nature is sure to win everyone over in no time. He is exceptionally well-behaved, maintaining cleanliness with a natural knack for it, making him the perfect addition to your household. Although he has an energetic spirit, he always manages to channel his proud doggy energy in the most polite, fun ways. Tank has a special place in his heart for kids. He loves their boundless energy, their playful antics, and the endless tummy rubs they're always willing to share. Their laughter is music to his ears, and seeing them happy makes his tail wag harder! Friendly to his core, Tank gets along well with everyone he meets. He's a four-legged ambassador of goodwill, spreading joy wherever he goes. His ideal day consists of playful frolicking in the yard, a delightful nap in his comfy bed, and of course, lots of tasty treats! Tank's loving spirit and fun-loving nature make him a perfect family pet. He's excited to bring lots of joy, love, and incredible memories to his new family. So, if you're ready to add a sweet, loving, and well-behaved dog to your family, Tank is definitely your guy!","tank-2",""
"2014-07-01","Northern Rivers (Grafton, Lismore, Casino)","956000004096731","Miss Ling","2025-06-04","FEMALE","","Miss Ling is a big snuggle bunny. She is sweet and affectionate and will seek out affection Described as a happy girl she will bring a ray of sunshine to your life and be happy to be by your side through thick and thin. Miss Ling may be on the other side of 9 but she still has a lot of love to share and is looking for the right person to shower her love on","miss-ling",""
"2020-01-01","Central West (Bathurst/Dubbo/Coonabarabran)","956000007461264","Harlow","2025-06-04","FEMALE","","Harlow is on the look for a new place to call her own... could that be you? Harlow would love a home in a suburban setting one that isn't in the hustle and bustle of the big smoke but quiet enough for her to soak up the pet life. Harlow has a sensitive soul so a home that is willing to allow some time to settle in would be ideal. but don't worry it won't take long for her to feel at home. she has been around older kids growing up so a home with older kids would be ok with her. We have found Harlow gain confidence when hanging out with her doggy pal's so a home with a canine companion is more than welcome for her. Fun Fact Blue is my sister, and like all siblings we have our differences but we still love each other, should you have a place in your home for two. Apply online today to arrange a meeting with Harlow or come on down to our Bathurst Adoption day on the 9th of March.","harlow",""
"2020-01-01","Central West (Bathurst/Dubbo/Coonabarabran)","956000007466546","Blue","2025-06-04","FEMALE","","Are you ready to find the perfect grey for you? Then look no further than our gal Blue. This sweet, sensitive girl is full of life and an eagerness to brighten your days. Blue has such a charismatic personality and a cheeky soul. Blue would love her new home to have a backyard to frolic around in as she certainly enjoys her daily zooms and showing off just how fast she can run. Blue has shown polite manners around canine companions and having one in her home would certainly build her confidence and show her the ropes of how to be the best pet possible. This Blue girl enjoys her daily stroll so a home that is happy to go on some walks with her would suit her well. Blue has grown up around kids and would suit living with kids over the age of 5 to ensure she has some quiet time to herself. Apply online today for this sweet girl, she will be sure to wipe your blues away. Blue will also be attending our Bathurst Adoption Day on the 9th of March.","blue-5",""
"2017-12-01","","956000009568225","Luna","2025-06-04","FEMALE","","Say hello to Luna, a sociable and friendly female dog who is sure to win your heart. Luna's radiant persona lights up every room she enters, and her charming nature has a contagious effect that brightens up everyone around her. Luna's love for people is truly one of her fine characteristics. She adores being in the company of humans and is a strong advocate for endless belly rubs, cuddles, and ear scratches. She thrives off attention and relishes in making every moment delightful for you, and herself of course. Interactive playtime is Luna's favorite! She gets immense joy out of chasing toys, whether it's a game of fetch or squeaky toys that catch her attention. This playful activity helps Luna stimulate her mind and use her attentive nature to the best of her abilities. In a dog community, Luna prefers the companionship of medium to large breed dogs. She blends well with her fellow canine mates, her easygoing nature allowing her to adapt quickly to their play style. This adaptability makes her the perfect addition to a family with a medium to large breed dog. In stepping into Luna's life, be prepared for an overflow of love and memorable moments. Luna is ready to love her new family wholeheartedly, and promises to bring with her a bundle of joy, laughter, and playful adventures.","luna-7",""
"2020-02-01","Northern Rivers (Grafton, Lismore, Casino)","956000007839747","Fizzle","2025-06-04","MALE","","Meet Fizzle, the ultimate companion and a true gentle-dog. Fizzle is all about the good life; cuddling on a nice lounge, cuddling in a soft bed, cuddling while you enjoy a meal... did we mention Fizzle loves to cuddle? While Fizzle certainly enjoys a good play and the occasional muck-around, nothing beats leaning in for a snuggle by your side. Apart from his signature cuddles, Fizzle also enjoys the finer things in life. He appreciates good meal times and happily polishes off every bit. Moreover, Fizzle enjoys those little moments of love and affection—he's sensitive, sweet, and captures hearts swiftly with his endearing personality. Fizzle makes for a perfect addition to any family arrangement. Whether you need a goofball to distract the kids, a loyal partner in crime, or just a best friend who's always there to lend an ear (or a paw), Fizzle fits right in. His playful antics will bring joy and laughter, his calm comforting presence will provide warmth and companionship, and his unwavering loyalty will fill your home with love. In a nutshell, Fizzle is more than just a pet; he's a pal, a partner, and a piece of your heart you won't know you were missing until you meet him! Welcome to a world of endless laughter, boundless love, and unforgettable memories, all thanks to Fizzle. Your adventure is waiting!","fizzle",""
"2018-01-01","Hunter Valley (Maitland/ Muswellbrook/Newcastle/Forster)","956000009483201","Toby","2025-06-04","MALE","","Nightmare? Bad dream? Don't worry, sometimes names ARE deceiving, because our boy Toby, former Race Name Scary Dream, is anything but scary! ✅ Beautiful nature, a genuinely sweet duffer ✅ Big softie: this boy is your quintessential ""gentle giant."" He does get excited, but is very kind-hearted and means well. ✅ Very friendly and human social. Nothing makes him happier than being with his people. ✅ Loves hopping on the lounge and laying with you. Disclaimer: he's big and likes to hog most of the couch space! ✅ Enjoys playing, having fun, and just living his best life ✅ He can be exuberant and boisterous to start (oh my god life is so exciting!!) - but he does settle and eventually wants to find a lounge. ✅ Has been living inside his current home everyday - and is becoming quite accustomed to the spoils of pet life! ✅ Like most men, Toby LOVES his food! This will help with training as he is very easily influenced when free food is on offer! ✅ This patient boy settles when in the car or trailer ✅ Best suited as the only dog in the household - more attention for Toby 😉 ✅ The only hound Toby wouldn't mind sharing his new forever home with is his sister-from-another-mister: Winnie (Microchip: 956000009482109). - They currently live inside together and don't mind sharing all the love and attention. - Winnie is also available for adoption: https://www.gapnsw.com.au/our-greyhounds/winnie-2 Toby will need a bit of time to settle into his new home - it's a big transition moving to a new house. But with a bit of love and patience, you will be rewarded with a sweet, but funny, but lovable larrikin. Toby hasn't had the chance to interact with children yet. So would need a nice meet and greet to see how everybody goes, if potentially going into a home with kids. He is a big strong boy so likely would be best with older children. This sturdy lad is strong on lead - there's a big world out there and oh so little time, Toby feels like he must concur it stat! He does settle, and with a little training and patience will be a good walking companion or social wing man. Toby will be 6 at the end of January! Nothing bonds a family and new boy better than a birthday party right?!","toby-2",""
"2019-07-01","Hunter Valley (Maitland/ Muswellbrook/Newcastle/Forster)","956000007851472","Lucky","2025-06-04","MALE","","BOO!! Just kidding, it's in Lucky aka Phantom Ghost's nature to be a bit of a mysterious jokester! But don't be spooked by his former Race Name ""Phantom Ghost"" - as he is also Lucky! And you'll be feeling lucky too punk once you have our Lucky in your life: ✅ Very happy chap who somehow looks like he's always smiling! ✅ Loves people! He will give ample affection - but secretly hopes he gets it in return too! ✅ Has interacted with other dogs: - Regularly interacts with other Greyhounds - Has met a little West Highland Terrier and Italian Greyhound. Lucky was a little pushy to start but did settle once the novelty wore off. - He would be suited to other Medium-Large breed dogs - Lucky will need very slow, patient, and gradual introductions when meeting any new dogs ✅ Good with older children: - Lucky has only interacted with older kids - He can excited however (new friends! new friends!) and jump. Once he is told No he will settle. Continued training with this will help him learn. Lucky has lived in a kennel environment all of his life, so hopes his new family understand he will need a little time and patience to settle into his new world. If you think you should be so lucky, enquire about our Lucky aka ""Phantom Ghost"" below!","lucky-1",""
"2017-12-01","Northern Rivers (Grafton, Lismore, Casino)","956000009568225","Luna","2025-06-04","FEMALE","","Check out the pretty girl we have for you! You won't regret meeting the gorgeous Luna (former Race Name: Marion's Regret). We're not sure what Marion was regretting because it certainly wouldn't be this perfect lass: ✅ Socialite Luna looooooves people! She seeks out interaction and attention. But she definitely knows how to make you feel appreciated and loved back. ✅ Helpful Luna jumps in the car herself and travels very well - so get ready for some road trips! ✅ Luna the Lady is a lovely house guest: she is very clean in her kennel, doesn't chew her bed, and doesn't bark. ✅ Loopy Luna does commit zoomies and thoroughly enjoys them! ✅ She also loves to chase toys so get your throwing arm ready! ✅ Ever the investigator, Luna is also more than happy to roam the yard and inspect all the news and smells. ✅ Even Lunas need downtime, and she does love nothing more than sitting on her couch on the veranda, surveying her lands and taking in the fresh air and vitamin D. ✅ Great with kids. Luna frequently interacts and is fine with children aged 5+ years. ✅ Good with other dogs: - Luna was a little shy at first when she met a small Italian Greyhound. She had no issues, just a bit standoffish. However she did soon settle and was fine. - Free-ranges in the yard with a male Greyhound housemate. - Regularly interacts with other Greyhounds. - She didn't like when dogs got in her face (I think we can all appreciate a bit of personal space!) but settled and was able to play and interact. - Luna would need very slow, gradual introductions to any new dogs or potential doggie housemates Yes, she does appear to have a massive tongue! This fair-haired maiden turns 6 years old very soon! How convenient - you can throw both a ""Welcome To Your New Home"" AND ""Birthday"" party for her 😉","luna-6",""
"2019-04-01","Hunter Valley (Maitland/ Muswellbrook/Newcastle/Forster)","956000006810672","Tori","2025-06-04","FEMALE","","Looking to spruce up your abode? We have some styling tips: Simply add the stunning Tori aka ""Rattlin' Style"" into your house! You'll be all the fashion and talk of the town! This strikingly elegant and beautiful girl has other lovely qualities too: ✅ Very affectionate little lady who thrives on human companionship. ✅ Good with older children: - Tori currently interacts with children aged 6+years old - She is relaxed and calm around older kids. She recognizes their gentle and caring presence, and her natural instincts guide her to be extra gentle and patient. - Tori is the kind of dog who will offer a warm nuzzle or a gentle paw to her young humans, ensuring an unbreakable bond. ✅ Tori is a good, polite girl in her kennel. ✅ This clever lass has an understanding of appropriate conduct and is respectful of boundaries. ✅ Good with Medium-Large breed dogs: - Regularly interacts with other Greyhounds. - Tori interacts best with male Greyhounds. - She would need very slow, gradual introductions to any new dogs. ✅ Tori loves her toys! Watching her play is a joy in itself. Her evident fun and energy is contagious! - so both Tori and you can have a grand old time! Tori will need a fully fenced yard. Tori can sometimes Resource Guard her food, so it is best if she is fed separately and left alone to eat her dins. If having a devoted dame in your life sounds like a pretty picture, then Enquire or Apply to Adopt Tori (Rattlin' Style) to style up your home 😉 She may just improve your life and happiness too!","tori-4",""
"2018-04-01","Hunter Valley (Maitland/ Muswellbrook/Newcastle/Forster)","956000009589911","Bago","2025-06-04","MALE","","🐾 Meet Bago, the Stylish Black Greyhound in Search of His Perfect Home! 🐾 Hey there, awesome folks! I'm Bago, a fashionable black Greyhound with a heart full of love, on the lookout for my forever family. I'm all about cozying up on a couch to call my own. Just imagine me, the epitome of style, lounging in comfort, and enjoying every moment of relaxation. Having a spot to call mine would be a dream come true! When it comes to making new friends, I'm a social butterfly. Meeting new people brings me so much joy, and I can't wait to shower you with affection. Let's embark on incredible adventures together and create a bond that'll last a lifetime. Now, I'm eagerly waiting to find my forever home, where I can show off my impeccable fashion sense and bring endless love and warmth to your life. Are you ready to welcome Bago, the stylish black Greyhound boy, into your heart? 🐾 Bago is ready to bring love, style, and a whole lot of snuggles to your home sweet home! 🐾","bago",""
"2017-11-01","Northern Rivers (Grafton, Lismore, Casino)","956000009551915","Mick","2025-06-04","MALE","","Just like his namesake (Mick Dundee) this guy will provide you with lots of adventure, fun and laughs. He is a bit of a larrikin and also a ladies man. He would love to have a huge back yard to play in and if you go travelling don't forget to pack his bag as he would be a great companion on the road. But you will have to pack his toys as he loves to have a game with you and will even bring the toy back for you to throw again. Mick is a stud and he knows it, he is handsome and has just turned 4 years old so is past the puppy stage but still has lots of adventure left in him. If you think you would be the perfect companion for this guy send us a message and we will organise a meet and greet","mick-1",""
"2017-03-01","Central West (Bathurst/Dubbo/Coonabarabran)","956000004499510","Caeden","2025-06-04","MALE","","Hi everyone my name is Caeden. As you can see I'm a beautiful brindle boy looking for my perfect home. I am quite an active boy so my ideal home would be to someone who doesn't mind exercising me and spending a bit of time keeping me occupied. I am an alert boy and I like to know what is happening around me. I love socialising with my current family and am used to children and some other dogs. I am smart, well mannered and would love to join you in the adventures of life! I'd love to meet you and become your best mate.","caeden",""
"2017-11-01","Central West (Bathurst/Dubbo/Coonabarabran)","956000009461635","Scamp","2025-06-04","MALE","","Hi my name is Scamp! As my name suggests I am a mischievous but likeable boy (a big goof really). I am not naughty but just a bit of a character. I love playing and getting stirred up, I will run around and engage in play with you. I am a big boy with a big roman nose which may not appeal to everyone but I think I'm pretty handsome! I do enjoy a bit of exercise so someone a little active or an active family with older children would be perfect. I enjoy people and getting attention, am happy go lucky and would make a great companion, all I need is a chance! If you are interested in adopting or even fostering me apply and the team at GAP can organise a meet and greet.","scamp",""
"2017-12-01","Central West (Bathurst/Dubbo/Coonabarabran)","956000009591426","Rocky","2025-06-04","MALE","","Just like his namesake in the movies Rocky could be your favorite underdog! Rocky is outgoing and friendly, loves pats and being spoilt by his human companions. He would suit a home that is moderately active as he likes a bit of a run and zoom around the yard. Rocky will really bond with his new owner and become a loyal companion. He has been socialised with his little pug friend but does require a little time when meeting new friends. If you have a bit of time for a new friend and are looking for a diamond in the rough apply to meet Rocky today!","rocky-9",""
