"DATEOFBIRTH","LOCATION","MICROCHIPNUMBER","NAME","RECORDEDDATE","SEX","SPECIFICNEEDS","TEXT","URLNAME","WHATWEHAVENOTICED"
"2024-04-01","Riverina (Wagga, Temora, Gundagai, Griffith)","956000016721411","Emma","2026-01-14","FEMALE","","Meet Emma 💕 Emma is a sweet, gentle, and friendly little blue girl with a beautiful, easy-going personality. She can sometimes be a touch shy when first saying hello, but warms up quickly and soon leans in for pats and attention -showing just how people-friendly and affectionate she truly is. Emma enjoys short bursts of fun and energy. She loves to play, splash around in her shell pool, or head out for a walk, and then she’s perfectly happy to settle in for some well-earned rest time. Inside the home, she’s a dream - housetrained, calm, and content lying on her dog bed. She’s great with other dogs, gentle with kids aged 6+, cat workable (slow introductions) and has a lovely balance of being able to run around and play, then happily stop for a cuddle. Emma would suit an active family or a couple who can spend quality time with her and help her continue to thrive and grow into the loving, happy girl she already is. She has so much love to give and is ready to share it with her forever home. 🐾","emma-7",""
"2023-02-01","Hunter Valley Mid Coast (Maitland/ Muswellbrook/Newcastle/Forster)","956000014882989","Hudson","2026-01-14","MALE","","Hudson is a striking black male Greyhound looking for a home that matches his fun yet easygoing nature. Best suited to a semi-active lifestyle, Hudson enjoys having space for zoomies and would love a secure backyard where he can stretch his long legs and play fetch — one of his favourite games. Due to his size, Hudson would be happiest in a family with older children. He’s confident and independent enough to be perfectly content as a solo dog, but he’d also be quite happy sharing his home with another canine companion. Hudson is small-dog workable and may be cat workable with a very slow, careful introduction and ongoing management. Hudson is comfortable being left alone for reasonable periods and settles well, making him a great match for a variety of households.","hudson-2",""
"2021-02-01","Hunter Valley Mid Coast (Maitland/ Muswellbrook/Newcastle/Forster)","956000011639696","Pablo","2026-01-14","MALE","","Pablo is a handsome black male Greyhound with a calm, gentle nature and beautifully relaxed body language. He walks well on lead, taking everything in his stride with patience and ease, making him a pleasure to spend time with both out and about and at home. Friendly and engaging, Pablo enjoys human company and happily joins in for a game of fetch, but he’s just as content to relax independently when things are quiet. He’s in great body condition and carries himself with an easygoing confidence that makes him a lovely companion. With the correct introductions and guidance, Pablo may be cat workable. He would suit a home looking for a well-balanced Greyhound who offers the best of both worlds — playful when invited, calm when it’s time to unwind.","pablo-2",""
"2021-02-01","Hunter Valley Mid Coast (Maitland/ Muswellbrook/Newcastle/Forster)","956000011575273","Frankie","2026-01-14","MALE","","Frankie is a handsome fawn male Greyhound with a lovely balance of calm and playfulness. He’s great with other Greyhounds and walks beautifully on a loose lead, making outings relaxed and enjoyable. While he’s generally placid and easygoing, Frankie also loves a good zoom around when the mood strikes — showing off his fun, playful side. Frankie is engaging and confident with people, enjoying attention and companionship without being over-the-top. He’s cat and small-dog workable, with the right introductions and management, and would be well suited to a semi-active lifestyle. Whether it’s a gentle stroll, a quick burst of play, or lounging at home, Frankie is happy to fit in.","frankie-14",""
"2020-05-01","Western Sydney (Londonderry)","956000007830142","Rocky","2026-01-14","MALE","","If you're looking for a playful, engaged dog who is polite with other dogs and who would enjoy an active, fun life, consider adopting Rocky. Rocky is a friendly brindle boy who has experience with kids 12+. He loves a scratch behind the ear and has a confident, outgoing nature. He is a social butterfly and would enjoy being a part of family activities whether that's walks to school or going to the park. He can be excited to get going on walks so an owner who can handle a strong dog is recommended. Rocky is available by appointment at Western Sydney.","rocky-16",""
"2021-05-01","Western Sydney (Londonderry)","956000012206029","Jude","2026-01-14","MALE","","** I am currently in a foster home for Christmas, read updates below!* ""Jude (AKA Jude the Dude) is a sweet, funny and friendly boy who truly just wants to hang out with his people. Jude settles in quickly and has grown confident exploring main roads, local parks, and new routines. He’s been friendly with everyone he’s met, including children and loves a calm hello and a good pat. Jude is often complimented on his handsome looks and warm, gentle nature. He’s a bit of a water baby and absolutely loves beach walks and splashing through the water. Jude has been great with dogs of all sizes, though he seems most comfortable with slightly smaller dogs. Jude walks beautifully on lead and knows his routines well. He’s a great sleeper, adores his morning walk and has learned commands like “go to your bed,” when it's time to put his collar on or when we need to leave the house without him. Jude would suit city or suburban living and would love a canine companion, though he’s also content on his own and copes well being left for longer periods. He is a stair master and can get in and out of cars fine, though he sometimes might need a helping hand. We’ve absolutely adored having Jude in our home and know he’ll bring so much love and joy to his future family."" ----------------------- Jude is a sweet lad, who is suitable to live with small or big dogs. He is a confident boy who would do well in urban/city environments and would suit longer hours alone if required. He would prefer a home without stairs but could live in a unit with a lift access. This affectionate, calm boy would be a lovely match for a family with respectful children, too. Meet Jude at Western Sydney.","jude",""
"2023-02-01","Western Sydney (Londonderry)","956000014914658","Romeo","2026-01-14","MALE","","*Romeo is in a foster care home in the Inner West* Foster Update: Romeo is super happy, affectionate and playful pup (no resource guarding or sleep startle observed). He is quite confident and outgoing at home. When he’s asleep he is angelic and when he is awake, he is effervescent. He has settled in quickly, he knows where his beds are and has a sleep bed and a play bed, he figured out very quickly where his toys live and how to dig the goat horn his favourite toy out of the basket. Romeo is a quick learner and has now mastered indoor and outdoor steps. He is responding to his name most of the time. His playful antics make us laugh to no end. He is happy to pass dogs on a footpath without much notice. Favourite things about him: His beautiful soulful eyes, his stunning looks, his mischievous personality, his independence and his affectionate behaviour. *Romeo is available from the Western Sydney adoption centre via appointment with his foster carer*","romeo-1",""
"2023-12-01","Riverina (Wagga, Temora, Gundagai, Griffith)","956000017127015","Sally","2026-01-14","FEMALE","","Meet Sally – a sweetheart looking for her forever home 🐶💖 Sally is an outgoing, friendly, and affectionate girl with a truly lovely nature. She’s gentle and respectful around children aged 6+, gets along well with small dogs (Mini Groodle and Kelpie cross), and has happily ignored the household cat (after slow introductions). Sally enjoys getting out and about and walks nicely on the lead once she gets going. She has short bursts of playful energy followed by a calm, relaxed side that loves to settle. At home, she adores her soft toys and is happiest when she can snuggle up inside with her people. Sally would be a wonderful match for an active family or a couple who enjoy spending time together and can give her the love and attention she thrives on. She’s a sweet companion who wants nothing more than to be part of your world. 🐾💕","sally-21",""
"2024-04-01","Riverina (Wagga, Temora, Gundagai, Griffith)","956000015661261","Ruby","2026-01-14","FEMALE","","Meet Ruby – she just wants to be a pet! 🐾 Ruby is a happy, friendly, and easy-going young girl who’s ready to find her forever home. She loves a good run around the yard with her sister and her fox terrier friends, then is perfectly content to relax and enjoy some downtime. One of Ruby’s favourite activities is splashing around in the pool, and she’s also very comfortable around parrots and other aviary birds in the backyard. Ruby enjoys being close to her people and loves lying in the laundry or heading inside whenever she gets the chance. She’s well-socialised and used to children of all ages, including little ones as young as 3, as well as older kids and teens. Ruby would suit a family home or any household where someone has the time to spend with her and help her happy, loving nature continue to shine. With the right home, Ruby will grow into a wonderful family pet or a loyal companion dog who simply loves being part of everyday life. 💕","ruby-16",""
"2021-04-01","Western Sydney (Londonderry)","956000014518696","Arna","2026-01-14","FEMALE","","Arna is a shy girl looking for a calm and nurturing family. She doesn't mind if her family go to work during the day, as she likes the opportunity to have some peace and quiet, and would make a lovely companion for a gentle, homebody family. Once she warms up she loves all things food and play, and will show off her brave side! A home without kids is best suited. A home with a yard she can retreat to when she needs to is best suited. Meet Arna at Western Sydney.","arna",""
"2022-11-01","Western Sydney (Londonderry)","956000014886701","Yola","2026-01-14","FEMALE","","*Yola has spent time in foster care over Xmas - update below!* ""Very loving Loves the car will settle in car straight away sleeps like a log She loves her walks Over the time I had her she wasn't aggressive with her food, bed or toys She needs lots of love and affection She loves people and was super friendly with everyone she met She will make someone a very loyal loving companion We all loved her to bits"" Yola is a gentle, thoughtful girl who is learning how to enjoy the comforts of pet life. Indoors, she has a lovely ability to settle for longer periods and truly appreciates a calm, cosy home environment where she can relax and feel safe. With the right guidance and understanding, she has the potential to work up to full-time hours, especially if her adopters are willing to help her ease into being left and set her up for success. Yola would thrive best in a low dog-populated area, where she can enjoy peaceful walks without feeling overwhelmed. She knows how to use stairs confidently and navigates the home environment well. While Yola can be social with other medium to large dogs, she would prefer to be the only dog in the household, where she can soak up all the love and attention. She would be best suited to a home without children, or with older, calm, and respectful children who understand how to give her space. Yola is looking for a patient, kind adopter who understands that settling into pet life is a journey and who will be rewarded with a loyal companion who truly appreciates a quiet, loving home.","yola-2",""
"2020-08-01","Western Sydney (Londonderry)","956000007852110","George","2026-01-14","MALE","","Handsome blue boy George is looking for a new best friend! George is an outgoing and friendly boy who just loves every single person he meets including strangers on walks! He is looking for a chilled out home and lifestyle so he can properly enjoy his retirement. A quiet house with a yard with a big comfy bed without other pets or kids to call his own is exactly what he is dreaming of. He doesn't mind spending time alone during the day making him a great match for those who work full-time hours. As long as he has a comfy bed and some yummy enrichment activities, he is happy! George loves his food and is extremely trainable - he has already mastered several cues including ""down"", ""shake"", ""off"" and more! This clever boy is a quick study. If you'd like to meet this one-of-a-kind boy, apply online today! George is available from our Western Sydney adoption centre.","george-8",""
"2021-02-01","Western Sydney (Londonderry)","956000011716992","Luna","2026-01-14","FEMALE","","Meet Luna, Our sweet little greyhound who’s ready to steal your heart 💛 Small in size but big on love, this gentle soul adores pats and being close to her people once she feels comfortable. Food and toys are definite favourites—treats are the quickest way to win her over, and playtime always brings out her happy side. She may enjoy the company of other dogs and may love a canine friend to go on little adventures with. While she can be a bit shy at first, patience and kindness helps her blossom into a friendly wriggly lady. A home without children or dogs is ideal. If you’re looking for a fun, affectionate Greyhound who enjoys good company, tasty snacks, and cozy moments, this special pup could be the perfect match for your home. 🐾","luna-14",""
"2021-04-01","Western Sydney (Londonderry)","956000007464633","Sally (Western Sydney)","2026-01-14","FEMALE","","Say hello to Sally—the life of the party and a greyhound full of bounce, joy, and endless fun! This playful girl loves her toys, lives for a good zoomie session, and thrives in an environment where she can stretch her long legs and let loose. Sally would love a home with a spacious yard and an active lifestyle to match her energy. She isn’t suited to homes with small animals but she’s a great match for other greyhounds or larger breeds who enjoy a good play session, pending a successful meet and greet. Sally is also a total sweetheart with people and doesn’t hold back on affection. Whether it’s leaning into a cuddle, joining in on family activities, or bringing her toy over for a game, she makes every moment fun and full of love. If you're looking for a lively, loving companion who will keep you smiling and moving, Sally might just be the perfect addition to your family.","sally-19",""
"2021-11-01","Western Sydney (Londonderry)","956000011658048","Gnocchi","2026-01-14","FEMALE","","Gnocchi is a friendly girl who loves to chill in a yard and prefers to spend her time outdoors when left alone. This pretty lady is a wiggly happy go lucky girl who has experience around big and small dogs. She is polite with other dogs when out and about and would make a great walking adventure buddy. She is loving and gentle, loves her training on site at the adoption centre and would do well with a family with a structured routine and even kids to dote on her, as she is super affectionate and fun loving! This pretty girl can be adopted at the Western Sydney adoption centre.","gnocchi",""
"2021-07-01","Riverina (Wagga, Temora, Gundagai, Griffith)","956000013036566","Dasha","2026-01-14","FEMALE","","Meet Dasha – the darling girl with a playful streak! Dasha is a loving, calm, and confident girl who brings just the right mix of fun and relaxation. She enjoys her morning zoomies, a walk during the day, and another burst of play in the evening – the rest of the time, she’s more than happy to lounge on the couch. She's a cuddly teddy bear! She’s great with little dogs and having a zoomie buddy or being on her own. She loves showing off, having the ball thrown to her, zooming around and playing with her toys, as much as she loves attention and snooze time. She's a great traveller and also loves her walks, being well behaved on the lead, and can be led by a 14 year old. Dasha is housetrained (she’ll let you know when she needs to go out!) . This chatty girl does have one funny quirk – a love for toilet paper – so keep your bathroom doors closed! With her loving nature and fun personality, Dasha will make a wonderful pet or companion.💘","dasha",""
"2020-03-01","Western Sydney (Londonderry)","956000013079731","Jake","2026-01-14","MALE","","** I am currently in a foster home with small dogs, stay tuned for more updates** Hey, I'm Jake! I'm a lovely and friendly boy, who gets along great with other greyhounds, happy settled alone in a crate, not to mention I'm food motivated which everyone says here at the centre makes it easy for me to learn ""pet skills""! I am polite with other dogs on walks including the little dogs I see around, making me suitable for urban life. I would also be suitable in an apartment with lift access. I think I'm the perfect match for a family with children with busy lifestyles as I'm an easy going boy who takes it all in my stride! Meet me at Western Sydney!","jake-8",""
"2017-05-01","Western Sydney (Londonderry)","956000005582145","Rambo","2026-01-14","MALE","","Rambo has enjoyed his stint in foster care, his favourite hobbies include napping on the floor, asking for cuddles (and cheese), and of course exploring the neighbourhood on his daily walks. Having lived in a foster care home, he now has his ‘stairs license’ and can confidently climb several floors. Rambo has a lot of love to give, and would therefore thrive in a calm environment. While he’s very obedient and respectful, Rambo is still working on his skills of independence and improving his confidence when being left alone for longer periods of time. He would enjoy a home with a laid back type of life. Known to roach and chill out, Rambo would be an amazing addition for a laid back couple, retirees due to his gentle nature, or a work from home lifestyle, as long as he gets a couple of short toilet walks around the block. Rambo is available from the Western Sydney adoption centre.","rambo-2",""
"2019-09-01","Western Sydney (Londonderry)","956000011097693","Kenneth","2026-01-14","MALE","","*I have just finished up foster care and am ready to find my perfect home!* He would suit apartment living as he spent most of the time in foster care snoozing indoors and was toilet trained in foster care. Kenneth is a sweet affectionate guy who loves playing with other dogs and would do well with a family who enjoy big playful dogs. Kenneth would suit shorter hours alone or a doggy friend/human presence to keep him company. Being middle aged, he's ready to take it easy and enjoy the retirement life but does have that fun streak. He's a friendly and affectionate boy who is suitable to live with respectful children or another M-L doggie pal providing they're a match for his bouncy play style with other dogs. He has the sweetest little face with an adorable personality to match. Come meet Kenneth at the Western Sydney adoption centre!","kenneth",""
"2020-12-01","Hunter Valley Mid Coast (Maitland/ Muswellbrook/Newcastle/Forster)","956000011576219","Solly","2026-01-14","MALE","","Solly is a striking young man with a personality that’s equal parts energetic and laid-back. He thrives on an active lifestyle—think brisk walks, playtime, and the occasional burst of zoomies to burn off his youthful energy. After he’s had his exercise, Solly transforms into a mellow cuddle enthusiast, always ready to relax with a wagging tail and plenty of affection. Although Solly hasn’t had much experience around small dogs or cats, he didn’t seem phased by our meta cat during his visit, which is a promising sign. With a slow and careful introduction, he could comfortably live with smaller pets. His gentle nature would likely fit well into a family environment, and he also might be suited for homes with full-time workers as long as he gets his daily dose of activity. If you’re looking for a loyal companion who can keep up on walks and then happily settle down for some quality downtime, Solly might be the perfect match for you!","solly",""
"2023-02-01","Western Sydney (Londonderry)","956000015730086","Cashew","2026-01-14","FEMALE","","Cashew is a small, smart, vibrant and cheerful girl who has lived in foster care for a few months! She has an energetic side and would do best with an active and stimulating life, she will drop the ball at your feet and loves play time and long walks. A home with a backyard to call her own would suit her best, so she can zoom and play fetch. She is pretty independent and has shown to settle and entertain herself with food puzzles, snuffle mats or her toys, so some hours alone are OK. A structured routine and someone who enjoys the company of a confident, engaged dog, would be the best fit. Someone who enjoys dog training and living a fun, full life, would love having Cashew by their side. Cashew has some experience around older children and would suit living in a family with kids, as she would keep the kids entertained and would love to be part of your daily activities. This gorgeous girl is super friendly, active and curious. She loves to run and play, chase balls and live a fun, full life, but her most favourite thing to do is play fetch - it is so much fun and an absolute delight watching her catch balls or toys in mid-air then throwing them back at you so she can go again! This adorable little girl can be adopted at Western Sydney.","cashew-1",""
"2023-06-01","Hunter Valley Mid Coast (Maitland/ Muswellbrook/Newcastle/Forster)","956000017126964","Tyson","2026-01-14","MALE","","Meet Tyson 🐾 Tyson is a handsome boy who would suit a semi-active lifestyle, enjoying a nice balance of daily walks, relaxed playtime, and plenty of downtime. He’s adaptable and easy going, making him a wonderful companion for a variety of households. He may do best with another doggo friend, as he enjoys canine company and would love a buddy to share his days with. Tyson is used to being around kids and is comfortable in a family environment, taking all the activity in stride. A true people-lover, Tyson is more than happy to receive lots of cuddles and affection. He settles quickly into new surroundings and takes changes in his stride, making the transition into a new home smooth and stress-free. If you’re looking for a friendly, affectionate greyhound who fits easily into family life and enjoys both activity and relaxation, Tyson could be the perfect addition to your home.","tyson-5",""
"2020-09-01","Hunter Valley Mid Coast (Maitland/ Muswellbrook/Newcastle/Forster)","956000011711669","Rosey","2026-01-14","FEMALE","","Meet Rosey 🌸 Rosey is a sweet girl who would thrive in a quiet, calm household where she can feel safe and settled. She would prefer to be the only dog in the home, allowing her to relax and enjoy being the centre of attention at her own pace. While Rosey may take a little time to come out of her shell, patience is beautifully rewarded. Once she gets to know you, she reveals her affectionate side and enjoys gentle cuddles and close companionship. Beneath her soft nature is a dog with so much love to give. Rosey would be well suited as a family dog, especially with a household that understands the value of giving her time, space, and kindness as she settles in. In return, she’ll offer loyalty, warmth, and a quiet but deeply loving presence. If you’re looking for a calm, devoted companion and are happy to let a special bond grow naturally, Rosey could be the perfect match. 💕","rosey-19",""
"2023-05-01","Hunter Valley Mid Coast (Maitland/ Muswellbrook/Newcastle/Forster)","956000016769658","Will","2026-01-14","MALE","","Meet Will 🐾 Will is a beautiful boy with a truly gentle soul. He’s the kind of dog who wins hearts quietly, with his calm presence and loving nature. Will enjoys a quick burst of fun—a happy zoomie or two—before settling in for a long, well-earned rest. He would be best suited to a quiet household where he can relax and feel at ease, and he’d do well with older children who understand and respect his gentle temperament. Will is comfortable around medium to large dogs and would happily share his home with another calm canine companion. Above all else, Will loves affection. Pats, cuddles, and kind attention are his absolute favourite, and he’ll soak them up with gratitude and a wagging tail. If you’re looking for a sweet, low-key greyhound who enjoys life’s simple pleasures and offers endless affection in return, Will could be the perfect fit. 💙","will-13",""
"2021-07-01","Western Sydney (Londonderry)","956000007430783","Poppy","2026-01-14","FEMALE","","Meet Poppy! 🌸 Poppy is a playful, sweet girl with a heart full of love and a spring in her step. She enjoys playtime and has been friendly with the dogs she’s met. While Poppy has been nice to small dogs whilst in our care, she can be quite exuberant and so dogs over 10kg are more her style. Once Poppy gets to know you she becomes wonderfully affectionate and fun. Poppy loves exploring the world and would be thrilled to have a walking buddy by her side. Poppy would do best in a home that gives her a bit of time to settle in, then rewards you with cuddles, companionship, and lots of happy tail wags. If you’re looking for a playful, loving dog, Poppy might just be your perfect match. 🐾","poppy-11",""
"2017-07-01","Hunter Valley Mid Coast (Maitland/ Muswellbrook/Newcastle/Forster)","956000009573776","Banjo","2026-01-14","MALE","","CURRENTLY IN FOSTER CARE! Banjo is a beautiful older gentleman with a sprinkle of grey wisdom on his cute face. At nearly 8 years old, Banjo may be entering his golden years, but don’t let that fool you—he’s still full of life, love, and the occasional burst of playful energy. He’s a sweet, affectionate boy who adores human company and thrives on gentle attention. Banjo is happiest when he’s soaking in the quiet moments, or going on a leisurely walk. Banjo is calm, well-mannered and house trained. He is looking for a loving home where he can enjoy the simple pleasures: a soft bed and a family to call his own.","banjo-7",""
"2023-05-01","Hunter Valley Mid Coast (Maitland/ Muswellbrook/Newcastle/Forster)","956000015734827","Pizza","2026-01-14","MALE","","Meet Pizza 🍕 Pizza is a confident, happy-go-lucky boy with a big personality and an even bigger heart. He’s fantastic with all dogs and currently lives comfortably alongside other greyhounds, making him a great choice for a home with existing canine companions. Playful and full of life, Pizza loves to have fun and enjoys his adventures—especially when they involve travelling and exploring new places. Whether it’s a car ride, a day out, or just playtime at home, he’s always ready to be part of the action. When Pizza isn’t busy playing, he’s busy loving. He’s incredibly affectionate and well known for standing right over you, politely (or not so politely!) demanding cuddles and attention. Personal space isn’t really his thing—he’d much rather be close to his people. If you’re looking for a confident, social, and loving greyhound who will keep you smiling and ensure you never miss out on a cuddle, Pizza might just be your perfect match. 💙🐾","pizza",""
"2021-11-01","Hunter Valley Mid Coast (Maitland/ Muswellbrook/Newcastle/Forster)","956000011658169","Blue","2026-01-14","MALE","","Blue is a confident, character-filled greyhound who knows exactly who he is. He’s social without being over-the-top, loves a good cuddle, and then happily wanders off to do his own thing. Blue walks nicely on lead and takes everything in his stride, making him an easy and enjoyable companion. With his quietly quirky charm and laid-back independence, Blue could be well suited to a home with another large dog for company or a family who appreciates a dog with personality and balance.","blue-15",""
"2021-05-01","Hunter Valley Mid Coast (Maitland/ Muswellbrook/Newcastle/Forster)","956000013018236","Jimmy","2026-01-14","MALE","","Jimmy is a very social, affectionate greyhound with a big personality and an even bigger heart. He loves cuddles, enjoys playing with his toys, and has an endearing habit of carrying his food bowl around once he’s finished eating. Jimmy would thrive in a home with another large dog to keep him company and would benefit from having a yard to enjoy doing showing off his zoomies. Cheeky in the most lovable way, Jimmy brings fun, warmth, and plenty of smiles to those around him.","jimmy-12",""
"2021-05-01","Hunter Valley Mid Coast (Maitland/ Muswellbrook/Newcastle/Forster)","956000014492320","Teddy","2026-01-14","MALE","","Teddy is a happy, affectionate greyhound who would thrive in an active home that enjoys getting out and about. He loves his zoomies just as much as his cuddles and will reward you with plenty of enthusiastic tail wags. Teddy would be best suited as a solo dog, as he prefers to keep his food and toys to himself. He’d make a wonderful companion for a family with older children who can match his energy and also appreciate his affectionate side.","teddy-10",""
"2017-06-01","Hunter Valley Mid Coast (Maitland/ Muswellbrook/Newcastle/Forster)","956000009573415","Belle","2026-01-14","FEMALE","","Belle is a super sweet, gentle greyhound with a relaxed and affectionate nature. She would suit a quiet lifestyle and could happily live in an apartment, as she’s more of a homebody than a high-energy dog. Belle would make a lovely family companion for homes with older children and could potentially live with a calm, medium to large dog. True to her breed, she’s a champion couch potato who loves lounging, short strolls, and soaking up affection.","belle-7",""
"2022-11-01","Riverina (Wagga, Temora, Gundagai, Griffith)","956000014799505","Milla","2026-01-14","FEMALE","","Meet Milla 🐾 Milla is a happy, easy-going girl with a gentle soul and a truly lovely nature. She’d be a wonderful match for a relaxed family or a couple looking for a calm, well-mannered companion. Milla is great with kids aged 9+ and enjoys peaceful walks around the streets or to the park—she’s easy on the lead and not overactive. She gets along well with medium dogs like Labradors and other greyhounds, preferring male over females. That said, Milla would be happiest as the only dog in the home, where she can soak up all the love. Milla is housetrained and good inside but prefers to be mostly outside during the day, playing in her shell pool, under the sprinkler and enjoying her toys, especially on warm days. She’s also a good traveller and is always up for adventures with her people. If you’re looking for a gentle, well-balanced dog with a sweet personality and calm energy, Milla might be the perfect addition to your life. 💕","milla",""
"2022-03-01","Riverina (Wagga, Temora, Gundagai, Griffith)","956000013063586","Wren","2026-01-14","FEMALE","","Wren is a gentle, sweet-natured girl who can be a bit shy at first, but once she's met you and let her come to you, her affectionate personality shines through. A few treats and a little chat go a long way with this lovely lady! She loves her morning zoomies and playtime with her retired greyhound friends, then settles in for some chill time with the family – including a small mixed-breed, a whippet, a Jack Russell, and three older greyhounds. She's well-behaved indoors and enjoys being part of the daily routine, including playing with a 2 year old girl. Wren walks beautifully on the lead and is calm and confident around town. She’s a happy, social girl who loves a gentle pat and attention. On the farm she does not worry about cows and horses nearby. Wren would make a wonderful companion in a variety of homes. She’d be happy as an only dog with someone who’s home often or works part-time from home. She’d also be delighted to share her home with a small, friendly dog, especially a whippet, and loves to lie on the lounge. If you're looking for a loyal, gentle, and loving new friend, Wren could be the perfect match for you! 💝","wren-1",""
"2023-01-01","Central West (Bathurst/Dubbo/Coonabarabran)","956000015750365","Noah","2026-01-14","MALE","","Noah is a beautiful, gentle soul looking for a calm and loving home. He has a very friendly nature and greets people with quiet sweetness rather than excitement. If you’re after a relaxed companion, Noah could be your perfect match. Noah gets along wonderfully with small dogs and cats, making him a great option for multi-pet households. His calm temperament and soft manners mean he fits in easily without fuss. He’s a chilled-out boy who truly loves his comforts, especially curling up on his bed for a long, peaceful sleep. Around the house, Noah is easygoing and content to potter about or snooze the day away.","noah-3",""
"2022-04-01","Western Sydney (Londonderry)","956000011348603","Simba","2026-01-14","MALE","","Beautiful boy Simba is looking for a pride of his own! Simba is a sweet and gentle 3-year-old boy with a surprising playful streak that occasionally comes out when you least expect it! He is very affectionate with people, walks well on the lead and LOVES his treaties! Simba is friendly and social with both large and small dogs, and would be a good fit for a home with another dog/s or someone looking for a dog-social companion to take out and about. As a single dog, Simba has potential to slowly work up to longer hours alone. He is well behaved indoors but as he is still getting used to pet life he would also love a small outdoor space to explore and relax in. Simba's gentle nature makes him suitable for respectful kids as long as they are able to give him space when he needs a break. So if Simba makes your hear roar, apply to adopt him today! He is available from our Western Sydney kennels.","simba-3",""
"2022-04-01","Western Sydney (Londonderry)","956000011349304","Oreo","2026-01-14","MALE","","*DEPOSIT TAKEN* Craving some adorable love and affection? Our sweet little Oreo will hit the spot! This tiny 3-year-old boy is just about the cutest thing we've ever seen! Oreo is a happy and outgoing guy who just loves everyone - people and also other dogs as well! Oreo has shown lovely social and playful behaviour around other dogs big and small and is suitable for living with other dogs if you already have some in the family. Oreo loves his toys and respectful kids would enjoy his goofy side and also his affectionate nature. Oreo is well behaved indoors and is doing well with stairs training, making him a good candidate for apartment living. As a single dog, he has potential to slowly work up to longer hours alone, as long as he gets lots of love and attention before you leave and after you get back. Oreo can't wait to meet you! Apply online now to adopt this special little guy.","oreo-2",""
"2023-11-01","Northern Rivers (Grafton, Lismore, Casino)","956000017132572","Slim","2026-01-14","MALE","","Meet Slim! Slim is a young greyhound who has decided that the pet life is definitely for him. As a young dog, he will benefit from some ongoing training and guidance, and he is a strong, active boy who will enjoy regular exercise and mental stimulation. Slim has met small dogs and has been polite and friendly in his interactions. He has adorable lopsided ears, which certainly don’t stop him from hearing the crinkle of a biscuit packet or the jingle of a treat pouch. Slim is a real stickybeak who loves to be involved in whatever is happening around him and enjoys being part of the action. With the right home willing to invest time in his training and include him in daily life, Slim will make a fun and rewarding companion.","slim-4",""
"2021-09-01","Northern Rivers (Grafton, Lismore, Casino)","956000014500559","Charlie","2026-01-14","MALE","","Charlie is a friendly, playful, and affectionate male greyhound who enjoys being part of everyday life. He loves cooling off with a paddle in the pool on warm days and is always happy to jump in the car for an outing. Charlie thrives on spending time with his people and would suit a family who can include him in adventures, playtime, and fun activities. Charlie walks very well on a lead and is calm and reliable when out and about. He has confidently been walked by children aged nine years and older, making him a lovely option for a family with older kids. With his easy-going nature and love of companionship, Charlie would make a wonderful addition to the right home.","charlie-21",""
"2023-11-01","Northern Rivers (Grafton, Lismore, Casino)","956000017130991","Sandy","2026-01-14","FEMALE","","Meet Sandy 🐾 Sandy is a young female greyhound with a happy, active personality and a playful spirit. She is full of enthusiasm and would thrive in a home that enjoys spending time with her and helping her learn the basics of everyday life. Sandy would benefit from a family who are happy to put time into some gentle training and guidance. She is eager, playful, and would love a companion who will engage with her, play games, and help her build confidence as she learns life’s basics. With patience, consistency, and plenty of affection, Sandy will grow into a wonderful and rewarding companion for an active and caring home.","sandy-15",""
"2023-11-01","Northern Rivers (Grafton, Lismore, Casino)","956000016767795","Abby","2026-01-14","FEMALE","","Abby is a beautiful female greyhound with a calm, gentle nature and a friendly personality. She is a very pretty girl who enjoys human company and takes life at an easy, relaxed pace. Abby has spent time around children aged 9 years and older and has even been confidently walked by them, showing her steady and trustworthy temperament. She is good with small dogs and has also met a cat, showing no reaction. With a little patience and sensible introductions, Abby could happily live in a home with a cat. Although Abby hasn’t lived in a house before, she is surprisingly well-mannered indoors. She can walk comfortably on wooden floors and is exceptionally clean and tidy, keeping her space neat and calm. Abby would suit a loving home looking for a gentle, affectionate companion who is easy to live with and ready to enjoy the comforts of family life.","abby-7",""
"2019-09-01","Western Sydney (Londonderry)","956000007844340","Sesame","2026-01-14","FEMALE","","Hi, I'm Sesame, a sweet and small sized little lady with a quiet nature. I like the calm life and simple pleasures like sniffari's and gentle walks. I settle nicely on my own and could suit full time workers with a house or apartment due to my laid back nature. My best home is one without other dogs, but happy to live with respectful children who are quiet and calm like me. I settle best indoors so a home who will let me come inside and sleep on the couch is best suited. I love calm interactions and people who will nurture me and teach me all about pet life. Meet me at Western Sydney.","sesame-2",""
"2021-05-01","Western Sydney (Londonderry)","956000007467147","River","2026-01-14","FEMALE","","* ON HOLD * River is a sweet, affectionate girl who would suit apartment living with lift access, or a home with another dog big or small. River is calm, highly affectionate and cuddly, and would love a nurturing and calm home to enjoy the spoils of pet life. Her favourite thing is coming into our GAP office and finding the comfiest dog bed possible and sleeping ALLLLLL day. River is gentle with all people or dogs and would be suitable to live with respectful children. Available at Western Sydney.","river",""
"2022-02-01","Western Sydney (Londonderry)","956000011647195","Mason","2026-01-14","MALE","","Playful and vibrant Mason is ready to find his forever home! This adorable 3-year-old boy is small in size but big in personality! Mason has an outgoing and affectionate personality and loves to become instant best friends with every person he meets! He loves tossing his toys around and is best known for his trademark hilarious zoomies! Mason is a well-rounded boy who would suit a variety of different homes. He is friendly and social with other dogs around his size and would gladly share his home with one. However, Mason is also quite happy in his own company and be fine to live as a single dog spending a few hours alone during the day. Older/respectful kids are also suitable and would enjoy Mason's silly side. Although he would love a backyard or courtyard to zoom in as he pleases, it is not essential if you have an active lifestyle and would enjoy taking Mason outside regularly to have some fun. So get ready to bring some joy into your home and heart with our goofy guy Mason! He is ready when you are.","mason-2",""
"2021-11-01","Western Sydney (Londonderry)","956000007434216","Spark","2026-01-14","MALE","","Introducing Spark the handsome brindle greyhound. Spark has been around teenage kids and acts gently around them. He loves playing with soccer balls in the yard and would do best with a slow introduction to walks as a new pet as he can become overwhelmed with new places. He has been described as loving and quirky - your quintessential greyhound! Spark would be suitable with a female dog companion, a house with a backyard and would enjoy being a family member with indoor/outdoor access. Spark is available to adopt from Western Sydney by appointment.","spark-3",""
"2020-12-01","Western Sydney (Londonderry)","956000012142608","Tessa","2026-01-14","FEMALE","","**Tessa is available via a foster care arrangement at Western Sydney - if you think you're a perfect match to foster and look after our special girl Tessa please reach out to Western Sydney** The Western Sydney team are delighted to put forward Tessa as a suitable greyhound for the right foster care home. Tessa has been our office dog here at the adoption centre. Tessa's perfect home is a home with no children, no stairs, and a house with a backyard. When it comes to other pets, Tessa has shown sociability with cats and small dogs so a home with polite existing pets could be an option pending a discussion with the rehoming team. Tessa is a very affectionate and loving girl who loves to ask for lots of pats then settle herself nice and comfy in her bed next to you. She is playful, polite, and dorky when she plays with toys! She is happy spending the day alone and would suit longer stints of hours alone. When Tessa was our beloved office dog, she was known to enjoy spending quiet time indoors snuggled up on her bed, for almost all day, sometimes you'd forget she was there! Enrichment activities such Licky-Mats and Kongs are a hit with Tessa and are a great way to bond with her. Tessa is a stunning girl looking for a family to foster her and provide her the care she needs - could it be you?","tess-3",""
"2020-02-01","Northern Rivers (Grafton, Lismore, Casino)","956000007828464","Bobby","2026-01-14","MALE","","Meet Bobby! Bobby is a stunning black greyhound with a gentle soul and a heart full of love. This handsome boy is friendly and easygoing, making him the perfect companion for anyone looking for a loyal friend. Booby is a happy go lucky chap. He enjoys life’s simple pleasures—paddling in water on a sunny day, hopping in the car for a drive, and spending time with his furry friends. Bobby currently shares his home with a cheeky little dachshund and gets along beautifully. He’s also a social butterfly when it comes to other dogs, loving every opportunity to mingle and make new pals. Quiet and tidy in his space, Bobby is as low-maintenance as he is charming. If you’re looking for a sweet, sociable greyhound who will bring joy and calm to your life, Bobby is ready to steal your heart.","bobby-15",""
"2023-03-01","Western Sydney (Londonderry)","956000014888770","Gus","2026-01-14","MALE","","Gus is a sweet and charming guy who has short bursts of energy, can be a little shy, with an overall adorably friendly nature. He is polite on the lead and walks perfectly next to you on adventures. He will keep his diary full of fun things like snoozing, adventures like sniffing the yard, playing with the kids, and snoozing on the couch. This sweet guy is friendly around medium to large dogs, enjoys a quick game of fetch, and is gentle, friendly and soft with all he meets. Gus is available at Western Sydney.","gus-10",""
"2021-07-01","Western Sydney (Londonderry)","956000011711981","Ella","2026-01-14","FEMALE","","Ella has grown up around small dogs like poodles/cavoodles, and would suit a home with another dog big or small. She gets along with greyhounds too, making her a great fit for a multi-dog home or someone looking to take her to family events with other dogs. She can be nervous when she is first getting to know you but warms up and shows her loving personality in no time. She loves a clam shell pool in the summer time, so a house with a backyard with room for her own kiddy pool would be great this Summer! She has been described as playful, placid and calm. Ella is fond of toys and balls and will love a fun active lifestyle with her new family.","ella-7",""
"2020-10-01","Western Sydney (Londonderry)","956000011576275","Minnie","2026-01-14","FEMALE","","Minnie is a sweet, bubbly girl. Minnie is friendly, affectionate, a tad goofy, and oh so lovable! Minnie is a great blend of silly and calm, being middle aged she's ready to kick off her lounge lizard era, and can't wait to meet you! A home with a yard to perfect her zoomies, and some children to entertain her after school, would be a great fit. In return Minnie promises to keep everyone upbeat and having fun every day. She can be nervous in new places so a family who are happy to take it slow to begin with would be a great fit. This gorgeous girl can be adopted at Western Sydney.","minnie-8",""
"2023-09-01","Western Sydney (Londonderry)","956000015733897","Girl","2026-01-14","FEMALE","","Hi, I'm Girl! I'm young, cute, and looking for a new family. I can be shy in new places but I promise to be a big brave girl once I become a member of your family. Due to being a bit nervous, older children would be best suited for me. A home with a place to retreat would be the best, as I learn to thrive along side you, so a house with a yard or my own room would be really great! I am friendly with other dogs and show a cute little tail wag, showing off my brave side. I'm still young so a family who can train me and teach me all about the world would be amazing! Meet me by appointment at Western Sydney.","girl-3",""
"2020-11-01","Western Sydney (Londonderry)","956000007364060","Ellie","2026-01-14","FEMALE","","Introducing Sweet little Ellie! Ellie can be a little shy at first with new people, but with some patience and love you will soon see her affectionate and goofy playful sides come out! Ellie love her treats and her toys and we have found it to be a super rewarding experience to win her over! She may even delight you with her spontaneous joyful zoomies (that last approximately 7 seconds before she needs a nap). Ellie would suit a relaxed and laid back home and lifestyle and would love a backyard or courtyard to call her own. She is happy to share her home with another medium-large dog, or could spend a few hours chilling alone during the day as a single dog. Older, respectful kids/teens are suitable, provided they can give Ellie space when she needs a break. If you think you can give Ellie the loving home she deserves, apply online today to adopt this sweet girl!","ellie-12",""
"2022-12-01","Western Sydney (Londonderry)","956000014910956","Tanooki","2026-01-14","MALE","","Hey! I'm Tanooki. I'm a friendly, outgoing guy looking for a place to call home. I am affectionate, love zoomies, and would make an awesome addition for a family with fun loving children who are looking for an energetic pal. I am friendly with big and small dogs and would suit a home with a likeminded doggie pal. If you have a backyard, love the fun life and are looking for a cool guy like me, apply now! I'm available at Western Sydney.","tanooki",""
"2022-02-01","Northern Rivers (Grafton, Lismore, Casino)","956000007422294","Diva","2026-01-14","FEMALE","","Diva is a stunning female greyhound who knows what she loves: food, attention, and plenty of affection! She walks beautifully on a loose lead, making strolls with her an absolute pleasure. This affectionate girl adores being the centre of attention and will happily soak up all the love you can give. Diva would prefer a calm, medium-to-large doggy friend to share her space—she’s not really a fan of the cute little dogs. If you’re looking for a sweet, loving companion who will melt your heart (and maybe sneak a snack or two), Diva is ready to rule your world!","diva-5",""
"2022-10-01","Northern Rivers (Grafton, Lismore, Casino)","956000014888772","Crackers","2026-01-14","FEMALE","","Meet Crackers – and no, she’s not crackers at all! Crackers is a gorgeous greyhound with a sweet and curious personality. She’s usually calm and quiet, but she loves to be involved and keep an eye on what’s going on—she’s a bit of a sticky beak! She’s great with small dogs, adores a good pat, and is super easy to handle and walk. Crackers is the kind of girl who will happily join you for a stroll, then curl up for some well-deserved cuddles. If you’re looking for a gentle, friendly greyhound who’s just the right mix of chilled and cheeky, Crackers is ready to steal your heart! “Crackers – the calm, curious companion you’ve been waiting for!”","crackers",""
"2021-05-01","Western Sydney (Londonderry)","956000014487144","Derek","2026-01-14","MALE","","Hi, I'm Derek! I'm a friendly, food motivated boy who loves treats and I have even learnt things like ""yes"" and ""down"". I am great in a crate, and enjoy my apartment simulation times making me suitable to be indoors with you during the day. I would like to live in a house with a backyard and I'm even suitable for full time workers. Sometimes the big wide world can get a bit overwhelming so a bit of encouragement on walks and a slow exposure to new things would be really good for me! A home without children and staircases is ideal. Come meet me at the Western Sydney adoption centre!","derek-2",""
"2019-02-01","Western Sydney (Londonderry)","956000006171424","Poet","2026-01-14","MALE","","*I'm in foster care - see update below!* ""He has settled in really well, he is very independent and is happy to just watch you walk around the house, definitely not a velcro dog. He is walking really good on the lead also, is not distracted by noises or other dogs."" I’m Poet the greyhound, long legs, gentle soul, A champion napper with couch-warming goals. I’m living in foster, I’ve learned all the rules, Including toilet training — I’m no fool. Full-time workers, you’re speaking my style, I’ll greet you at home with a long-legged smile. I walk, I nap, I play with flair, Mostly I’m calm and happy to share. So if you’re seeking a calm, loyal friend, A story of love with a beautiful end, Come meet me soon, my chapter’s not through, I’m Poet, and I’m waiting just for you. Poet is available from Western Sydney.","poet",""
"2017-11-01","Western Sydney (Londonderry)","956000009568541","Belle (Western Sydney)","2026-01-14","FEMALE","","If you’re looking for a dog who will steal your heart without even trying, meet Belle. She’s affectionate, confident, and genuinely one of those dogs you wish you could keep forever ❤ Belle would love a home in a low dog-population area, ideally with experienced dog people or adopters happy to continue the great foundations she’s learned while in care. She’s picked up an awesome skill set that’s really set her up for success, and she thrives when those skills are understood and supported. Inside the home, Belle is an absolute pleasure. She settles beautifully, making her well suited to full-time work hours or apartment living, and she LOVES her crate, finding it a safe and calming space. She’s medium to large dog friendly and has been an incredible confidence-building buddy for some of the more timid dogs onsite. Belle has a special knack for helping others feel safe and relaxed around her. Belle is super affectionate, wonderfully confident, and has even shone during onsite group days, taking everything in her stride with her signature calm charm. She’s also child friendly and would enjoy being part of the family fun. Honestly, it’s hard to fault Belle. She’s the kind of dog who makes everyday life better just by being in it. We have no doubt she’s going to make a family very happy ❤","belle-6",""
"2021-07-01","Northern Rivers (Grafton, Lismore, Casino)","956000011663055","Bandit","2026-01-14","MALE","","Meet Bandit Bandit is a handsome male greyhound with a heart as big as his soulful eyes. He’s a quiet and easy-going boy who loves a calm environment. While he may be a little shy at first, Bandit quickly warms up and shows his sweet, affectionate nature. He’s great with small dogs and knows how to share his space politely. Bandit is also polite and well-mannered with children and has been around kids aged 7 and under, making him a wonderful family companion. A clean and tidy housemate, Bandit uses a doggie door like a pro, making him low-maintenance and independent. If you’re looking for a gentle soul who will bring peace and companionship to your home, Bandit is ready to steal your heart.","bandit-4",""
"2017-06-01","Riverina (Wagga, Temora, Gundagai, Griffith)","956000004047660","Willow","2026-01-14","FEMALE","","Meet Willow 🌸 Willow is a friendly, happy older girl with a gentle soul and lots of love to give. She’s had two litters in the past and plenty of handling, so she’s calm, confident, and very people-oriented. Willow is affectionate and enjoys being around her humans — she’ll happily come up to you for pats and cuddles, and loves spending time with you in the backyard or joining you on relaxed walks. She gets along with other dogs and would suit a quiet household with some attention and walks, happy with grandchildren visiting aged 6 and up. Not overly energetic, Willow is an easy-care companion who’s content just being near you and sharing your day. If you’re looking for a sweet, steady friend with a loving nature, Willow could be the perfect addition to your household. 🐾💛","willow-12",""
"2021-11-01","Hunter Valley Mid Coast (Maitland/ Muswellbrook/Newcastle/Forster)","956000011663140","Chopper","2026-01-14","MALE","","Chopper is an absolute delight—a happy, tail-wagging boy who brings joy wherever he goes. Full of personality, he adores his toys, loves a good zoomie session, and is always ready to show off his playful side. Confident and cheerful, Chopper settles into new environments with ease and quickly becomes a bright spot in any home. While he’s a big fan of affection and will gladly soak up attention from his favourite humans, Chopper is also perfectly content to relax and enjoy some quiet time on his own. He strikes a lovely balance between being cuddly and independent. Chopper wouldn’t mind sharing his home with another medium to large dog, especially one who can match his energy and playfulness. His easygoing nature makes him a great companion for both people and dogs alike. If you’re looking for a fun-loving, confident boy who brings equal parts joy, play, and calm, Chopper might just be the perfect addition to your family. He’s ready to fill a home with tail wags, toys, and plenty of love.","chopper-2",""
"2020-02-01","Western Sydney (Londonderry)","956000007830232","Muppet","2026-01-14","MALE","","Our goofy guy Muppet will fill your home with laughter and love! Muppet is a very friendly and outgoing boy, known for going up to every stranger he sees on walks with his wagging tail and asking for pats! He's got an adorable wiggly and playful nature, but above all he just loves getting lots of pats and attention from his people! Muppet would suit a home with at least a small yard so he can soak up the sun and play with his toys. He would prefer to be the only pet in the family and doesn't mind spending a few hours alone during the day provided you live in a quieter neighbourhood. Muppet LOVES his treats and staff here at GAP HQ find him to be very trainable! He has already learned to walk beautifully on lead, a great (on-lead) recall and to settle on his bed when asked! Muppet is suitable for older kids who would just love his playful and affectionate nature. If you think Muppet is the perfect fit, apply online today to take his sweet boy home!","muppet",""
"2021-12-01","Northern Rivers (Grafton, Lismore, Casino)","956000012863723","Tom","2026-01-14","MALE","","Tom is a handsome male greyhound with a heart as big as his graceful stride. He’s the perfect mix of calm and friendly. Personality: Tom is clean, quiet, and wonderfully easy-going. He loves a peaceful environment and is happiest when he can relax by your side. Temperament: Calm and affectionate, Tom enjoys gentle company and is friendly with small dogs, making him a great fit for multi-pet households. Why You’ll Love Him: His laid-back nature and sweet personality mean he’ll quickly become your best friend. Whether it’s a cozy evening indoors or a leisurely walk, Tom is always ready to share the moment. Don't miss out on this handsome boy, head out and check him out.","tom-20",""
"2019-10-01","Northern Rivers (Grafton, Lismore, Casino)","956000007462010","Dan","2026-01-14","MALE","","Dan is a handsome 6-year-old male greyhound with a need for speed—he’s very fast and loves to run! When he’s not showing off his racing skills, Dan enjoys taking it easy and lazing around. He’s great with other dogs and relaxed around children, making him a wonderful companion for families. If you’re looking for a gentle, friendly boy who loves both adventure and chill time, Dan is your guy!","dan-6",""
"2021-11-01","Western Sydney (Londonderry)","956000007424198","Dusty","2026-01-14","MALE","","Hi, I'm Dusty, a distinguished, gentle boy looking for a couch to call my own. I am polite with other dogs and would suit a home with a calm medium-large companion - although not essential. A house with a backyard would be perfect, as I love to sniff around and enjoy the indoor outdoor lifestyle. A home who will continue training and enrichment games would be great as I am smart and have shown I'm eager to learn. A home without children is best as I can be shy around lots of stimulus. I need a home that is calm and consistent so I can build my confidence and settle in well. Meet me at Western Sydney!","dusty-8",""
"2022-12-01","Hunter Valley Mid Coast (Maitland/ Muswellbrook/Newcastle/Forster)","956000014883798","Alfie","2026-01-14","MALE","","💙 Meet Alfie — Your Blue Fawn Adventure Buddy! Alfie is a striking blue fawn greyhound with a bright mind and an energetic spirit. He’s eager, curious, and always ready for his next adventure — the perfect match for a family who loves to get out and explore. ✨ What Alfie is looking for: An active lifestyle: Alfie thrives with regular exercise, outings, and activities that keep both his body and mind engaged. Family home with older kids: He’d do well in a busy, loving household with children who understand dogs and enjoy being part of his fun. Canine companions: Alfie is best suited to living with a medium or large dog who can match his play style and confidence. A yard to enjoy: Space to stretch out, run, and sniff is important for this energetic boy. Lots of enrichment: Puzzle toys, training games, and new experiences help Alfie shine — he loves using his brain just as much as his legs. Alfie is ready to bring enthusiasm, affection, and excitement into the right home. If you're searching for a fun, smart companion who’ll keep life lively, Alfie could be the perfect partner for your adventures.","alfie-9",""
"2020-02-01","Western Sydney (Londonderry)","956000007833913","Enzo","2026-01-14","MALE","","*I'm in foster care with another greyhound!* Foster Update: ""Loves having a dog or human companion. Fully toilet trained and can use a doggy door. Loves playing fetch with a ball or squeaky toy. Playful and so full of joy, jumps up (but not on you, like a kangaroo) when he's excited that you're home. Loves a bum pat, and when you're sitting down he'll scooch himself over your knee like he's trying to be a lap dog. No drive towards birds or medium to large dogs. Enzo has: been to Bunnings and was very polite (except for a sneaky wee in the garden section) Mastered stairs, dog doors, staying away from electric fences, walking politely with another dog on leash Not shown any resource guarding with food or high value treats with us or Theo Not shown any signs of sleep startle Enjoyed meeting visitors and strangers for a pat in both home and outside environments"" Enzo is the perfect blend of calm, playful, goofy and loving. He enjoys spending time in the office and although he tolerates the chaos of the office, he ideally would prefer a calm and quiet lifestyle. A home with a backyard in a quieter area would be best for this boy and pending a meet and greet, a home with another medium to large dog could work for him too! He has loved playing with all of his Greyhound friends and is super social with all the people he meets when he's out and about. When he is left alone, he has shown to settle quite well so could suit a home where his humans are home less often throughout the day. This adorable boy is available at the Western Sydney adoption centre.","enzo",""
"2023-11-01","Northern Rivers (Grafton, Lismore, Casino)","956000017180951","Rose","2026-01-14","FEMALE","","🌹 Meet Rose — Your Gentle Red Brindle Beauty! Rose is a stunning red brindle greyhound with a calm, affectionate nature that wins hearts wherever she goes. With her soft eyes and gentle spirit, she’s the kind of dog who brings instant warmth to any home. ✨ What makes Rose special: Great with small dogs: Rose interacts beautifully with smaller companions, making her a wonderful fit for multi-dog households. A dream travel buddy: She settles comfortably in the car and rides like a pro — perfect for road trips, vet visits, or weekend adventures. Lovely on the lead: Rose walks with ease and elegance, enjoying her outings without pulling or fussing. Confident & comfortable: Whether she's exploring new places or relaxing at home, Rose carries herself with quiet confidence and grace. Rose is ready to bring love, loyalty, and serenity into her forever home. If you're looking for a gentle friend who’s as sweet as her name, Rose might be your perfect match.","rose-19",""
"2020-03-01","Western Sydney (Londonderry)","956000007829662","Snag","2026-01-14","MALE","","Snag is a handsome blue brindle boy who would suit a house with a backyard, and a home in a low dog populated area. His ideal fit would be an owner who doesn't wish to bring Snag to high dog populated areas like dog parks, doggy day care/cafes. His ideal home would be one with a couple hours alone here and there, and a family who can build him up to more. He likes being indoors when it's hot so the ability to be indoors and outdoors is a must. This gorgeous boy would mingle nicely with children 10+. Snag is on the small size for a male greyhound, too. Snag is a gorgeous boy and we can't wait to see which lucky family gets to take him home. Available at Western Sydney.","snag-1",""
"2022-07-01","Western Sydney (Londonderry)","956000011346929","Griffin","2026-01-14","MALE","","Griffin is a big gentle giant. He would do best with a family who have experience with shy dogs. He is slowly learning about the world around him and does well with slow exposure to new things - walks, new places, new stimulus. He has shown to settle well on his own for a few hours and could build up to longer hours with a backyard in a quiet neighbourhood. He mingles nicely with the other greys at the centre and would enjoy a home with a medium-large dog with a similar nature to him. He would be suitable for children, preferably older kids as he is large in size. He is very sweet when you get to know him and will play a game of fetch with you. Griffin is a very sweet dog and would make a wonderful pet for a family lucky enough to adopt him. Griffin is at Western Sydney.","griffin",""
"2022-10-01","Riverina (Wagga, Temora, Gundagai, Griffith)","956000015732119","Cody","2026-01-14","MALE","","Meet Cody – Your Gentle, Energetic Gentleman Cody is a handsome fawn male greyhound with a loving nature and a wonderfully balanced energy level. He’s a big boy with an even bigger heart, always ready to greet the day with a joyful morning run-around. After that, he’s content to relax and spend most of the day snoozing happily. He enjoys a play session or a nice walk later in the day, making him a great match for people who like a bit of activity without constant high energy. Cody isn’t overexcitable—just cheerful, affectionate, and easy to live with. He would suit workers, a couple, or a family with older kids who can give him love, routine, and a comfy bed to stretch out on. Cody is ready to bring warmth, fun, and companionship to his forever home. If you're looking for a gentle soul with a playful streak, Cody might just be your perfect match. 🐾💛","cody-2",""
"2019-04-01","Western Sydney (Londonderry)","956000006810932","Beau","2026-01-14","MALE","","*Beau has just gone to foster care for the holidays* Beau is a charming, gentle guy looking a couch to call his own. Beau would love a home whether that's an apartment or house with yard. His calm and gentle nature makes him suitable for many home types whether that's with respectful children or with a homebody family looking for a laid back pet. Beau is very sweet with other dogs as well making him a suitable match for a home with another calm likeminded medium to large dog. His calm, sweet and adaptable nature will see him thrive in a nurturing home where he can learn to be a pet at his own pace. Meet Beau at Western Sydney.","beau-7",""
"2021-11-01","Riverina (Wagga, Temora, Gundagai, Griffith)","956000014696431","Lady","2026-01-14","FEMALE","","Meet Lady — the sweetest girl with a heart as warm as her smile! This friendly, calm and lovely-natured sweetheart wins everyone over with her gentle spirit. She’s wonderful with people and is gentle with kids 8+. Lady walks beautifully on lead, loves her daily adventures, and is always up for a stroll, a splash in her backyard shell pool, or a good swim. She’s been inside with no concerns and would suit most households looking for a well-mannered, affectionate companion. Lady is easy to have around, well behaved, and happiest when she’s included in your daily life. And her fun fact? She adores Vegemite on toast — her favourite special treat! If you’re looking for a loving, calm & gentle soul to join your home, Lady might just be your perfect match. 🌟🐾","lady-12",""
"2021-02-01","New England","956000011711313","Patch","2026-01-14","MALE","","Gentle giant Patch is a stunning greyhound with a gorgeous white and brindle coat that turns heads wherever he goes. He’s a big, gentle soul who loves being part of the action and will happily soak up all the attention you can give. His calm nature and affectionate personality make him the perfect companion for someone looking for a loyal friend. Patch enjoys relaxing in cozy spots, but he’s also up for playtime and walks. He’s looking for a loving home where he can stretch out, feel safe, and share his big heart with his new family. Why you’ll love Patch: Striking white and brindle coat Gentle and affectionate temperament Big dog with an even bigger heart If you’re ready to welcome a beautiful, loving companion into your life, Patch is waiting to meet you!","patch-8",""
"2019-05-01","New England","956000006804151","Ollie","2026-01-14","MALE","","Friendly, playful, and full of charm Ollie is a sweet and sociable greyhound who loves making new friends—both human and canine! He’s playful without being over-the-top, and his gentle nature makes him a joy to be around. One of Ollie’s cutest quirks? When he gets excited, he likes to “nibble” your hands with his nose—a little affectionate nudge that will melt your heart. He’s looking for a loving home where he can enjoy cozy naps, fun play sessions, and plenty of attention. Ollie would thrive with someone who appreciates his affectionate personality and is ready to share lots of cuddles. Why you’ll love Ollie: Calm yet playful temperament Loves people and enjoys gentle interaction Unique and adorable habit of nudging hands when happy If you’re ready to welcome a loyal companion who will brighten your days, Ollie is waiting to meet you!","ollie-5",""
"2021-05-01","Western Sydney (Londonderry)","956000012860618","Jumbo","2026-01-14","MALE","","** I am currently in a foster home for Christmas, stay tuned for more updates** Hi, I'm Jumbo! I'm a very handsome boy, looking for a place to call home. I love all of my human friends and I like to show off my confidence meeting new people when I'm out and about. I love going on outdoor adventures and I enjoy my daily walks too...oh and did I mention I'm a stair master? I wouldn't mind two story home or a place that needs to be go up and down a few stairs. I could potentionally go home with another medium to large breed sibling, pending a meet and greet. I also loooove treats and have been responding very well to my training. Could I be the guy you're looking for? Come and meet me at Western Sydney.","jumbo-2",""
"2021-04-01","Southern NSW/ACT (Bulli, Nowra, Goulburn, Canberra)","956000012917379","Stunner","2026-01-14","FEMALE","","Stunner is stunning (hence the name), she lives in a rural environment around native and domestic animals and has always had young kids in her life. She is keen on playing with toys and walks well on the lead.","stunner",""
"2021-06-01","Southern NSW/ACT (Bulli, Nowra, Goulburn, Canberra)","956000012896329","Bev","2026-01-14","FEMALE","","Bev is a lovely girl who lives in a rural setting. She lives amongst domestic animals and has no shortage of roos, wombats, echidnas and birds coming past.","bev-1",""
"2015-01-01","Southern NSW/ACT (Bulli, Nowra, Goulburn, Canberra)","956000004281375","Focus","2026-01-14","FEMALE","","Focus is very focused on lounging around. She is a special low maintenance sweetheart that is great with kids and is very sweet and affectionate.","focus",""
"2020-03-01","Southern NSW/ACT (Bulli, Nowra, Goulburn, Canberra)","956000007834471","Fiama","2026-01-14","FEMALE","","This special girl loves getting outside just so she can soak up the sun. She knows her name well and is good when left alone in the yard. She has grown up around kids and plays well with the other greyhounds.","fiama",""
"2017-05-01","Southern NSW/ACT (Bulli, Nowra, Goulburn, Canberra)","956000009416719","Linda","2026-01-14","FEMALE","","Linda is a friendly relaxed girl, she will come out for a stretch and sticky beck in the paddock and will soon put herself back to bed. She has farm and native animals living in her space and is not bothered meeting the cats at the house.","linda-1",""
"2020-03-01","Southern NSW/ACT (Bulli, Nowra, Goulburn, Canberra)","956000007835215","Star","2026-01-14","FEMALE","","Star likes playing in the yard with the other hounds. She is surrounded by farm animals and has the natives passing by often. She has no problems being left on her own.","star-11",""
"2017-05-01","Southern NSW/ACT (Bulli, Nowra, Goulburn, Canberra)","956000009435876","Jellybean","2026-01-14","FEMALE","","This girl is extremely friendly and affectionate. She is happy to be on her own and also likes your company, she is laid back and friendly and happy to go with the flow. She lives around native and domestic animals.","jellybean-4",""
"2017-07-01","Southern NSW/ACT (Bulli, Nowra, Goulburn, Canberra)","956000005380312","Milur Lou","2026-01-14","FEMALE","","This special girl is everybody's friend, she is resilient and laid back. She is happy to play and stretch her legs. She lives around farm and native animals and shares her space with other hounds.","milur-lou",""
"2022-06-01","Western Sydney (Londonderry)","956000011361432","Sophie","2026-01-14","FEMALE","","Hi I'm Sophie, a happy adorable cuddly girl! I have tested nicely with dogs big and small and would enjoy a home with another dog to keep me entertained. I have met children and been upbeat and well behaved. I'm energetic, fun and would love kids to play with. Due to my bouncy nature, older kids/kids with dog experience is best suited as I am known to jump into your lap for cuddles! A house with a backyard would suit me best as I have some energy to burn! Meet me by appointment at Western Sydney.","sophie-9",""
"2021-05-01","Western Sydney (Londonderry)","956000011552559","Hamish","2026-01-14","MALE","","Hi, I'm Hamish, a gorgeous blue fawn boy. I can walk up and down stairs, and loves a snuggle once I get to know you! I have been described as calm and well behaved, with a lovely nature. I'm a great traveller and would be happy to settle in the car for road trips. I'm calm and a bit playful around other dogs and would suit a home with another dog my size/medium to large size. Meet me at Western Sydney by appointment.","hamish",""
"2023-03-01","Hunter Valley Mid Coast (Maitland/ Muswellbrook/Newcastle/Forster)","956000014891174","Bluey","2026-01-14","MALE","","Meet Blue – A Soft-Hearted Soul Looking for a Peaceful Home Blue is a tender, gentle boy with a calm nature and a loving heart. He takes comfort in quiet environments and blossoms when surrounded by people who understand his sensitivity. Blue would do best in a serene home with children who can respect boundaries and move at his pace. With patience, kindness, and a little space to settle in, he’ll form deep bonds and become a beautifully loyal companion. If you’re looking for a sweet, soft-natured greyhound who just wants a peaceful place to call home, Blue might be the perfect match. 💙🐾","bluey-14",""
"2023-03-01","Hunter Valley Mid Coast (Maitland/ Muswellbrook/Newcastle/Forster)","956000011645936","Shelly","2026-01-14","FEMALE","","📄 Meet Shelly – The Gentle Blue Fawn Sweetheart Shelly is a soft, timid little soul who wins hearts with her quiet charm and gentle nature. She takes the world at her own pace, preferring calm reassurance and a peaceful environment where she can feel safe and supported. This lovely girl would thrive in a family home with older children or with an older couple who understand her need for a slower, softer introduction to new things. Shelly could also make a wonderful apartment companion, as she’s not demanding and enjoys a tranquil routine. She’s comfortable living with other pets—she just needs her canine companions to be calm and respectful of her sensitive personality.","shelly",""
"2016-06-01","New England","956000004877464","Lizzy","2026-01-14","FEMALE","","Lizzy s a gorgeous 9-year-old fawn greyhound who proves that age is just a number—she’s young at heart and full of love! Gentle on the lead and easy to walk, Lizzy is the perfect companion for relaxed strolls and cozy afternoons. She comes with foster experience, so she’s already familiar with home life and knows how to settle in beautifully. Her calm, affectionate nature makes her an ideal match for anyone looking for a sweet, loyal friend who loves snuggles and companionship. If you’re searching for a gentle soul who will bring warmth and joy to your home, Bindi is ready to make your heart her forever home.","lizzy-2",""
"2022-04-01","New England","956000011360980","Angel","2026-01-14","FEMALE","","Meet Our Black-and-White Beauty - Charlies Angel AKA Angel This fun-loving young greyhound is full of energy and charm! With her striking black-and-white coat and playful personality, she’s sure to steal hearts wherever she goes. She’s active and loves to run, play, and explore, making her the perfect companion for someone who enjoys an adventurous lifestyle. Despite her zest for life, she’s also sweet and affectionate, always ready for a cuddle after a day of fun. If you’re looking for a social, spirited, and loving friend to brighten your days, this gorgeous girl is ready to join your family!","angel-10",""
"2022-11-01","Western Sydney (Londonderry)","956000015748843","Elsa (Western Sydney)","2026-01-14","FEMALE","","Do you wanna build a snowman? or perhaps a bond to last a lifetime? MEET ELSA! At first, this sweet girl can be a little quiet, think “gentle snowfall,” not a blizzard but give her a moment and she’ll reveal a warm, affectionate personality that shines brighter than a frozen palace at sunrise. Elsa may have just three legs, but don’t worry, she gets around beautifully, and what she lacks in limbs she more than makes up for with love, charm, and an irresistible sparkle. She’s proof that being a little different just makes you more magical. ✨ Because she needs space to move comfortably and confidently, Elsa would be happiest as the one and only royal in her castle. A home without stairs is ideal too, so she can glide gracefully without having to conquer any mountains (even if she could, she shouldn’t have to!). If you’re ready to welcome a princess with courage, charm, and a heart as warm as summer, Elsa is ready to choose you. ❄️💙","elsa-8",""
"2023-06-01","Western Sydney (Londonderry)","956000015762227","Wilma","2026-01-14","FEMALE","","Wilma is ready to find a place to call home! This sweet girl can be a little shy at first, but with a chance to warm up, she'll be your Bestie in no time! Wilma gets along not only with her Greyhound mates, but smaller dogs too. Pending a meet and greet, she wouldn't mind sharing her new home with one or two other canine companions. Wilma also responds well to her name and travels well! If you think Wilma could be the one for you, meet her at Western Sydney!","wilma-2",""
"2022-07-01","Northern Rivers (Grafton, Lismore, Casino)","956000007431612","Bernie","2026-01-14","MALE","","Bernie is a laid-back legend who loves car rides and walks! He’s great on the lead and enjoys taking life at a relaxed pace. While he might be a little shy at first, Bernie warms up quickly and will soon be your loyal mate. He’s easy-going, chilled, and gets along with all dogs—making him the perfect companion for a calm and happy home. “Bernie – Your easy-going adventure buddy!”","bernie-2",""
"2023-02-01","Northern Rivers (Grafton, Lismore, Casino)","956000014885210","Elsa","2026-01-14","FEMALE","","Meet Elsa, a confident and upbeat canine companion who's ready to bring a touch of joy and warmth to your life. Elsa's cheerful and friendly nature makes her a delight to be around. Elsa has met small dogs and was polite and friendly. She serves as a wonderful role model, showing off her confident demeanor and spreading her joy, particularly to her sister Anna. When Anna is feeling unsure, Elsa is right there to give her the confidence she needs. Elsa comes alive during playtime, shedding any shyness as she relates to those around her. Her caring, lively personality make her a perfect match for a household with small dogs or a family looking for a devoted and joyful four-legged friend. With Elsa by your side, you can expect a life filled with adventure, companionship, and endless affection for all members of the family. Whether sharing a sunny afternoon on the lawn or snuggling together after a long day, Elsa is eager to be a part of your life. Will you be the lucky family to welcome this radiant, lovable dog into your home?","elsa-7",""
"2023-02-01","Northern Rivers (Grafton, Lismore, Casino)","956000014884575","Anna","2026-01-14","FEMALE","","Meet Anna, a sweet and gentle soul who's looking for a kind-hearted family to welcome her into their lives. Despite her quiet and shy demeanor, Anna has a heart full of love once she feels comfortable in her surroundings. She finds security and confidence when she’s with her sister, suggesting that another friendly canine companion might help her continue to come out of her shell. Anna is the kind of dog who will appreciate a calm and understanding household, where her quiet nature can truly shine. Her gentle disposition brings a serene energy into the home, and with time, her shy exterior will reveal a wonderfully sweet and affectionate personality. If you're seeking a loyal and devoted friend who is eager to bond and bloom in a loving environment, Anna could be the perfect addition to your family. With patience and companionship, Anna promises to be a loyal, loving, and rewarding presence in your life.","anna-8",""
"2022-03-01","Western Sydney (Londonderry)","956000012257968","Ben","2026-01-14","MALE","","Ben is currently in a home with a small dog and cat. Ben is a big boy who is suitable around smaller animals and children who have experience with large dogs. With proper introductions and their own spaces to retreat to, Ben could join a home with another robust dog of any size, and can live alongside your feline friends. Ben is a confident and outgoing, social boy who loves all the human friends he has made throughout his journey. He thrives on interaction, whether that’s zooming around the yard, showing off his toy collection, or soaking up some love from his favourite humans. Ben loves his treats and is eager to please, so teaching him new tricks will be a breeze! If you’re looking for a big greyhound with lots of love and energy, with a cheerful energy, and endless affection, Ben might just be the perfect fit. Come meet him at Western Sydney!","ben-14",""
"2017-05-01","Southern NSW/ACT (Bulli, Nowra, Goulburn, Canberra)","956000009437145","Craze","2026-01-14","FEMALE","","This sweetheart is happy to focus on herself and stay in her own lane. She has lived around cats for the last couple of years along with other dogs and a mixture of random animals that she sees around the property. She is great with kids and would suit a laid back style of life.","jellybean-3",""
"2021-10-01","Southern NSW/ACT (Bulli, Nowra, Goulburn, Canberra)","956000013018667","Breeze","2026-01-14","FEMALE","","Breeze can be a cheeky funny girl who is great company, she loves playing with toys and is a social, playful character when she is in the large yard with the other hounds. She live around native and domestic animals.","breeze",""
"2017-05-01","Southern NSW/ACT (Bulli, Nowra, Goulburn, Canberra)","956000009416926","Grace","2026-01-14","FEMALE","","Grace is a lovely girl who has been living in a rural setting around domestic and native animals. Although she lives around wide open spaces this girl loves her bed and would rather lounge around through the day.","grace-11",""
"2021-06-01","Southern NSW/ACT (Bulli, Nowra, Goulburn, Canberra)","956000007467462","Bucket","2026-01-14","FEMALE","","This pretty girl is great sharing her space with other hounds, she is playful and fun, she likes toys. She lives in an area surrounded by native and farm animals.","bucket-1",""
"2022-06-01","Western Sydney (Londonderry)","956000011346138","Opal (Western Sydney)","2026-01-14","MALE","","Opal has zest for life that can be paralleled by none! He is a very friendly and affectionate boy, and loves just loves everyone he meets! His outgoing personality has made him a fan favourite here at GAP HQ. Opal would love a backyard to call his own and would do best in a quieter area so he can live his best chilled out life. Respectful children are suitable, however Opal would prefer to be the only pet in the household so he can soak up all the love and attention for himself. Shorter hours are preferred while he settles in, a human presence during the day will help him feel his best - from home workers or retirees would be his perfect match! So come on down down and excavate this precious and valuable Opal today! Submit an application to take him home. He is available at the Western Sydney adoption centre.","opal-4",""
"2022-03-01","Western Sydney (Londonderry)","956000014835848","Bonnie","2026-01-14","FEMALE","","~ Meet Bonnie! ~ Bonnie is a friendly, happy go lucky girl looking for a place to call home. This adventurous girl enjoys going down to the river for a swim and getting out and about on walks. She has experience around children, where she enjoys walks, play and pats from her smaller human friends. Bonnie gets along well with other Greyhounds, so pending a meet and greet, may find her forever home with another medium to large canine companion. With access to a backyard for toileting, occasional zoomies or catching some afternoon rays, Bonnie has proven to excel at pet life and can't wait to bring lots of love and fun into her new home! Meet Bonnie at Western Sydney!","bonnie-7",""
"2021-04-01","","956000011703980","Archer","2026-01-14","MALE","","Archer is an affectionate, friendly boy searching for a forever home filled with love, snuggles, and good company. 💛🐾 Archer loves people and joining his humans for walks, garden playtime, and fun car-ride adventures. He’s also gentle and loving with kids 6+ and will happily play chase in the yard before coming back for pats - his absolute favorite thing! He's easy going and doesn't need long walks; a quick zoomie and play in the yard is enough some days for workers. He's ok on his own, or good with gentle small dogs. He settles beautifully in a crate and is learning to be a calm inside dog with great house manners. Archer is a sweet soul who wants nothing more than to be with his people. He would thrive with a family or someone who’s home often and looking for a loyal companion. If you’re searching for a gentle, devoted best friend, Archer is your guy. 💕🐶","archer-2",""
"2024-06-01","Riverina (Wagga, Temora, Gundagai, Griffith)","956000015671908","Pint","2026-01-14","FEMALE","","Meet Pint — your new little pocket rocket of joy! 🚀🐶 This sweet young girl is full of energy, enthusiasm, and heart. She may greet you with a bit of nervous excitement at first, but it doesn’t take long for her true personality to shine through. Pint loves people, wants to please, and quickly settles in for cuddles once she knows she’s safe. Pats? Yes please! Pint is happiest when she’s by your side—whether it’s heading out for a walk, hopping in the car for an adventure, or snoozing near your desk while you work. She’s spent time in an office environment meeting new people and handled it like a champ. She also does well with small dogs and enjoys friendly company. If you’re looking for a cheerful, affectionate companion who’s ready to join you on life’s adventures, Pint is the perfect match. She would suit an active couple or family with older kids, who have time to spend with her and nurture her. She's pretty, sweet and does flop on the grass to rest when she's had her walk or playtime - you’ll fall in love in an instant! 💛🐾","pint",""
"2017-01-01","New England","956000004878602","Flossy","2026-01-14","FEMALE","","Flossy is a beautiful greyhound who’s nearly 9 years young and still full of grace. She’s the perfect mix of calm and affectionate, making her an ideal companion for someone looking for a loving, easygoing friend. Personality: Flossy is gentle, sweet-natured, and loves being part of a family. She enjoys quiet moments and will happily curl up beside you for a snooze. Compatibility: She gets along well with other dogs, so she’d fit perfectly into a multi-pet household. Lifestyle: Flossy is past her racing days and prefers a relaxed pace. A comfy bed, a few short walks, and plenty of cuddles are all she needs to thrive.","flossy-5",""
"2021-05-01","Western Sydney (Londonderry)","956000011580558","Benny (Western Sydney)","2026-01-14","MALE","","Meet Benny🐾🐶 Benny is a bright, joyful greyhound with a heart as big as his smile. Affectionate and people-oriented, he adores spending time with children and is wonderfully gentle with them. His calm, steady nature makes him a fantastic family companion. This charming boy is also a dream to take anywhere—Benny travels beautifully in vehicles and is a relaxed passenger on any outing. On walks, he’s a pleasure to handle, strolling politely on the lead and enjoying every chance to explore the world around him. Benny gets along brilliantly with other large dogs and loves having canine friends to share his adventures. He would suit be a singular pet or in a household with another M/L pup. His happy, exuberant personality shines through in everything he does, and he’s always ready to offer affection, snuggles, and a wagging tail. If you’re looking for a sweet, dependable, and joyful companion, Benny might just be your perfect match.","benny-11",""
"2021-07-01","Northern Rivers (Grafton, Lismore, Casino)","956000013032808","Astro","2026-01-14","MALE","","Astro is a heart-melting, affectionate boy looking for a forever home full of love, snuggles, and good company. While he's great with dogs of all sizes, he requires a home without another dog in the home but would thrive with doggy play dates and group walkies. He settles well in a crate and has shown to know his name and learning recall. This sweet soul is very cuddly and affectionate – a true Velcro dog who wants to be near his people. Whether it's curling up on the couch, following you around the house, or gently resting his head on your lap, Astro’s love knows no bounds. He’s a great inside dog with lovely house manners, making him a perfect match for someone who is home more often than not. If you’re looking for a loyal best friend who gives as much love as he gets, Astro is your guy. Astro is available at the Western Sydney adoption centre.","astro",""
"2021-11-01","Western Sydney (Londonderry)","956000013017765","Otto","2026-01-14","MALE","","Hi, I'm Otto! I am a friend to all big and small, so if you have a home with another dog I'd love to meet them. I love food and would do well with ongoing training as I am super friendly and eager to please you. I am great indoors and would suit longer hours left alone due to my calm and easy going nature. I am nice on the lead and would enjoy going on trots around the block. I am a very sweet boy and can't wait to meet you! You can meet me at the Western Sydney adoption centre.","otto-5",""
"2022-05-01","Western Sydney (Londonderry)","956000012226267","Charlie","2026-01-14","MALE","","Meet Charlie! A sweet guy, looking for his forever home 💕 Charlie is confident and polite on lead, making every walk a pleasure. He may come across as a little quiet at first, but you’ll see just how quickly he warms up with a bit of time. Charlie doesn't mind hanging out with his Greyhound mates, so pending a meet and greet he could potentially join a home with another medium to large dog. Charlie also loves treats, making him a great candidate for some extra training in his new home. Charlie might be your perfect match! Meet him at Western Sydney🐾","charlie-20",""
"2016-02-01","Western Sydney (Londonderry)","956000004891306","Milo (Western Sydney)","2026-01-14","MALE","","*I've just gone into a foster home! Stay tuned for updates* Hi, I'm Milo. I love to get pats and will contort myself into weird positions to get all those good scratches! The team effortlessly fell in love with me when I first arrived here. I could suit longer hours left alone once I build up a good routine as I have been shown to be easy going and laid back during alone times. I am very friendly and think my happy nature would suit children. I am an engaging, charismatic boy who still knows how to have a good time. I love to play bow and have my silly moments, but I am overall relaxed and can't wait to snooze in a sunny spot at your place. I like settling inside a crate and would suit an apartment home with lift access. I'm a polite boy with other greyhounds and would happily join a family with another dog my size at home. I am gentle on the lead and I still love playing with toys! I hope you're interested in meeting me! I'm available at Western Sydney.","milo-11",""
"2023-09-01","Southern NSW/ACT (Bulli, Nowra, Goulburn, Canberra)","956000014887016","Swipper","2026-01-14","MALE","","Snipper is a great young hound with no intention of being anything other than a loving companion. He is very friendly and affectionate, especially around little people.","snipper-2",""
"2022-11-01","Western Sydney (Londonderry)","956000014887879","Paula","2026-01-14","FEMALE","","Paula is a charming happy girl who is currently friends with American staffies and chihuahua's. Paula walks nicely on the lead and has a stunning personality! She is soft and gentle around other dogs and would be suitable to live in a multi-dog household. She's been good with kids and would love a backyard to explore during the day while you're gone. A doggy pal will help teach her about your routine! We can't wait to see Paula become your new best friend!","paula",""
"2021-10-01","Western Sydney (Londonderry)","956000007427082","Lady","2026-01-14","FEMALE","","Lady is a vibrant girl with a fun loving personality. She is confident, excitable and bouncy. We would recommend older kids/teens as her best fit. She would love an active, engaged family who can include her in daily activities and keep her busy during the day. She would benefit from a family who can continue dog training and foundational pet skills with her. Lady is available by appointment at Western Sydney.","lady-11",""
"2022-02-01","Western Sydney (Londonderry)","956000014848352","Pepper","2026-01-14","FEMALE","","Pepper is a cute girl who loves to hug you! She will jump and ask for a cuddle. She loves travelling and going on adventures and having fun. She is excitable around dogs so a friendly tolerant dog her size would be suitable for Pepper. She is confident and loving and can't wait to find her forever family! She is a lot of fun and would love a backyard and even children to keep her entertained! Meet Pepper at the Western Sydney adoption centre by appointment.","pepper-6",""
"2019-02-01","Western Sydney (Londonderry)","956000006661825","Lizzie","2026-01-14","FEMALE","","*I'm in foster care, updates to come!* Lizzie is a shy, gentle girl who is friendly with people once she's warmed up to you. She loves soft toys, knows her name, travels well and generally sleeps for the ride! This gentle girl is soft and polite around other dogs, making her a lovely companion for someone looking for a laid back companion for their dog. She is more confident around other dogs and would benefit from a calm, relaxed home with a nurturing and understanding nature. Meet Lizzie at Western Sydney.","lizzie-2",""
"2023-02-01","Southern NSW/ACT (Bulli, Nowra, Goulburn, Canberra)","956000011329949","Warnie","2026-01-14","MALE","","This handsome boy is great with kids and loves meeting new people. He lives well in the backyard and is very social with other dogs. He is currently living in a suburban area with family that work fulltime hours. He is good clean boy and loves keeping you company.","warnie",""
"2022-11-01","Southern NSW/ACT (Bulli, Nowra, Goulburn, Canberra)","956000015732801","Apollo","2026-01-14","MALE","","Apollo is a calculated sweetheart, he is very composed and polite. He likes to play with toys and enjoys a walk. He loves a cuddle and is super affectionate. He is a very content well balanced boy.","apollo-3",""
"2021-10-01","Southern NSW/ACT (Bulli, Nowra, Goulburn, Canberra)","956000011655828","Ruby","2026-01-14","FEMALE","","Ruby is a curious, affectionate girl. She has her energetic side where she will zoom around and chase toys, then she has her lazy affectionate side. She is good with other dogs and is comfortable on her own.","ruby-15",""
"2021-04-01","Southern NSW/ACT (Bulli, Nowra, Goulburn, Canberra)","956000007424419","Bishop","2026-01-14","MALE","","Bishop is a well balanced boy. He is very funny and lovable, and wont leave many dull moments in his presence. He is also very sweet and affectionate> He loves a walk and he loves to lounge around afterwards.","bishop",""
"2021-07-01","Southern NSW/ACT (Bulli, Nowra, Goulburn, Canberra)","956000007420083","Panda","2026-01-14","MALE","","Panda is a very tidy dog who is easy to train and fit in. He is confident and very affectionate. He loves to play and loves to wipe out and relax by your side. He is comfortable on his own which would make him suitable for fulltime workers or a busy family","panda-3",""
"2020-12-01","Southern NSW/ACT (Bulli, Nowra, Goulburn, Canberra)","956000007373188","Busta","2026-01-14","MALE","","Busta is a great boy who loves to keep you company and hang out. He is a good walker on the lead and likes everyone he meets. He is friendly and social with other dogs and is confident when doing new things.","busta",""
"2022-10-01","Southern NSW/ACT (Bulli, Nowra, Goulburn, Canberra)","956000015734593","Casper","2026-01-14","MALE","","Casper gets along with everybody, he is great with kids, great with all different size and breeds of dogs he has met so far. Has been exposed to native animals. Good on his own. Has had excellent prep to be your next family member.","casper-9",""
"2018-05-01","Southern NSW/ACT (Bulli, Nowra, Goulburn, Canberra)","956000009576592","Billy","2026-01-14","MALE","","This handsome blue fawn boy is great company, he is very healthy vibrant boy who enjoys a walk and is happy to look after the yard. He is good inside and happy to relax with you.","billy-22",""
"2022-12-01","Southern NSW/ACT (Bulli, Nowra, Goulburn, Canberra)","956000014801321","Ozzie","2026-01-14","MALE","","This handsome young fella never raced and has always been destined for pet life. He would thrive in a family environment due to his sweet and gentle nature. He has great recall and is great looking after the yard. He relaxes well on his own and is a confident young hound.","ozzie-1",""
"2022-03-01","Northern Rivers (Grafton, Lismore, Casino)","956000014809640","Andy","2026-01-14","MALE","","Meet Andy🐾 Say hello to Andy, a sweet-natured boy with a heart as big as his beautiful brown eyes. Andy is the perfect blend of independence and affection — happy to do his own thing, but always ready for a cuddle or a gentle pat when you’re nearby. Andy is fantastic with dogs of all shapes and sizes and absolutely adores children, making him the ideal addition to a family home. He’s a calm and confident traveller who settles easily in the car, and he walks beautifully on the lead — no pulling, just relaxed strolls at your side. When he’s not enjoying a walk or some quiet company, Andy is perfectly content to entertain himself in the yard, watching the world go by or lounging in the sunshine. He’s an easy-going boy who takes life in stride and brings a lovely, peaceful energy wherever he goes. If you’re looking for a gentle, affectionate companion who’s as happy snuggling on the couch as he is exploring the outdoors, Andy is your guy.","andy-10",""
"2022-07-01","Western Sydney (Londonderry)","956000007427937","Charlie","2026-01-14","FEMALE","","Hi, I'm Charlie, a pretty little lady who can't wait to be your new best mate. I walk nicely on the lead and I'm learning to be confident in new places. A slow introduction to the big wide world will suit me best, but I know you'll help me be brave! I am very sweet and would suit a home with a dog my size and older kids who can show me all about play time and treats. Meet me by appointment from Western Sydney.","charlie-19",""
"2021-07-01","Western Sydney (Londonderry)","956000011651828","Shak","2026-01-14","MALE","","Shak is what we affectionatly call a BFG (Big Friendly Giant). He is a big boy who is super affectionate, and he's a greyhound who sees everyone as his friend! He is confident, charming and has a lovely personable nature which we all love. This beautiful boy would be suited to family life, outings and spending time playing with older children due to his size. He'd love a backyard to zoom around and if you're home more often than not at the start of his adoption journey, we think he'd thrive and settle in well! Shak can be adopted via appointment at Western Sydney.","shak-1",""
"2020-01-01","Hunter Valley Mid Coast (Maitland/ Muswellbrook/Newcastle/Forster)","956000012255699","Bugsy","2026-01-14","FEMALE","","Meet Bugsy🌼 Say hello to Bugsy, a gorgeous, easy going greyhound with a heart full of love and a calm, affectionate nature. Bugsy is the kind of dog who takes everything in stride — relaxed, friendly, and happiest when surrounded by good company. She’s wonderful with dogs, cats, and children, and currently lives peacefully with a cheeky Jack Russell and her best friend, fellow greyhound Ivy. Bugsy and Ivy share a very special bond — they’ve grown up together and are truly inseparable. Where one goes, the other isn’t far behind! They bring out the best in each other and would love to find a forever home side by side. Bugsy has a beautifully gentle and calm temperament. She’s affectionate without being demanding, loves her cuddles and pats, and is always up for a quiet walk or a lazy afternoon nap. She’s the kind of dog who fits seamlessly into family life — content to simply be near her people and enjoy their company. With her sweet, steady personality, Bugsy is the perfect companion for anyone looking for a loyal, low-maintenance friend. Together with Ivy, she’ll bring warmth, peace, and double the love to her new home. 💛 If you’re searching for a pair of calm, loving greyhounds who get along beautifully with everyone — from other pets to kids — Bugsy and Ivy are ready to fill your heart (and your couch!) with joy. See Ivy's profile : https://www.gapnsw.com.au/our-greyhounds/ivy-7","bugsy",""
"2019-02-01","Hunter Valley Mid Coast (Maitland/ Muswellbrook/Newcastle/Forster)","956000006795944","Ivy","2026-01-14","FEMALE","","Meet Ivy🐾 Say hello to Ivy, a beautiful, gentle girl with a calm and loving nature. She’s the kind of girl who quietly wins your heart with her sweetness and soft eyes. Ivy is wonderful with cats, dogs, and children, and she’s already lived happily alongside a lively Jack Russell and her best mate, a fellow greyhound named Bugsy. Ivy and Bugsy are a bonded pair, which means they share a very special friendship. They’ve grown up together and take comfort in each other’s company — whether they’re lounging side by side, exploring the garden, or curling up for an afternoon nap. Where you find one, you’ll find the other close by! Ivy can be a little shy when meeting new people, but once she’s settled and knows she’s safe, her gentle personality shines through. She has a wonderfully calm, easy going nature and loves the simple things in life — a quiet walk, a soft bed, and the company of her friends. She’s polite, affectionate, and happiest when surrounded by those she trusts. Bugsy is her steady companion and a bit more confident, which helps Ivy feel secure in new situations. Together, they make a perfectly balanced team — calm, friendly, and full of love to share. Ivy and Bugsy are looking for a loving home where they can stay together. They’ll bring peace, companionship, and plenty of quiet joy to their new family. If you’re searching for a pair of gentle souls who get along beautifully with everyone they meet — humans, hounds, or even cats — these two might just be the perfect match. 💚 See Bugsy's profile : https://www.gapnsw.com.au/our-greyhounds/bugsy","ivy-7",""
"2021-11-01","Northern Rivers (Grafton, Lismore, Casino)","956000012866075","Ivy","2026-01-14","FEMALE","","Meet Ivy🌿 Lovely Ivy is a sweet, soft-natured lady who’s ready to find her place in the world. She’s already had a taste of home life and knows all about the comforts of a cozy couch and a quiet corner to nap in. Ivy currently lives happily with other dogs and really enjoys their company — she’s a calm, easy going companion who loves to “cruise” alongside her canine friends. She takes her time to get to know new people and situations, but once she’s settled, her gentle personality truly shines. Because she’s a little shy at first, Ivy would really benefit from foster care — a patient, loving environment where she can build confidence at her own pace, even with a friendly dog or two to show her the ropes. If you’re looking for a quiet sweetheart who gets along beautifully with other pups and will reward your kindness with quiet devotion, Ivy might be your perfect match. 💚","ivy-6",""
"2022-09-01","Northern Rivers (Grafton, Lismore, Casino)","956000014889741","Flo","2026-01-14","FEMALE","","Meet Flo🐾 Say hello to Flo, a bright, bubbly greyhound with a heart full of joy and a love for life! Having already spent time in a home environment, Flo knows all about the comforts of pet life — soft beds, friendly faces, and a good routine. She’s now ready to bring her cheerful personality into a new forever home. Flo currently lives with other greyhounds and gets along beautifully with them. She’s also fantastic with other dogs of all shapes and sizes, always polite and friendly in her interactions. Her easy going nature makes her a wonderful companion for multi-dog households or a great new friend for anyone looking to add a sociable greyhound to their family. This lovely girl is naturally happy, outgoing, and full of charm. She enjoys being part of the action, whether it’s going for walks, playing in the garden, or simply following her humans around the house. Flo truly thrives on human company — she loves being near people, soaking up attention, and sharing in whatever’s happening around her. One of Flo’s best traits is how well she settles into new environments. She takes change in her stride and quickly makes herself at home, adapting to new routines and surroundings with confidence and ease. Whether it’s a busy household or a quieter home, Flo’s laid-back yet cheerful attitude helps her fit right in. If you’re looking for a friendly, affectionate, and adaptable greyhound who will bring happiness and warmth wherever she goes, Flo is your girl. With her sunny nature and loving heart, she’s sure to make every day brighter. 💛","flo-6",""
"2021-10-01","Northern Rivers (Grafton, Lismore, Casino)","956000012917875","Aussie","2026-01-14","MALE","","Say hello to Aussie! 🐾 Aussie is a handsome 4-year-old black boy with a big heart and an even bigger love for people. If there’s a pat going, Aussie’s first in line — he never says no to some quality human affection! He’s a dream to have around: walks beautifully on the lead, travels well, and has a calm, social nature that makes him great company wherever he goes. The handsome gentleman is more than happy to entertain himself in the backyard or curl up with you on the couch. He is great walking on the lead and has no issues exploring new places. Aussie gets along wonderfully with dogs of all shapes and sizes — small, medium, and large — and is always up for making new friends. With his gentle manners, easygoing vibe, and love for life, Aussie would make an amazing addition to almost any home. 💙","aussie",""
"2021-02-01","Western Sydney (Londonderry)","956000011563768","Malley","2026-01-14","MALE","","Hi, I'm Malley! I've been learning lots of things about the world while I wait to be adopted. I am super friendly and will make a sensational first impression, if I do say so myself! I am very charming and think you will just love me! I know what a lounge is, how to navigate those weird things called ""stairs"", and have enjoyed spending time in an open crate, and spending time indoors, too. I'm a good traveller, I also love toys and treats and my handlers call me a big softie! I would prefer short hours alone as a solo pet and a slow intro to the big wide world as my horizons slowly expand as a pet with you. If you thought you might like a big affectionate softie like me simply reach out to the Western Sydney adoption centre :)","malley",""
"2022-09-01","Northern Rivers (Grafton, Lismore, Casino)","956000015733364","Brook","2026-01-14","FEMALE","","Meet Brook🐾 Say hello to Brook, a beautiful, gentle lady with a heart full of love and a personality that shines wherever she goes. Brook is the kind of dog who seems to make friends everywhere — she absolutely adores other dogs and gets along wonderfully with canine companions of all shapes and sizes. Whether she’s joining in for a gentle play session or just relaxing beside them, Brook’s calm and friendly nature makes her a joy to be around. Brook has lived inside a home before, so she already understands what it means to be part of a family. She quickly settles into new environments and makes herself comfortable, as though she’s always been there. Her easy going and adaptable temperament means she takes new experiences in stride. When it comes to people, Brook is very affectionate. She loves spending time with her humans, whether that’s enjoying a gentle walk, curling up for cuddles, or simply being nearby while you go about your day. She has a soft, loving nature that makes her a wonderful fit for families with children of any age — she’s patient, kind, and always up for a little bit of love and attention. Brook is the perfect mix of playful curiosity and gentle calm. She’ll happily explore her yard or new surroundings, then find a comfy spot to rest and soak up the sunshine. Her ability to adapt, along with her affectionate spirit, means she’ll fit beautifully into almost any household. If you’re looking for a loyal, loving, and easy going companion who will bring warmth and happiness to your home, Brook is the girl for you. She’s ready to meet her forever family and share all the love she has to give!","brook-2",""
"2020-09-01","Northern Rivers (Grafton, Lismore, Casino)","956000007842773","Benny","2026-01-14","MALE","","Meet Benny🐾 Say hello to Benny, our big-hearted greyhound with an even bigger personality! This handsome lad is full of life, energy, and affection — the perfect mix of fun and love. Benny absolutely adores people and thrives on human company. Whether he’s greeting you with a wagging tail or leaning in for pats, he’s sure to win you over in seconds. Benny would love a family with a backyard where he can stretch his long legs, zoom around, and play to his heart’s content. After playtime, he’s more than happy to flop down and relax, enjoying some quiet time — he’s quite independent when he wants to be! When it comes to other dogs, Benny can be a bit selective with male dogs, so he’d likely be happiest as the only dog in his new home (as long as he has that backyard and plenty of human love, he’ll be in heaven!). If you’re looking for a big, goofy, affectionate companion who’ll make you smile every day, Benny is your boy. He’s ready to fill your home with love, laughter, and a few joyful zoomies!","benny-10",""
"2022-11-01","Riverina (Wagga, Temora, Gundagai, Griffith)","956000015734814","Polly","2026-01-14","FEMALE","","Meet Polly! 🌸 Polly is a lovely-natured, friendly, and easy-going girl who adores human company and loves being by your side. She’s happiest when she can be part of whatever’s going on and would make a wonderful, loyal companion. She enjoys her walks, playing with her Jack Russell pals, or just pottering about with you in the yard or garden. Polly is comfortable around kids 11+ and has a calm, happy nature that makes her a joy to have around. A simple, relaxed lifestyle would suit Polly perfectly — she’d be an ideal match for a retiree or anyone looking for a gentle yet fun friend who’s happy to share both companionship and quiet time. 💛","polly-11",""
"2021-12-01","Western Sydney (Londonderry)","956000007424347","Kay","2026-01-14","MALE","","Kay is sweet, shy and sensitive. She is gentle on the lead and is currently quite reserved in new situations. We think this gorgeous girl will thrive in a calm, steady home, who are able to take things at her pace. An adults only (or potentially dog experienced older kids/teenagers) home would suit Kay best while she learns how to be a pet with you. She would do best in a home with a fenced yard so she can retreat when needed. She is polite around other dogs however would do best with a slow introduction to socialisation while she finds her feet as a pet. Someone who is home more often than not to help nurture Kay into a beloved family member will be the best fit for Kay. Meet our lovely Kay at Western Sydney by appointment.","kay-2",""
"2020-05-01","Western Sydney (Londonderry)","956000007830142","Rocky","2026-01-14","MALE","","If you're looking for a playful, engaged dog who is polite with other dogs and who would enjoy an active, fun life, consider adopting Rocky. Rocky is a friendly brindle boy who has experience with kids 12+. He loves a scratch behind the ear and has a confident, outgoing nature. He is a social butterfly and would enjoy being a part of family activities whether that's walks to school or going to the park. He can be excited to get going on walks so an owner who can handle a strong dog is recommended. Rocky is available by appointment at Western Sydney.","rocky-16",""
"2022-02-01","Northern Rivers (Grafton, Lismore, Casino)","956000011652693","Stella","2026-01-14","FEMALE","","Meet Stella🌟 Say hello to Stella, a gorgeous greyhound with a heart as big as her smile! This social butterfly absolutely adores her canine friends and loves nothing more than a good play session with her doggy pals. Stella isn’t fazed by much — she takes everything in her stride with her calm, easy-going nature. Whether she’s out on an adventure or lounging at home, Stella is simply happy to be part of the fun. She’s a big fan of her humans too! Pats, ear rubs, and cuddles are always on her wish list, and she’ll happily follow you around or curl up at your feet once playtime is over. When she’s not making friends, Stella enjoys playing with her toys or just relaxing in a comfy spot nearby. With her affectionate personality and playful charm, she’s the perfect all-round companion. Stella’s dream home is one where she can share her days with loving humans (and maybe a furry friend or two) who will give her the love and attention she so happily returns.","stella-7",""
"2020-11-01","Southern NSW/ACT (Bulli, Nowra, Goulburn, Canberra)","956000007467538","Jebbers","2026-01-14","MALE","","This boy may seem uninterested at first, however he is just careful and makes wise choices. Since being a pup he has always been careful and calculated. This boy is inquisitive and confident, he just has a quirky personality. He is good on his own and is social with other dogs.","jebbers",""
"2019-12-01","Western Sydney (Londonderry)","956000007833840","Vern","2026-01-14","MALE","","Vern is a gentleman who walks nicely on the lead, who is confident and happy around new people and happy to go gentle walks around the block everyday. A fenced backyard and a home who will include him in daily activities would be a great fit for him. Vern has a positive and welcoming nature which would see him suit a family with children. Meet Vern by appointment at the Western Sydney adoption centre.","vern",""
"2021-07-01","Western Sydney (Londonderry)","956000007432910","Billy","2026-01-14","MALE","","Hi, I'm Billy! I'm a handsome fawn boy looking to find my perfect forever home. He is happy exploring new places and would enjoy a home with a fenced yard to call his own. He would love to be included in daily adventures like walks to and from the school pick up or spending time at the park! Billy is suitable to live with other dogs after a meet and greet. You can meet Billy at the Western Sydney adoption centre by appointment.","billy-21",""
"2021-07-01","Western Sydney (Londonderry)","956000007422053","Hank","2026-01-14","MALE","","This handsome boy is a high energy, loving guy looking to bounce into your home. He loves a pat and a bit of attention but is also happy to do his own thing. He has a charming and personable nature who we think would get along well with children and other dogs. Meet Hank by appointment at the Western Sydney adoption centre.","hank-8",""
"2021-06-01","Western Sydney (Londonderry)","956000012867205","Teddy","2026-01-14","MALE","","Affectionate boy Teddy is a sweet boy who walks gently on the lead and will greet you with a gentle tail wag. He is a calm, loving and sooky boy looking for someone to dote on him. He's easy to walk and has an easy going nature. He is friendly around other greyhounds and would suit a home with another dog. This cutie is available by appointment at the Western Sydney adoption centre!","teddy-9",""
"2019-07-01","Western Sydney (Londonderry)","956000007840284","Bobby","2026-01-14","MALE","","Friendly boy Bobby has been spending time learning about the world awaiting his forever home. This includes spending time with kids aged 1+, spending time around other breeds of dogs making him an adaptable well rounded hound, perfect for many home types! Bobby would enjoy a townhouse or backyard and his confident nature means he'd be happy living in suburbia, with children or going on daily walkies! Bobby is available at the Western Sydney adoption centre.","bobby-11",""
"2019-05-01","Hunter Valley Mid Coast (Maitland/ Muswellbrook/Newcastle/Forster)","956000006808179","Freddy","2026-01-14","MALE","","Meet Freddie🚗 Say hello to Freddie, a happy, friendly greyhound who’s always ready for his next adventure! This handsome boy is the perfect mix of laid-back and enthusiastic — he loves meeting new people, exploring new places, and, most of all, hopping in the car for a good old-fashioned road trip. Freddie is an absolute star traveller. Whether it’s a quick ride around town or a longer journey, he settles in beautifully and enjoys watching the world go by from the back seat. He’s the ultimate co-pilot, always up for an outing and never one to say no to an adventure. When it comes to socialising, Freddie’s as easy-going as they come. He’s very friendly and happy when meeting new people — tail wagging, big smiles, and all the charm you could ask for. He also gets along wonderfully with medium and large dogs, enjoying their company and a good bit of canine social time. And if there’s one thing Freddie truly loves (besides travel and friends), it’s food! He’s wonderfully food-motivated, which makes training and bonding a breeze — and ensures he’s always ready for a tasty treat or two. Freddie would suit a home that enjoys getting out and about, but he’s just as content relaxing after a day’s adventure. With his friendly personality, love for life, and easy-going nature, Freddie is sure to make every day feel like a road trip worth taking.","freddy-1",""
"2016-02-01","Hunter Valley Mid Coast (Maitland/ Muswellbrook/Newcastle/Forster)","956000004871425","Betty","2026-01-14","FEMALE","","Meet Betty🌸 Say hello to Betty, a beautiful older girl who proves that age is just a number. This lovely lady may have a few extra grey hairs, but she’s still young at heart and full of quiet charm. Betty is the perfect mix of calm, gentle, and affectionate — a true companion dog who simply loves being near her people. Betty gets along wonderfully with cats, dogs, and children, making her an easy fit in many homes. She’s kind and patient, always taking things at her own pace, and has a gentle, steady presence that puts everyone around her at ease. While she may be a little reserved at first, Betty really shines once she’s settled into her surroundings. With a bit of time and love, her sweet personality blossoms, you’ll soon see her tail wagging, her eyes bright, and her heart open to every bit of affection that comes her way. She walks beautifully on the lead, enjoying calm strolls where she can take in the sights and smells of the world without any rush. Because of her gentle nature, Betty would be best suited to a low-key, quiet household, perhaps with an elderly couple or someone looking for a relaxed, loving companion to share peaceful days with. If you’re looking for a kind, affectionate soul who will bring warmth, comfort, and quiet joy into your life, Betty is ready to be your loyal friend and faithful shadow.","betty-18",""
"2021-04-01","Hunter Valley Mid Coast (Maitland/ Muswellbrook/Newcastle/Forster)","956000011703995","Dillan","2026-01-14","MALE","","Meet Dillan🐾 If you’re looking for a calm, gentle companion who knows how to take life easy, look no further than Dillan. This handsome greyhound is the very definition of relaxed. Whether he’s lounging in a sunny spot or taking a leisurely stroll, Dillan does everything with an effortless cool. Dillan loves spending time with his fellow greyhounds and is always up for a friendly sniff and a bit of social time. He can be a little cautious around smaller dogs, so he’d appreciate slow, calm introductions to get comfortable. Out on walks, Dillan is a dream – he walks beautifully on the lead and takes everything in his stride. He’s food-motivated, which makes training and bonding easy, and he’s a great traveller too, settling down nicely for the ride. Dillan would suit most households looking for an easy-going companion, ideally one where he can be the only pet so he can soak up all the love and attention. If you’re ready for a life of calm cuddles, peaceful walks, and a friend who radiates zen, Dillan is your guy.","dillan",""
"2021-11-01","Riverina (Wagga, Temora, Gundagai, Griffith)","956000007432306","Bailey","2026-01-14","MALE","","Meet Bailey – your happy blue best mate! Bailey is a beautiful, friendly blue boy who adores kids (6+) and loves nothing more than a game of chase and plenty of pats. He’s a joyful, affectionate lad who’s sure to bring laughter, love, and warmth into his new home. Bailey gets along well with his Greyhound pals as well as smaller dog friends (like a Mini Groodle, Mini Foxy, Pug, and Kelpie x), so he’d happily share his home with another friendly dog. He’s a pretty chill chap, who loves being inside with you, is house-trained and crate-trained, and would suit a townhouse or house. Bailey is not over-energetic but loves a walk and his carrying around his squeaky toys. If you’re looking for a loving, playful and easy care chap who’s great with kids and ready to be part of a family or any household, Bailey’s your boy! 💙","bailey-5",""
"2019-06-01","Riverina (Wagga, Temora, Gundagai, Griffith)","956000007842424","Julie","2026-01-14","FEMALE","","Miss Julie is a playful, friendly girl who loves her toys, a run around with the other dogs (retired greyhounds and Jug), a splash in her clam shell pool and just being around people and gentle kids 10+, not too rambunctious, though not fazed by a 2-year-old nephew visiting, either. She's a bit of a character, loves to show off but she's not over the top, just a happy girl! At 6 she hasn't lost energy but slows down faster and rests longer, especially as she is learning the comforts of retired life! Julie has spent the last 6 months living as a pet in the house and backyard and loves to be part of the action, loves a walk and playtime in the morning then a nice rest on the couch or your bed, where she likes to reside when you go out. She would be a loving companion for a quieter household, even a townhouse or apartment. Julie also loves toys, a shell pool, sandpit and a nice bone or chew. Someone home more often than not would be perfect. She's easy going and not worried by pet birds or small dogs, even livestock across the fence. Just a sweetheart ready to relish retired life, even as an only dog. 💗","julie-7",""
"2020-09-01","Riverina (Wagga, Temora, Gundagai, Griffith)","956000007826627","Adal","2026-01-14","MALE","","Adal – A Big Hunk of Love! Adal is the sweetest, affectionate boy with a big heart and just as much love to give. He’s great with all people, always happy to see you, excitable at times and loves showering you with kisses. This easy-going lad enjoys his walks, car rides, playtime with his toys, and hanging out with his greyhound friends, as well as playing with the resident Whippet and Jack Russell. Adal isn’t a fan of storms, but he handles them well by quietly retreating to his safe spot inside on his bed or in a kennel in the garage until the weather passes. He’s not vocal, destructive, or escape-prone—he just likes to hunker down until it’s over. With his lovely nature, happy personality, and endless love to share, Adal will make a wonderful companion, especially if someone is home or close by if a storm is coming, and can be on his own or with another dog to play with. 💙 *Come meet Adal at the Binalong Community Market Day on Sunday 9th November, 10am- 1pm.","adal",""
"2021-04-01","Southern NSW/ACT (Bulli, Nowra, Goulburn, Canberra)","956000007461135","Bull","2026-01-14","MALE","","Bull is a nice boy who loves, playing, loves affection, is good on the lead. He likes meeting new people and new critters on his walks and is very social and outgoing with great character. He has been getting experience coming inside. There something about Bull that you will love.","bull-2",""
"2021-04-01","Southern NSW/ACT (Bulli, Nowra, Goulburn, Canberra)","956000011713188","Mikey","2026-01-14","MALE","","Mikey is a handsome hound who is comfortable to be on his own looking after things while your at work. He is very social and has been exposed to a lot of the world that some dogs may not be use to like trains, cattle, native animals and he travels well on the road. He is happy to make new friends and get out and about and like most greyhounds is happy to relax. He has had some house experience and is wonderful company.","mikey-3",""
"2019-12-01","Western Sydney (Londonderry)","956000007465978","Tiny","2026-01-14","FEMALE","","Tiny is a quiet little girl who is very sweet & often shy with new people. She becomes sweet and affectionate once you get to know her. A house or townhouse in the quiet neck of the woods, with a nurturing owner, would be the best fit for Tiny. She could also live in an apartment if it's spacious/quiet with safe zones to call her own - eg baby gates and secluded spaces. A quiet home where she can settle in and thrive would be perfect for Tiny, this means a home without children and pets/dogs. She can do stairs & enjoys sleeping in a crate, however not required. She has shown she can settle for longer periods here and would suit working up to full timers. It would be amazing to see someone nurture her confidence and guide her through the world. She becomes playful, loves chasing toys around, likes treats and food, and walks nicely on the lead. She's happy to take treats and likes learning and training. Tiny is a sweet little dog who will make an amazing pet once she has settled in. If you think Tiny sounds like the right girl for you then apply to meet her today.","tiny-9",""
"2022-04-01","Hunter Valley Mid Coast (Maitland/ Muswellbrook/Newcastle/Forster)","956000011312242","Beast","2026-01-14","MALE","","Meet Beast🐾 Despite his name, Beast is just a big goofball with an even bigger heart! This happy boy has perfected the art of smiling — seriously, one look at that grin and you’ll be smitten. Add in his constantly wagging tail, and you’ve got a living, breathing happiness machine! Beast is a true socialite who adores the company of his fellow greyhounds. Whether it’s a gentle play session or a backyard zoomie, he loves being part of the gang. Toys? Don’t even get him started! Beast is a toy enthusiast — squeaky, bouncy, or chewy, he’s not picky. Watching him toss his toys around is guaranteed entertainment. He also enjoys exploring a backyard, sniffing out all the best spots, and showing off his model-like strut (with a grin, of course). Beast is crate-savvy and perfectly happy to come and go as he pleases — he treats it like his personal den where he can relax after a busy day of smiling and tail-wagging. He’s engaging, affectionate, and loves to greet everyone he meets…no one escapes a “hello” from Beast! If you’re searching for a companion who brings sunshine, smiles, and maybe a few stolen socks into your life, Beast is your guy. With his charming personality and endless enthusiasm, this not-so-beastly boy is ready to fill your home (and your heart) with joy. 💚","beast",""
"2020-02-01","Hunter Valley Mid Coast (Maitland/ Muswellbrook/Newcastle/Forster)","956000007825732","Sophia","2026-01-14","FEMALE","","Meet Sophia – the Sweet & Sophisticated Greyhound! 🐾 Sophia is a gentle 6-year-old greyhound with a calm, easy-going nature. She’s been around kids (ages 5 & 6) who can walk and feed her, and she takes it all in stride! While she might be a little reserved at first, once she feels at home her playful, affectionate side shines through. Sophia gets along beautifully with dogs of all sizes and is the perfect mix of grace and goofiness.","sophia",""
"2022-04-01","Western Sydney (Londonderry)","956000011330719","Ernie","2026-01-14","MALE","","Ernie is a shy boy who has made a lot of progress at the adoption centre. He is looking for a special home who will nurture him and continue his confidence building. He requires a family willing to take things slow with him as we have here. He would thrive as a solo dog with a 1-2 adults at home, or a calm dog to keep him company. He could spend a few hours alone or longer, with a secure yard or courtyard. He is very sweet, cuddle and adorable once he trusts you (see photos of all his cuddly moments!). It will be a highly rewarding journey for whoever adopts our special boy Ernie. He loves lying on blankets in the garden, sitting in his shell pool and cuddling you once he knows you. Meet Ernie by appointment at Western Sydney.","ernie-7",""
"2021-02-01","Northern Rivers (Grafton, Lismore, Casino)","956000011711698","Jack","2026-01-14","MALE","","Meet Jack🐾 Say hello to Jack, a cheerful and affectionate greyhound who’s ready to find his forever family! Jack has grown up around children and is wonderfully gentle and patient with them — he loves being part of family life and joins in with whatever’s going on, always making sure everyone is happy and safe. This lovely boy gets along brilliantly with other large dogs and enjoys having a playmate who can keep up with his energy. He can be a little unsure around smaller dogs at times, so he’d benefit from some calm, positive socialisation to help him feel more confident with them. Jack’s playful side really shines when he’s surrounded by his toys. He loves tossing them around, chasing after them, and showing off his collection to anyone who’ll watch! Between play sessions, Jack takes his role as “family supervisor” very seriously, checking in regularly with his people to make sure all is well before settling down again with a big grin and wagging tail. With his happy, affectionate nature and gentle heart, Jack would make a wonderful companion for a family looking for a fun, loving dog to share their days with. He’s full of character, always up for a bit of play, and even happier just to be near his humans. If you’re searching for a loyal, joyful friend who’ll bring laughter and love into your home, Jack is your guy. He’s ready to meet his forever family — and he can’t wait to check in with you! 💛🐶","jack-36",""
"2021-11-01","Northern Rivers (Grafton, Lismore, Casino)","956000013017828","Keith","2026-01-14","MALE","","Meet Keith🐾 💛 Say hello to Keith, a stunning boy with a big personality and an even bigger heart. This charming boy has grown up surrounded by children, so he’s used to family life and all the noise, laughter, and cuddles that come with it. He’s gentle and patient with kids, always happy to join in on playtime or relax nearby while they do their thing. Keith is an excellent traveller, he hops into the car with ease and settles down quietly for the ride. Whether it’s a trip to the countryside or a quick run to the shops, he’s the perfect co-pilot who loves to be part of the action. When it comes to other dogs, Keith gets along beautifully with larger breeds and enjoys having a playmate of similar size and energy. He can be a little unsure around smaller dogs and would benefit from some gentle, supervised socialisation. True to his greyhound nature, Keith is a lovely mix of playful and laid-back. He adores his bursts of energy in the garden or at the park — chasing toys, stretching those long legs, and showing off his zoomies, but he’s just as happy curling up for a snooze on the sofa afterwards. He’s got the balance just right! Keith would suit most family environments, especially those looking for a single dog who can be the centre of attention. He thrives on affection and companionship and will reward his new family with endless loyalty, love, and plenty of cuddles.","keith-3",""
"2015-01-01","Western Sydney (Londonderry)","956000008672585","Coco","2026-01-14","FEMALE","","*I've just gone into a foster home!* My foster family say: ""She is now fully trained using the stairs with no aid. Coco enjoys the lightly heated shower and then getting brushed. She also enjoy eating chicken necks, cooked vegetables potatoes and pumpkin, loves cooked chicken!"" Coco would love to live in a chilled out house or apartment (stairs are no problem!). She is a very cute little senior lady with an adorable greying face. She is super affectionate, totally fine to be left alone (with no accidents or distress) perfect for those working longer hours. She gets along with greyhounds and medium to large dogs. She loves a treat and will be a breeze to train! This sweet little senior lady can't wait to snooze on your couch and be treated like the princess she is. Meet Coco at the Western Sydney adoption centre.","coco-13",""
"2022-05-01","Northern Rivers (Grafton, Lismore, Casino)","956000014529171","Bj","2026-01-14","MALE","","Meet BJ🐾 BJ is a wonderful male greyhound who’s great with all dogs and would fit perfectly into a home with children. He’s had positive experiences around kids before, making him a calm and gentle companion for family life. This affectionate boy absolutely loves pats and cuddles — he’s always ready to lean in for some extra love and attention. BJ also enjoys a splash in shallow water, happily cooling off and having fun when the chance arises. With his friendly nature, love for affection, and easy going temperament, BJ is a fantastic all-rounder who will bring warmth and happiness to any household. If you’re looking for a sweet, sociable greyhound who thrives in a family environment and gets along with everyone, BJ could be the perfect match for you.","bj-2",""
"2022-02-01","Northern Rivers (Grafton, Lismore, Casino)","956000007428739","Honey","2026-01-14","FEMALE","","Meet Honey🍯 Her name says it all – Honey is pure sweetness, with a playful streak that’s impossible not to love! Honey is a beautiful greyhound with a personality as sweet as her name! She’s a friendly, easy going girl who gets along wonderfully with dogs of all shapes and sizes, making her a lovely companion for both people and pups alike. A quiet and gentle soul at heart, Honey takes everything in her stride. She’s well used to travelling in cars and trailers, settling in comfortably wherever she goes — the perfect passenger for any adventure. Out and about, Honey can be a little strong on the lead at first, especially when she’s excited to explore, but she soon settles into a nice, steady rhythm. Once she’s in her stride, she’s a joy to walk beside. Honey also has a fun, playful side — she loves splashing about in the water and enjoys playing with her toys when she’s feeling lively. Whether it’s a gentle paddle, a game of chase, or some quiet time relaxing after a walk, Honey takes it all in her happy, calm way. With her sweet nature, gentle confidence, and love for both play and peace, Honey would make a wonderful addition to just about any home.","honey-14",""
"2022-01-01","Northern Rivers (Grafton, Lismore, Casino)","956000011704091","Rita","2026-01-14","FEMALE","","Meet Rita💛 Rita is a lovely greyhound with a wonderfully relaxed outlook on life. She’s the kind of girl who takes everything in her stride — calm, content, and always happy to go with the flow. With her gentle nature and easy going temperament, Rita is a true pleasure to have around. She gets along beautifully with her fellow greyhounds and enjoys spending time with other medium and large dogs too. Whether she’s sharing a quiet snooze or having a gentle wander with her canine friends, Rita is friendly and well-mannered in every situation. Rita has that special “cruising through life” attitude — nothing seems to bother her, and she’s just as happy relaxing in the sunshine as she is joining in for a stroll or some family time. With her calm presence and kind heart, Rita would make a wonderful addition to almost any home. She’s the perfect companion for someone looking for a peaceful, loving dog who will fit effortlessly into daily life.","rita-1",""
"2019-02-01","New England","956000004877798","Rosie","2026-01-14","FEMALE","","Meet Rosie🌹 Rosie is a beautiful, gentle girl with a calm and affectionate nature. She has that wonderful greyhound grace about her — peaceful, sweet, and always taking life at her own easy pace. Rosie’s gentle temperament makes her a real joy to be around, and she has quickly become a much-loved member of her foster home. Living with other greyhounds, Rosie has shown herself to be friendly and well-mannered. She enjoys the quiet companionship of her canine friends and fits seamlessly into a relaxed household routine. She hasn’t yet been tested with smaller dogs, so careful introductions would be needed if her new home includes them. Rosie is a lovely balance of sociable and independent. She enjoys being part of family life — whether that’s pottering around the house, joining in for some gentle fuss, or simply lying nearby while you go about your day. At the same time, she’s perfectly happy in her own company, often curling up for a nap in a sunny spot or settling quietly after a walk. Speaking of walks, Rosie travels beautifully in the car and is always content on journeys. She makes an excellent travel companion, calmly watching the world go by or snoozing along the way. Rosie would be happiest in a home where she can continue to enjoy a calm, loving environment — either with other greyhounds or as the centre of attention herself. She’s an easy going girl who will bring warmth, gentleness, and quiet companionship to her forever family. If you’re looking for a relaxed, affectionate friend to share peaceful days and cosy evenings with, Rosie could be the perfect match.","rosie-18",""
"2023-04-01","Western Sydney (Londonderry)","956000015762294","Violet","2026-01-14","FEMALE","","Friendly, energetic and adorable girl Violet is a sweet and reserved girl to begin with but loves to play and bounce around once she gets to know you. Violet walks perfectly on the lead and is polite and friendly with other dogs her size. We think her confidence would grow if she had a doggie friend to spend her days with. A backyard or townhouse yard would be a perfect fit for Violet! Meet Violet by appointment at Western Sydney.","violet-4",""
"2023-04-01","Western Sydney (Londonderry)","956000015756885","Shirley","2026-01-14","FEMALE","","Shirley is a sweet young girl ready to zoom into your life! Shirley would be a great fit for an active family with kids who can entertain her after school, or a young couple looking for a bubbly companion. Shirley could live with other dogs her size, and due to her young age would do best with ongoing training and exposure to the big wide world. She has a bright, bubbly personality and aims to please! She is playful, goofy and affectionate! Meet Shirley at Western Sydney by appointment.","shirley-2",""
"2023-04-01","Western Sydney (Londonderry)","956000015762851","Angus","2026-01-14","MALE","","Angus is friendly and playful, likes playing with toys and confident in new places. Angus is active, fun and would enjoy a active, structured life of daily walks and adventures. Someone confident with walking a strong dog is preferred as he can be excited to get going. Angus would be a great candidate to share a home with another medium to large dog pal! Meet Angus by appointment at Western Sydney.","angus-5",""
"2022-03-01","Western Sydney (Londonderry)","956000007375546","Daisy","2026-01-14","FEMALE","","Hi, I'm Daisy! I am a delightful girl, looking to be plucked and bunched in to a home I can call my very own. Daisy will blossom around other dogs as she has experience with English Staffies. I LOVE walks and promise to always greets you with a wiggly body. She would do best with older kids as she is bubbly, energetic and fun loving. If you don’t want to catch yourself saying “oopsie daisy” because you missed out on meeting this beautiful little lady, fill out an application to adopt Daisy today & mention her name in your application comments. Daisy can be picked from Western Sydney.","daisy-22",""
"2021-07-01","Western Sydney (Londonderry)","956000007374088","Sully","2026-01-14","MALE","","*I have been in a foster care home for 6 weeks - read the update below!* ""Sully is going well and has settled in and shows signs of improvement almost everyday. He is very good with children and with all types of dogs. He loves a walk and is good on the lead. On the lead he is well behaved and does not respond when other dog are walking near him. If I stop and talk with another dog walker Sully is calm and relates appropriately with other dogs. Sully loves to drive in the car and enjoys the wind in his face as he keeps his head out of the window. He loves a cuddle and pat in the morning and anytime during the day if he is awake."" ------------ Hi, I’m Sully — a gentle, quiet-natured blue boy looking for my new home. I love being around my people, get along well with other dogs, and I’m perfectly happy spending time in the yard while you’re out. I also love having the freedom to wander in and out as I please. I love the water – so much so that I even took a dip in the river (see photos)! I also travel great in the car and enjoy my walks, especially in quiet areas while I continue building my confidence. I like to take my time getting used to new environments, and once I do, I’m all in. I have even learnt to walk up and down stairs! I’m happiest in a home with a yard where I can stretch my legs and enjoy the fresh air throughout the day. I also like to sleep outside and would love a family who respects my boundaries when I’m resting or asleep. I also have experience in a pet home, so I already know the routine of a home life. I’m comfortable being left alone for a few hours, especially with a yard to explore and settle in. And when the day winds down, you’ll find me cozied up in my crate – it’s my little safe haven where I sleep soundly through the night. I'm available now at the Western Sydney adoption centre!","sully-2",""
"2021-09-01","Northern Rivers (Grafton, Lismore, Casino)","956000007419341","Sonic","2026-01-14","MALE","","Ready to meet Sonic—the greyhound who’s not just fast but also the speediest chill master you’ll ever know? If there were an Olympic event for maximum chill, Sonic would take home the gold every time. This laid-back gentleman has mastered the art of relaxation and cruises through life like he’s on a permanent Sunday afternoon. Whether it’s sprawling out on the couch or making himself comfy in a new spot, Sonic just gets how to settle in and make any place feel like home. Sonic is the kind of dog who never rushes, never worries, and never gets ruffled. He’s the perfect blend of calm and friendly—always happy to say hello to new dog friends, no matter their size. Tiny pups? Big fluffy dogs? Sonic’s got the patience and easy-going charm to get along with them all. And families, listen up—Sonic would be a dream companion for kids! He’s gentle, tolerant, and totally cool with the hustle and bustle that comes with a lively household. Whether it’s playtime or downtime, he’s happy to join in or just hang out, soaking up the love and good vibes. If you want a mellow, sweet, and endlessly loving buddy who makes life feel a little more relaxed and a lot more fun, Sonic’s your guy. Ready to invite this cruising king of calm into your home? He’s already made himself comfy in our hearts and can’t wait to do the same with you!","sonic-2",""
"2021-04-01","Western Sydney (Londonderry)","956000011652619","Kai","2026-01-14","MALE","","Kai is a social and confident boy, who is polite with greyhounds and very friendly with everyone he meets! He is gentle on the lead, showing off his lovely manners. He comes when called and aims to please! He likes carrying around toys, and would enjoy a backyard to frolic in during the day. Shorter hours alone are best for Kai as he learns to settle into pet life. Meet Kai at the Western Sydney adoption centre by appointment.","kai",""
"2023-04-01","Western Sydney (Londonderry)","956000014887644","Rousey","2026-01-14","FEMALE","","Rousey is a sweet gentle girl, a bit shy and reserved at first but already warming up with us at the centre! She loves food and will happily take a treat from you. She is gentle on the lead and promises to walk nicely on the lead for you on adventures. She LOVES chin scratches, too! This lovely girl would suit a home with respectful children, and wouldn't mind sharing her home with another dog her size! Rousey is available by appointment at Western Sydney!","rousey",""
"2015-04-01","New England","956000004331096","Missy","2026-01-14","FEMALE","","Missy – The Gentle Soul Missy is a beautiful 10-year-old black greyhound whose calm presence and kind heart make her the perfect companion. With her soft eyes and graceful demeanor, she exudes warmth and serenity. Missy is gentle with everyone she meets and her sweet nature makes her a comforting couch buddy. Though she’s in her golden years, Missy still enjoys quiet strolls and cozy naps in sunny spots. She’s the kind of dog who will rest her head on your lap and make you feel like everything is right in the world. Her loyalty is unwavering, and her affection is given freely to those lucky enough to know her. Missy is more than just a pet—she’s a gentle friend, a quiet listener, and a loving presence in any home. Missy has already lived as a pet in a home and is fully toilet trained.","missy-26",""
"2021-06-01","Western Sydney (Londonderry)","956000007469041","Zena","2026-01-14","FEMALE","","Hello, I'm Zena! Zena is a happy, friendly girl, who would suit a nurturing, calm household to really thrive into the cheeky, confident girl we've seen here at the adoption centre! A home without kids would support her confidence the best. She can live with another calm dog her size but this isn't a necessity, as she really enjoys the company of her humans! Zena does best indoors in a quiet room - a house with a backyard is best suited, so Zena can have space to play and relax. This gorgeous girl has shown us her confident side by conquering our stair case all by herself! Zena's favourite activity is settling down in a cozy area while enjoying a Kong or a food puzzle, since treats are her second favourite thing! She is phenomenal with her training cues - (I know my name, how to go ""down"" and settle on my bed and am currently learning how to ""sit""!) Zena is available at the Western Sydney adoption centre.","zena-1",""
"2020-09-01","Western Sydney (Londonderry)","956000007466793","Ryan","2026-01-14","MALE","","Ryan has spent time in a foster home — keep reading to find out why his foster carer loved him so much! ""Ryan is a sweet, gentle soul with the calmest nature you’ll ever meet. He loves lounging near you quietly, always happy to just be in your presence. He walks beautifully on the lead, gets along well with people, and has such expressive eyes that tell you exactly how he’s feeling. He’s low-maintenance, clean, and well-behaved around the house. He enjoys short walks and long naps, and has a soft spot for comfy bedding and gentle pats. While I’ve come to care for him deeply, I’ve realised I’m not quite ready for a dog at this stage. Ryan deserves a home where he can be someone’s forever companion. He’ll make an incredible addition to any calm, loving household."" Ryan would suit a full-time working family, with a backyard. He is outgoing and friendly with people, loves treats and would also suit a home with another medium-large canine companion. Ryan loves his walks around the adoption centre (pictured!) — and did we mention he’s super smart? 🐾 He already knows “on your bed,” “down,” and “shake,” among plenty of other tricks he’s learned in pet training. Ryan’s waiting for his new best friends to pick him up at the Western Sydney Adoption Centre — could that be you?","ryan",""
"2018-09-01","Western Sydney (Londonderry)","956000009417122","Lou","2026-01-14","MALE","","If you're looking for a friendly and outgoing companion, check out Lou! Lou has recently spent time in foster care where he mastered going to markets and meeting all the stall holders. Lou is a sweet, people-focused boy who enjoys routine, gentle companionship, and having his humans within eyesight. He walks beautifully on lead, took inner-city living in stride during foster care, and happily relaxed at cafés, pubs, and markets. He’s polite with other dogs on walks, enjoys calm play with other greyhounds, and absolutely adores squeaky toys and fetch. Lou is independent but affectionate, active in the mornings, and a cosy snoozer by evening when he has a comfortable spot to unwind. He will do best in a house with yard access, as smaller apartments made it difficult for him to fully settle and find his own space. When sharing a home with a medium–large dog, he benefits from structure around resting places and clear routines to keep everyone comfortable. Lou is a loving, joyful companion who thrives when given room to relax, predictable guidance, and a household that enjoys his mix of active playtime and peaceful downtime. Read below to see what Lou's foster carers had to say about him! ""Lou is a beautiful boy with a lot of love to give. He walks very very well on the lead, ignores most birds and bush turkeys. He is not very interested in saying hi to other dogs and will respectfully walk straight past them. He loves squeaky toys with a passion and plays fetch with them with so much joy. He is a master of stairs. He would benefit from living in a house with a backyard, as our small apartment was a bit tight for him (he likes a safe space). In saying that he still wants to be within eyesight of you. He’s an independent but people loving doggie. He would benefit from an active owner - he is full of beans and loves longer walks and play time. He is most active in the mornings and is up for cuddles and play time, in the evening he likes to curl up and snooze independently."" Apply now to meet Lou from our Western Sydney program.","lou-5",""
"2021-02-01","Hunter Valley Mid Coast (Maitland/ Muswellbrook/Newcastle/Forster)","956000007421962","Jack","2026-01-14","MALE","","Jack is a playful, sweet-natured boy with a cheeky streak and a big heart. He’s lived with a young cattle dog puppy and showed plenty of patience, and he currently shares his life with a couple of toddlers who climb all over him—he doesn’t mind a bit! Jack LOVES his toys (especially fetch!) and is super treat-motivated, which makes training and bonding a breeze. He’s all about having a good play, then flopping onto a comfy bed for a well-earned nap. Jack’s also been known to “reorganise” shoes around the house—just his way of helping with interior design! If you’re after a fun-loving, kid-friendly companion with a mischievous grin and a heart of gold, Jack’s your guy.","jack-34",""
"2021-12-01","Hunter Valley Mid Coast (Maitland/ Muswellbrook/Newcastle/Forster)","956000011658719","Burt","2026-01-14","MALE","","Burt is a total character who thrives on human attention and isn’t shy about making sure you notice him! He can pull like a pro at first on walks, but give him a little time and he settles right down. Burt gets along with other greyhounds at home but prefers to be the king of his castle—he’s got a strong “mine” vibe when it comes to his food and toys. He’s great with kids of all ages and has plenty of experience being a patient, lovable buddy. Burt’s looking for someone who’s home most of the time to keep him company and soak up all his charm. Cats aren’t really his cup of tea, so a feline-free home would suit him best. Ready for a lively, loyal companion? Burt’s your guy!","burt",""
"2019-12-01","Hunter Valley Mid Coast (Maitland/ Muswellbrook/Newcastle/Forster)","956000012255310","Bertha","2026-01-14","FEMALE","","Bertha is a calm and quiet lady who walks well on lead and prefers a relaxed lifestyle—perfect for someone looking for a low-key companion. She enjoys a little play with toys now and then, plus the occasional zoomie to remind you she’s still got some pep in her step. Bertha is best suited as a solo dog and would be a wonderful match for someone who wants a peaceful friend to share their days with—especially if you work from home and can keep her company. While she’s not a fan of cats, Bertha’s easy-going nature makes her a sweet and steady companion for the right home.","bertha-2",""
"2019-12-01","Hunter Valley Mid Coast (Maitland/ Muswellbrook/Newcastle/Forster)","956000007839647","Bonnie","2026-01-14","FEMALE","","Bonnie is a sweet and social girl who walks well on lead and absolutely loves playing with toys—whether she’s teaming up with a human for some playtime or putting on a one-dog toy show all by herself. She’s great at keeping busy and thrives on affection, always ready to share cuddles and generous face licks. Bonnie is very friendly with the greyhounds she lives with and gets along wonderfully with them. While she hasn’t been around cats before, she may do well with a slow introduction to smaller dogs. If you’re looking for a playful, loving companion who’s equal parts fun and snuggles, Bonnie could be the perfect fit!","bonnie-6",""
"2018-10-01","Hunter Valley Mid Coast (Maitland/ Muswellbrook/Newcastle/Forster)","956000006809967","Jimmy","2026-01-14","MALE","","Jimmy is a confident, energetic guy who walks beautifully on lead and loves to bound around with enthusiasm. He’s super engaging with people and thrives on treats—perfect for training and bonding! While Jimmy enjoys playing with other greyhounds during his outings, he prefers to be the only dog in the home to keep things calm and comfortable. Jimmy hasn’t had much experience with cats and tends to prefer a pet-free feline zone, so a cat-free home would be best. Jimmy would shine in an active household where he can join in on plenty of adventures and daily fun. If you’re looking for a lively, loyal, Jimmy is your guy!","jimmy-11",""
"2020-02-01","Riverina (Wagga, Temora, Gundagai, Griffith)","956000007839957","Goose","2026-01-14","MALE","","Meet Goose – the big-hearted goofball! 🐾 Goose is a gentle boy who loves being part of whatever you’re doing—whether it’s pottering in the garden, hanging out in the shed, or going for a drive (he’s a great traveller!). He’s recently discovered the joys of indoor life—lounging on the couch or his bed with legs in the air is a favourite pastime! Goose is house-trained, sun-bakes like a pro ☀️, and also enjoys a comfy spot on the verandah or patio. Friendly with everyone he meets, Goose loves toys (especially his beloved soccer ball!), swims, and easy, sniffy walks. He’s met kids 10+ and is calm around other dogs🐶. Goose is easy-going, friendly and happy who would love a home where someone is around more often than not, easily suited to retirees to travel with or someone wanting a companion dog He’s quiet, only giving the occasional bark for more pats or when dinner’s on the way. Apart from missing two toes from an old puppy injury he still likes a walk, preferably on grass, and is a healthy, affectionate boy ready to share his big heart with you. 💙","goose-3",""
"2021-11-01","Hunter Valley Mid Coast (Maitland/ Muswellbrook/Newcastle/Forster)","956000007432704","Jacko","2026-01-14","MALE","","Meet Jacko! Jacko is a confident, curious soul who's ready to find a forever home where he can truly shine. With a natural love for exploring the world around him, Jacko would thrive with a single person or a couple who can give him the time, space, and companionship he deserves. While Jacko adores human company, he prefers to be the only pet in the home so he can soak up all the love and attention. He may be open to meeting other dogs his size with slow, careful introductions — but he’s happiest when he has his own space to relax and play. This smart boy has fantastic recall and responds beautifully when out and about, making adventures together a real pleasure. He also enjoys his downtime with toys and will happily entertain himself or engage in a gentle game with his humans. If you're looking for a loyal, playful, and independent companion who's ready to explore life by your side, Jacko might just be your perfect match. Key Info: ✅ Best as a solo pet ✅ Confident and curious ✅ Slower intros with other dogs his size ✅ Excellent recall ✅ Loves toys and enrichment ✅ Ideal for a single person or couple Jacko is ready to meet his person – could that be you?","jacko-4",""
"2019-05-01","Hunter Valley Mid Coast (Maitland/ Muswellbrook/Newcastle/Forster)","956000006793931","Shadow","2026-01-14","MALE","","Meet Shadow 🐾 Shadow is a gentle, sweet-natured greyhound who’s happiest when he’s hanging out with his human family and preferably inside, where he can find the comfiest spot in the house and make it his own. Once he’s picked his perfect chill zone, you’ll barely know he’s there… until it’s time to play or snack, that is! Shadow gets along beautifully with other dogs and adores children of all ages. He’s calm, friendly, and takes everything in his stride, making him a lovely companion for a busy family or anyone looking for a relaxed but social dog. If you’ve got a cat, Shadow may need a slow and gentle introduction—he’s curious but polite, and with a bit of patience, there’s potential for peaceful cohabitation. Despite his relaxed nature, Shadow loves to play, especially a good game of fetch! He’ll light up when you grab a toy and is always ready for some fun in the yard or a quick burst of activity before heading back to his favourite snooze spot. And when the treats come out? Oh, you’ve got his full attention. This boy knows how to sit pretty for a snack and will happily hang out just to be near you. Shadow would thrive in a loving home where he can enjoy the best of both worlds: playtime and cuddle time. Whether you’re a family with kids, a home with other dogs, or someone looking for a loyal companion to share quiet moments and light hearted play, Shadow is ready to step into your life and into your heart.","shadow-7",""
"2020-05-01","Hunter Valley Mid Coast (Maitland/ Muswellbrook/Newcastle/Forster)","956000007466484","Hammer","2026-01-14","MALE","","Ready to nail the perfect companion? Meet Hammer 🐾 Hammer is the ultimate all-rounder—a friendly, happy-go-lucky greyhound who gets along famously with other dogs of all shapes and sizes. Whether it’s a tiny terrier or a big labrador, Hammer’s easy going nature means he’s ready to make friends wherever he goes. This lively boy absolutely loves his zoomies and would thrive in a home with a backyard where he can race around and let loose to his heart’s content. When he’s not zooming, Hammer is a wonderful family dog—gentle, affectionate, and great with people of all ages. He’s equally happy as a solo dog or as the perfect companion for a young couple looking for a loving, energetic friend. Hammer is a cuddler at heart and enjoys spending quiet moments snuggled up with his humans after a day of fun and play. His engaging personality and happy disposition make him a joy to be around, always eager to say hello and share some love. If you’re searching for a playful, affectionate, and well-rounded greyhound who’s ready to bring energy and warmth into your home, Hammer might just be the perfect match!","hammer",""
"2019-05-01","Hunter Valley Mid Coast (Maitland/ Muswellbrook/Newcastle/Forster)","956000006793938","Big Boy","2026-01-14","MALE","","Say hello to Big Boy 🐾 Big Boy is a gentle giant with a heart as big as his name! This confident and max relaxer greyhound is a true people pleaser who adores everyone—from dogs and cats to children of all ages. He’s got a warm, friendly nature that makes him an instant hit wherever he goes. While Big Boy loves socializing, he prefers to be the king of his castle and would do best as a solo dog in his forever home. That said, he’s always up for a fun doggy playdate to stretch his legs and enjoy some furry friendship time. He knows how to keep things chill and relaxed, so his play dates tend to be happy and harmonious affairs. Big Boy would thrive in a home with a backyard where he can soak up the sunshine, lounge on the grass, or explore at his own leisurely pace. He’s happiest when a family member is working from home or part-time, as he enjoys company but is also perfectly content to kick back and chill solo when needed. Whether he’s snoozing quietly or spending quality time cuddling with his humans, Big Boy’s laid-back vibe brings calm and comfort to any household. On walks, Big Boy is a star walker, calm and confident on the lead, making every outing a peaceful pleasure for both dog and human. If you’re looking for a lovable, relaxed companion who’s a true social butterfly with a preference for solo living and fun play dates, Big Boy could be your perfect match. Ready to settle in and steal your heart, he’s waiting to become the gentle giant of your family!","big-boy-1",""
"2020-04-01","Hunter Valley Mid Coast (Maitland/ Muswellbrook/Newcastle/Forster)","956000007846261","Jett","2026-01-14","MALE","","Meet Jett 🐾 Jett is a confident and outgoing boy with a heart full of love and energy. He has previously lived happily with small dogs, showing his friendly and adaptable nature, and he’s always ready to make new furry friends wherever he goes. This active boy thrives on plenty of exercise and stimulation, but he also knows how to switch gears and settle in for lots of cuddles and affection. Jett absolutely loves being close to his humans and will happily snuggle up whenever he gets the chance. His affectionate nature makes him a true companion who will brighten your days with his joyful spirit. Jett would do best in a home where someone is working from home or part-time, as he enjoys having company around and thrives when he’s not left alone for long periods. His confident and sociable personality means he’s ready to explore the world and enjoy new adventures with you by his side. If you’re looking for an energetic, loving, and confident greyhound who is great with smaller dogs and adores affection, Jett could be the perfect addition to your family!","jett-4",""
"2023-05-01","Southern NSW/ACT (Bulli, Nowra, Goulburn, Canberra)","956000017162490","Kala","2026-01-14","MALE","","Kala is strapping young lad who is a big cuddly softie. He just wants to be part of the family. He is happy to supervise while your working hard around the yard and is happy to fetch toys and drop them at your feet. Kala is destined to be a valued family member with a lot of love to give. Great with everyone he meets. Still needs a bit of patience and guidance to be a great companion.","kala",""
"2021-09-01","Western Sydney (Londonderry)","956000013041002","Magic","2026-01-14","MALE","","Meet Magic, a greyhound who lives up to his name—he’s full of spark, joy, and a touch of mischief! Magic is an energetic and playful boy who loves to get out and explore the world. He walks with confidence and enthusiasm, making him the perfect adventure buddy for a family that enjoys being active. Whether it’s a stroll through the park or a weekend outing, Magic brings excitement and fun wherever he goes. Magic’s outgoing nature comes with plenty of good manners—he’s polite and social with other dogs and has happily walked alongside both medium to large breeds and smaller companions without fuss. He would likely enjoy sharing a home with another greyhound or dog friend pending a meet and greet. Once he’s had time to settle and learn the comforts of home life, Magic will be content to spend some time on his own too. If you’re looking for a lively, affectionate companion who’s ready to add a little sparkle to your days, Magic might just be the perfect addition to your family","magic-4",""
"2020-04-01","Hunter Valley Mid Coast (Maitland/ Muswellbrook/Newcastle/Forster)","956000007855090","Geisha","2026-01-14","FEMALE","","Say hello to Geisha 🐶 Geisha is a beautiful lady with a calm presence, a gentle spirit, and a love for life’s simple pleasures. She has the kind of soothing energy that fills a room without saying a word – just her being there makes everything feel a little more peaceful. True to her name, Geisha moves with grace and serenity, but don’t let that elegant exterior fool you – she’s also got a wonderfully playful streak! When it comes to other dogs, Geisha is a total pro. She’s incredibly dog-social and happy to live with canine companions of all shapes and sizes. Whether she’s gently playing, quietly snoozing next to them, or just sharing her space, she does it all with ease and friendliness. Geisha is what we like to call “effortlessly easy.” She’s wonderfully relaxed, low-maintenance, and happy to go with the flow. She’ll adapt to your routine without complaint and will be your quiet shadow, following you from room to room with calm curiosity. She doesn’t ask for much – just a soft bed, some gentle affection, and maybe a toy or two to keep her entertained. One of her favourite things is simply being close to her humans. She thrives on gentle affection and will happily rest her head in your lap or snuggle in close for some quiet bonding time. She’s affectionate without being needy – just a sweet, steady presence who’s always nearby when you need a bit of comfort or company. Geisha is ready to find her forever home – could it be with you?","geisha",""
"2020-04-01","Hunter Valley Mid Coast (Maitland/ Muswellbrook/Newcastle/Forster)","956000007851461","Joe","2026-01-14","MALE","","Meet Joe 🐾 Joe is a confident and cheerful gentleman with a tail that never stops wagging! Full of personality and charm, Joe carries himself with a happy-go-lucky attitude and a healthy dose of independence. He knows what he likes — whether it's a good sniff around the backyard or a comfy spot to lounge in, but he’s always happy to come over for a cuddle and soak up all the affection you're willing to give. Joe is great with medium and large dogs, showing good manners and a calm approach. He’s still learning about smaller dogs, so slow and gentle introductions will be key. With the right guidance, he’s a smart boy who’s always up for learning something new. This lovely lad would thrive in a home with a secure backyard where he can stretch his legs and enjoy some solo sunbathing time. Joe’s independent streak means he’s not overly clingy, but he still loves having his humans around — especially if they’re up for some playtime or pats. He’d be best suited to a home with older children who can match his energy and give him the space he needs to relax and feel secure. If you're looking for a happy, affectionate, and self-assured greyhound to brighten your days, Joe could be just the guy for you! 🐶","joe-10",""
"2020-04-01","Hunter Valley Mid Coast (Maitland/ Muswellbrook/Newcastle/Forster)","956000012226800","Nitro","2026-01-14","MALE","","Meet Nitro! ⚡️ Nitro is a lively guy who knows how to strike the perfect balance between zoomies and chill time. When he’s feeling energetic, he’ll happily race around the yard like a little lightning bolt, showing off his speedy moves and playful spirit. But just as quickly, he’s just as content curling up beside you for some serious relaxation and quality cuddle time. Nitro is a true social butterfly in the pet world. He’s cat-friendly and dog-friendly, making him an ideal member of a multi-pet household. Whether he’s sharing space with feline friends or canine companions, Nitro is easy-going, respectful, and gets along famously with everyone. Plus, he’s fantastic with children of all ages; gentle, patient, and always ready to be part of the family fun. This affectionate boy absolutely thrives on attention and love. He’s the type of dog who will happily follow you around the house just to be near you, eagerly accepting all the pets, scratches, and belly rubs you can offer. Nitro’s love tank is bottomless, and he’s not shy about letting you know when he needs a little extra TLC. Nitro also appreciates his crate—a cozy, safe haven where he can retreat when he wants some downtime or a peaceful nap after a busy day of adventures and play. He’s well-behaved, adaptable, and loves having a comfy spot to call his own. If you’re searching for a loving, well-rounded companion who fits seamlessly into a bustling household, Nitro might just be your perfect match.","nitro-1",""
"2020-07-01","Hunter Valley Mid Coast (Maitland/ Muswellbrook/Newcastle/Forster)","956000011710328","Bat Man","2026-01-14","MALE","","Meet Bat Man! 🦇 Don’t let the name fool you—Bat Man is a laid-back greyhound with a heart as soft as his adorable fluffy coat. He’s happiest when surrounded by his fellow greyhounds, loving their company and enjoying the calm, easy-going life of a true greyhound gentleman. Bat Man hasn’t been tested with smaller dogs yet, but he’s got such a chilled-out nature that we’re hopeful he’d take things in stride with the right introduction. This easy going guy adores his human friends and is always up for some quality time; whether it’s a gentle pat, a slow stroll, or just hanging out together. He’s happy to cruise about at his own relaxed pace, taking in the world with a contented smile. Bat Man’s combination of chilled vibes, fluffy charm, and love for his greyhound pals makes him a wonderful companion for someone looking to add a calm, affectionate friend to their home.","bat-man-1",""
"2020-04-01","Hunter Valley Mid Coast (Maitland/ Muswellbrook/Newcastle/Forster)","956000012255693","Dolly","2026-01-14","FEMALE","","Meet Dolly! 🐾 If you’re looking for a greyhound with more zoomies than a rocket ship and more confidence than a dog who just found the best stick in the park, Dolly is your girl! This strong, sleek speedster LOVES to run circles around her greyhound buddies, she’s basically the social butterfly of the greyhound world. Dolly is fantastic with other greyhounds and could probably teach a masterclass in making furry friends. Smaller dogs? Well, she hasn’t met many yet, so we’re keeping that adventure open for the future—think of it as a “coming soon” episode in the Dolly saga! This girl has impeccable recall, which means when you call her, she’s basically a furry missile zooming back to you (unless she’s mid-zoomie, then you might just be part of the fun chase). She’s strong too, so if you’re ready for some workout sessions disguised as dog walks, Dolly’s got you covered. She’d be happiest with a backyard where she can unleash those famous zoomies and show off her impressive speed and grace (or maybe just run in hilarious circles). Dolly’s confidence means she can fit comfortably into most homes, as long as you’re ready for some lively fun and lots of tail wags. In short: Dolly is the four-legged combination of a sprinter, socialite, and comedian—all wrapped up in a gorgeous greyhound package. Are you ready for zoomies, belly rubs, and endless fun? Because Dolly definitely is!","dolly-13",""
"2021-08-01","Northern Rivers (Grafton, Lismore, Casino)","956000007429011","Popeye","2026-01-14","MALE","","*Hi, I've just gone to foster care! Reach out to meet me!* Foster Update: ""Popeye has been an absolute delight. Popeye is funny, loving & just such a sweet boy at heart. He has adapted well to being left outside while we are at work. We leave at 7:30 & are back around 5. I was unsure how he would go toilet training but he hasn’t had a single accident inside. I try to get him to go before bed & he doesn’t need to go out again until we’re all up in the morning. The stairs have not been an issue & he tackled them from day one like a pro. For our first foster, we couldn’t have wished for a better one. I think almost any household would suit him. A couple looking for a fur baby or even an older retired person / couple. He’s happy in the company of others, but also happy to be on his own. He doesn’t mind having cuddles with you, either on the floor in his bed or up on our bed. We all love him to bits & really hope we’re setting him up well to find his forever home. Anyone would be lucky to have him. "" Looking for a fun-loving Greyhound with lots of personality? Meet Popeye, a charming boy who’s equal parts confident and affectionate! Popeye would suit full time workers as he has shown he is happy to settle alone. Popeye walks beautifully on lead and enjoys exploring the world with confidence, even tackling full staircases like a pro! Popeye may be able to go home with another medium to large dog, pending a meet and greet. He’d thrive best in a home without young children, perhaps a home with adults or older children could be where he finds his new home. A small courtyard or backyard would be ideal, as he loves to show his playful side with a zoom around the yard. Popeye is affectionate, playful, and has loads of love to share. If you're ready for a goofy, loyal companion who’ll keep you smiling, Popeye is your guy! Meet him at Western Sydney.","popeye-2",""
"2019-02-01","Western Sydney (Londonderry)","956000006812015","Matey","2026-01-14","MALE","","*I have just aced my 8 weeks of foster care and I'm ready to go home with you!* Foster Update: ""Matey is going great, enjoys his walks, enrichment toys and especially enjoys food! He now comes inside and runs straight to his bed and lies down, without me even needing to tell him, we are blown away with how well he is going!"" Ahoy Matey! Matey is the finest gem of them all! With his pretty blue coat, floppy ears and gentle, curious and affectionate nature, this Matey is a bounty of charm waiting to be adopted! He is a super outgoing boy who just loves everyone he meets, especially if you have some yummy treats or play a game of fetch with him! Matey suits full time workers and loves spending his days outside with enrichment during the day - making him a great outdoor dog for a family looking for a pet who spends most of their time outside. Matey is an enthusiastic, gentle, smart and fun-loving boy making him suitable for those wanting a laid back yet playful friend. Matey suits full-time workers, and would enjoy a small yard to call his own. This handsome boy is available now from our Western Sydney adoption centre.","matey-2",""
"2023-11-01","Northern Rivers (Grafton, Lismore, Casino)","956000016776242","Elsa","2026-01-14","FEMALE","","Meet Elsa! 🐾 Elsa is a bright, outgoing lady who absolutely adores children and makes friends wherever she goes! Full of energy and curiosity, Elsa is a true little adventurer who loves exploring new places and sniffing out exciting smells. She’s always up for a walk, a run, or a fun day out discovering the world around her. Elsa’s friendly and affectionate nature means she bonds quickly with everyone she meets—whether that’s kids, other dogs, or new people. She’s great with other dogs, enjoying playtime and company, but she also knows when it’s time to relax and soak up some cuddles. Her love of treats makes training and learning new tricks a breeze, and she’s always ready to show off a happy wag or two! If you’re looking for a loving, lively companion who will bring energy, affection, and lots of joy to your family, Elsa is your girl. She’s ready to leap into your life with boundless enthusiasm and fill your days with fun adventures and warm snuggles. Could Elsa be the energetic and loving friend you’ve been waiting for?","elsa-6",""
"2019-05-01","Western Sydney (Londonderry)","956000006795720","Cindy","2026-01-14","FEMALE","","Cindy is a sweet, quiet girl, who is lovely and soft with other dogs. She warms up well once you get to know her and becomes very sweet and affectionate. Cindy would suit a nurturing home where they can take things slow, but we're sure she will come out of her shell! A quiet home with a backyard to retreat to would be a perfect match for Cindy as she settles into pet life. A home without little kids is best suited as she is on the shy side. Available at Western Sydney!","cindy-6",""
"2022-08-01","Western Sydney (Londonderry)","956000011712119","Jeda","2026-01-14","FEMALE","","Jeda is a sweet girl who warms up nicely and has little excitable moments including chasing toys around. This gorgeous girl is excitable/confident and walks beautifully on the lead. She is a sweet girl who would suit a home with another greyhound buddy and a backyard to call her own. Jeda is as gorgeous inside as she is out - we can't wait for you to meet her! Available at Western Sydney.","jeda",""
"2024-02-01","Northern Rivers (Grafton, Lismore, Casino)","956000017173454","Tails","2026-01-14","FEMALE","","Meet Tails 🐕‍🦺 Tails is a sweet and sensitive girl who would truly flourish with a little extra support and patience. While she can be timid and shy when meeting new people, once she feels safe and comfortable, she blossoms into a loving and loyal companion. Tails would hugely benefit from foster care or a home with another well-adjusted dog to help show her the ropes of pet life. Having a confident canine friend by her side will give her the guidance and reassurance she needs to gain confidence in her new surroundings. She gets along well with other dogs and enjoys their company, but she thrives best in a calm, low-key lifestyle where she can take things at her own pace without feeling overwhelmed. If you have a gentle home and a furry friend willing to help Tails settle in, you could be the perfect match to help this beautiful girl come out of her shell and experience all the love and joy she deserves.","tails-1",""
"2021-10-01","Western Sydney (Londonderry)","956000012865989","Tim Tam","2026-01-14","MALE","","Whether you're a double coat, caramel or an original Tim Tam fan, we can all agree Tim Tams are a sweet treat and a family favourite. He is the perfect blend of calm natured and sometimes playful, what more could you want in a canine companion. He walks lovely on the lead and would suit a home without exposure to small dogs. Tim Tam gets along with dogs his size. Due to his friendly nature, he will suit a family that have respectful children. Tim Tam comes when called and is polite around new people! Tim Tam is available at Western Sydney.","tim-tam-1",""
"2019-01-01","Western Sydney (Londonderry)","956000006169035","Wooly","2026-01-14","MALE","","Hey, I'm Wooly! I'm a quiet guy, looking for a quiet home. I warm up to new people but would prefer a nurturing chilled out place to call my own. I'd love my own backyard and don't mind mingling with other dogs big or small. I love food and will enjoy learning new tricks in my forever home. A home without children is best for me. I can't wait to meet you! Available at Western Sydney.","wooly",""
"2022-02-01","Hunter Valley Mid Coast (Maitland/ Muswellbrook/Newcastle/Forster)","956000011359134","Brax","2026-01-14","MALE","","Meet Brax 🐾! Brax is a delightful boy with a playful and affectionate personality that instantly wins hearts. He’s had wonderful experience being around small children, showing a calm and gentle demeanour that makes him a fantastic addition to family life. Brax has also seen chickens and cats during his time, though he hasn’t been formally tested with them, so a slow, supervised introduction would help everyone feel comfortable. This handsome boy loves the company of other medium to large dogs and enjoys socializing and playing with his furry pals. Whether it’s a lively play session or just hanging out side by side, Brax thrives in a dog-friendly environment where he can be active and engaged. While he’s full of playful energy, Brax also knows how to relax and truly enjoys lying in his crate, which he finds cozy and safe and a perfect spot to recharge after a busy day. One of his most lovable traits is how much he loves to show affection. He’s not shy about letting you know when he wants some love, and he delights in offering cuddles and warm moments to those he trusts. Brax is looking for a forever home where he can be part of a loving family who appreciates his playful spirit and gentle heart. If you’re seeking a sweet, social, and affectionate greyhound who’s great with kids and loves spending time with other dogs, Brax might be the perfect fit for you!","brax",""
"2021-01-01","New England","956000007454924","Turtle","2026-01-14","MALE","","Meet Turtle 🐢! Turtle is a truly beautiful greyhound with a sleek, shiny coat and a striking presence that turns heads wherever he goes. But don’t let his elegant looks fool you—this boy is full of energy, strength, and playful spirit! He’s a strong, athletic dog who loves to engage in fun, active play sessions, so he would thrive best in a home with other big dogs who can match his pace and with older kids who understand how to interact with a lively, robust canine companion. Turtle would prefer to live in a house where he has plenty of space to move around, explore, and feel comfortable. While he enjoys his energetic playtime, he also has a big heart and absolutely adores affection and attention from his humans. Whether it’s a good belly rub, a cozy cuddle, or just being near the people he loves, Turtle is happiest when showered with love. Another great thing about Turtle is that he’s crate trained, which means he’s not only fun and affectionate but also well-behaved and easy to manage in a family setting. He’s looking for a forever home where he can be part of an active family who understands his playful nature and can provide the exercise, companionship, and care he deserves. If you’re looking for a loyal, strong, and loving companion who will fill your home with joy and energy, Turtle is the perfect boy for you!","turtle-2",""
"2019-02-01","Northern Rivers (Grafton, Lismore, Casino)","956000006803507","Jill (Western Sydney)","2026-01-14","FEMALE","","Jill is a confident, friendly and affectionate girl described as 'wonderful' by her trainers here at the adoption centre. If you're looking for a super smart and focused girl, Jill's known cues are: name/recall, 'on your bed', off, down, touch, shake, chin rest, and drop (a toy). Jill loves toys & will play fetch with you. Her ideal home is a house with a backyard with colorbond fencing with shorter hours alone while she settles in. Jill requires a home without exposure to other dogs and requires an owner who lives in a low small dog populated area. She would thrive with an experienced greyhound owner who can continue her human engagement, training, focus training, and things like stationing on a bed, performing cues and recalling. She is happy to entertain herself in the yard during the day making her a good fit for those who work full-time and want a loving companion welcome them home everyday. Meet Jill at Western Sydney!","jill-8",""
"2017-08-01","Northern Rivers (Grafton, Lismore, Casino)","956000009574469","Spring","2026-01-14","FEMALE","","Meet Spring! 🌼 Spring is a sweet-natured girl with a heart as soft as her gorgeous greyhound coat. She’s one of those dogs who makes life easier just by being around – relaxed, gentle, and incredibly easy to handle. Whether you’re an experienced dog owner or new to life with pups, Spring fits in effortlessly. She’s a real social butterfly, getting along brilliantly with all other dogs and loving the company of people. If you’ve got visitors, expect Spring to be first in line for a gentle hello and a little tail wag. She's a friendly soul who just wants to be included in the love. Spring would be a great fit for a family home, including one with respectful children. Her calm and steady personality makes her a safe and lovely companion for little ones. While she’s a joy in almost every way, Spring is still working on perfecting her lead manners – nothing too tricky, just a bit of ongoing training and consistency, and she’ll have it down in no time. If you're looking for a sweet, low-maintenance, and loving dog who enjoys companionship and will bring a peaceful energy to your home, Spring could be your perfect match.","spring-1",""
"2020-02-01","Riverina (Wagga, Temora, Gundagai, Griffith)","956000007848298","Ginger","2026-01-14","FEMALE","","Meet Ginger – the gorgeous brindle lounge lizard! Ginger is a happy, friendly girl who loves being with her people and enjoys a pat or three. After a quick morning zoom around the yard, she’s ready to curl up on the couch or your bed for a well-earned nap. She enjoys daily walks with her 14-year-old walking buddy and is calm, gentle, and easy to walk with. Ginger would thrive in a home where she can spend time inside with you — and if you head out, she’s happiest staying indoors, being a well house-trained girl. She lives harmoniously with her small dog friends, a Pug and a Mini Foxy. She is also good with a house cat, sleeping happily with it. Ginger is a bit picky with food - luckily dog biscuits are her favourite, occasionally topped with sardines or a bit of chicken. Very easy! Ginger is a sweet-natured, easygoing companion who’ll fill your home with love, fun and laughs when she has her moments of excitement, as well as plenty of lazy-day charm. An all rounder girl, certainly one of a kind. 💘","ginger-7",""
"2021-09-01","Northern Rivers (Grafton, Lismore, Casino)","956000013016861","Paul","2026-01-14","MALE","","Isn't Paul the cutest little guy? Meet Paul, a super calm and polite boy. Paul is charming and laid back, your quintessential cool calm and collected greyhound. He is sweet, positive and engaging. He has mingled well with big and small dogs, thanks to his tolerant and generous nature, we think he would suit a home with another dog/s. He'd also do well with quiet and laid back children and a home ready to enjoy the peace and calm vibes of such a laid back boy like Paul. Meet Paul via Northern Rivers.","paul-3",""
"2019-11-01","Northern Rivers (Grafton, Lismore, Casino)","956000012226511","Belle","2026-01-14","FEMALE","","Belle is a happy, vibrant and energetic girl who is affectionate and social! She loves all the fun things in pet life - treats, zoomies, attention and play! She would love a fun active home to keep her stimulated and meet her training and enrichment needs. She is very friendly, and would suit a home with another dog big or small. She would suit kids experienced with large breed dogs. A fully fenced yard with somewhere for her to romp around and sunbake would be ideal for Belle! Available via Northern Rivers.","belle-5",""
"2023-04-01","Northern Rivers (Grafton, Lismore, Casino)","956000015762349","Dina","2026-01-14","FEMALE","","Hi, I'm Dina, I'm a shy but sweet girl looking for someone to nurture and calm my nerves. I am sweet and polite and I promise to be your new best friend, I'm just a little unsure when I first meet you. I take a bit of time to warm up, so I'd like a quiet neck of the woods to call my own, maybe a house with a quiet yard or a nice property to relax on. I am polite, calm and friendly around other dogs, too! Available via Northern Rivers.","dina",""
"2022-01-01","Northern Rivers (Grafton, Lismore, Casino)","956000011657987","Rev","2026-01-14","MALE","","Meet Rev ⚡! Rev is a handsome and energetic boy who loves nothing more than making new friends—both human and canine alike. With excellent recall, he’s eager to listen and respond, but he does have a strong lead presence that means he’d benefit from a bit more training to help him channel all that enthusiasm in the best way possible. Rev is incredibly social and friendly, and he’ll always be the first to say hi with a wagging tail and a big smile. His love for other greyhounds is clear—he thrives when he’s around his own kind, enjoying playful interactions and company that keeps his spirits high. An explorer at heart, Rev is happiest when he’s out and about, taking in new sights and scents with boundless curiosity and energy. He’s ready for an active home that can keep up with his zest for life and support his ongoing training to help him become the best version of himself. If you’re looking for a friendly, lively, and affectionate greyhound who’s ready to share adventures and endless greetings, Rev is your guy!","rev",""
"2021-11-01","Northern Rivers (Grafton, Lismore, Casino)","956000013018423","Gem","2026-01-14","FEMALE","","Meet Gem 💎! This gorgeous girl has a heart full of love and a gentle, shy nature that takes a little time to come out of her shell. At first, Gem might feel a bit reserved as she gets used to new surroundings and people, but with patience and a calm environment, she quickly settles in and reveals her true, loving self. Gem would thrive best in a household where someone is usually around—whether working from home, part-time, or just a steady presence—so she never feels alone and can build her confidence at her own pace. One of Gem’s greatest joys is spending time with her doggy friends. She loves to play and interact with other dogs, showing her friendly and sociable side once she feels comfortable. Gem also adores children and enjoys their playful energy, making her a wonderful companion for families with kids who can engage her in gentle games and fun activities. Though she may start off a little shy, once Gem has warmed up to you, she’s a total cuddle queen. She loves curling up close, soaking in affection, and sharing those quiet, cozy moments that truly bond a dog and their human. Her sweet, gentle spirit shines through in these calm times, reminding you just how special she is. If you’re looking for a patient, loving, and devoted friend who will blossom beautifully in a supportive and caring home, Gem is waiting to meet you. With time, love, and consistency, this gentle girl will become a treasured member of your family, bringing warmth and happiness every day.","gem-9",""
"2019-12-01","Northern Rivers (Grafton, Lismore, Casino)","956000012224426","Snooty","2026-01-14","MALE","","Snooty is a charming boy with a heart full of love and a tail that’s always wagging. Snooty walks beautifully on lead and loves getting out and about, making him the perfect company for an adventure or an afternoon stroll. Snooty is super affectionate and friendly and he absolutely adores pats and scratches! He’s also a social butterfly who has shown positive interactions with dogs of all sizes, so pending a meet and greet, may suit a home with a canine friend. If you’re looking for a loving companion who’s as gentle as he is joyful, Snooty is your guy. Apply now!","snooty",""
"2019-12-01","Northern Rivers (Grafton, Lismore, Casino)","956000011092944","Sunny","2026-01-14","MALE","","Hi, I'm Sunny! Like a perfect spring day, the sun is shining, and I promise to be a bright and happy presence in your life! I am a calm, loving boy. I am happy, easy going and engaging, quite charismatic if I do say so myself. I would love a fenced yard to call my own, so I can enjoy my sunbaking zoomies. Due to my charming nature I'd do well in a home with other dog/s big or small. I hope my gorgeous nature shines through the screen, and that you can't wait to meet me, because I am a polite and laid back boy who can't wait to meet you! Available in Northern Rivers.","sunny-6",""
"2022-03-01","Northern Rivers (Grafton, Lismore, Casino)","956000011647310","Tammy","2026-01-14","FEMALE","","Tammy is a smart, curious girl who does excellent with training. She is affectionate, happy, and always looks to her handler for praise and recognition, making her a perfect match for someone who likes an engaged, trainable, and sweet best friend. She has learnt about stairs, and learning yes, toilet, touch and watch cues. She is calm, gentle and walks well on lead, and is an overall very polite girl. She is best described as ""SUPER sweet""! Meet this gorgeous girl by applying! Available in Northern Rivers.","tammy-4",""
"2016-11-01","Northern Rivers (Grafton, Lismore, Casino)","956000004482938","Lonnie","2026-01-14","FEMALE","","Hey, I'm Lonnie! With my big happy smile, I hope I catch your eye! I'm a friendly girl to people and dogs alike, making me a wonderful family pet. I walk perfectly on the lead, and I have a lovely gentle personality. I like car rides, adventures and having fun with my people. I would love a home who will show me all about the big wide world and include me in daily activities. I have a soft, gentle personality and would love to meet you! Available in Northern Rivers.","lonnie",""
"2018-11-01","Northern Rivers (Grafton, Lismore, Casino)","956000006672042","Angel","2026-01-14","FEMALE","","Hi, I'm angel, a gentle mannered quiet girl looking for a forever home. I'm middle aged, making me sweet and calm and ready to snooze by your side. I can take a little time to warm up but I promise to be your best friend once I get to know you. Another dog does give me some more confidence so maybe you have a confident doggie for me to be friends with? I'd love a courtyard or backyard to call my own, as I love being outside in the sunshine. Available in Northern Rivers.","angel-9",""
"2021-06-01","Hunter Valley Mid Coast (Maitland/ Muswellbrook/Newcastle/Forster)","956000014517918","Bella","2026-01-14","FEMALE","","Meet Sooky 🐾 Sooky is a beautiful girl with a soft heart and a gentle spirit. She’s the kind of girl who doesn’t ask for much — just a calm home, a comfy spot inside, and someone who understands her sensitive nature. Sooky can be a little unsure when left alone for long periods, so she'd do best in a home where she has access to the indoors during the day, especially if her humans are out. Having that safe, familiar space helps ease her anxiety and lets her settle in comfortably. She currently lives on a property with a cattle dog and gets along well, so she could definitely benefit from having another calm, furry companion to keep her company. Sooky is small dog workable, and with a slow and respectful introduction, she may also be cat workable — she’s happy to coexist and just vibe out with her friends. This lovely girl has no need for chaos — she’s all about the peaceful life. She enjoys a quiet day, a gentle stroll, and the comfort of knowing she’s not alone. Whether she’s lying in a sunny patch of grass or relaxing on the couch, Sooky brings a quiet calm wherever she goes. If you're looking for a sweet, sensitive greyhound who just wants a peaceful home, a bit of company, and a place to feel safe, Sooky might just be the perfect fit.","sooky-1",""
"2021-10-01","Hunter Valley Mid Coast (Maitland/ Muswellbrook/Newcastle/Forster)","956000014810017","Boris","2026-01-14","MALE","","Meet Boris 🐾 Looking for a big-hearted best mate with extra-long legs and even longer cuddle sessions? Say hello to Boris — a supersized sweetheart who’s equal parts lounge lizard and lovebug! The only way to describe him is…. A gentle giant. Boris is a big boy (and he knows it!), but don’t let his size fool you — he’s a total softie who lives for snuggles and affection. If there’s a comfy spot and a human nearby, Boris is already there, leaning in for pats and making himself right at home. He loves hanging out with his fellow greyhounds and is a bit of a social butterfly in the dog world. Whether it's chilling in the backyard or going for a casual group walk, Boris is all about the good vibes and friendly company. Car rides? Trailer trips? No worries! Boris is calm, cool, and collected on the move. He travels like a seasoned pro — just give him a spot to settle and he’s happy to watch the world go by (or take a nap en route to his next adventure). Boris would love a home where he can lounge around, share his oversized heart, and maybe steal a spot on the couch (or at least a corner!). If you’re after a chill, cuddly, and all-around lovely lad to complete your family — Boris is ready to roll right into your life and never look back.","boris-6",""
"2020-11-01","Hunter Valley Mid Coast (Maitland/ Muswellbrook/Newcastle/Forster)","956000011576753","Danny","2026-01-14","MALE","","Meet Danny 🐕 Danny is a charming and affectionate boy with a big heart and a friendly soul. He absolutely adores other greyhounds and thrives in their company. Although he hasn’t been tested around smaller dogs yet, his gentle and calm nature suggests he could adapt well with the right introduction. Danny has lived happily with young children and has proven to be a patient and loving friend to the little ones in his life. He’s used to the hustle and bustle of a busy home and enjoys being part of a family environment where he can share lots of love and attention. One of Danny’s standout qualities is how beautifully he walks on the lead — calm, polite, and well-mannered, he makes every walk a pleasant experience. He’s also very trainable and responds well to crate training, which helps him settle and feel secure when needed. Danny would do best in a home that has a backyard or safe outdoor space where he can stretch his legs, enjoy some fresh air, and have the freedom to relax and play. He’s not just an energetic pup; he’s a true people-lover who thrives on companionship and bonds closely with his humans. If you’re looking for a gentle, friendly, and devoted greyhound who will fit seamlessly into a loving home, Danny could be your perfect match. He’s ready to share his heart and make new memories with a family that can give him the care and affection he deserves.","danny-4",""
"2022-02-01","Hunter Valley Mid Coast (Maitland/ Muswellbrook/Newcastle/Forster)","956000011646118","Lawsie","2026-01-14","MALE","","Meet Lawsie 🐾 Lawsie is a vibrant and confident boy who’s bursting with energy and enthusiasm for life! This lively boy loves nothing more than spending time with his fellow greyhounds — their company really makes him shine. With a slow and careful introduction, Lawsie can also learn to get along well with small dogs, though he’s better suited to a household that understands his playful and excitable nature. Lawsie thrives in a home with older children who can keep up with his high energy and enjoy joining in on his fun adventures. He’s happiest when he’s zooming around, chasing his favorite toys, and letting loose with the classic greyhound zoomies that will bring a smile to anyone’s face. His playful spirit and bright personality make him a true bundle of joy to be around. While Lawsie is friendly and outgoing, he is a bit stronger on the lead due to his excitement, so some patient lead training will help him focus and walk calmly by your side. This little guy is eager to learn and wants to impress his new family! If you’re looking for a confident, happy-go-lucky companion who will fill your home with energy and love, Lawsie could be the perfect match. He’s ready to bring endless fun and affection to a patient family who can match his pace and appreciate his wonderful personality.","lawsie",""
"2021-12-01","Hunter Valley Mid Coast (Maitland/ Muswellbrook/Newcastle/Forster)","956000007421455","Speedy","2026-01-14","MALE","","Meet Speedy 🐕‍🦺 Speedy is a true friend to all dogs and thrives on socializing with his canine companions. He’s incredibly friendly and easy going, but when it comes to smaller pups, he appreciates those who are confident and respectful—he knows how to set boundaries without fuss. With the right doggy friends, Speedy blossoms into the perfect playmate and loyal buddy, making him an ideal addition to a multi-dog household where everyone gets along peacefully. Travel is no trouble for Speedy; in fact, he’s always eager to hop in the van and go on new adventures. Whether it’s a quick trip to the park, a visit to the vet, or a day out exploring, Speedy handles car rides like a seasoned pro. His calm demeanour makes traveling stress-free and enjoyable for everyone involved. On walks, Speedy is a dream. He walks beautifully on the lead, matching your pace with effortless grace and a happy tail wag. His cruisy personality shines through every step, making your daily strolls a pleasure rather than a chore. Beyond his sociable nature with dogs and his love for travel, Speedy has a wonderfully happy and relaxed attitude towards life. He’s content to chill at home, soak up some sun, or simply be near his humans, always with a calm, gentle presence that brings peace to any household. If you’re looking for a well-mannered, sociable, and super laid-back companion who loves life, good company, and peaceful adventures, Speedy is the one to meet. With his loving nature and easy going spirit, he’s ready to cruise his way into your heart and home.","speedy-5",""
"2021-04-01","Northern Rivers (Grafton, Lismore, Casino)","956000012864000","Johnno","2026-01-14","MALE","","Meet Johnno 🐾 If you’re after a four-legged friend who’s basically the life of the dog park, meet Johnno! This easy going greyhound is the friendliest fellow around, with a heart big enough to love every dog he meets—no matter their breed, size, or background. From tiny terriers to giant retrievers, Johnno’s your go-to guy for making furry friends everywhere he goes. Johnno is polite, well-mannered, and knows how to keep things chill. He’s got a laid-back vibe that’s infectious, and new people? New places? No problem at all! He strolls into new situations with a wagging tail and a big, confident smile, showing zero stress and 100% charm. Whether it’s a bustling park or a quiet street, Johnno takes it all in stride like the cool, confident companion he is. Travel? Bring it on! Johnno is a seasoned pro in the car—no fuss, no drama—just happy to hop in and enjoy the ride. Road trips, vet visits, or weekend getaways, he’s your easy-to-travel-with buddy who’s always ready for the next adventure. With Johnno, you get a loving, social butterfly who thrives on meeting new friends, both two-legged and four-legged. He’s the kind of dog who will greet everyone politely but happily, making friends everywhere he goes without a hint of stress or worry. If you want a calm, friendly, and adaptable companion with a big heart and an even bigger smile, Johnno is waiting to meet you!","johnno-1",""
"2022-12-01","Hunter Valley Mid Coast (Maitland/ Muswellbrook/Newcastle/Forster)","956000015749226","Millie","2026-01-14","FEMALE","","Meet Millie 🌿 Millie is a lovely greyhound with a gentle spirit who tends to be a little nervous in new situations. She needs some encouragement and lots of patience as she learns to feel safe and comfortable in her new surroundings. With the right support, Millie will blossom into a loving and devoted companion. Because Millie is shy, she would benefit hugely from foster care, where she can receive one-on-one attention and gentle guidance during her initial settling-in phase. A quiet, calm household would be the perfect environment for her to grow in confidence without feeling overwhelmed. Millie is good with cats and would happily share her home with them. When it comes to other dogs, she’ll need a slow and careful introduction to build trust and feel at ease. With time and gentle encouragement, she can learn to enjoy canine company. This special girl is looking for someone with a kind heart who understands that patience and love are the keys to helping her settle in and feel truly at home. If you have a calm space and the time to nurture Millie’s confidence, she could be the perfect addition to your life.","millie-5",""
"2021-02-01","Hunter Valley Mid Coast (Maitland/ Muswellbrook/Newcastle/Forster)","956000007356655","Dancer","2026-01-14","FEMALE","","Meet Dancer 💃 Dancer is a beautiful girl with a quiet charm and a soul full of tenderness. A little shy at first, she takes her time to get comfortable in new surroundings—but once she gets to know you, she reveals the sweetest, most affectionate side of herself. She loves companionship but prefers to make the first move. Once she feels safe, she’ll come to you for affection. Dancer is looking for a calm, peaceful home where she can truly relax and come into her own. A quieter household, free from too much hustle and bustle, would suit her best—somewhere she can settle at her own pace and feel secure. She’d do well with older, respectful children who can give her the gentle space she needs to flourish. She’s wonderfully polite with other animals and gets along well with both dogs and cats. Whether she joins a home with other calm pets or becomes your one and only, she’ll be a loyal and loving presence once she finds her confidence. This lovely girl isn’t looking for loud excitement or constant attention—just a safe place, kind people, and the chance to build a bond that runs deep. With a little time, a lot of love, and plenty of patience, Dancer will reward you with quiet loyalty and a heart full of trust. Dancer is ready to find her soft place to land.","dancer-1",""
"2020-11-01","Western Sydney (Londonderry)","956000010922461","Elsa","2026-01-14","FEMALE","","Look at my adorable puppy dog eyes...now click here to learn more about me! I am a happy, bright girl who is on the more active and confident side. I am social with other greyhounds and enjoy attention, pats and all the fuss you have to give me. My favourite treat is Mcdonalds ice cream, and I'm super gentle around children, too! I'd love a backyard to romp around in with the family kids and lots of fun toys to keep me occupied! Meet me at Western Sydney!","elsa-5",""
"2019-02-01","Western Sydney (Londonderry)","956000006812515","Suzie","2026-01-14","FEMALE","","If you're looking for a beautiful blue girl, who is soft natured, middle aged and laid back - click here! Suzie would be a great addition to a home with another greyhound as she has lived along side one. She is gentle, social, confident and laid back. She would do best with a small outdoor area to call her own (courtyard/townhouse) and would enjoy laid back daily walkies. She promises to walk perfectly on lead for you. Suzie is a sweet girl who can't wait to meet you at the Western Sydney Londonderry adoption centre.","suzie-4",""
"2020-08-01","Western Sydney (Londonderry)","956000012227539","Ace","2026-01-14","MALE","","Ace is a happy, social guy who’s always ready to make new friends and find a place to call home! He’s full of charm, loves his treats and meeting new humans while hes out and about. Ace has shown to walk beautifully on lead and would be a great addition to a home with a medium to large dog who enjoys some company, pending a meet and greet. His friendly nature and love of being part of the action make him a joy to have around. If you're after a loyal mate with a sweet personality and a love for life, Ace might just be your perfect match! Meet Ace at Western Sydney.","ace-8",""
"2021-08-01","Western Sydney (Londonderry)","956000011639915","Richard","2026-01-14","MALE","","*Richard is in foster care!* Richard foster update: - Full time hour suited - Richard has settled well into Newtown, he seems relaxed and settles at the park - Loves the van and has gone camping - Has been learning staircases - Loves the beach and the sand - Has played with 2 year old children, likes when they are on the calmer side - Can settle when alone and is toilet trained Richard is a charming greyhound, full of curiosity and a calm, friendly nature. He’s great on the lead and loves meeting new people, making him a wonderful companion for walks and outings. Having grown up with his greyhound pals, Richard would be happy in a home with another dog, who can match his easy-going spirit, he has also tested positively with cats and could be rehomed with small animals. Come meet Richard at Western Sydney.","richard-1",""
"2017-07-01","Western Sydney (Londonderry)","956000009519629","Georgia","2026-01-14","FEMALE","","This sweet girl has entered her golden years and is ready to find her forever home! Georgia warms up to new people in no time and loves affection, often leaning in for more pats and scratches behind the ear (an easy way to win her over!). Georgia would prefer a quieter home with a laid back life style so she can spend her days upside down on a couch or catching rays in the yard. A home with adults or older children would also best suit Georgia. She gets a long well with other Greyhounds so pending a meet and greet, could suit a home with another medium to large canine friend. Meet Georgia at Western Sydney!","georgia-3",""
"2023-03-01","Western Sydney (Londonderry)","956000014887458","Jerry","2026-01-14","MALE","","Hi, I'm Jerry! I love kids aged 2 up and have lots of experience with them, I'm gentle and love the attention if I'm honest! I'm overall laid back & gentle, and have done all sorts of things to get ready to be your perfect pet, including meeting a staghound & Great Dane x. I'm super easy on lead, not an active dog but loves attention when seeing visitors, and would love to get out and have a play with you in the yard during the day! I like travelling in cars and vans, easy to walk on the lead and love playing with squeaky toys. I could live with other dogs male or female, and I'm ready to show off my happy go lucky energy! Adopt me from the Western Sydney adoption centre by appointment.","jerry-7",""
"2021-05-01","Hunter Valley Mid Coast (Maitland/ Muswellbrook/Newcastle/Forster)","956000007430616","Jill","2026-01-14","FEMALE","","Jill is a sweet and gentle soul who’s looking for a calm, loving home where she can settle in at her own pace. She can be a little shy to start, but with patience and kindness, she’ll begin to show you just how affectionate and loving she truly is. Jill would be best suited to a quieter lifestyle, where she can feel safe, secure, and take things one step at a time. With slow and careful introductions, she could potentially be okay around smaller dogs, especially those who are calm and respectful. If you’re looking for a soft-natured companion who will quietly steal your heart, Jill might be the perfect match.","jill-6",""
"2020-10-01","Hunter Valley Mid Coast (Maitland/ Muswellbrook/Newcastle/Forster)","956000007455878","Bob","2026-01-14","MALE","","Meet Bob 🐾 Introducing Bob, a gentle, affectionate greyhound with a heart full of love and a calm, easy-going nature. Bob is the kind of companion who doesn’t need much – just a quiet home, some treats, and a loving human (or two) to call his own. Bob is friendly with other dogs, cat-tolerant, and would do well in a home with older, respectful children. His gentle demeanour and soft, soulful eyes make him a peaceful presence, and he’s happiest when surrounded by the people he loves. This sweet boy has so much affection to give and loves nothing more than being close to his human family. He’s more than happy to chill out for most of the day, watching the world go by from a comfy spot in the house, or curling up next to you for some quiet company. Bob isn’t looking for adventure – just a calm, loving home where he can feel safe, relaxed, and cherished. If you’re after a loyal companion who will bring peace, love, and gentle tail wags into your life, Bob might just be the perfect match. He’s ready to settle down and soak up all the love his forever family has to offer – could that be you?","bob-16",""
"2024-05-01","Hunter Valley Mid Coast (Maitland/ Muswellbrook/Newcastle/Forster)","956000015654585","Nicko","2026-01-14","MALE","","Meet Nicko 💤 🐾 Looking for a calm, low-maintenance companion to match your relaxed lifestyle? Nicko might be your perfect match. This laid-back greyhound boy is the definition of cool, calm, and collected. With his gentle nature and love for the quiet life, Nicko would thrive in a peaceful home with someone who enjoys a slower pace and values the joy of simple companionship. Nicko is incredibly relaxed around other dogs and enjoys the company of canine friends. He’s also shown a calm curiosity around children, making him a lovely addition to a home with respectful kids who understand his mellow vibe. And here's a bonus – Nicko could live with a cat! With a careful and slow introduction, he may adapt well to a feline housemate, making him a rare gem in the greyhound world. Nicko isn't the type to demand constant attention or high-energy adventures – a comfy bed, a few gentle walks, and the quiet presence of his human(s) is all he needs to be content. He’s ideal for someone who works from home, is retired, or simply prefers the comfort of a more peaceful routine. If you’re ready to share your life with a sweet, chilled-out greyhound who just wants to be near you and enjoy the calm moments, Nicko is waiting to meet you.","nicko",""
"2020-07-01","Hunter Valley Mid Coast (Maitland/ Muswellbrook/Newcastle/Forster)","956000007840661","Emma","2026-01-14","FEMALE","","Meet Emma 🐾 Say hello to Emma, a gentle, affectionate, and quietly charming greyhound with a heart full of love. With her graceful presence and calm nature, Emma is the kind of dog who quickly becomes the heart of any home. She loves nothing more than spending time with her people – whether that’s relaxing on the couch, following you around the house, or just being nearby while you work or unwind. Emma walks beautifully on the lead and enjoys her daily strolls, especially when she gets to catch up with her greyhound friends. She’s well-mannered around other medium to large dogs and has a calm, friendly way about her that makes her easy to get along with. Emma is also great with children and would be a wonderful companion for a family or a household with visiting grandkids. While she’s happy to snooze the day away in true greyhound fashion, Emma does best when she has company. She would thrive in a home where someone is around most of the time – whether you work part-time or from home, Emma will be your loyal and loving sidekick. If you’re looking for a gentle soul with lots of love to give, Emma is ready to steal your heart and become your new best friend.","emma-5",""
"2022-12-01","Hunter Valley Mid Coast (Maitland/ Muswellbrook/Newcastle/Forster)","956000014883084","Charlie","2026-01-14","MALE","","Meet Charlie! 🐾🌟 Charlie is a gentle, slightly reserved greyhound who quickly warms up once he feels settled and safe. This calm and affectionate boy enjoys exploring the world through his nose, taking in all the smells and sights on his sniffing adventures. Charlie thrives on companionship and would be happiest in a home where he can be part of the family’s daily life. He’s great with other dogs and cats, making him an ideal addition to a multi-pet household. Charlie’s easy-going nature means he adapts well to new environments, especially with a little patience and time to adjust. Charlie would do best in a home where he isn’t left alone for long periods. He loves having company, whether that’s a family with kids to keep him entertained or someone who works from home or part-time, so he never feels lonely. If you’re looking for a sweet, adaptable companion who loves to explore and enjoys the company of both humans and other pets, Charlie is ready to be your loyal friend. Charlie would be most suited to: A multi-pet household with dogs and/or cats A family environment with children who can provide gentle companionship A home where someone is present part-time or works from home An owner or family willing to give him time and patience to settle in A calm and loving environment where he can enjoy daily sniffing adventures and relaxed walks If Charlie sounds like your perfect match, do not hesitate to come and meet him!","charlie-18",""
"2020-01-01","Hunter Valley Mid Coast (Maitland/ Muswellbrook/Newcastle/Forster)","956000012247375","Scarlette","2026-01-14","FEMALE","","Meet Scarlett!🐾❤️ Scarlett is a joyful girl with a bright and confident personality that lights up any room she enters. She’s a social sweetheart who gets along wonderfully with all dogs and even likes cats, making her a fantastic fit for a multi-pet household. This happy girl would thrive in a loving family environment where she can enjoy plenty of company and affection. Scarlett’s confident nature means she’s comfortable exploring new places and meeting new friends, whether they have two legs or four. While Scarlett is a great walker overall, she could benefit from a bit of training on the lead to help her become an even better walking companion. With some patience and positive reinforcement, she’ll master those walks in no time! If you’re looking for a cheerful, adaptable greyhound who’ll bring joy and companionship to your family, Scarlett might just be the perfect match.","scarlette",""
"2022-07-01","Hunter Valley Mid Coast (Maitland/ Muswellbrook/Newcastle/Forster)","956000007430385","Archie","2026-01-14","MALE","","Meet Archie 🐾 ✨ Archie is a truly wonderful boy with a heart full of social spirit and a calm, confident nature. He absolutely adores spending time with other greyhounds and is happiest when he has a canine buddy by his side. Archie is great with medium to large dogs and fits perfectly into a multi-dog home where he can enjoy plenty of furry company. But it’s not just other dogs that Archie loves — he’s incredibly social and affectionate with people too! Archie thrives on human interaction and is always eager to make new friends, whether it’s a quick pat or some relaxed downtime together. His easy-going temperament means he’s not phased by much — busy environments, new places, or changes in routine don’t rattle this laid-back boy. Archie would do well in a home with older children who understand how to respect boundaries and enjoy gentle play. His calm and steady demeanour makes him a wonderful companion for families, singles, or anyone looking for a loyal, loving dog who’s ready to be part of the family. If you want a confident, friendly, and adaptable greyhound who gets along with both dogs and humans alike, Archie is the perfect match!","archie-14",""
"2022-05-01","Western Sydney (Londonderry)","956000011349965","Jason","2026-01-14","MALE","","Meet Jason, a sweet guy with lots of personality, ready to find a place to call home! A home with a backyard or courtyard would best suit Jason, so he can do his zoomies or have a snooze in the sun. He can be a little shy at first but with a few scratches behind the ear and a couple treats, you'll win him over in no time! A home with adults or older children would be best for this guy, to help ease him into pet life. Jason gets along well with his Greyhound mates, so a home with another medium to large dog could work for him, pending a meet and greet. Available at Western Sydney!","jason-1",""
"2022-05-01","Southern NSW/ACT (Bulli, Nowra, Goulburn, Canberra)","956000011346656","Val","2026-01-14","MALE","","Val is a cuddly and affectionate softie. He will love to be around you when your home and play with toys and love going for walks with you. He would make an excellent addition to the family.","val-2",""
"2022-12-01","Western Sydney (Londonderry)","956000014915342","Tito","2026-01-14","MALE","","If you're after a happy, friendly greyhound with a love for life, Tito is your guy! This cheerful boy is bursting with personality and with treats, toys and some love, his tail will always be wagging. Tito loves engaging with the new people he meets while he's out and about and wouldn't mind a home with older kids to match his playful spirit. He’d do best in a home with a backyard where he can have a play, do some zoomies or catch some rays ☀️ Tito may suit a home with another medium to large dog, pending a meet and greet to make sure it's the right fit for everyone! He’s also a star in the crate, happily munching on treats and chilling out. If you're ready for a life full of joy, play, and tail wags, Tito is the guy for you. Come and meet him at Western Sydney!","tito-1",""
"2016-11-01","Northern Rivers (Grafton, Lismore, Casino)","956000005574412","Jitter","2026-01-14","FEMALE","","Meet Jitter 🌸 Say hello to Jitter, a beautiful senior lady with the softest eyes and the gentlest soul. She’s in her golden years and is now searching for the perfect place to enjoy the peaceful, loving retirement she so deeply deserves. Jitter is the definition of easy-going. She’s friendly, affectionate, and content to go with the flow. She’s fantastic with other dogs – big and small – and is also completely cat-friendly, making her a great fit for multi-pet homes. She’s also happy to share her space with children, as long as they’re the calm, gentle type who understand her love for quiet companionship. While Jitter enjoys affection – especially a soft pat and a warm cuddle – she’s also totally fine doing her own thing. She’s independent in the best way, happy to potter around the house or snooze in a comfy spot nearby while you go about your day. She doesn’t demand attention, but she’ll always be ready for a cuddle when you are. Jitter would thrive in a calm, relaxed household where she can enjoy the simple pleasures: soft beds, gentle hands, a quiet garden or sunny windowsill, and the company of people and pets who appreciate her peaceful energy. She’s not the type to bounce around or seek adventure – instead, she’s looking for a home filled with comfort, love, and understanding. Jitter is a low-maintenance, high-love kind of girl who will bring calm, comfort, and quiet joy to the right home. Let her spend her golden years knowing she’s truly loved.","jitter",""
"2021-02-01","New England","956000014510438","Jimmy","2026-01-14","MALE","","Jimmy is the sweetest boy a heart full of love and legs built for adventure. This playful boy is looking for his forever home where he can shine as either your one-and-only or alongside another medium to large dog who matches his energy and style. 🐾 Personality & Temperament: Playful & affectionate – Jimmy loves to play and thrives on human interaction. Walk enthusiast – Walks are his favorite part of the day, and he’ll happily trot beside you rain or shine. Kid-friendly – Best suited to homes with older children who understand gentle dog manners. 🏡 Ideal Home: Jimmy would do best in a home where he’s either the only pet or paired with another dog of similar size. He’s not suited to living with small dogs or cats, but he’s got plenty of love to give to his human family.","jimmy-10",""
"2020-02-01","Western Sydney (Londonderry)","956000007834599","Mindy","2026-01-14","FEMALE","","Mindy is a little shy at first, but with a chance to warm up, she'll be showing you her goofy side in no time! Full time or part time workers may work for Mindy, she will just need a chance to build up to longer hours alone. Mindy would best suit a quiet home, with adults or older children to ease her into pet life. Although Mindy has been appropriate during her interactions with other dogs of all sizes, she would prefer to be the only dog in her new home, so she can have all the love to herself. Mindy loves a treat and has proven to be a real smarty pants, learning ""down"", ""touch"" and ""shake"" on cue! She has shown to settle well when left alone and while indoors, but would prefer a home with a yard or courtyard to have a play or a snooze. Come down and meet Mindy at Western Sydney!","mindy-2",""
"2020-09-01","Northern Rivers (Grafton, Lismore, Casino)","956000012805487","Zara","2026-01-14","FEMALE","","Zara is a chilled and easy going girl Zara would like a quiet home where she can chill with her family and perhaps go on a short walk every few days Zara has been living in a home and is quiet and easy to live with Zara has been socialised with small dogs and would be fine with a relaxed quiet small friend","zara-6",""
"2021-12-01","Northern Rivers (Grafton, Lismore, Casino)","956000013024152","Tago","2026-01-14","MALE","","Tago is calm and gentle Tago has met and socialised with multiple breeds of dogs and is happy to interact but likes to just do his own thing Tago is a clean and quiet boy Tago has met a cat, but was too busy looking at his own reflection in the mirror to be bothered by her","tago",""
"2020-02-01","Northern Rivers (Grafton, Lismore, Casino)","956000012255172","Bingo","2026-01-14","MALE","","*Bingo has spent some time in a home and has excelled with toilet training & learning pet routines* Meet Bingo, a confident, lovable guy, looking for a place to call home. He is super confident and loves to learn (he'll do anything for a treat). Bingo has been great with interactions with his greyhound mates so could suit a home with another medium to large breed companion, pending a meet and greet. A home without children is ideal. Bingo is toilet trained and can hold overnight if he sleeps indoors. Bingo has shown to do well indoors so a house or townhouse setting could be where he finds his new home, he may just need some time to settle into his new life and routine - access indoors and outdoors and a place to call his own is the best fit. A secluded resting zone would suit him the best. He has also demonstrated confidence on our training staircase but would need some supporting guidance from his new family to tackle more challenging flights. This should be a breeze given his love for treats and praise. Shout BINGO if you think he's the one!","bingo-4",""
"2017-12-01","Central West (Bathurst/Dubbo/Coonabarabran)","956000009591300","Azzie","2026-01-14","MALE","","Great with young children. Happy go lucky guy. Calm, friendly & sweet natured. Good with smaller breeds of dogs. A quieter lifestyle would be best. If you might consider welcoming two greyhounds into your home, Azi’s brother Arrie is also searching for his forever home :)","azzie",""
"2021-01-01","Hunter Valley Mid Coast (Maitland/ Muswellbrook/Newcastle/Forster)","956000007456471","Bob","2026-01-14","MALE","","Bob is a vibrant and playful greyhound who’s full of life and always ready for the next adventure. He would thrive in an active home with a yard to run around in and older kids to keep him company. Bob is high on life, he loves his zoomies, enjoys playing with toys (his absolute favourite activity), and is always up for a cuddle once he’s had his fun. He walks well on lead and is very social, enjoying the company of people and other dogs. While he’s not a fan of cats, he might do well with a medium to small dog in the home, provided introductions are done slowly and with care. Bob travels beautifully in the car and takes everything in stride. He will need an experienced owner or someone patient and understanding, as he may take a little time to learn house manners and settle into a routine. He’s smart, enthusiastic, and eager to please, he just needs the right guidance. Overall, Bob is just happy to be here. With the right family, he’s going to be an incredibly fun and loving companion.","bob-15",""
"2020-02-01","Southern NSW/ACT (Bulli, Nowra, Goulburn, Canberra)","956000012189492","Larry","2026-01-14","MALE","","Larry is a charming lovable boy. He is great with young kids and is social and confident. He could be good with fulltime workers as he relaxes well when left alone. He is a well balanced beautiful boy ready for his forever home.","larry-4",""
"2021-09-01","Western Sydney (Londonderry)","956000007419695","Gary","2026-01-14","MALE","","Hey mate, the names Gary, good to meet ya! I am a lovely, happy boy, and pretty much a friend to everyone I've met. Everyone loves Gary, if I do say so myself! I'll wag my tail like crazy, probably do a zoomie, but I don't mind my down time too mate! I reckon I could get along with your dog if you've already got one at home, and even those little trouble makers at home, I figure kids would be great fun, more attention for ol' Gary! Give me a backyard or a townhouse and I'll make myself right at home. I might not have been a pet before but I have such a can do attitude, I'll fit in anywhere. Come meet Gaz at Western Sydney.","gary-2",""
"2020-02-01","Western Sydney (Londonderry)","956000007832122","José","2026-01-14","MALE","","Hi! I have just met you and I love you! I'm José, a friendly, confident boy, I love people, pats and attention! I hope you can see how full of love I am from my cute photos. I will put my head on you and ask for more pats! I'm a sweet guy who is good around other dogs, including mingling with small dogs at times. I don't mind chilling out in a crate but I don't need one! I'd love a backyard, a social life, adventures, and maybe even children to give me lots of pats and adoration, too! Meet me at Western Sydney!","jose-2",""
"2022-02-01","Western Sydney (Londonderry)","956000011658223","Pat","2026-01-14","MALE","","Hi, I'm Pat! I promise to be the bestest boy ever! I hope you like me too. I am a very friendly and affectionate boy. I love food and can be a little shy. I am called a lounge lizard by my current family. I've even done things like go to the beach, meet children, and see the sights on street walks. I don't really show much interest in toys but I have perfected the greyhound zoomie. A paddock gallop is my 'happy place'. I hope you have a backyard for me to chill out in! You can meet me and ""Pat me"" at the Western Sydney adoption centre!","pat-7",""
"2022-12-01","Western Sydney (Londonderry)","956000015726903","Xena","2026-01-14","FEMALE","","Xena is a cheeky, gentle and fun little girl. She likes food, and engages nicely with new people once she warms up from being intially a bit shy. Xena lives with another greyhound at the moment so we think she'd do well in a multi-dog household. Older kids would enjoy her gentle yet curious and playful side. Xena has also done things like street walks, hanging out with children, and other socialisation, making her a great companion for families. Her family say nothing phases her! Xena is available by appointment at the Western Sydney adoption centre!","xena-5",""
"2019-11-01","Northern Rivers (Grafton, Lismore, Casino)","956000012226511","Royal","2026-01-14","FEMALE","","Meet Royal 👑🐾 Royal is a delightful girl who truly lives up to her name. She’s a playful and affectionate sweetheart who adores making friends—especially with other dogs, no matter their size! Royal’s favourite thing in the world is playing with her furry pals, and she’ll happily invite any dog she meets to join in on the fun. Whether it’s a game of chase, tug, or just a joyful romp, Royal is always ready to play. This gentle lady would make a wonderful family pet. She’s calm and confident, not easily stressed by new people or environments, which makes her adaptable and easygoing in all kinds of settings. Royal loves her toys and can spend hours happily entertaining herself or sharing playtime with her favourite humans. When she’s not busy playing or making new friends, Royal is a cuddle bug who loves to snuggle up and soak in all the love and attention she can get. She’s a perfect balance of lively and laid-back—a true joy to have around. If you’re looking for a loving, playful, and incredibly social companion who will bring laughter and warmth into your home, Royal is ready to steal your heart and become your family’s new best friend.","royal-2",""
"2021-12-01","Northern Rivers (Grafton, Lismore, Casino)","956000007431260","Tiger","2026-01-14","MALE","","Meet Tiger 🐾 Tiger is a confident and charismatic boy with a heart as big as his smile. This energetic bundle of joy is a true social butterfly who thrives on friendship—whether it’s with dogs big or small, Tiger’s easy-going nature and playful attitude make him a favourite in any multi-pet household. But don’t worry, he’s just as happy being the one and only furry family member, soaking up all the love and attention you can give. Tiger is the perfect blend of playful goofiness and calm confidence. He’s always ready to brighten your day with his silly antics, goofy grin, and endless tail wags. Despite his lively energy, he knows how to relax and enjoy quiet cuddle time, making him a well-rounded companion. What really sets Tiger apart is his gentle and loving spirit. He’s great with children, understanding and patient, making him an ideal family dog. Whether it’s playing games in the yard or snuggling up for story time, Tiger is sure to be a beloved member of your home. If you’re looking for a loyal, happy, and affectionate friend who will keep you smiling and fill your days with love, Tiger is the perfect match. He’s confident, outgoing, and ready to bring joy to a home that appreciates a lively, loving, and goofy boy with a heart full of love. Could Tiger be the one to steal your heart?","tiger-13",""
"2020-02-01","Hunter Valley Mid Coast (Maitland/ Muswellbrook/Newcastle/Forster)","956000007842710","T Rex","2026-01-14","MALE","","Meet T-Rex 🦕 Dog Friendly: Yes – best with medium to large dogs Child Friendly: Yes – best suited to a home with older children Ideal Home: A family with a secure backyard and an active lifestyle Don’t let the name fool you – T-Rex is all heart and happiness! This big, bouncy boy is bursting with personality and ready to find a family who’ll love his enthusiastic, affectionate nature. T-Rex is a social butterfly through and through. He’s currently living with other greyhounds and thrives in their company, especially those who can match his playful energy. He’s also friendly with medium and large dogs, and loves being part of a pack. This boy lives for his people – always close by, always ready to join in. Whether you're moving around the house or heading out for an adventure, expect T-Rex to be your loyal shadow. He’s interactive, affectionate, and happiest when included. T-Rex would do best in a home with older children who can enjoy his energy and help guide his big personality. A backyard is a must – he’s got some serious zoomie skills and needs space to stretch those long legs. While he’s eager to get out and explore, T-Rex can be strong on the lead, so he’ll need confident handlers who can continue his training and help him channel his excitement on walks. He will be your super social and loyal shadow and sidekick If you’re ready for a fun, affectionate, and outgoing greyhound who will bring non-stop joy and energy into your life, T-Rex is your guy.","t-rex",""
"2023-05-01","Hunter Valley Mid Coast (Maitland/ Muswellbrook/Newcastle/Forster)","956000015766266","Red","2026-01-14","MALE","","Meet Red ❤️ Say hello to Red – a tender-hearted boy with a sweet soul and the most soulful eyes you’ve ever seen. Red may be a little reserved at first, but once he feels safe and settled, he shows his loving personality in the most heartwarming ways. Red is great with other greyhounds and enjoys their calm, familiar company. He’s also been around smaller dogs – he just may need a slower, thoughtful introduction to build his comfort and confidence. With the right introductions and guidance, he’s more than happy to share his space with gentle doggy friends. Red has been around children in a home environment and handles it well with his naturally gentle nature. However, due to his shy disposition, a quieter home – perhaps with older, dog-savvy kids – would be the best match for him. He thrives in calm, predictable spaces where he can truly feel at ease. Red can be a bit nervous when meeting new people or exploring new situations, but give him time and patience, and you’ll be rewarded with the trust and love of a truly special dog. He prefers to interact on his own terms – not pushy or demanding, just quietly curious and kind. Red enjoys his peaceful moments, lounging nearby, quietly observing, and choosing when to come over for a little affection or company. His independence, mixed with his loving nature, makes him a calm and comforting presence in the home. Red would thrive in a gentle, patient home where he can settle in at his own pace and build trust with his new family. He doesn’t ask for much – just kindness, understanding, and a safe space where he can be himself. In return, you’ll get a loyal, loving companion with the sweetest heart.","red-11",""
"2020-11-01","Western Sydney (Londonderry)","956000007786716","Vaughn","2026-01-14","MALE","","Vaughn has been described by his handlers as simply ""amazing""! He is outgoing and affectionate with people & would suit a family home with a yard for him to relax in. He cannot wait to show you his Vaughn-derful personality! He is highly engaged with his training, best suited to house/townhouse living and settles alone well in a backyard setting. He’s already learned a bunch of tricks like 'down', shake, recall, his name, and on/off bed, and he’s currently working on sit. He’s quick to pick things up! He will need a home with a yard where he can run and play till his heart’s content. A family that will continue to help him on his training journey and a calm, loving environment where he can relax and feel secure. His best home is a family who want to do dog training, adventures and cool fun activities with him! Vaughn is available from the Western Sydney adoption centre.","vaughn",""
"2021-03-01","Northern Rivers (Grafton, Lismore, Casino)","956000014517931","Zippa","2026-01-14","MALE","","Meet Zippa!🐾 Zippa is a charming, affectionate boy who’s never met a dog he didn’t want to be friends with—especially if they’re fellow greyhounds! He thrives on canine company and is always the first to say hello with a happy wag and a gentle nuzzle. This social superstar settles quickly into new environments and brings calm confidence wherever he goes. Whether it’s a bustling park or a cozy home, Zippa makes himself right at home in no time. He absolutely adores human affection and will happily lean in for cuddles, neck scritches, and all the love you’re willing to give. With his friendly nature and easy-going personality, Zippa is a joy to have around and will make a wonderful companion for a home with other dogs—or just humans ready to shower him with love.","zippa",""
"2022-09-01","Northern Rivers (Grafton, Lismore, Casino)","956000014888140","Pebbles","2026-01-14","FEMALE","","Meet Pebbles! 🐶 Pebbles is a bright, bubbly, and super social greyhound who’s ready to win hearts wherever she goes! This lovely lady has a big personality and an even bigger heart — she adores the company of other dogs and gets along with absolutely everyone she meets, both two-legged and four. Pebbles has been well-socialised in the community and is comfortable and confident in a variety of environments. She’s spent plenty of time indoors and knows how to settle into home life with ease. Whether she's out and about or relaxing at home, Pebbles is always engaged, curious, and tuned into her humans. She’s a huge fan of pats, cuddles, and—of course—treats! Show her a snack and she’ll be your best friend in an instant. Her friendly, affectionate nature makes her a joy to be around, and she’s always up for a chat (or at least a tail wag and a nuzzle). Pebbles would thrive in a home where she can continue being part of the action—whether it’s social outings, doggy playdates, or simply lounging at your feet after a day full of love and attention. If you're looking for a sweet, sociable girl who’s already got the hang of home life and is ready to be your loyal companion, Pebbles is your perfect match.","pebbles-6",""
"2021-02-01","Western Sydney (Londonderry)","956000011712732","Bobby (Western Sydney)","2026-01-14","MALE","","Bobby is a lovely, quiet and friendly boy who has experience with kids 6-10 yrs old. He's been learning about the family household and has spent time mingling with other breeds including German Shepherds, and would suit a home with a Medium-Large dog friend. He likes playing with kids, fine meeting new people and strangers, and has a confident, adaptable nature about him. Did we mention he has adorable floppy ears, too? Meet Bobby at the Western Sydney adoption centre.","bobby-western-sydney",""
"2022-11-01","Western Sydney (Londonderry)","956000015729131","Son","2026-01-14","MALE","","Hi, I'm Son! I've been described as calm, loving, sociable, and easy going! I'm happy travelling, snoozing in crates, snuggling into new people for a bit of attention and pats. I've got a charming nature and I think I'm pretty adaptable in new situations! I would suit respectful kids and a backyard to search for my toys in! I'm a confident fella who can't wait to meet you. You can meet me at the Western Sydney adoption centre!","son-7",""
"2020-12-01","Western Sydney (Londonderry)","956000007374898","Edi","2026-01-14","FEMALE","","Hi, I'm Edi! I was born on Christmas Day! I can be shy around new people but I promise to be a total love bug once I know you! I'm learning about all things ""pet"" right now including being indoors, things like couches and TV's are pretty cool! I also like the crate, and the splashy pool in summer! I'm learning about busy streets and have mingled with kids, too. I am quiet, affectionate, calm and friendly and hope you would like to come and meet me at the Western Sydney adoption centre!","edi-1",""
"2018-10-01","Western Sydney (Londonderry)","956000006170645","Dennis","2026-01-14","MALE","","Dennis is a polite and quiet natured, middle aged gentleman who is happy to receive pats and attention from any of his admirers. He is shy by nature and would suit a loving quiet home. Dennis would suit a home with respectful children. Dennis is learning to walk nicely on the lead and loves to catch up on all the sniffs around town while showing off his good looks. Dennis is a lovely gentleman who will thrive with a townhouse/backyard and or doggie friends to keep him company, or shorter hours alone at the start of his pet journey. He chooses to settle in a crate when indoors and likes when things are quiet and patient. Dennis would suit a likeminded calm family who are willing to take the time he needs. Dennis can be adopted at the Western Sydney adoption centre","dennis-2",""
"2021-09-01","New England","956000012790590","Diesel","2026-01-14","MALE","","With his sweet little undershot jaw, Diesel oozes character both on the outside and on the inside! This sweet dog is good with children and other dogs, he is ready to slot right into family life and find a sofa to call his own. Whist he loves to play ball and goof around, Diesel is also happy to curl up next to his person for a cuddle and a snooze!","diesel-6",""
"2021-09-01","Hunter Valley Mid Coast (Maitland/ Muswellbrook/Newcastle/Forster)","956000007432818","Boris","2026-01-14","MALE","","Meet Boris! 🐕 Boris is a high-energy, fun-loving boy with a big personality and an even bigger heart. With his confident nature and bouncy enthusiasm, he’s always ready to play, explore, and soak up all the affection he can get. Boris gets along great with medium to large dogs and would thrive in an active home where he can be part of the action. Whether it’s going on adventures, playing in the yard, or just enjoying time with his people, Boris is all in. He would also love a friend at home to keep him company and is happy to play with him. If you’re an energetic family looking for a lively, loving companion who brings joy wherever he goes, Boris is your guy!","boris-4",""
"2019-12-01","Western Sydney (Londonderry)","956000012257986","Gazza","2026-01-14","MALE","","Gazza is a sweet boy who travels well in vans, cars and trailer, also walks well on lead on adventures out and about. Gazza has shown polite manners with children ranging from 20 months to 9 years old, showing a gentle & polite indifference. Gazza has spent time mingling with big and small dogs and would suit a home looking for a laid back boy happy to go with the flow. Gazza dreams of a little backyard to spend his days in and kids to keep him entertained during the day. He can be adopted at the Western Sydney adoption centre.","gazza-1",""
"2019-11-01","Western Sydney (Londonderry)","956000012247656","Ocean","2026-01-14","MALE","","Don't let my greying face fool you, I'm a friendly bubbly guy ready to join your family. Ocean is a curious and confident boy who loves his toys, has learnt his name and will even come when called. This serene boy walks nicely on the lead, too, making him a lovely walking companion. Ocean is a wonderful boy who is ready to bring balance and peace to his new home! Ocean can be adopted at the Western Sydney adoption facility.","ocean-2",""
"2020-09-01","Hunter Valley Mid Coast (Maitland/ Muswellbrook/Newcastle/Forster)","956000007839129","Jack","2026-01-14","MALE","","Meet Jack 🐾🌿 Jack is a confident, relaxed boy who takes everything in his stride. Whether it’s a new place, a new walk, or a new friend, Jack approaches life with a calm curiosity and a steady tail wag. He settles quickly into new environments, walks beautifully on the lead, and is a total pro when it comes to travelling. Whether you're heading out for a stroll or a weekend getaway, Jack is more than happy to come along for the ride. Jack’s gentle confidence and easy going nature make him a dream companion for anyone looking for a loyal friend who’s as chill as he is curious. If you're after a greyhound who’s ready to explore the world—but just as happy to lounge by your side—Jack’s your guy.","jack-33",""
"2023-11-01","Northern Rivers (Grafton, Lismore, Casino)","956000016207399","Albert","2026-01-14","MALE","","Meet Albert 🐾 Albert is a quiet, clean, and gentle soul who’s ready to find his forever home. He’s the kind of greyhound who takes life in his stride—literally! He walks beautifully on the lead, travels like a pro, and is an all-around easy companion. While he can be a little shy at first, Albert warms up quickly and really comes into his own once he’s settled. He absolutely loves a good run with his canine pals and gets along wonderfully with dogs of all shapes and sizes. Albert would thrive in a calm, loving home where he can enjoy his daily walks, zoomies with friends, and a comfy spot to relax. If you're looking for a sweet, well-mannered boy with a playful side, Albert might just be your perfect match.","albert-2",""
"2021-02-01","Western Sydney (Londonderry)","956000012791009","Thor","2026-01-14","MALE","","""I have recently gone into a foster home with another greyhound, stay tuned for updates."" Thor – Mighty God of thunder and lightning and protector of mankind...this friendly boy from the moment he meets you, he’ll be buttering you up with his big puppy dog eyes asking for a treat. If you have an Avengers team of other hounds at home, we think that Thor wouldn’t mind some crime-fighting canine company, but he’s happy on his own as well for shorter stints of time alone to begin with. He would do best with a small grassed yard with opaque/colour bond fencing in a quiet neighbourhood as he can become overwhelmed with too much going on in the neighbourhood. His gentle and friendly nature would see him fit perfectly into a home with older kids or teens! If Thor (minus the hammer) sounds like the perfect fit for your Asgard, assemble your family, and together you can embark on a heroic journey to meet him at our Western Sydney adoption facility.","thor-3",""
"2019-08-01","Western Sydney (Londonderry)","956000011151238","Snippy","2026-01-14","MALE","","Snippy is a relaxed, friendly, easy-going gentleman, who’s not jumpy and a dream on the lead. He’s super social, affectionate, and loves spending time with people - he just adores the grandkids aged 6 and up! Snippy’s happy nature makes him an excellent pet - he LOVES to lean on you and get cuddles, which we just love! He’s great with other calm natured greys, and would prefer shorter hours alone as a solo pet. He loves his daily walks, swimming adventures, and is very food-motivated making him a breeze to train. He’d thrive in a home with someone who has time to hang out with him and has a nice quiet backyard for him to chill out in. Snippy has mastered stairs so a home with some steps is A-O-K! This friendly fella is at the Western Sydney adoption centre.","snippy",""
"2021-02-01","Hunter Valley Mid Coast (Maitland/ Muswellbrook/Newcastle/Forster)","956000014517053","Grace","2026-01-14","FEMALE","","Meet Grace ☀️ Grace is a calm, friendly girl with a beautifully chilled personality and a love for the simple things in life — like a sunny spot to nap in and the company of other dogs. She’s previously lived happily with other canine companions and would love a home where she can continue to enjoy that friendship. She would be equally as happy being an only dog with her human friends. Grace has lived inside a home before; she walks nicely on the lead and travels well — making outings easy and enjoyable. Whether she's strolling beside you or stretching out in the sunshine, Grace brings a gentle, contented energy wherever she goes. She’s the perfect mix of affectionate and independent and would thrive in a home that appreciates her relaxed nature and loving heart. If you’re looking for a loyal companion who’s happy to share her space, her sunshine, and her heart — Grace is ready to meet you.","grace-9",""
"2023-07-01","Hunter Valley Mid Coast (Maitland/ Muswellbrook/Newcastle/Forster)","956000016289402","Edna","2026-01-14","FEMALE","","Meet Edna 🌸 Edna is a lovely, soft-natured girl with a quiet charm and a heart full of potential. She enjoys the company of other dogs and her human friends. Edna walks beautifully on the lead and travels calmly, making her a joy to take out and about. While she may be a little shy at first, given time and gentle encouragement, she begins to show her sweet, affectionate personality. She would thrive in a quieter home where she can take things slowly and build confidence with patient people by her side, especially as she navigates new environments at her own pace. Once she feels settled, Edna blossoms — and her gentle companionship is truly special. If you're looking for a loyal friend to love and nurture, Edna might just be the perfect match.","edna",""
"2018-03-01","Northern Rivers (Grafton, Lismore, Casino)","956000009590937","Indi","2026-01-14","FEMALE","","Meet Indi! 🐾 Indi is a sweet-natured girl with a heart full of love and a tail that never stops wagging! She adores the company of other dogs and is always excited to make new canine (and human!) friends. With her calm and gentle nature, Indi is the kind of dog who turns heads and wins hearts wherever she goes. She's a fantastic traveller — relaxed and content whether it's a short trip to the park or a longer adventure. Patience is one of her superpowers, and she takes everything in stride with a happy grin and waggy tail. If you're looking for a friendly, sociable companion who's always happy to say hello, Indi is your girl. 💕🐶","indi-2",""
"2020-03-01","Northern Rivers (Grafton, Lismore, Casino)","956000013060347","Horse","2026-01-14","MALE","","Meet Horse 🐾 Horse might have a big name, but he’s a total softie at heart. This gorgeous boy is the definition of laid-back – calm, collected, and always up for a cuddle or a tasty treat (he’s a bit of a snack connoisseur!). Horse gets along brilliantly with other dogs, making him the perfect companion whether you're out on a group walk or welcoming visitors at home. He travels like a pro, whether it's a quick ride or a longer trip, and he's even happy to wait patiently in the car while you pop into the shops – no fuss, no bother. Friendly with everyone he meets and just the right amount of nosey (we call it “curious charm”), Horse has a gentle soul and a curious streak that keeps life interesting. If you’re after a relaxed, loving dog who’s as easy-going as they come, Horse is your guy. Treat in hand? You’ve got a friend for life, the Gentle Giant with a heart of gold!","horse-2",""
"2020-09-01","Riverina (Wagga, Temora, Gundagai, Griffith)","956000011584767","Kerry","2026-01-14","FEMALE","","Kerry has grown up around very young kids and plays respectfully with them. Kerry is happy to play by day and relax by night making her a great companion and perfect for fulltime workers Kerry is good with other greyhounds and walks perfectly on lead With a proper introduction Kerry is cat workable and also small dog workable making her very versatile.","kerry",""
"2019-07-01","Southern NSW/ACT (Bulli, Nowra, Goulburn, Canberra)","956000006794477","Sooky","2026-01-14","FEMALE","","walks well on lead Confident and social. higher energy dog for someone thats looking for adventure and likes fitness jumps up and down playful and jumps up to give cuddles likes to go off and explore would love a big backyard good for fulltime working hours enjoys a zoomie","sooky",""
"2021-09-01","Hunter Valley Mid Coast (Maitland/ Muswellbrook/Newcastle/Forster)","956000011705157","Franky","2026-01-14","MALE","","Meet Franky 🐾 Franky is a sweet boy who adores the company of other dogs and would do well living with a feline friend, provided they have a very slow and gentle introduction. With his engaging personality, Franky loves to sniff and explore his surroundings, always curious about the world around him. He would thrive in a home with another pet to keep him company, especially where someone works from home or part-time, so he can enjoy plenty of companionship throughout the day. Franky’s playful spirit and affectionate nature make him a wonderful addition to a loving family ready to share adventures and quiet moments alike.","franky",""
"2021-04-01","Hunter Valley Mid Coast (Maitland/ Muswellbrook/Newcastle/Forster)","956000007419865","Sam","2026-01-14","MALE","","Say Hello to Sam – A Gentle Soul Ready to Bloom 🌱 Sam is a sweet boy who’s looking for a quiet home where he can truly come into his own. A little timid at first, Sam takes his time to get to know you– but once he feels settled, his playful and affectionate side begins to shine. He enjoys the simple joys in life: a gentle game in the yard with his canine friends, a few soft toys to toss around, and, of course, a tasty treat or two! Sam gets along well with other dogs and would love a calm canine companion to help boost his confidence. With a bit of patience and a lot of love, Sam will reward you with loyalty, quiet companionship, and those special moments that come from watching him blossom.","sam-12",""
"2021-07-01","Hunter Valley Mid Coast (Maitland/ Muswellbrook/Newcastle/Forster)","956000013034060","Davie","2026-01-14","MALE","","Introducing Davie 🐾 Davie is a gentle, affectionate boy with a heart of gold and a tail that never stops wagging! This easy going boy is the perfect fit for just about any household – whether you have children, other dogs, or just need a calm companion by your side. He walks beautifully on a loose lead and has wonderfully relaxed body language, making strolls together an absolute pleasure. Davie is a social butterfly who gets along with dogs of all shapes and sizes, and his sweet, patient nature makes him a hit with kids too. Whether it’s lounging at home, greeting new friends, or enjoying a quiet walk, Davie’s laid-back personality and loving nature shine through in everything he does. If you're looking for a loyal, low-maintenance friend with lots of love to give, Davie might just be your perfect match!","davie",""
"2021-07-01","Western Sydney (Londonderry)","956000011712426","Bozo","2026-01-14","MALE","","Bozo is a tall, shy, and gentle boy. He might be big and tall but he has a quiet, soft and wise personality. If you're looking for a very gentle giant, who loves to lean on you and look up at you with puppy dog eyes, Bozo is the perfect match. Bozo is such a gentleman, especially around other dogs. He is a calm, reserved boy who would suit a home who can build up his confidence. A quiet, understanding owner who is interested in helping shy dogs become the best confident version of themselves, would be the perfect fit for our gentle giant, Bozo. Come and meet him at the Western Sydney adoption centre.","bozo-2",""
"2021-02-01","Northern Rivers (Grafton, Lismore, Casino)","956000007438036","Stories","2026-01-14","FEMALE","","Meet Stories 🐾 💕 Say hello to Stories, a sweet and affectionate girl who's ready to begin her next chapter—with you! This friendly lady is a total social butterfly who gets along beautifully with both dogs and cats. She’s always happy to make new friends and brings a gentle, joyful energy wherever she goes. Stories loves her toys 🎾, adores her treats 🍖, and soaks up affection like sunshine ☀️. Whether she’s having a play session or just leaning in for cuddles, she’s happiest when she’s close to her humans. If you’re looking for a loving companion who’s good with all creatures and full of fun and affection, Stories could be the perfect addition to your family. Let her bring some love—and a few tail wags—into your life!","stories",""
"2021-02-01","Northern Rivers (Grafton, Lismore, Casino)","956000007358607","Daisy","2026-01-14","FEMALE","","Meet Daisy 🌸🐾 She is a gentle and loving girl who’s ready to find her forever home. With her soft nature and kind eyes, Daisy will quickly win your heart. This lovely girl gets along beautifully with dogs of all sizes, and she’s a great little traveller—calm and content on car rides. She also walks beautifully on the lead, making strolls with her a breeze. Daisy can be a bit nervous in new environments, so she’s looking for a quiet, calm home 🏡 where she can feel safe and settle in at her own pace. Once she’s comfortable, she truly shines—especially when there are pats and cuddles on offer. She's a sweetheart who just needs a little time and a lot of love. 🌼","daisy-21",""
"2019-05-01","Northern Rivers (Grafton, Lismore, Casino)","956000006805067","Sam","2026-01-14","MALE","","Say Hello to Sam 🐶 Meet Sam, a sweet and easy-going boy with a playful heart and a gentle soul. This chilled-out pup is looking for a loving home where he can share his big heart—and maybe a few treats! Sam is fantastic with children and gets along well with other dogs, making him a great fit for a family home. Whether he's lounging around or engaging in a game, Sam is happiest when he's with his humans—no matter their size! He’s got a playful side and loves to be involved in the fun, but he also enjoys a nap in a sunny spot. Treats are a big motivator for this handsome guy, and his friendly, happy nature makes him a joy to have around. If you're looking for a relaxed but playful companion who gets along with everyone and loves being part of the family, Sam might be the perfect addition to your home.","sam-11",""
"2022-03-01","Northern Rivers (Grafton, Lismore, Casino)","956000011646777","Zane","2026-01-14","MALE","","Say hello to Zane! 🐾 Say hi to Zane, a lovable boy with a bright personality and a constantly wagging tail! Zane is the kind of dog who takes life in stride—always happy, always friendly, and ready to make new friends wherever he goes. Zane gets along beautifully with dogs of all shapes and sizes. Whether he’s meeting other Greyhounds or mingling with different breeds, he’s calm, polite, and loves being part of the action. Busy environments? No problem for Zane! He takes everything in with a relaxed attitude and copes well with new places, people, and experiences. He’s curious, confident, and always up for a new adventure—especially if there are treats involved (his favourite!). Zane would thrive in a home where he gets to be part of the fun and share his joy with others. If you’re after a gentle, friendly companion who brings sunshine wherever he goes, Zane might just be your perfect match.","zane",""
"2022-04-01","Hunter Valley Mid Coast (Maitland/ Muswellbrook/Newcastle/Forster)","956000011647482","Chloe","2026-01-14","FEMALE","","Meet Chloe — the confident, friendly tail-wagger who loves her doggy pals! 🐾💖 Chloe is a happy-go-lucky greyhound with a big heart and an even bigger tail — because she just can’t stop wagging when she’s around other dogs! 🐕💨 She already lives with a small dog and absolutely loves having furry friends to share her days with. With her confident and friendly personality, Chloe is always ready to say hello, make new friends, and spread good vibes wherever she goes. Whether she’s meeting new pups on a walk or chilling at home with her canine buddy, she’s a true social butterfly. 🦋🐶 If you’re looking for a cheerful, outgoing greyhound who adores company and knows how to make friends easily, Chloe is the perfect match!","chloe-12",""
"2020-02-01","Hunter Valley Mid Coast (Maitland/ Muswellbrook/Newcastle/Forster)","956000007357256","Garth","2026-01-14","MALE","","Introducing Garth… 🐾✨ Garth is a clever, confident greyhound who is happy to sniff out the world around him. 🌍👃 Whether it’s a leafy park, a busy street, or a quiet trail, Garth’s nose is always on a mission. He’s got a serious sniff game going on, taking in all in. But don’t let his independent streak fool you — when it’s time to wind down, Garth transforms into a total cuddle champ. 🥰 He’s a pro at snuggling up close, giving the best warm, cozy vibes after a long day of exploring. 🐕❤️ On walks, Garth is the perfect gentleman: calm, focused, and walking nicely on the lead. 🐕‍🦺 He’s happy to take the lead on where to sniff next, but always by your side. If you’re after a smart, easy-going companion who loves his independence but knows how to share the love, Garth is your guy and he can’t wait to meet you! 💙","garth",""
"2021-03-01","Western Sydney (Londonderry)","956000012863981","Canya","2026-01-14","MALE","","Canya is a cute guy, happy to settle where ever and go with the flow. He walks nice on lead, happy around new people and happy wagging tail where ever he goes. Canya would enjoy an outdoor area to call his home whether that's a courtyard or backyard. Super friendly and easy going, Canya would happily join a family with children or other dogs. He will lean on you and be forever grateful and love you forever for the adventures and treats that come his way! Canya is available at the Western Sydney adoption centre.","canya",""
"2017-08-01","Hunter Valley Mid Coast (Maitland/ Muswellbrook/Newcastle/Forster)","956000009462053","Sadie","2026-01-14","FEMALE","","Say hello to Sadie! 🌸 Sadie is a cool, calm, and confident greyhound who knows exactly what she wants out of life — and that includes plenty of chill time 😌. She’s an independent lady who’s perfectly happy entertaining herself with a comfy bed 🛏️, a toy or two 🎾, and a quiet corner to call her own. She would suit a household with full time workers or with another chilled out dog. Relaxed and self-assured, Sadie takes new experiences in her stride. If you're looking for a low-maintenance companion who brings a calm presence and quiet charm into your home, Sadie could be the perfect fit 🐾💕","sadie-5",""
"2020-12-01","Hunter Valley Mid Coast (Maitland/ Muswellbrook/Newcastle/Forster)","956000007449362","Shakey","2026-01-14","FEMALE","","Meet Shakey! 🐾 Shakey is a lovable greyhound with a heart full of affection for humans and fellow dogs alike❤️. Always the initiator of cuddles and belly rubs, Shakey thrives on connection and companionship. Curious and adventurous, he loves exploring new surroundings and enjoys every walk — especially because he’s such a pro on the lead! 🚶‍♂️ He’d be happiest in a busy, lively home where there’s plenty going on and would be more than happy with another furry friend to share the fun 🐕🎉. If you’re looking for a gentle, sociable, and well-mannered greyhound to brighten your days, Shakey might just shake her way into being your perfect match!","shakey",""
"2021-10-01","Southern NSW/ACT (Bulli, Nowra, Goulburn, Canberra)","956000007423772","Max","2026-01-14","MALE","","Max is a beautiful dog who enjoys his days lazing around the backyard with his two older female greyhound friends. Max is smaller sized for a male weighing only 29kg Max is a great companion and would be perfect for a family with another large dog for him to be friends with. Max has been socialised around younger school age children and happily plays in the backyard with them. Max would make a great addition to your home and is perfect for full-time workers with a companion to hang with during the day","max-15",""
"2022-08-01","Hunter Valley Mid Coast (Maitland/ Muswellbrook/Newcastle/Forster)","956000015731404","Tommy","2026-01-14","MALE","","Meet Tommy – The Tail-Wagging Bundle of Joy! 🐾🎉 Tommy is a happy greyhound whose tail never stops wagging! He’s a lovable guy who thrives on cuddles, pats, and playtime—always ready to share his infectious enthusiasm with everyone he meets. Tommy loves exploring new places and sniffing out adventures, making every walk an exciting journey. His joyful spirit and affectionate nature make him the perfect companion for anyone looking for a fun-loving, loving friend. If you want a happy, playful pal who’s always up for a cuddle and a romp, Tommy’s your guy!","tommy-18",""
"2021-09-01","Hunter Valley Mid Coast (Maitland/ Muswellbrook/Newcastle/Forster)","956000007433308","Spook","2026-01-14","MALE","","Meet Spook – Your Loyal, Cuddly Companion 🖤🐾 Spook is a gentle greyhound with a loving heart and a soft spot for cuddles. He gets along beautifully with both cats and dogs, making him a great addition to a multi-pet home. Spook would be perfectly suited to a retired person or someone who works from home—he loves having company and will happily curl up beside you while you go about your day. Calm, affectionate, and easy to please, Spook’s happiest moments are spent close to the people he loves. If you're after a quiet, cuddly companion who’ll be your shadow in the best way, Spook is ready to find his forever home with you.","spook",""
"2020-10-01","Hunter Valley Mid Coast (Maitland/ Muswellbrook/Newcastle/Forster)","956000011574978","Alfie","2026-01-14","MALE","","Meet Alfie! 🐾 Alfie is a handsome greyhound with a heart as big as his paws! This sociable guy adores the company of humans and loves making new friends—especially the big dog kind! With his bubbly personality and relaxed nature, Alfie is the perfect companion for a family looking for a gentle, easy-going friend. He’s fantastic with children, walks beautifully on the lead, and brings a calm, happy presence wherever he goes. Whether he's lounging in the sun or trotting alongside you on a stroll, Alfie is just happy to be part of the fun. If you're looking for a sweet, social pup with a heart of gold, Alfie’s your guy! 💛","alfie-8",""
"2020-10-01","Western Sydney (Londonderry)","956000012247522","Ray","2026-01-14","MALE","","This handsome boy is a Ray of Sunshine🌤️ Ray is the total package! Social, sweet and confident. He absolutely loves meeting new people and greets everyone like an old friend! Ray walks well on lead and loves to explore, so he wouldn't mind joining you for an adventure. He gets along well with other dogs of all sizes too! So he would'nt mind sharing his new home with a friend or two, pending a meet and greet. If you're looking for a loving companion who will brighten your days, Ray is ready to light up your life! Meet him at Western Sydney.","ray-2",""
"2020-02-01","Hunter Valley Mid Coast (Maitland/ Muswellbrook/Newcastle/Forster)","956000007837824","Bruiser","2026-01-14","MALE","","Meet Bruiser – Big Heart, Bigger Tail Wags! 🐶💕 Don’t let the name fool you – Bruiser is a total softie! This happy-go-lucky boy is bursting with love and has a tail that never stops wagging. He’s always ready to greet you with a smile and a nuzzle, and he thrives on affection from his human friends. Bruiser is full of energy and enjoys his playtime, walks, and any chance to explore the world by your side. He’s been around children aged 8 and up and would do well in a home where he can continue building those bonds – he loves being part of the action! Whether it’s zoomies in the yard or cuddles on the couch, Bruiser brings a joyful spark to every moment. He’d be a wonderful match for an active family or anyone looking for a loyal, loving companion. Ready to meet your new best friend? Bruiser can’t wait to wag his way into your heart!","bruiser-4",""
"2018-10-01","Hunter Valley Mid Coast (Maitland/ Muswellbrook/Newcastle/Forster)","956000005106467","Maggie","2026-01-14","FEMALE","","Meet Maggie – Your Future Snuggle Buddy! 🐾 Say hello to Maggie, a sweet and gentle greyhound with a heart full of love and legs made for graceful strolls. This lovely girl is as affectionate as they come – she absolutely adores pats, cuddles, and being close to her people. Maggie is a dream on the lead and makes every walk a pleasure. She gets along well with other dogs and would happily share her space with a canine friend. Whether it’s a walk around the block or a cozy nap on the couch, Maggie is content just being near those she loves. While Maggie can be redirected around cats, she still needs a bit more work and supervision in that area, so a cat-free home would be best. If you're looking for a calm, cuddly companion who will melt into your side and brighten your days, Maggie might just be the perfect match!","maggie-17",""
"2020-08-01","Central West (Bathurst/Dubbo/Coonabarabran)","956000011574597","Sonny","2026-01-14","MALE","","Sonny is a gentle, easy-going boy with a calm and placid nature. He loves a good snuggle but is just as happy doing his own thing or spending time with his people. With a slow introduction, he may get along well with smaller dogs. Sonny is a relaxed companion ready to bring quiet joy to a loving home.","sonny-5",""
"2020-04-01","Northern Rivers (Grafton, Lismore, Casino)","956000013088849","Inex","2026-01-14","FEMALE","","Say hello to Inex! 🐶 Inex is a playful and independent greyhound who loves nothing more than a good romp around the yard. Whether she's chasing toys or just stretching her legs, outdoor time is her favourite time! She gets along brilliantly with other dogs and is very well-mannered on the lead, making walks with her an absolute pleasure. Inex also has a wonderfully independent streak—she’s happy doing her own thing but still enjoys the company of her people and furry friends. If you’re looking for a confident, fun-loving greyhound who’s easy to walk and great with other dogs, Inex could be your perfect match!","inex",""
"2021-05-01","Northern Rivers (Grafton, Lismore, Casino)","956000007430419","Charlie","2026-01-14","MALE","","Meet Charlie! 🐾 Charlie is a social butterfly who loves spending time with people and gets along great with other dogs. He’s full of energy and can be a bit strong on the lead at first, but he quickly settles into a calm and well-mannered walker once he gets going. Charlie is also a pro traveller—he enjoys van rides and is comfortable on the road, making him a great adventure buddy. If you’re looking for a friendly, outgoing greyhound who’s ready to join you on walks and trips, Charlie is your guy!","charlie-15",""
"2020-12-01","Northern Rivers (Grafton, Lismore, Casino)","956000011721790","Socks","2026-01-14","MALE","","Meet Socks! 🐾 Socks is a gentle and affectionate greyhound with a heart as big as his appetite! This food-loving boy is as patient as he is sweet, always waiting his turn with a calm and easy going nature. Whether he’s lounging quietly or greeting new friends, Socks is a total sweetheart who gets along wonderfully with other dogs. His friendly personality makes him a joy to have around, and he’s sure to steal your heart (and maybe a treat or two!).","socks-2",""
"2022-10-01","Northern Rivers (Grafton, Lismore, Casino)","956000011349543","Jack","2026-01-14","MALE","","Jack is a calm, easygoing greyhound who’s as lovely on the inside as he is on the outside. With his gentle nature and relaxed attitude, he settles into new environments quickly and takes everything in his stride. Jack is fantastic with children and other dogs, making him a wonderful family companion. He’s always polite, friendly, and happy to be part of the group – whether it’s a quiet day at home or a walk around the neighbourhood. He walks beautifully on the lead, never pulling or fussing, and is more than happy to stroll along at your side. Jack’s chilled-out personality and kind soul make him a joy to have around. Meet Jack by appointment at the Western Sydney adoption centre.","jack-32",""
"2020-08-01","Northern Rivers (Grafton, Lismore, Casino)","956000011711862","Billy","2026-01-14","MALE","","Meet Billy – The Quiet Charmer with a Playful Side 🎾🐾 Billy is a gentle, independent greyhound with a lovely calm nature and just the right amount of playfulness. He’s not one to demand constant attention, but he’s always nearby with a quiet presence and a soft heart. Billy gets along beautifully with small dogs and is respectful and friendly in their company. He also enjoys a bit of solo playtime with his toys – give him a squeaky or something to toss around, and he’s one happy hound. This laid-back boy values his own space and is content to relax on his own, making him a great companion for someone who appreciates a more independent pet. He’s the kind of dog who slots effortlessly into your routine without any fuss.","billy-20",""
"2019-06-01","Northern Rivers (Grafton, Lismore, Casino)","956000007829359","Greg","2026-01-14","MALE","","Meet Greg – A Gentle Soul Ready to Bloom 🌟🐾 Greg is a sweet and sensitive greyhound with a quietly charming personality. He can be a little shy at first, but it doesn’t take long for him to warm up – and once he does, you’ll see a loving and loyal companion who enjoys being part of the action in his own gentle way. Greg gets along well with other dogs and enjoys their company. He walks beautifully on the lead and is a dream to take out and about, always calm and well-mannered. He also travels well in the car, making adventures easy and stress-free. With a little patience and a lot of love, Greg will continue to come out of his shell and show you just how affectionate and easy going he really is. He’s a quiet star who’s just waiting for the right person or family to help him shine.","greg-1",""
"2019-06-01","Northern Rivers (Grafton, Lismore, Casino)","956000007857162","Sheila","2026-01-14","FEMALE","","Meet Sheila – A Sweet Soul with a Playful Heart 🐾💖 Sheila is a beautiful greyhound with a gentle nature and a heart full of love. She can be a little shy when meeting new people or exploring new places, but give her a bit of time and patience, and you’ll see her blossom into a joyful, playful girl with the happiest little tail wags. Once Sheila feels safe and settled, her playful side shines through. She loves to run, bounce around, and enjoy the company of her doggy friends – she gets along wonderfully with other dogs and thrives in their company. Sheila would do best in a calm and supportive home where she’s given the space to build her confidence. In return, she’ll reward you with sweet affection, gentle playfulness, and a loyal heart.","sheila-2",""
"2019-06-01","Northern Rivers (Grafton, Lismore, Casino)","956000007853681","Penny","2026-01-14","FEMALE","","Meet Penny🎾🐾 Penny is a bright, bubbly greyhound with a zest for life and a serious love for fetch! Toss a ball and watch her light up with joy – she could play all day if you let her. Her playful spirit and happy nature make her an absolute delight to be around. Always cheerful and full of personality, Penny brings positive energy wherever she goes. She travels well in the car, making her a great companion for outings and adventures, and she’s perfectly content relaxing in her crate when it’s time to wind down. Penny is the perfect mix of fun and easy going. Whether she’s chasing a ball, enjoying a ride, or snoozing in her crate after a busy day, she does it all with a wagging tail and a happy heart.","penny-11",""
"2019-06-01","Northern Rivers (Grafton, Lismore, Casino)","956000007856122","Glen","2026-01-14","MALE","","Meet Glen – The Ultimate Companion with a Heart of Gold 💛🐾 Glen is a handsome greyhound with a big heart and an even bigger love for life. Friendly, affectionate, and full of charm, Glen adores people and never misses an opportunity for a cuddle or a kind word. His tail is always wagging, especially when he's surrounded by his favourite humans. Glen gets along wonderfully with other dogs and is a real social butterfly. Whether he's playing with his pals or just chilling nearby, he brings calm, friendly energy wherever he goes. A big fan of toys, Glen loves a bit of playtime and will happily keep himself entertained with a squeaky or two. He also travels like a dream in the car, making him the perfect buddy for road trips, weekend getaways, or even just a quick drive to the park.","glen-2",""
"2019-06-01","Northern Rivers (Grafton, Lismore, Casino)","956000007855335","Donnie","2026-01-14","MALE","","Meet Donnie – The Social Butterfly with a Love for Fun! 🐶🎾 Donnie is a happy-go-lucky greyhound who’s always up for a good time! Whether he’s heading out on a road trip or making new doggy friends at the park, Donnie takes it all in stride. He travels like a pro – calm, relaxed, and ready for the next stop on the journey. This playful boy has a soft spot for toys and will happily entertain himself with a squeaky or a tug toy, bringing a smile to everyone around him. He gets along wonderfully with other dogs and thrives in social settings, making him a great fit for families with existing canine companions. Donnie walks beautifully on the lead and loves exploring the world at a comfortable pace by your side. His friendly nature, confidence, and zest for life make him a joy to have around.","donnie",""
"2019-06-01","Northern Rivers (Grafton, Lismore, Casino)","956000007853642","Dougall","2026-01-14","MALE","","Meet Dougall🚗🐾 Dougall is a charming greyhound with a heart as big as his love for car rides. This gentle soul is always ready to hop in the car and join you on your next adventure – whether it’s a weekend getaway or just a trip to the shops, Dougall’s happy place is right by your side. With excellent leash manners, Dougall walks beautifully on the lead, making strolls a breeze. He’s polite and friendly around other dogs, and his calm nature makes him a wonderful companion in a variety of settings. Dougall also has a soft spot for affection. He’ll happily lean in for a cuddle or nuzzle up for some ear scratches – he may be sleek and speedy, but he’s really just a big softie at heart.","dougall",""
"2022-06-01","Western Sydney (Londonderry)","956000011325843","Rocky (Western Sydney)","2026-01-14","MALE","","Rocky, the underdog coming through to take the spotlight of a home! This boy has no trouble leading his way through our kennels to find his next victory. Rocky is a very handsome lad that doesn’t mind spending time with children and frolicking in a backyard/townhouse as he has experience around kids. Rocky would walk best on a harness as he is excited to get going. Rocky is available to adopt from the Western Sydney adoption centre.","rocky-15",""
"2022-07-01","Western Sydney (Londonderry)","956000014813741","Stavros","2026-01-14","MALE","","Stavros is a beautiful boy that’s full of love and life! He has spent the last few months in a foster care home with 6 other dogs. Stavros would be best suited to a home with 1 other doggie friend. 6 was fun, but he's about quality, not quantity! If Stavros lives as your only dog, you can go off to work during the day and he'll be happy on his own for full time hours. Stavros is fond of a run around and play time but also loves giving and receiving lots of affection. An adults only home is the best fit for this gentle giant. He has a playful side and loves to have fun! Stavros would be a great addition to an apartment home (with lift access - no stairs) with an active lifestyle, or a house with a yard.","stavros",""
"2020-01-01","Central West (Bathurst/Dubbo/Coonabarabran)","956000007467365","Uno","2026-01-14","FEMALE","","Uno is a sweet-natured, gentle girl with a calm and placid demeanor. She may be a little shy at first, but with patience and a supportive home, she’ll blossom beautifully. Uno does well with kind, understanding children and gets along with smaller dogs. With a slow and careful introduction, she may also do well with cats. Uno is looking for a calm, nurturing environment where she can continue to grow in confidence and love.","uno-1",""
"2021-02-01","Western Sydney (Londonderry)","956000007466731","Raj","2026-01-14","MALE","","Raj is a vibrant, confident and friendly boy who would do well with a townhouse/backyard to enjoy. He does very well with other greyhounds so would happily join a multi-dog household. Raj may not be a king but he certainly has a confident personality to match his name. He has bursts of energy so would do best with children with some big dog experience. Raj has not seen much of the big wide world and would benefit from an owner who enjoys some dog training and seeing their new dog thrive under their guidance. Raj is available at the Western Sydney adoption centre.","raj",""
"2021-08-01","Western Sydney (Londonderry)","956000007424877","Eddy","2026-01-14","MALE","","Eddy is a shy and quiet boy looking for a nurturing home to thrive in. He warms up with those he's confident with and would do best with a backyard for his zoomies when the mood strikes. Eddy hasn't seen a lot of the world yet and would thrive with a home who is looking to take it slow with him to build his confidence. Eddy can't wait to meet you and become a beloved family pet! Eddy is available at the Western Sydney adoption centre.","eddy-6",""
"2022-02-01","","956000011646731","Beau","2026-01-14","MALE","","Beau is a confident, happy-go-lucky boy bursting with puppy-like energy and a love for life! Playful and engaging, he’s always up for a game or some quality time with his people—and he’s never short on tail wags. Beau would thrive in a home with another medium to large dog who can match his energy and playful nature. He’s full of enthusiasm on walks and can be strong on the lead, so a family with older kids who can keep up with his strength and spirit would be ideal. If you're after a fun-loving, social companion who brings joy wherever he goes, Beau is ready to be your new best mate!","beau-6",""
"2022-05-01","Hunter Valley Mid Coast (Maitland/ Muswellbrook/Newcastle/Forster)","956000011334010","Jimmy","2026-01-14","MALE","","Jimmy is a happy, confident boy with a playful heart and a relaxed outlook on life. He’s the kind of dog who’s just as content having a romp around the yard as he is chilling out by your side, soaking up cuddles and pats (his favourite!). Jimmy walks with enthusiasm and might be a bit strong on the lead at times, but with a bit of practice, he’ll settle into a great walking buddy. He could potentially get along with smaller dogs too, given slow and careful introductions—he’s a sociable guy who just likes to take his time getting to know new friends. If you're after a cheerful, affectionate companion with a lovely balance of energy and calm, Jimmy could be the perfect fit!","jimmy-9",""
"2020-09-01","Hunter Valley Mid Coast (Maitland/ Muswellbrook/Newcastle/Forster)","956000012963543","Cooper","2026-01-14","MALE","","Cooper is a confident, cheeky boy with a playful spark and a big personality! He’s always up for fun, whether it’s a run around the yard, a good game with a doggy mate, or heading out on an adventure. He’d thrive in an active home, especially one with another dog around his size to keep him company and match his energy. Cooper’s zest for life is infectious — he’s the kind of dog who’ll keep you laughing and moving, then happily crash for a nap once the fun’s over. If you’re looking for a playful, social, and slightly cheeky companion, Cooper could be your perfect adventure buddy!","cooper-8",""
"2022-05-01","Hunter Valley Mid Coast (Maitland/ Muswellbrook/Newcastle/Forster)","956000011335576","Reggie","2026-01-14","MALE","","Reggie is a relaxed and independent boy who’s all about the quiet life. He enjoys a bit of company and is happy to hang out with you, but he’s equally content doing his own thing — the perfect companion for someone who appreciates a low-key, easy-going dog. He does pull a little on the lead (there’s just so much to sniff!), so he’ll need a bit of guidance when it comes to walks. But with a patient and gentle hand, Reggie will soon settle into a lovely routine. If you’re looking for a calm, undemanding friend to share peaceful days with, Reggie might be your perfect match.","reggie-8",""
"2022-05-01","Hunter Valley Mid Coast (Maitland/ Muswellbrook/Newcastle/Forster)","956000011332727","Jj","2026-01-14","MALE","","JJ is a sweet, happy-go-lucky boy with the playful energy of a puppy and a heart full of love. Confident and full of charm, he’s always ready for fun — whether that’s a zoom around the garden or a goofy game with his canine pals. He’s still working on his lead manners (he’s just so excited to explore!), but with a bit of guidance, he’ll be strutting like a pro in no time. JJ might be cat-workable, but he’s definitely more in his element around other greyhounds or larger dogs. In fact, he’d thrive in a home with a doggy friend to play with and help show him the ropes. If you’re looking for a cheerful, fun-loving companion with a heart of gold, JJ is your guy!","jj-3",""
"2021-04-01","Hunter Valley Mid Coast (Maitland/ Muswellbrook/Newcastle/Forster)","956000012865653","Angel","2026-01-14","FEMALE","","Angel is a confident, people-loving girl who can’t resist a good cuddle session — she’s basically a professional snuggle expert. When she’s excited, she does a happy little prance that’s guaranteed to brighten your day. She walks beautifully on lead and is always ready to be your loyal companion, whether you’re a busy family or flying solo. She is also happy to travel with you if you like a good road trip. Angel would suit a household who have other M/L dogs and children that are happy to play with her. If you don’t have any pint-sized pooches or sneaky cats, Angel is all in for a lifetime of love and fun! This girl always has her tail wagging around her favourite humans, bounding around and exploring the world are just two of her favourite things to do.","angel-7",""
"2019-11-01","Southern NSW/ACT (Bulli, Nowra, Goulburn, Canberra)","956000009501096","Bubba","2026-01-14","MALE","","Bubba is a beautiful boy who loves adventure. Bubba would be ideal for the young professional couple or single person looking to give a dog a structured life. Bubba whilst growing up in a residential street has limited house exposure. Bubba is very good to take on longer walks and is a very good learner. Bubba with the correct introduction would be good with medium to large dogs","barba-1",""
"2021-02-01","Southern NSW/ACT (Bulli, Nowra, Goulburn, Canberra)","956000013034147","Roy","2026-01-14","MALE","","Roy is a 4-year-old greyhound who has grown up in a rural environment and is now looking for his forever home. He is a clean and well-mannered dog who never messes in his kennel, showing great potential for transitioning into a home environment with a little support for house training. He’s an excitable boy who enjoys a good run around but doesn’t jump up or show signs of destructive behaviour. Roy gets along well with other greyhounds and would thrive either as a solo dog or with a calm canine companion. Roy is well-suited to homes where the owners work full-time, as he is independent and relaxed when left alone. He would do best with a secure yard and regular opportunities to stretch his legs, ideally in a quiet, calm setting similar to his upbringing. Roy is a gentle, happy dog who just needs a little time and patience to adjust to home life. With the right guidance, he will make a loving and loyal companion.","roy-5",""
"2021-05-01","Western Sydney (Londonderry)","956000007466974","Harry","2026-01-14","MALE","","Harry is a total catch! He is friendly, confident, good with humans and dogs, and a happy bubbly boy. He likes to play, has a good food drive, showing to be very trainable, he also walks lovely on the leash. He is confident on lead and in new environments as well as super polite with our greyhounds and small dogs here at the centre. Harry is a gentle, yet playful, lovely mix of all the perfect greyhound quirks! If he's not smooching up to you, he's sniffing out the treats in your pocket or finding a toy to entertain himself with. This goofy love bug is available at the Western Sydney adoption centre.","harry-13",""
"2019-04-01","Western Sydney (Londonderry)","956000006677803","Henry","2026-01-14","MALE","","Henry has lived his life surrounded by children, and would suit a home with a family of children who are eager to give him lots of love. Henry is a social butterfly who loves a bit of attention! He would suit a home with another medium to large dog who is on the chill side like him. His previous owners have summed him up as a big goof ball, who is placid, even a little bit clumsy! He settles well on his bed and is happy to watch the world go by with you by his side. Henry is available at the Western Sydney adoption centre.","henry-9",""
"2020-10-01","Western Sydney (Londonderry)","956000011576024","Meri","2026-01-14","FEMALE","","Little 23kg Meri has been around children 1+ to 14 years old, she loves a bit of attention and loves to run off with toys and have a bit of fun. She is a friendly, confident, yet relaxed girl. Meri would enjoy a backyard/townhouse with or without a greyhound pal to spend her days with, she would also be suitable around children due to her history of exposure with kids! Meri is available at the Western Sydney adoption centre.","meri-1",""
"2023-01-01","Western Sydney (Londonderry)","956000014911818","Alf","2026-01-14","MALE","","Alf is a handsome young male. He is destined for pet life as he is a relaxed, playful, affectionate confident boy. He loves diving into the water when he can - a true water baby! He enjoys lounging around the yard, basking in the sun and creating life long memories playing with little humans. Alf would be suited to a household with full time workers with a backyard or a family with younger children.","alf-7",""
"2023-01-01","Western Sydney (Londonderry)","956000014915380","Diesel (Western Sydney)","2026-01-14","MALE","","Hi, I'm Diesel 🐾 I'm a gorgeous confident boy, ready to bring some fun to the life of my new family. I adore all humans and even grew up around children myself, making me the perfect addition to your family! I would love my new home all to myself as I thrive when I'm the only star of the show⭐ Oh and I also love to play and chase after my toys so a backyard would be great for me! If you think I could be the guy for you, come and meet me at Western Sydney!","diesel-5",""
"2019-04-01","Western Sydney (Londonderry)","956000006660153","Kane","2026-01-14","MALE","","Kane is a social and confident lad with a charming personality. Kane is a good traveller, enjoys spending time with other hounds and has been described as playful, fun, and very lazy! He is a wonderful blend of calm, with that perky playful side! Kane would enjoy a townhouse/backyard, and a home with or without respectful children. A family with another M-L canine companion would also be well suited to this sweet gentleman. Kane is available at the Western Sydney adoption centre.","kane-1",""
"2022-02-01","Western Sydney (Londonderry)","956000007374120","Dolly","2026-01-14","FEMALE","","Dolly is a charming girl, she likes meeting new people. She is very cuddly and affectionate. She comes when called and plays with toys. She is a good mixture of a hound that wants to go for a walk and be social with also wanting to lounge around doing nothing.","dolly-12",""
"2019-03-01","Northern Rivers (Grafton, Lismore, Casino)","956000003709266","Oakley","2026-01-14","MALE","","Oakley is a loving greyhound and he thrives off play and fun! His ideal owner will love his enthusiasm and zest for life, making him the perfect buddy for adventure. Oakley is doing wonderfully with his training here with us at the facility and absolutely loves his treats so continuing this in his new home should be a breeze! His recall is excellent, he performs 'down' on cue, and he has the ability to walk nicely in heel position. He loves the outdoors so would be best suited to a home with a backyard for a bit of space to play or catch some rays. Meet him at Western Sydney!","oakley-1",""
"2023-02-01","Central West (Bathurst/Dubbo/Coonabarabran)","956000015726835","Hawke","2026-01-14","MALE","","Hawke is a playful and happy boy 🐶, full of energy and confidence. He loves toys, gets excited easily, and brings joy wherever he goes! With a safe and slow introduction, Hawke has the potential to become best friends with your smaller dogs. He’s also great around young children, making him a fun and loving addition to a lively family. ❤️","hawke-1",""
"2022-02-01","Central West (Bathurst/Dubbo/Coonabarabran)","956000011659317","Amber","2026-01-14","FEMALE","","Amber is a gentle soul who may be a little shy at first 🐶, but with a warm and comforting home, she begins to shine. She blossoms with patience, support, and love ❤️, and would thrive best in a calm, peaceful environment. Older, understanding children would be a great match for her, helping her feel safe and supported as she builds confidence and truly comes into her own.","amber-4",""
"2023-03-01","Central West (Bathurst/Dubbo/Coonabarabran)","956000015734818","Queenie","2026-01-14","FEMALE","","Queenie is a confident and loving soul 💖, radiating warmth wherever she goes. Her friendly, outgoing nature 🐾 makes her a joy to be around, and she thrives in social settings. Playful and engaging, Queenie brings happiness to every room she enters, leaving a lasting impression with her vibrant personality and boundless affection 🥰.","queenie-1",""
"2022-09-01","Western Sydney (Londonderry)","956000012964018","Axel (Western Sydney)","2026-01-14","MALE","","Axel is a sweet and sensitive greyhound who’s looking for a home where he can continue to build his confidence and thrive with a little guidance. While he’s not overly timid, he does best in a home that offers clear structure, routine, and patient support as he navigates the world. Axel is affectionate and eager to please, and once he settles in, he becomes a calm and loyal companion. He enjoys the company of other greyhounds and could do well with a confident dog buddy to help him feel at ease. Axel is best suited to a quieter household without young kids, where he can relax and grow at his own pace. With a supportive environment and consistent routine, Axel has all the right ingredients to become a happy, well-adjusted family member.","axel-2",""
"2020-04-01","Central West (Bathurst/Dubbo/Coonabarabran)","956000012114782","Chief","2026-01-14","MALE","","Meet Chief – a handsome, easy-going boy with a heart of gold. This laid-back fella is happy entertaining himself or just chillin' solo 😎. Patient and gentle, Chief is great with small children and gets along well with other animals. He grew up around a cattle dog and has been exposed to goats, so farm life is nothing new to him. Whether he's playing or relaxing in the sun, Chief brings a calm, loyal energy to any home 🐾.","chief-6",""
"2021-09-01","Western Sydney (Londonderry)","956000011641008","Pete","2026-01-14","MALE","","For Pete's sake, look at this handsome boy! Pete is a shy and reseved boy looking for a calm, low stimulus home to enjoy his retirement. Pete would do best without children and would love a backyard to retreat to when things get too busy for him. Pete is a delight around other greyhounds and gains confidence around them. A nurturing and relaxed owner would suit him the best. We think he would love to either live with another greyhound and/or continue socialisation around other dogs. Pete is available at the Western Sydney adoption centre.","pete-6",""
"2022-05-01","Central West (Bathurst/Dubbo/Coonabarabran)","956000011340679","Lloyd","2026-01-14","MALE","","🐾 Meet Lloyd! 💙 Lloyd may be a little shy when meeting new people, but with a supportive and understanding family, he quickly blossoms into a confident, happy, and loving boy. 🐶 Smart and full of potential, Lloyd is just waiting for the right people to help him shine. If you're looking for a sweet companion who’ll grow into your best buddy, Lloyd is ready to meet you! 💫","lyold",""
"2021-08-01","Central West (Bathurst/Dubbo/Coonabarabran)","956000012863585","Flow","2026-01-14","FEMALE","","🐾 Meet Flow! 🌸 Flow is a very sweet girl with a heart full of potential. 💕 She's ready to learn, grow, and succeed with the help of a loving, supportive home. With a little training and plenty of encouragement, she’ll blossom into an amazing companion. She’d do best with older, understanding children and could be a great match for a calm, medium-large dog friend. If you're looking for a kind soul to grow with, Flow is ready to start her journey with you! 🐶💫","flow-1",""
"2021-11-01","Central West (Bathurst/Dubbo/Coonabarabran)","956000012861144","Jasper","2026-01-14","MALE","","🐾 Meet Jasper! 💙 Jasper is an affectionate, sweet, and kind-hearted boy who just wants to be loved. 🐶 He’s playful and gentle, with so much potential to shine in the right home. He’s still learning and will need a supportive family to continue his training and help build his confidence. Jasper would do best with older, understanding children and could get along well with a compatible medium-large dog. If you're ready to open your heart to a truly lovable companion, Jasper is waiting for you! 💕","jasper-5",""
"2022-03-01","Central West (Bathurst/Dubbo/Coonabarabran)","956000012917914","Reggie","2026-01-14","MALE","","🐾 Meet Reggie! 🐶 Reggie is an active, playful, and seriously handsome boy! 😍 He's full of energy and would love a yard where he can run, play, and burn off that puppy spirit. Still working on his manners, Reggie needs a patient, understanding family ready to guide him with love and consistency. He’d do best with older kids and could be a great match for a friendly medium-large dog buddy. If you’re looking for a fun-loving companion to grow with, Reggie’s your guy! 💙","reggie-7",""
"2021-11-01","Central West (Bathurst/Dubbo/Coonabarabran)","956000013022670","Emma","2026-01-14","FEMALE","","🐾 Meet Emma! 💖 Emma is a gentle soul with so much love to give. She may be a little shy at first, but with patience and kindness, her sweet personality shines through. 💕 She’s looking for a calm, supportive family to help her grow in confidence with continued training and socialisation. Emma enjoys the company of well-mannered dogs (especially larger ones!) and would do best with older, understanding children. A secure yard to play and explore would be the cherry on top for this lovely girl. 🐶🌿","emma-3",""
"2015-09-01","Central West (Bathurst/Dubbo/Coonabarabran)","956000004888574","Ducky","2026-01-14","FEMALE","","Meet Ducky – A Sweet, Gentle Soul Ready for Her Cozy Forever Home 🐾💗 Ducky is a loving, affectionate older girl who’s all about the cuddles and calm vibes. She’s looking for a slower-paced home where she can enjoy the quiet life with people who appreciate the beauty of a relaxed routine. Ducky would love a family with older, understanding children, and she’s suitable to live with medium to large dogs who are respectful and calm like her. If you're after a sweet companion who just wants to be loved and lounge by your side, Ducky might be your perfect match 🐾💗","ducky-2",""
"2021-11-01","Central West (Bathurst/Dubbo/Coonabarabran)","956000012861951","Goofy","2026-01-14","MALE","","Meet Goofy – A Special Boy Looking for His Special Home 🐶💛 Goofy is a sweet male with a quirky charm and a heart ready to bond. He’s looking for a quiet, patient home where he can take things at his own pace. Goofy needs someone who understands that dogs like him need time, gentle guidance, and a whole lot of love to build trust. He’s still learning about the world, so training and socialization will be key to helping him grow into his best self. Goofy would do best as the only dog in the home, with older, understanding children who can respect his boundaries. With the right people, Goofy will shine – could that be you?","goofy",""
"2021-02-01","Central West (Bathurst/Dubbo/Coonabarabran)","956000013017722","Sofia","2026-01-14","FEMALE","","Meet Sofia – A Loving Blue Beauty Looking for Her Forever Home 💙🐾 Sofia is a beautiful blue female with a gentle soul and a heart full of potential. She's looking for a home that can offer her support, understanding, and time—someone patient and committed to helping her grow with continued training and care. Sofia has an old injury to her front leg, so she’ll need a family that understands her physical needs and can help her feel safe and comfortable. She thrives best as a single dog in the household and would be happiest with older, dog-savvy children who can respect her space and needs. If you’re ready to offer a calm, loving home where Sofia can continue her journey, she’s ready to meet you. 💙","sofia",""
"2017-11-01","Northern Rivers (Grafton, Lismore, Casino)","956000009463034","Tylah","2026-01-14","FEMALE","","Tylah is a beautiful, gentle soul who’s mastered the art of relaxing. She’s a laid-back lady who loves her naps and cozy spots, but don’t let that fool you—she still has her zoomie moments! Short bursts of energy are her specialty, followed by lots of lounging and cuddles. She’s happiest when she’s with her people, always close by and ready to share her calm, loving presence. Loyal, sweet, and full of quiet charm, Tylah is the kind of companion who makes every day feel a little more peaceful. If you're looking for a loyal, low-maintenance best friend who will love being by your side (especially on the couch), Tylah might just be the perfect match. 💕","tylah",""
"2019-12-01","Central West (Bathurst/Dubbo/Coonabarabran)","956000007831473","Digger","2026-01-14","MALE","","Digger is a curious, affectionate boy who loves to learn and be involved in whatever you're doing. He’s attentive, enjoys playing with his toys, and thrives on interaction. Digger would do best as the only dog in the home and would love having older children to play and bond with.","digger-4",""
"2018-12-01","Central West (Bathurst/Dubbo/Coonabarabran)","956000006812686","Brad","2026-01-14","MALE","","Brad is a lively, energetic boy once he feels at home. He enjoys playtime, especially in a backyard where he can stretch his legs and have fun. Brad is good with smaller dogs and would do well in a home with older children. A sweet, active companion ready for his next adventure!","brad-3",""
"2022-12-01","Central West (Bathurst/Dubbo/Coonabarabran)","956000011346970","Rafiki","2026-01-14","MALE","","Rafiki is a lively, energetic boy with an incredible love for toys! He’s a one-dog fetch machine—happily tossing his own toys just to chase them down again. Social, interactive, and full of fun, Rafiki brings playful energy and joy wherever he goes.","rafiki",""
"2022-11-01","Central West (Bathurst/Dubbo/Coonabarabran)","956000011345375","Dempsey","2026-01-14","MALE","","Dempsey is a fun-loving, affectionate boy with a big personality and an even bigger love for his toys. He's interactive, silly, and always ready to make you laugh with his goofy antics. Dempsey does well with smaller dogs after a slow, safe introduction. A joyful companion who’s all about play, cuddles, and good vibes!","dempsey",""
"2021-10-01","Northern Rivers (Grafton, Lismore, Casino)","956000012864402","Bruce","2026-01-14","MALE","","Meet Bruce! 🖤 Bruce is a sweet, laid-back boy with a charming personality. He gets along well with small dogs and is always happy to spend time with his human friends. Bruce does have pannus, a condition that affects his eyes. While it's not curable, it’s easily managed with treatment to keep him comfortable. If you’re looking for a friendly, easy-going companion with a big heart, Bruce is ready to bring his charm into your life!","bruce-4",""
"2017-06-01","Hunter Valley Mid Coast (Maitland/ Muswellbrook/Newcastle/Forster)","956000006210837","Venus","2026-01-14","FEMALE","","Venus is a beautiful, independent lady who is an absolute delight to have around. She’s perfectly happy relaxing on her own but still enjoys some attention and pats when you're nearby. She’s been socialised with small dogs and, while she’s not overly interested in them, she’s calm and well-behaved in their company. If you're looking for a sweet, low-maintenance companion who enjoys both quiet time and a little love, Venus could be the one for you! She may be nearly 8 years old but she still has lots of love to share.","venus-4",""
"2020-11-01","Western Sydney (Londonderry)","956000007357481","Vox","2026-01-14","MALE","","Vox is a gentle, affectionate boy who’s ready to find his forever home.One filled with patience, calm, and understanding. While he can be a little reserved at first, his sweet, loving nature shines through once you get to know him. He’s now ready to take the next step and find a calm, experienced home that can continue to help him build confidence and guide him through life’s adventures. Vox thrives in a peaceful environment where he can take things at his own pace and be gently encouraged to try new experiences. Once he feels settled, Vox’s affectionate and goofy side shines through. He enjoys quiet companionship, gentle affection, and the comfort of a predictable routine. Vox would do best in a home without other dogs or children, where he can enjoy a calm, stable environment and the undivided attention of his family. He would thrive with someone who understands sensitive dogs and can offer him patience, consistency, and kindness. In the right home, this beautiful boy will continue to flourish and become a devoted, lifelong friend. If you’re looking for a gentle companion and have the time and experience to help a sweet soul like Vox grow in confidence, he could be the perfect match for you. 💛 He is available now from our Western Sydney centre.","vox",""
"2021-12-01","Western Sydney (Londonderry)","956000014800665","Rowdy","2026-01-14","MALE","","Meet Rowdy! The handsome social butterfly with a heart full of love and a nose for treats! This confident and friendly guy absolutely adores people and will charm his way into your heart (and maybe your snack stash) in no time. Rowdy is super trainable and eager to learn, especially if food or toys are involved – a home that is interested in furthering his training and development is ideal Rowdy is still learning the ropes when it comes to other animals, so he’s best suited as a solo dog or with another greyhound friend who can help him find his groove. He’d thrive in a home with a yard to explore and a family who can support him through his transition to pet life. With a little guidance and a lot of love, Rowdy will be the ultimate loyal companion – cheeky, charming, and full of fun. Rowdy is available through our Western Sydney Adoption Centre.","rowdy",""
"2019-08-01","Central West (Bathurst/Dubbo/Coonabarabran)","956000009589667","Blaze","2026-01-14","MALE","","Meet this laid-back, placid boy—our sweet male Blaze! He's the definition of a ""dopey"" cuddle bug who loves nothing more than a good snuggle. As a single dog household pup, he's very content with his quiet life in the backyard, and he's happy to share his space with older children who understand his calm nature. Experienced owners will appreciate his lazy demeanor and gentle temperament. He’s all about relaxing and enjoying the simple things in life!","blaze-7",""
"2021-09-01","Western Sydney (Londonderry)","956000011552295","Sam (Western Sydney)","2026-01-14","MALE","","*I'm in foster care - check in soon for updates!* Looking for a fun-loving, people-obsessed companion? Sam the greyhound is your guy! 🐾 With his playful personality and endless enthusiasm, he’s ready to steal your heart and bring joy to every adventure. Sam is a total people pleaser, always eager for his human's attention and affection. He’s incredibly social and loves to be around his people, making him the perfect companion for anyone looking for a friendly, outgoing dog. Sam is also pro when it comes to car rides—he loves hopping in for a fun adventure and travels like a champ. Whether it’s exploring new environments or playing with his favorite toys, Sam is always up for the next exciting thing! He’s also a big fan of walks, where his playful, excitable personality shines. Sam is suitbale for living with other dogs around his size and would also be happy to share his home with older kids. If you’re looking for a fun, loving, and energetic pup to share your life with, Sam is your guy! 🐕💙 Contact the Western Sydney team to meet Sam today!","sam-10",""
"2021-04-01","Central West (Bathurst/Dubbo/Coonabarabran)","956000012917728","Bertha","2026-01-14","FEMALE","","Bertha is a playful, cheeky, and energetic female greyhound who loves people and is very social. She’s curious and full of fun, always ready for an adventure. With the right introduction, she might get along with smaller dogs, making her a great addition to an active and engaging home.","bertha-1",""
"2017-01-01","Central West (Bathurst/Dubbo/Coonabarabran)","956000004889171","Collie","2026-01-14","FEMALE","","Collie is a sweet older female with a calm, relaxed, and easy-going nature. She’s happy to please and would thrive in a slower-paced home. Older children are best for her, and she’s fine with smaller dogs and cats, making her a wonderful companion for a peaceful and loving household.","collie",""
"2020-12-01","Central West (Bathurst/Dubbo/Coonabarabran)","956000012805049","Dare","2026-01-14","MALE","","Dare is a big, gentle giant with a very sweet and playful nature. He’s fun-loving yet shows a patient and calm side when needed. Confident and happy, Dare is the perfect mix of energy and tranquility, making him an affectionate companion for any home.","dare-1",""
"2022-05-01","Central West (Bathurst/Dubbo/Coonabarabran)","956000011351882","Windy","2026-01-14","MALE","","Windy is a very sweet-natured male dog who can be a little shy at first but quickly comes out of his shell, especially when playing with toys. Confident on his own, he gets along well with smaller breeds of dogs and is sure to bring joy and warmth once he settles in.","windy-1",""
"2020-12-01","Central West (Bathurst/Dubbo/Coonabarabran)","956000011710299","Hank","2026-01-14","MALE","","Hank is a calm, easy-going, and very friendly dog with an affectionate and interactive nature. He loves to connect with others and is great with smaller breeds of dogs. Hank’s gentle personality makes him a wonderful companion for any home looking for a sweet and sociable pet.","hank-6",""
"2021-04-01","Central West (Bathurst/Dubbo/Coonabarabran)","956000012861460","Tom","2026-01-14","MALE","","Tom is a happy boy who thrives on his own in a single-dog household. He needs a supportive home where he can grow and learn. With patience and encouragement, Tom will blossom into a loving and confident companion.","tom-18",""
"2020-12-01","Central West (Bathurst/Dubbo/Coonabarabran)","956000011711067","Scotch","2026-01-14","MALE","","🐾 Meet Scotch! 🖤 Scotch is a happy, confident greyhound with a heart full of joy. Due to a past leg injury, he enjoys a slower-paced home and shorter walks—but don’t worry, he can still move around and play just fine! 🐾 Engaging, affectionate, and full of love, Scotch thrives in a calm environment where he can relax and enjoy life at his own pace. If you're looking for a gentle, loyal companion, Scotch is ready to win your heart. 💕","scotch",""
"2018-02-01","Central West (Bathurst/Dubbo/Coonabarabran)","956000009589973","Uno","2026-01-14","FEMALE","","🐾 Meet Uno! 🌟 Uno is a lovely older lady with a confident, engaging personality and a heart full of love. 💕 She’s sweet, kind, and always happy—bringing a warm, joyful presence wherever she goes. With her calm nature and affectionate spirit, Uno makes the perfect companion for a caring, loving family ready to share their home with a gentle soul. 🐶💫 If you’re looking for a steady, loving friend, Uno is ready to make your heart her home.","uno",""
"2020-12-01","Central West (Bathurst/Dubbo/Coonabarabran)","956000007436627","Dozer","2026-01-14","MALE","","Dozer, or ""Little D,"" is a sweet boy who needs time and patience to learn and grow. He’ll thrive in a quiet home where he can feel safe and supported as he blossoms into his best self. With the right care, he’s sure to become a loving companion.","dozer-2",""
"2020-03-01","Central West (Bathurst/Dubbo/Coonabarabran)","956000007827233","Lexi","2026-01-14","FEMALE","","Lexi is a sweet and placid female greyhound with a calm demeanor. Eager to learn, she needs room to grow and thrive, along with patience and understanding. A single-dog household would be ideal, providing her with the space and care she needs to flourish.","lexi-7",""
"2019-12-01","Central West (Bathurst/Dubbo/Coonabarabran)","956000012179623","Aggi","2026-01-14","FEMALE","","Aggi is a pretty female greyhound who can be a little shy at first. She needs encouragement, support, love, and time to grow. A single-dog household would be ideal, where she can feel secure and receive the attention she needs. Aggi is eager to learn and thrive with the right care and patience.","aggi-2",""
"2021-12-01","Central West (Bathurst/Dubbo/Coonabarabran)","956000007431437","Micha","2026-01-14","FEMALE","","🐾 Meet Micha! 💖 Micha is a sweet and sensitive female greyhound looking for a calm, loving home to help her blossom. With the right support and encouragement, she’s eager to learn and grow into a confident companion. She’ll thrive in a quiet environment where she feels safe and secure. Micha would do best as the only dog to start with, giving her the space and attention she needs to adjust and build trust. If you have a gentle heart and a peaceful home, Micha is ready to find comfort by your side. 🐶💕","micha-1",""
"2021-06-01","Central West (Bathurst/Dubbo/Coonabarabran)","956000007424531","Tubby","2026-01-14","FEMALE","","🐾 Meet Tubby! 💗 Tubby is a sweet girl who just needs a little time and patience to truly shine. 🌸 She can be a bit unsure at times, but with the right support and encouragement, she’ll blossom into a loving, confident companion. She’d do best in a calm, single-dog household where she can feel safe and truly be herself. With your love and guidance, Tubby is sure to thrive. 🐶💕","tubby",""
"2021-06-01","Central West (Bathurst/Dubbo/Coonabarabran)","956000011552057","Sassy","2026-01-14","FEMALE","","Sassy is a female greyhound looking for a quiet, supportive, and loving home. She needs room to grow, learn, and thrive, along with the encouragement and patience to help her blossom. A single-dog household would be ideal, where she can receive all the attention and care she deserves.","sassy-1",""
"2021-06-01","Central West (Bathurst/Dubbo/Coonabarabran)","956000007428296","Molly","2026-01-14","FEMALE","","Molly is a sweet female greyhound who can be a little shy and unsure at first, but she’ll open up with time and patience. She needs space, encouragement, and room to grow in a supportive environment. Molly thrives in a single-dog household where she can receive the love and attention she needs to feel comfortable and secure.","molly-11",""
"2016-02-01","Central West (Bathurst/Dubbo/Coonabarabran)","956000004489012","Minni","2026-01-14","FEMALE","","Minni is a laid-back, easy-going older gal with a calm and confident demeanor. She’s curious and independent, but also affectionate and loves a good snuggle. Minni is the perfect companion for someone looking for a relaxed and loving pet.","minni-6",""
"2018-05-01","Central West (Bathurst/Dubbo/Coonabarabran)","956000006810145","Lucy","2026-01-14","FEMALE","","Lucy is a very friendly and affectionate older girl who loves to give and receive cuddles. She can be relaxed and easy-going, but also has a cheeky, playful side that adds fun to her personality. Good with smaller breeds of dogs, Lucy makes a sweet and loving companion for any home.","lucy-21",""
"2020-12-01","Central West (Bathurst/Dubbo/Coonabarabran)","956000011781124","Nova","2026-01-14","FEMALE","","Meet Nova, a beautiful and sweet female greyhound who will melt your heart once she settles into her new home. She’s affectionate and loves cuddles, and she has a playful side when it comes to toys! Nova is patient and eager to learn, making her a wonderful companion for a family who can help her continue to grow. She’s ready to share her love and brighten your life!","nova-2",""
"2021-10-01","Central West (Bathurst/Dubbo/Coonabarabran)","956000013039547","Lucy","2026-01-14","FEMALE","","Beautiful Lucy is lady who needs to find a supportive, patient & kind family. Lucy shows interest in wanting to be a part of a family, grow, learn how to be confident & playful, she just needs that support & encouragement to do so. A quiet home at first would be ideal. Lucy has spent time indoors, around children & a smaller breed of dog. With the correct introduction & supervision, Lucy may become best friends with your smaller fluff's. Please reach out if you would like to meet Lucy :)","lucy-20",""
"2018-06-01","Hunter Valley Mid Coast (Maitland/ Muswellbrook/Newcastle/Forster)","956000009589443","Red","2026-01-14","MALE","","This is our boy Red. Say hello to this charming boy who is looking for his forever home. Red is relaxed on lead, great to handle, making your daily walks very enjoyable. He has had frequent exposure to leisurely strolls in town and enjoys the slow paced lifestyle. He is very friendly and will stop for pats or to say hello. At times Red can be apprehensive in new environments. Once he has found his feet, he takes the world in his stride and settles into a happy pace of life. He would suit a quieter home with any humans, big or small, that are willing to give him all of the love in the world.","red-8",""
"2022-02-01","Hunter Valley Mid Coast (Maitland/ Muswellbrook/Newcastle/Forster)","956000011358684","Stacey","2026-01-14","FEMALE","","Meet our sweet girl Stacey. Stacey warms up after a little bit of attention but initially she could be weary of her surroundings. She has spent time around children and is gentle around them. Stacey is responsive on lead but will like to sniff around as well.","stacey",""
"2022-05-01","Hunter Valley Mid Coast (Maitland/ Muswellbrook/Newcastle/Forster)","956000011341912","Benji","2026-01-14","MALE","","Are you after a playful and cheeky friend? Benji is after his forever home! He is all things cheeky, confident and cunning. Benji is responsive on lead but some extra training wouldn't go astray. He loves a pat and to bound around a yard big or small, he would be suitable to live in a townhouse or villa and would in time be able to conquer stairs. Benji had an injury in 2023 which he has now recovered from but has a plate in his hock. If you're interested in learning more about Benji, please apply now.","benji-11",""
"2020-04-01","Northern Rivers (Grafton, Lismore, Casino)","956000007837271","Jimmy","2026-01-14","MALE","","Meet Jimmy, a laid-back and easygoing dog with a heart full of love to give. Jimmy is the perfect companion for those who appreciate a relaxed and unflustered canine friend. Jimmy is dog who adores the simple pleasures in life, from leisurely strolls in the park to quiet evenings lounging at home. He's not one to rush through life but rather takes his time to soak in his surroundings, making every moment feel special and serene. His chilled-out nature also makes him an excellent companion for other medium to large breed dogs. If you're in search of a dog who can seamlessly integrate into a tranquil lifestyle, whether you're single, a couple, or a family, Jimmy is ready to settle in and share his companionship with you. Get ready for leisurely adventures and cozy evenings with this loving and relaxed furry friend.","jimmy-7",""
"2021-09-01","Central West (Bathurst/Dubbo/Coonabarabran)","956000007430066","Paddy","2026-01-14","MALE","","Mr Paddy! This gentle giant is such an easy-going, laid-back goof ball! He is always down to clown or just take it easy and rest his feet. He gets on well with smaller breeds of dogs- there's a Yorkie always saying hello :) Paddy interacts positively with new people, even younger children. He would love to have yard where he can run about, chasing toys thrown by his new best friends :)","paddy-2",""
"2016-11-01","Central West (Bathurst/Dubbo/Coonabarabran)","956000005413287","Dora","2026-01-14","FEMALE","","Pleased to introduce you to the wonderful Dora! Dora is a senior lady looking to share her love with a new family. Dora has spent time living with a young family for approx 12 months & is now ready to find her forever home. She loves young children. Very patient & calm with them. Dora is gentle, kind & affectionate. Engaging in sweet cuddles & kisses. Dora may adapt to living on her own or in an apartment. Confident & content, she might well adapt to full-time workers as well :)","dora-2",""
"2019-08-01","Central West (Bathurst/Dubbo/Coonabarabran)","956000006702904","Millie","2026-01-14","FEMALE","","Looking for a sweetheart that loves children, engaging in fun play & snuggling? Then Millie is the girl for you! Millie is very excitable & playful! Loves to run around being a little silly & cheeky. Quick to jump in a body of water.... even on picture day hehe :)","millie-4",""
"2017-04-01","Central West (Bathurst/Dubbo/Coonabarabran)","956000009435360","Chucky","2026-01-14","FEMALE","","Sweet & adorable older gal. Independant & confident. Will adpat to full time workers. Has spent time around young grandchildren. Relaxed in new spaces & around new people. Sister to Storm! Would you consider welcoming both into your family?","chucky-2",""
"2018-03-01","Northern Rivers (Grafton, Lismore, Casino)","956000009464574","Garnet","2026-01-14","FEMALE","","**Garnet has lived in a foster home in the city CBD with full time workers, is affectionate and intelligent, and loves long walkies and would enjoy an active family to keep fit and go on daily adventures with** She's been a joy to foster! Here's a glimpse into Garnet's wonderful traits: - Garnet is an early bird who enjoys morning naps after joining you in bed. - A fearless adventurer, she's unbothered by much and walks in loud, busy city streets. - Walks in the rain without hesitation. - Patiently waits outside shops while you run quick errands. - Curious by nature, Garnet follows you around, eager to be part of your activities. - Loves to relax and roach on the couch. - Enjoys chasing Frisbees, balls, and playing with squeaky toys. - An exceptional office companion and assistant. - Incredibly friendly and affectionate, she welcomes pats from everyone she meets. - Gentle with children she meets. - Gets super excited about snacks, especially denta sticks! - Loves to taste a variety of foods, from peanut butter, hot chips, and banana. - Garnet has accompanied professional dog walkers, who have consistently praised how well she walks on the lead. Garnet has been a delight in the home, and I'm sure she'll make an excellent addition to a loving family. We’ll certainly miss her! If you're looking for a dog to fill your home with love and joy then apply to adopt the gorgeous Garnet today!","garnet",""
"2015-04-01","Northern Rivers (Grafton, Lismore, Casino)","956000004256320","Pattie","2026-01-14","FEMALE","","Meet Pattie, a gentle and gracious senior who has spent her life expertly spreading love and warmth. Pattie has been in the company of children and copes well with if they are polite and well mannered. Pattie is a well-mannered lady who carries herself with a polite serenity, she has been socialised with small dogs and although she would prefer a large companion she is polite around small dogs. Pattie has slowed in her senior years, but she would love a foster home where she can settle and would be the perfect companion for someone looking for an older calm companion.","pattie",""
"2015-05-01","Northern Rivers (Grafton, Lismore, Casino)","956000004273766","Eve","2026-01-14","FEMALE","","Meet Eve, a gentle and calm senior lady who's ready to grace your home with her presence. With her quiet and serene nature, Eve is the epitome of tranquility, and she effortlessly brings a sense of peace wherever she roams. Eve has a friendly disposition and a soulful gaze that speaks volumes. She's an observant girl who appreciates the simpler things in life, making her a suitable match for a loving individual or family seeking a mellow furry friend. As a senior dog, Eve would thrive in a foster home where she can enjoy her golden years in comfort. Her dream environment would be one filled with love, where she can relax while being treasured as the devoted companion she is. By welcoming Eve into your life, you'll not only be providing her with a secure and loving home, but you'll also be rewarded with the companionship of a truly special and lovable friend.","eve-1",""
"2020-09-01","Southern NSW/ACT (Bulli, Nowra, Goulburn, Canberra)","956000007466509","Katie","2026-01-14","FEMALE","","Quote from foster career, We have loved getting to know Katie and giving her the opportunity to enjoy her new life as a pet. Being the older sister, she is very independent and settles very easily. She is very happy to sit on her bed whilst you work or go about your day. She is toilet trained and has fallen into her new routine very easily. She gets so excited to see us, as exemplified with her happy, whipping tail (duck for cover!). She tends to jump up on you when she’s very excited, but this is something we are working on and have already seen great improvements on. Katie walks well on a leash and doesn’t react negatively to other dogs, big or small. She has done well approaching small dogs and children and saying hello. Katie would be a great pet for a someone looking for an independent dog that will also shower you will love and affection. __________________________________________________________________________ Katie is a lovely hound. She is happy and confident, very playful. Does appreciate a good lay down also. Has been living in a rural setting is no stranger to native animals and is now in suburban foster care enjoying cuddly toys, living out the back and coming in the home for the evening.","katie-9",""
"2020-01-01","Western Sydney (Londonderry)","956000012252567","Flash","2026-01-14","MALE","","**I'm in a foster home** Flash is seeking an empathetic & nurturing owner who can follow a cooperative care plan to help with his daily eye medication. Could you be the perfect owner for our sweet boy? Flash has advanced pannus, which means he needs daily eye medication. But don’t worry—he’s a star pupil when it comes to taking his meds & he’s getting better every day with the right guidance. Flash is currently learning all sorts of new tricks at the adoption centre. He is a fast learner and with a little time and practice, he's shown he can do amazing things. A large yard where Flash can stretch his legs and zoom around is a must! He loves a good run, and a big space is perfect for his energy. No small children or other animals. Flash would prefer a calm environment where he can be the only one getting your attention and affection. Flash is available at the Western Sydney adoption centre. **Flash is on daily medication - enquire with GAP for more info**","flash-8",""
"2014-02-01","Northern Rivers (Grafton, Lismore, Casino)","956000003031937","Spot","2026-01-14","MALE","","Meet Spot, our distinguished older gentleman who is looking for the perfect match. Spot isn't just any dog; he carries himself with the grace and ease that only a seasoned greyhound can. Spot has had the pleasure of living in the serene setting of a granny flat, making him an expert in enjoying the quieter side of life. However, don’t let his age fool you; thanks to a thorough training program, Spot is sharp and responsive. He comes eagerly when his name is called and possesses a well-mannered set of tricks, including ""touch"" and ""paws up,"" that make him a delight to teach and interact with. His training, combined with his naturally loyal temperament, makes Spot an excellent fit for a single person looking for a true companion. He understands the comforting routine of a single household and offers unwavering loyalty in return. Spot embodies the best qualities of an older dog. Devoted and endearing, he is ready to join someone who values thoughtful companionship and has room in their heart for a truly dignified and loving friend.","spot-6",""
"2019-02-01","Central West (Bathurst/Dubbo/Coonabarabran)","956000006809611","Chandler","2026-01-14","MALE","","Meet sweet & beautiful Chandler... Chandler is a gentle and polite male greyhound with a calm and relaxed demeanor. He’s a sweetheart who greets everyone warmly and enjoys a good snuggle, especially after a sunbath. Chandler has been around older kids and medium-sized dogs, and he gets along well with both. He’s also a joy to walk on a lead, making him the perfect companion for leisurely strolls. Whether lounging in the sun or curled up for some quiet time, Chandler is sure to bring a sense of calm and affection to any home.","chandler-2",""
"2021-05-01","Western Sydney (Londonderry)","956000014514144","Teddy (Western Sydney)","2026-01-14","MALE","","Meet Teddy! This adorable boy is the sweetest guy ever! Teddy LOVES people and is great with other medium/large sized dogs. He would gladly join a family who already has one and would happily spend the day with them while his humans are out, however, as a single dog, Teddy is independent and has shown to cope well on his own. A house with a yard would suit Teddy best. Teddy is doing fantastic with his pet training progression - he knows his name, has mastered ""on your bed"" and the stairs. He loves his food, making training sessions an absolute blast! So come and cuddle our Teddy today! He is available from our Western Sydney adoption centre.","teddy-7",""
"2021-08-01","","956000012866851","Raffa","2026-01-14","MALE","","This bundle of joy loves human interaction and adventure. Raffa loves to run around his big yard area and shows you how fast he can be. Raffa gets very excited for the first five minutes you meet him before settling down. After getting his morning energy out and jumping around Raffa settles down and loves to lay in the sun. Raffa is fine around older kids and would make a great pet for a family with a big yard or a young couple who are fit and active.","raffa",""
"2018-06-01","Western Sydney (Londonderry)","956000009518190","Ronald","2026-01-14","MALE","","Ronald is a cheerful, confident and friendly lad looking to bounce straight into your home. We know Ronald to be a charismatic, charming and affectionate boy. With these qualities in mind, we think he'd suit a family with children and preferably shorter hours alone while he begins to settle in. This beautiful boy is at the magical age of 7 where he has his lazy side but has moments of playfulness, too. A perfect blend for many family types! Did we mention he currently lives with another greyhound? He'd love it if you had another hound for a play mate and nap buddy. Get in touch with the Western Sydney centre to meet Ronald.","ronald",""
"2020-02-01","Western Sydney (Londonderry)","956000007467933","Baby","2026-01-14","FEMALE","","Nobody puts baby in the corner! This little lady is looking to learn all about the world with you! She would suit short hours alone as a solo girl, or longer hours with a canine companion. Polite with dogs big or small, beautiful Baby has so much love to give and is searching for the right place to call home. If this Baby girl sounds like the perfect addition to your family, apply to take her home from the Western Sydney adoption centre.","baby-2",""
"2022-04-01","Hunter Valley Mid Coast (Maitland/ Muswellbrook/Newcastle/Forster)","956000011366429","Ralph","2026-01-14","MALE","","Are you after a little fire-cracker in your life? Look no further than our boy Ralph! He is all things active/fun-loving and absolutely hilarious; Ralph will have your grinning from ear to ear. Ralph would suit an active family with a backyard who can walk him daily and throw his favourite toy around, Ralph hasn't been exposed to an indoor setting as yet so may take some time adjusting but I think he will happily follow you around. His favourite game is showing his friends how quick his zoomies are so a nice backyard will do the trick so he can show off to you. If you're interested in hearing more about Ralph, please apply now.","ralph-4",""
"2019-09-01","Hunter Valley Mid Coast (Maitland/ Muswellbrook/Newcastle/Forster)","956000007852599","Bruce","2026-01-14","MALE","","Meet our big boy Bruce! He is a true delight to be around. He will make you laugh until you cackle. He will be happy to cruise around with you day in and out. He is a gorgeous character to boasts confidence. Bruce suffered a racing injury and required surgery on his front right leg so an experienced owner who knows when to slow down on the zoomies is ideal.","bruce-2",""
"2019-12-01","Hunter Valley Mid Coast (Maitland/ Muswellbrook/Newcastle/Forster)","956000012226004","Moses","2026-01-14","MALE","","Are you after a dog to be totally besotted by you? Well meet Moses, a quirky and loveable boy whose after his forever home. Moses boasts confidence and is extremely gentle in his approach. He has been around children 4+ and will request frequent pats. He has been brought up with a jack russel at home, but would benefit from a meet and greet prior to being adopted. Moses will be attending our Adoption Day at Glandore Wines on the 5th of October.","moses",""
"2019-10-01","Northern Rivers (Grafton, Lismore, Casino)","956000007361249","Stumpy","2026-01-14","MALE","","This sociable fellow is a joy to be around and has a knack for bringing smiles to everyone he meets. Stumpy is a social butterfly, especially when it comes to other greyhounds. He thrives in the company of his fellow canines and enjoys the camaraderie of a playful group. If you have other greyhounds or are involved in a greyhound community, Stumpy will fit in seamlessly and form bonds quickly. This gentle dog is well-socialized with children aged nine years and up, making him a wonderful family pet. Whether it's a leisurely stroll in the park or lounging around at home, Stumpy is adaptable and easygoing. Stumpy is not just a pet; he's a loving and loyal friend ready to enrich your life with joy and companionship.","stumpy",""
"2019-02-01","Hunter Valley Mid Coast (Maitland/ Muswellbrook/Newcastle/Forster)","956000008235593","Spot","2026-01-14","FEMALE","","Spot is independent and enjoys spending time roaming around. Spot would suit a family who is after a companion to cruise around the backyard with. At times Spot can be weary and a bit timid in new environments but with the right re-assurance, she recovers really well. If you're interested in meeting our darling Spot, please apply now.","spot-4",""
"2020-12-01","Central West (Bathurst/Dubbo/Coonabarabran)","956000007461234","Axel","2026-01-14","MALE","","Let me introduce Axel! Axel is a gentle and loving soul with a beautifully soft nature. He is friendly and sociable with all dogs when introduced and supervised properly. Axel will adapt well to full-time workers and is comfortable with children. Axel would thrive in a home with access to a yard. Axel would love to find a caring environment where he can enjoy affection, have outdoor space, and interact positively with other dogs and children.","axel-1",""
"2019-12-01","","956000007837203","Julian","2026-01-14","MALE","","Julian is best described as a distinguished gentleman. He is calm, friendly and an easy-going boy who just goes about his day without a fuss. He's walked around busy streets, schools, shopping centres as well as farms and paddocks. Nothing much fazes Julian, including other large dogs, small dogs and children. He loves people and pats and loves a walk, rarely pulling. Julian would suit most households and make a very special and loving companion who wants to be with you.","julian",""
"2019-12-01","Broken Hill","95600001224681","Emmie","2026-01-14","FEMALE","","Emmie is a lovely Greyhound with a heart full of affection and a playful spirit. Her endearing personality and love for canine companionship make her a delightful addition to any home. Emmie is a charming girl with a naturally sweet disposition. Her gentle and loving nature makes her a joy to be around. Emmie adores human company and thrives on affection. She’s always eager to share her love and will happily snuggle up for some quality bonding time. With a zest for life, Emmie enjoys playful activities and fun interactions. Whether it's a game of fetch, running around in the yard, or engaging in lively play, she brings energy and enthusiasm to every moment. Emmie has a great fondness for other dogs and enjoys their company. She’s friendly and sociable with canine companions, making her a great fit for a home with other dogs. If you’re looking for a Greyhound who is sweet, affectionate, and full of playful energy, Emmie could be the perfect match. Her love for people and canine friends alike ensures she’ll bring warmth and joy to your home.","emmie-1",""
"2021-05-01","Broken Hill","956000013119553","Disco","2026-01-14","FEMALE","","Disco is a spirited and delightful young Greyhound who is ready to bring boundless energy and joy into your life. Her playful nature and love for zoomies make her a perfect match for an active, young family. Disco is a charming young girl with a vibrant personality. Her enthusiasm and zest for life are truly infectious, making her a joy to be around. One of Disco’s favorite pastimes is having a good run, or “zoomies,” where she can let loose and show off her speedy moves. She’ll keep you entertained with her bursts of playful energy and speedy sprints. Disco’s lively nature and affectionate demeanor make her a fantastic fit for an active family. She’ll thrive in an environment where she can participate in family activities, play with kids, and enjoy regular exercise. If you’re looking for a Greyhound who is both loving and full of energy, Disco could be the perfect addition to your family. Her playful spirit and affectionate nature will bring a lot of joy and excitement to your home.","disco-3",""
"2020-10-01","Broken Hill","956000013069983","Sandy","2026-01-14","MALE","","Sandy is a strikingly handsome Greyhound with a gentle and adventurous spirit. Though he may start off a bit shy, his love for exploration and quiet nature make him a wonderful companion for the right home. With his stunning looks and graceful presence, Sandy is sure to turn heads wherever he goes. His charm is matched by his graceful demeanor. Sandy may need a little time to warm up, but his shyness is simply a sign of his sensitive nature. Once he feels secure, his true, affectionate personality shines through. Sandy has a curious side and enjoys exploring new environments. Whether it’s a leisurely walk in the park or discovering new trails, his adventurous spirit makes every outing an exciting experience. If you’re looking for a handsome Greyhound with a gentle disposition who loves to explore and is happiest in a quiet, loving environment, Sandy could be the perfect addition to your family. He’s ready to embark on new adventures and bring his quiet charm into your life.","sandy-8",""
"2020-05-01","Broken Hill","956000012195521","Gus","2026-01-14","MALE","","Meet Gus: The Gentle Soul Gus is a serene and soft-natured Greyhound who thrives in a calm and loving environment. His gentle demeanor and shy personality make him a unique and endearing companion for the right home. Gus may be a bit reserved at first, but his gentle nature shines through once he feels comfortable. He’s the kind of dog who appreciates a quiet and patient approach, revealing his sweet personality in a calm and loving setting. Gus thrives in a peaceful environment where he can feel secure and relaxed. He’s not a fan of loud noises or bustling activities, so a tranquil home is ideal for him. Despite his shy nature, Gus is friendly and gets along well with other dogs. He enjoys their company and can be a great addition to a home with existing canine companions. If you’re looking for a sweet, soft-natured Greyhound who will flourish in a calm, loving home, Gus is the perfect match. He’s ready to bring his gentle presence and quiet companionship into your life.","gus-8",""
"2021-12-01","Broken Hill","956000012903018","Pam","2026-01-14","FEMALE","","Pam is a friendly and well-adjusted greyhound who has had extensive positive interactions with other dogs and people. Her outgoing nature makes her a joy to be around and ensures she fits well into various social settings. Pam gets along exceptionally well with her canine companions. Her easygoing and sociable demeanor makes her a perfect playmate for other dogs, whether they’re big or small. Pam’s gentle and affectionate nature makes her an ideal choice for a young family. She’s patient, loving, and enjoys being part of family activities and playtime. Pam is a sweet, social, and family-oriented greyhound looking for a loving home where she can share her affectionate nature and enjoy being part of a young family’s daily life. If you’re looking for a friendly and well-rounded companion who gets along great with other dogs and is ready to be a cherished member of your family, Pam is the perfect match!","pam-2",""
"2021-06-01","Broken Hill","956000014506260","Sub","2026-01-14","FEMALE","","Sub is a joyful greyhound whose enthusiasm and positive energy are truly contagious. She approaches each day with a wagging tail and a bright smile, spreading happiness wherever she goes. She is a high-energy girl who thrives on regular physical activity. Her zest for life is evident in her love for playtime and her eagerness to engage in various activities. Sub absolutely adores zoomies! She loves to let loose and sprint around her playful bursts of speed are a sight to behold. Sub is a vibrant and spirited greyhound looking for an energetic home where her zest for life can shine. If you’re ready to embrace her joyful nature and provide a dynamic environment, Sub is eager to become your new best friend!","sub-1",""
"2019-12-01","Broken Hill","956000006807059","Corene","2026-01-14","FEMALE","","Corene carries herself with a natural poise and assurance. She navigates new environments and situations with a calm self-assuredness that makes her a standout companion. Corene loves to stay on the move. Whether it’s a brisk walk, a run in the park, or playtime in the backyard, she’s always ready for an adventure. Corene’s curiosity knows no bounds. She’s always exploring her surroundings with an eager eye, making sure she’s aware of all that’s happening around her. Corene gets along well with medium and large dogs. She’s confident and social, but her interactions are best suited for companions of similar size and energy levels. Smaller dogs may find her enthusiasm overwhelming. Corene is a spirited and delightful greyhound ready to bring her energy and enthusiasm into a loving home. If you’re looking for a confident and active companion, Corene might be the perfect match for you!","corene",""
"2021-07-01","Broken Hill","956000014490567","Jasper","2026-01-14","MALE","","Meet Jasper, a dashing greyhound with a heart as big as his gentle eyes! Jasper is the epitome of relaxation and charm, embodying the perfect blend of social butterfly and cuddle enthusiast. His easygoing nature makes him a breeze to be around, whether you're lounging at home or out for a stroll. Jasper thrives on affection and has a remarkable talent for making everyone he meets feel special. He’s a true connoisseur of hugs and pats, always ready to lean in for some extra love. His calm demeanor and friendly attitude make him a wonderful companion for both lively gatherings and quiet evenings. If you’re looking for a loving and relaxed furry friend who will brighten your days with his warm snuggles and cheerful presence, Jasper is your perfect match!","jasper-4",""
"2021-12-01","Broken Hill","956000013129374","Nash","2026-01-14","MALE","","Nash is a happy-go-lucky greyhound with a heart full of love and a spirit that’s impossible not to adore. This sweet and playful boy is the perfect addition to any family looking for a loyal and affectionate companion. With his friendly demeanor and boundless energy, Nash is a social butterfly who gets along with everyone he meets, making him an excellent family pet. Nash's enthusiasm for life is infectious. Whether he's playfully bounding around the yard or snuggling on the couch, his joy is evident and brings smiles to everyone around him. Nash is a true peoples dog, thriving in social settings and getting along splendidly with other pets and children. Nash is not just a pet; he’s a bundle of joy who brings endless happiness to those around him. If you’re looking for a sweet-natured, playful, and well-socialized greyhound to brighten your life, Nash is the perfect match. Come meet him and discover the joy he can bring into your home! Apply today!!","nash-1",""
"2020-10-01","Broken Hill","956000012888828","Crash","2026-01-14","MALE","","Crash Is a spirited and joyful greyhound with a heart as big as his playful energy. True to his name, he loves to dash around with boundless enthusiasm, especially when a toy is involved. Crash's other favourite pastime is a splash in his shell pool! Crash is great with all other doggie friends and enjoys his interactions. He would make an ideal companion to an active family who loves life as much as he does! If Crash sounds like your man apply today!!","crash-1",""
"2020-02-01","Hunter Valley Mid Coast (Maitland/ Muswellbrook/Newcastle/Forster)","956000007828567","Bailey","2026-01-14","MALE","","Are you looking for a new furry companion to help bring out of their shell? Bailey would be the ideal companion for you! Bailey is our beautiful nervous nelly, he loves his routine and the people he is around all the time, but new people can make him revert into his greyhound bubble. Bailey is searching for home that is quiet and will allow him the time to really show off his personality. He would suit an avid Knights fan as he enjoys spending his Sunday afternoons by the TV, Bailey enjoys basking in the sunshine and having a splash at the beach. He is currently living inside/outside and is quiet and relaxed, he is okay to be left alone so long as he is in his safe spot.","bailey-3",""
"2019-08-01","Hunter Valley Mid Coast (Maitland/ Muswellbrook/Newcastle/Forster)","956000012247543","Bentley","2026-01-14","MALE","","Meet our easy going, fun-loving boy Bentley. He ought to be the most handsome boy on the block, with responsive lead manners and some indoor house experience! Bentley approaches softly for lots of pats and loves to cuddle. He is a social butterfly when out and about meeting new people, he's always wants to say hello! He's eager to please and is so ready to jump straight into pet life.","bentley",""
"2021-12-01","Hunter Valley Mid Coast (Maitland/ Muswellbrook/Newcastle/Forster)","956000012896105","Sam","2026-01-14","MALE","","Meet Sam! Sam is quite a character and cannot wait to be the newest member of your family. He is always eager to get in on the action and be part of all the fun. Sam isn't shy and will say to everyone he passes. He is quite the socialist, so your daily walks will consist of meeting and greeting everyone that strolls past. He is relatively strong on the lead but will settle into his stride when he gets going. The ideal home for this charming boy would be one with an active lifestyle to help him channel his abundant energy.","sam-9",""
"2022-02-01","Central West (Bathurst/Dubbo/Coonabarabran)","956000007423998","Zarva","2026-01-14","MALE","","Meet Zavra! Zarva is a very sweet natured boy. He is very curious & interested in the world. He positively interacts with those around him; children & smaller dogs :) Zarva wants to be involved. He'll be happy doing almost about anything. Whether it's a family movie day or spending a day outside going on adventures :) Enquire now & arrange to meet Zarva!","zarva",""
"2016-07-01","Central West (Bathurst/Dubbo/Coonabarabran)","956000005412613","Maisie","2026-01-14","FEMALE","","Meet Maisie! She might have the age of a senior lady, but definitely doesn't show it! Maisie is sweet curious girl. Eager to explore & learn. She might take a little while to warm up but once she does, she is full of character. Maisie would be best suited to a home with bigger dogs only, or a single dog home. Older kids to play with her preferred. Maisie would become a very loyal part of your home once settled & feeling comfortable :)","maisie",""
"2021-02-01","Northern Rivers (Grafton, Lismore, Casino)","956000011586365","Uzzie","2026-01-14","MALE","","Meet Uzzie, a laid-back and lovable four-legged friend known for his warm personality and love for life. Uzzie's easy-going nature makes him a relaxed companion, an ideal mate to have by your side while you enjoy a quiet cup of coffee or lazy Sunday afternoons. One of Uzzie's favourite pastimes is going for car rides. Just mention the word ""ride"", and he's ready and wagging! Whether going across town for a vet visit or heading into the countryside for an afternoon adventure, Uzzie is the perfect co-pilot. H Uzzie may not be a social butterfly, but he knows how to play well with his peers, especially small dogs. His friendly and calm disposition makes him a dream to have around, not just for humans but also for furry friends. If you already have a small dog in the house looking for a buddy, Uzzie could be the perfect companion. What's more - during quiet times, Uzzie is comfortable being independent and can sit quietly by your side while you sip your drink and carry on a conversation. He enjoys being around people, but he respects your space and knows when to give you your alone time. All in all, Uzzie is an easy-going, sociable, and well-mannered pet who would make a heartwarming addition to any family or individual looking for a calm and steady companion. He is all set for the next chapter of his life, and with just one look at his joyful wag, you'll see that Uzzie's ready to share some great times with you!","uzzie",""
"2021-04-01","Hunter Valley Mid Coast (Maitland/ Muswellbrook/Newcastle/Forster)","956000011651683","Chickadee","2026-01-14","MALE","","Meet Chickadee, a friendly and playful, loving gentleman who is ready to meet his new family. This delightful dog is known for his fun-loving and amiable personality, and he's eager to share his heart with a compassionate, affectionate family. Chickadee has a wonderful rapport with children, especially those 8 years and older. He's not the sort who will tire out your kids with endless games of fetch, but prefers to spend time in children's company, quietly keeping them company while they do their homework or read stories. He loves leaning into a hearty pat and will choose to cuddle up next to you over toys any day. An interesting fact about Chickadee is that while he is a dog, he prefers the company of humans over other dogs. He's quite selective with his canine friends and might come off as aloof with dogs, particularly the smaller ones, which makes him ideally suited for a home where he can be the only pet. Chickadee is looking to bring his friendly and playful nature into a family who will offer him the same kindness and playfulness that he offers others in spades. He's ready for the next step and hopes to find a loving, forever home with a protective family to cherish him.","chickadee",""
"2015-04-01","Hunter Valley Mid Coast (Maitland/ Muswellbrook/Newcastle/Forster)","956000004248651","Alley","2026-01-14","FEMALE","","Meet Alley, our friendly, senior female pup with a heart as golden as her years. Despite her age, Alley still carries a spark of puppyish charm in her eyes, making everyday feel like an adventure. Alley possesses the superb ability to bring life and joy into any room, with her boundless affection and unwavering loyalty. Well-socialised and incredibly friendly, Alley has had a great rapport with other small dogs and her fellow greyhounds. Her gentle and easygoing nature means she can find common ground with just about any dog she meets. She has even been socialised with cats and could probably coexist peacefully with the right feline friend. Alley's age doesn't slow her down. She has the physical agility of a much younger dog and loves playtime and walkies as much as curling up for a nap. Alley enjoys her walks and would be a wonderful companion to explore the neighbourhood parks with. Her ability to make friends so easily would also mean plenty of playdates with other dogs! As Alley's future family, you will be cherished with her loving gaze and affectionate rubs. If you're in search of an older, wiser pup who still knows how to have fun like a youngster, Alley just might be the loving companion you've been waiting for. Come meet her and let her amiable spirit brighten up your life!","alley",""
"2020-04-01","Hunter Valley Mid Coast (Maitland/ Muswellbrook/Newcastle/Forster)","956000007851461","Joe","2026-01-14","MALE","","","joe-7",""
"2019-05-01","Hunter Valley Mid Coast (Maitland/ Muswellbrook/Newcastle/Forster)","956000006792942","Meg","2026-01-14","MALE","","Meg is the epitome of gentle charm, with a touch of bashfulness that adds to his irresistible appeal. This shy guy isn't just looking for any home; he's on a quest for his own private sanctuary, where he can be the star of the show without any pesky co-stars stealing his spotlight. Meg's motto? ""One dog, one throne!"" He's not one for sharing his kingdom, but he'll gladly share his love with respectful children who understand the art of giving him space but love when he likes. With Meg around, every day is an adventure filled with quiet moments of contemplation, punctuated by bursts of zoomies when no one's looking. So, if you're ready to welcome a regal greyhound into your castle and bask in the glory of his majestic presence then Meg is the dashing companion you've been searching for. Contact our Western Sydney facility to arrange a meet and greet and get ready to embark on a journey of laughter, love, and endless tail wags with this shy but lovable boy!","meg-1",""
"2018-11-01","Central West (Bathurst/Dubbo/Coonabarabran)","956000009482074","Sandy","2026-01-14","FEMALE","","Introducing Sandy, a beautiful and gentle girl who is ready to bring a ton of joy into your life! Known for her soft and gentle demeanor, Sandy possesses the ability to fill any room with calmness and love. Sandy is not just a dog; she's a friend and companion. Her kind and loving nature ensures that she gets along beautifully with both children and other dogs. She is known for her soft, soulful eyes that seem to look straight into your heart. What Sandy would love the most is a family that showers her with the same affection that she effortlessly gives to others. In her new home, Sandy would enjoy a cozy corner to curl up in, a safe garden to explore, and a family that she can love and be loved by. Sandy is just waiting to create numerous wonderful memories with a family who adores her. She promises a lifetime of love and dedication to those who welcome her into their heart.","sandy-6",""
"2021-02-01","Central West (Bathurst/Dubbo/Coonabarabran)","956000009499446","Ash","2026-01-14","FEMALE","","Meet Ash, a beautiful and friendly companion. This stunning lady has charisma and charm in spades. Always eager to make connections, Ash is an affectionate and sociable creature, lavishing affection on anyone fortunate enough to catch her eye. She is always ready for a cuddle after a playful romp in the yard. Her soft coat makes for the perfect snuggling companion, inviting you to share a quiet moment or two on the couch. She finds deep satisfaction in routine, and her perfect day involves a dash of play, a smidgen of quiet snoozing time, with a sprinkle of cuddles throughout the day. Ash exhibits excellent manners with her canine peers. This shows her adaptable nature, making her an interesting companion to have around the house. Ash is looking for a forever family who will embrace her affectionate nature and big puppy-dog eyes. She is truly a precious gem waiting to shine in your loving home. We understand that a dog is not just a pet but a member of your family, and Ash is eager to become the loving companion in yours.","ash-2",""
"2019-01-01","Hunter Valley Mid Coast (Maitland/ Muswellbrook/Newcastle/Forster)","956000006671930","Wighton","2026-01-14","MALE","","Hello! My name is Wighton. I was known as Four Five on the racing tracks, but I hung up my racing collar late last year. I'm a courteous fellow, though I may take a little time to open up. Once I'm comfortable, I love to display my energetic zoomies. I've encountered several small dogs and they don't pique my interest much. I'm looking for a home with a backyard where I can have some space to myself from time to time. And, if you could take me on walks, that would be wonderful. I am looking forward to meeting my new human companions, so be sure to hit the 'apply' button when you can.","wighton",""
"2021-10-01","Hunter Valley Mid Coast (Maitland/ Muswellbrook/Newcastle/Forster)","956000011646676","Lara","2026-01-14","FEMALE","","Meet Lara! Lara hails from a sociable household where she has interacted with a Maltese terrier and frequently plays her fellow hound siblings. Initially, Lara may appear somewhat reserved, but with a touch of affection, care, and cuddles, she quickly warms up. She tends to be indifferent towards smaller dogs, often seeking reassurance from humans when they are present. With a lively spirit, Lara would be thrilled if her new human friends could take her on walks to let her energy out. Hit apply today to chat about your possible new addition.","lara-2",""
"2017-04-01","Central West (Bathurst/Dubbo/Coonabarabran)","956000009575301","Joseph","2026-01-14","MALE","","Say hello to Joseph, our big, strong, and friendly boy who's eager to share his love with you. With his endearing personality and playful energy, Joseph is certain to light up your life and home. This social butterfly is always ready to meet and greet new people but because of his size and strength, Joseph needs a home where he can get plenty of exercise and mental stimulation. He is well-suited for an active adult or older children household, where he can satisfy his need for engagement and play. Joseph can be quite excitable and has a lot of love to give, so he's more comfortable in a single-dog household where he can be the star of the show. Despite his size, he's a charming boy who's always eager to please his family. In summary, Joseph is a delightful mixed bag of quirkiness, exuberance, and love. If you're ready for a dog who can match your energy and zest for life, Joseph could be your perfect companion. He is waiting to show his new family just what a loving and fun-filled life they can have together.","joseph-1",""
"2020-03-01","Central West (Bathurst/Dubbo/Coonabarabran)","956000007831124","Rusty","2026-01-14","MALE","","Meet our sweet and gentle friend, Rusty. This uniquely quiet personality is looking for a family with whom he can grow, learn, and receive all the encouragement and support he deserves. Rusty is a refined gentlemen who brings calmness wherever he goes. Don't be fooled by his calm demeanor though; Rusty loves to play games and will always be up for any fun activity that involves his family. This sweetheart is gentle and mild-mannered, although he is always ready for an adventure. With his calm, quiet nature, he'd make the perfect companion for afternoons spent lounging in the backyard or taking mindful, leisurely strolls through the park. Rusty is particularly keen on learning. He looks forward to positive reinforcement training sessions and loves the idea of learning new tricks and routines with his new family. Don't be surprised if Rusty quickly becomes the star of your local obedience class, proudly showing off his latest trick. What would Rusty's ideal family look like? Well, they would share his love for learning and growth, offering him all the encouragement he needs to flourish. A family who cherishes the small moments of life, from peaceful mornings together to effortless games of fetch in the backyard. In return, Rusty promises to show endless love, patience, and loyalty to his new family. With his quiet, gentle nature and his willingness to learn, he'll surely bring joy and companionship to any home. So if you're ready to give Rusty the supportive, loving family he's been craving - he just can't wait to meet you!","rusty-7",""
"2019-01-01","Hunter Valley Mid Coast (Maitland/ Muswellbrook/Newcastle/Forster)","956000008235323","Tank","2026-01-14","MALE","","Tank is a gentle, kind doggy soul encased in a robust, athletic body. Don't let his strong, sturdy name fool you, Tank is soft and loving, and his friendly nature is sure to win everyone over in no time. He is exceptionally well-behaved, maintaining cleanliness with a natural knack for it, making him the perfect addition to your household. Although he has an energetic spirit, he always manages to channel his proud doggy energy in the most polite, fun ways. Tank has a special place in his heart for kids. He loves their boundless energy, their playful antics, and the endless tummy rubs they're always willing to share. Their laughter is music to his ears, and seeing them happy makes his tail wag harder! Friendly to his core, Tank gets along well with everyone he meets. He's a four-legged ambassador of goodwill, spreading joy wherever he goes. His ideal day consists of playful frolicking in the yard, a delightful nap in his comfy bed, and of course, lots of tasty treats! Tank's loving spirit and fun-loving nature make him a perfect family pet. He's excited to bring lots of joy, love, and incredible memories to his new family. So, if you're ready to add a sweet, loving, and well-behaved dog to your family, Tank is definitely your guy!","tank-2",""
"2014-07-01","Northern Rivers (Grafton, Lismore, Casino)","956000004096731","Miss Ling","2026-01-14","FEMALE","","Miss Ling is a big snuggle bunny. She is sweet and affectionate and will seek out affection Described as a happy girl she will bring a ray of sunshine to your life and be happy to be by your side through thick and thin. Miss Ling may be on the other side of 9 but she still has a lot of love to share and is looking for the right person to shower her love on","miss-ling",""
"2017-12-01","","956000009568225","Luna","2026-01-14","FEMALE","","Say hello to Luna, a sociable and friendly female dog who is sure to win your heart. Luna's radiant persona lights up every room she enters, and her charming nature has a contagious effect that brightens up everyone around her. Luna's love for people is truly one of her fine characteristics. She adores being in the company of humans and is a strong advocate for endless belly rubs, cuddles, and ear scratches. She thrives off attention and relishes in making every moment delightful for you, and herself of course. Interactive playtime is Luna's favorite! She gets immense joy out of chasing toys, whether it's a game of fetch or squeaky toys that catch her attention. This playful activity helps Luna stimulate her mind and use her attentive nature to the best of her abilities. In a dog community, Luna prefers the companionship of medium to large breed dogs. She blends well with her fellow canine mates, her easygoing nature allowing her to adapt quickly to their play style. This adaptability makes her the perfect addition to a family with a medium to large breed dog. In stepping into Luna's life, be prepared for an overflow of love and memorable moments. Luna is ready to love her new family wholeheartedly, and promises to bring with her a bundle of joy, laughter, and playful adventures.","luna-7",""
"2018-02-01","Hunter Valley Mid Coast (Maitland/ Muswellbrook/Newcastle/Forster)","956000009483201","Toby","2026-01-14","MALE","","Nightmare? Bad dream? Don't worry, sometimes names ARE deceiving, because our boy Toby, former Race Name Scary Dream, is anything but scary! ✅ Beautiful nature, a genuinely sweet duffer ✅ Big softie: this boy is your quintessential ""gentle giant."" He does get excited, but is very kind-hearted and means well. ✅ Very friendly and human social. Nothing makes him happier than being with his people. ✅ Loves hopping on the lounge and laying with you. Disclaimer: he's big and likes to hog most of the couch space! ✅ Enjoys playing, having fun, and just living his best life ✅ He can be exuberant and boisterous to start (oh my god life is so exciting!!) - but he does settle and eventually wants to find a lounge. ✅ Has been living inside his current home everyday - and is becoming quite accustomed to the spoils of pet life! ✅ Like most men, Toby LOVES his food! This will help with training as he is very easily influenced when free food is on offer! ✅ This patient boy settles when in the car or trailer ✅ Best suited as the only dog in the household - more attention for Toby 😉 ✅ The only hound Toby wouldn't mind sharing his new forever home with is his sister-from-another-mister: Winnie (Microchip: 956000009482109). - They currently live inside together and don't mind sharing all the love and attention. - Winnie is also available for adoption: https://www.gapnsw.com.au/our-greyhounds/winnie-2 Toby will need a bit of time to settle into his new home - it's a big transition moving to a new house. But with a bit of love and patience, you will be rewarded with a sweet, but funny, but lovable larrikin. Toby hasn't had the chance to interact with children yet. So would need a nice meet and greet to see how everybody goes, if potentially going into a home with kids. He is a big strong boy so likely would be best with older children. This sturdy lad is strong on lead - there's a big world out there and oh so little time, Toby feels like he must concur it stat! He does settle, and with a little training and patience will be a good walking companion or social wing man. Toby will be 6 at the end of January! Nothing bonds a family and new boy better than a birthday party right?!","toby-2",""
"2019-07-01","Hunter Valley Mid Coast (Maitland/ Muswellbrook/Newcastle/Forster)","956000007851472","Lucky","2026-01-14","MALE","","BOO!! Just kidding, it's in Lucky aka Phantom Ghost's nature to be a bit of a mysterious jokester! But don't be spooked by his former Race Name ""Phantom Ghost"" - as he is also Lucky! And you'll be feeling lucky too punk once you have our Lucky in your life: ✅ Very happy chap who somehow looks like he's always smiling! ✅ Loves people! He will give ample affection - but secretly hopes he gets it in return too! ✅ Has interacted with other dogs: - Regularly interacts with other Greyhounds - Has met a little West Highland Terrier and Italian Greyhound. Lucky was a little pushy to start but did settle once the novelty wore off. - He would be suited to other Medium-Large breed dogs - Lucky will need very slow, patient, and gradual introductions when meeting any new dogs ✅ Good with older children: - Lucky has only interacted with older kids - He can excited however (new friends! new friends!) and jump. Once he is told No he will settle. Continued training with this will help him learn. Lucky has lived in a kennel environment all of his life, so hopes his new family understand he will need a little time and patience to settle into his new world. If you think you should be so lucky, enquire about our Lucky aka ""Phantom Ghost"" below!","lucky-1",""
"2019-04-01","Hunter Valley Mid Coast (Maitland/ Muswellbrook/Newcastle/Forster)","956000006810672","Tori","2026-01-14","FEMALE","","Looking to spruce up your abode? We have some styling tips: Simply add the stunning Tori aka ""Rattlin' Style"" into your house! You'll be all the fashion and talk of the town! This strikingly elegant and beautiful girl has other lovely qualities too: ✅ Very affectionate little lady who thrives on human companionship. ✅ Good with older children: - Tori currently interacts with children aged 6+years old - She is relaxed and calm around older kids. She recognizes their gentle and caring presence, and her natural instincts guide her to be extra gentle and patient. - Tori is the kind of dog who will offer a warm nuzzle or a gentle paw to her young humans, ensuring an unbreakable bond. ✅ Tori is a good, polite girl in her kennel. ✅ This clever lass has an understanding of appropriate conduct and is respectful of boundaries. ✅ Good with Medium-Large breed dogs: - Regularly interacts with other Greyhounds. - Tori interacts best with male Greyhounds. - She would need very slow, gradual introductions to any new dogs. ✅ Tori loves her toys! Watching her play is a joy in itself. Her evident fun and energy is contagious! - so both Tori and you can have a grand old time! Tori will need a fully fenced yard. Tori can sometimes Resource Guard her food, so it is best if she is fed separately and left alone to eat her dins. If having a devoted dame in your life sounds like a pretty picture, then Enquire or Apply to Adopt Tori (Rattlin' Style) to style up your home 😉 She may just improve your life and happiness too!","tori-4",""
"2018-04-01","Hunter Valley Mid Coast (Maitland/ Muswellbrook/Newcastle/Forster)","956000009589911","Bago","2026-01-14","MALE","","🐾 Meet Bago, the Stylish Black Greyhound in Search of His Perfect Home! 🐾 Hey there, awesome folks! I'm Bago, a fashionable black Greyhound with a heart full of love, on the lookout for my forever family. I'm all about cozying up on a couch to call my own. Just imagine me, the epitome of style, lounging in comfort, and enjoying every moment of relaxation. Having a spot to call mine would be a dream come true! When it comes to making new friends, I'm a social butterfly. Meeting new people brings me so much joy, and I can't wait to shower you with affection. Let's embark on incredible adventures together and create a bond that'll last a lifetime. Now, I'm eagerly waiting to find my forever home, where I can show off my impeccable fashion sense and bring endless love and warmth to your life. Are you ready to welcome Bago, the stylish black Greyhound boy, into your heart? 🐾 Bago is ready to bring love, style, and a whole lot of snuggles to your home sweet home! 🐾","bago",""
"2017-03-01","Central West (Bathurst/Dubbo/Coonabarabran)","956000004499510","Caeden","2026-01-14","MALE","","Hi everyone my name is Caeden. As you can see I'm a beautiful brindle boy looking for my perfect home. I am quite an active boy so my ideal home would be to someone who doesn't mind exercising me and spending a bit of time keeping me occupied. I am an alert boy and I like to know what is happening around me. I love socialising with my current family and am used to children and some other dogs. I am smart, well mannered and would love to join you in the adventures of life! I'd love to meet you and become your best mate.","caeden",""
"2017-11-01","Central West (Bathurst/Dubbo/Coonabarabran)","956000009461635","Scamp","2026-01-14","MALE","","Hi my name is Scamp! As my name suggests I am a mischievous but likeable boy (a big goof really). I am not naughty but just a bit of a character. I love playing and getting stirred up, I will run around and engage in play with you. I am a big boy with a big roman nose which may not appeal to everyone but I think I'm pretty handsome! I do enjoy a bit of exercise so someone a little active or an active family with older children would be perfect. I enjoy people and getting attention, am happy go lucky and would make a great companion, all I need is a chance! If you are interested in adopting or even fostering me apply and the team at GAP can organise a meet and greet.","scamp",""
"2017-12-01","Central West (Bathurst/Dubbo/Coonabarabran)","956000009591426","Rocky","2026-01-14","MALE","","Just like his namesake in the movies Rocky could be your favorite underdog! Rocky is outgoing and friendly, loves pats and being spoilt by his human companions. He would suit a home that is moderately active as he likes a bit of a run and zoom around the yard. Rocky will really bond with his new owner and become a loyal companion. He has been socialised with his little pug friend but does require a little time when meeting new friends. If you have a bit of time for a new friend and are looking for a diamond in the rough apply to meet Rocky today!","rocky-9",""
