"DATEOFBIRTH","LOCATION","MICROCHIPNUMBER","NAME","RECORDEDDATE","SEX","SPECIFICNEEDS","TEXT","URLNAME","WHATWEHAVENOTICED"
"2019-03-01","Western Sydney (Londonderry)","956000006354886","Rhys","2025-09-05","MALE","","Rhys is a super affectionate boy and a true “leaner,” always ready for cuddles. He loves to play and even knows how to fetch – a rare talent for a greyhound! Rhys enjoys his walks and is always excited to meet new people along the way. He gets along well with other medium to large dogs, so with a successful meet and greet, he could happily share his home with a canine companion. While he’s shown he can settle well indoors, Rhys would love a home with a yard where he can stretch his legs, play, and bask in the sunshine. A household with adults or older children would be the perfect match for this handsome, playful boy. If you’re after a fun-loving companion with plenty of affection to give, Rhys is ready to steal your heart!","rhys",""
"2018-04-01","Western Sydney (Londonderry)","956000006793724","Snake","2025-09-05","MALE","","Snake is a friendly, affectionate boy who’s ready to bring light and joy into his new home. He’s a clever lad who comes when called, loves his treats, and walks beautifully on lead, making outings a breeze. He has shown positive interactions with other Greyhounds and may be suited to living with another medium to large dog for company. Confident, sweet, and handsome, Snake is eager to start his next chapter with a loving family. If you’re looking for a loyal companion with plenty of charm, Snake might just be the perfect match","snake-1",""
"2020-09-01","Western Sydney (Londonderry)","956000012247652","Judy","2025-09-05","FEMALE","","This beautiful girl is quiet in nature and can’t wait to bring lots of love into her new home! Judy gets along well with her Greyhound mates so she may suit a home with another medium to large breed, pending a meet and greet. A home with adults, older children and someone home more often than not would suit Judy best. Judy walks great on lead, can settle well inside and has attempted stairs so a townhouse or an apartment could be just the place for her. If you're looking for a sweet new addition to your family, Judy might just be the girl for you. Come and meet her at Western Sydney!","judy-1",""
"2020-02-01","Western Sydney (Londonderry)","956000007828273","Spud","2025-09-05","MALE","","This gentle boy is the epitome of calm and cuddly, making him the perfect companion for families. Spud is well-mannered and easy to walk on a lead, never pulling or jumping. He adores children and has been living happily in a home with kids. Spud gets along wonderfully with other greyhounds and friendly medium-larger breeds, best with females. His easy going nature and big teddy bear personality make him a perfect pet part-time or working from home owners, though he can settle on his own for a while. Spud can be adopted at the Western Sydney adoption centre.","spud-2",""
"2023-02-01","Central West (Bathurst/Dubbo/Coonabarabran)","956000015726835","Hawke","2025-09-05","MALE","","Hawke is a playful and happy boy 🐶, full of energy and confidence. He loves toys, gets excited easily, and brings joy wherever he goes! With a safe and slow introduction, Hawke has the potential to become best friends with your smaller dogs and even cats. He’s also great around young children, making him a fun and loving addition to a lively family. ❤️","hawke-1",""
"2020-08-01","Southern NSW/ACT (Bulli, Nowra, Goulburn, Canberra)","956000012161351","Raffy","2025-09-05","FEMALE","","Raffy is a lounge-loving sweetheart who adores quiet companionship. Perfect for full-time workers or older adopters, she’s happy to rest during the day and curl up on the couch at night. Calm, loyal, and affectionate, Raffy is a gentle friend ready for a loving home.","raffy",""
"2021-10-01","Southern NSW/ACT (Bulli, Nowra, Goulburn, Canberra)","956000012862219","Gem","2025-09-05","FEMALE","","Petite and beautiful, Gem has been raised with love and care. She’s crate and toilet trained, great with other dogs, and even suitable for apartment living with the right introduction. Gentle, adaptable, and affectionate, Gem is a sparkling addition waiting to brighten your life.","gem-8",""
"2021-04-01","Southern NSW/ACT (Bulli, Nowra, Goulburn, Canberra)","956000011713188","Mikey","2025-09-05","MALE","","Soft-hearted and affectionate, Mikey is wonderful with teenagers and thrives in a family setting. He’s happy to play during the day, cuddle at night, and wait patiently while you’re at work. Gentle, loyal, and always ready for a hug, Mikey is a boy who will quickly steal your heart.","mikey-3",""
"2019-03-01","Southern NSW/ACT (Bulli, Nowra, Goulburn, Canberra)","956000006702405","Samantha","2025-09-05","FEMALE","","Gentle and affectionate, Samantha has been raised around children and is wonderful with them. Crate-trained, toilet-trained, and adaptable to apartment living, she’s ideal for families or full-time workers. Samantha is a sweet girl with a loving nature, ready to bring warmth into her new family’s life.","samantha",""
"2022-06-01","Southern NSW/ACT (Bulli, Nowra, Goulburn, Canberra)","956000011303026","Tommy","2025-09-05","MALE","","Mr. Cool, Calm and Collect Sweet Boy Tommy is here to brighten your Day. Do you have lounge or soft comfy bed for this boy? He is more than happy to sleep the day away and wait your return. This boy has meet and had some doggie sleep overs with Maltese x and another greyhound. He also enjoyed the company of some young, human siblings from 3yrs of age.","tommy-19",""
"2023-03-01","Riverina (Wagga, Temora, Gundagai, Griffith)","956000015748815","Harper","2025-09-05","FEMALE","","Meet Harper – your gentle, loving companion! Harper is a sweet, beautiful-natured little girl. At first she can be a little shy, but soon comes out of her shell & will shower you with affection. She is friendly and loves children 5+, a pat from a stranger or the vet and outings in the car, splashing in ponds, a shell pool or a nice warm hydrobath. She isn't over energetic, loves a walk but ok to miss a day or two. She loves the comforts of her bed at home! Harper gets along with dogs big and small and, once settled, she’s happy on her own – content to rest after her walk, snoozing on her bed or soaking up the sunshine outside. A small yard is fine for her during the day. Harper is a kind and gentle soul would would make a wonderful and loyal companion. 💖","harper-3",""
"2021-07-01","Riverina (Wagga, Temora, Gundagai, Griffith)","956000013036566","Dasha","2025-09-05","FEMALE","","Meet Dasha – the darling girl with a playful streak! Dasha is a loving, calm, and confident girl who brings just the right mix of fun and relaxation. She enjoys her morning zoomie, a walk during the day, and another burst of play in the evening – the rest of the time, she’s more than happy to lounge on the couch. She's a cuddly teddy bear! She’s great with little dogs, friendly with other greys, and would suit a family with kids 10+ or a companion home. Dasha is housetrained (she’ll let you know when she needs to go out!) and settles well on her own once comfortable. This chatty girl does have one funny quirk – a love for toilet paper – so keep your bathroom doors closed! With her gentle nature and sweet personality, Dasha will make a wonderful family pet or loving companion.💘","dasha",""
"2023-11-01","Riverina (Wagga, Temora, Gundagai, Griffith)","956000016288915","Luna","2025-09-05","FEMALE","","Meet Luna – Your Perfect Little Companion! Luna is a young, happy girl with a heart full of love. She’s friendly with cats, gets along wonderfully with all dogs, and is great with kids aged 5–7 years. She’s been enjoying a bit of indoor living lately, happily snoozing between her time outside and going for walks. Luna would love a home with another dog for company, or with someone who’s home and can take her out for walks and social time with other dogs or greyhound groups. Luna is a easy on the lead, enjoys a good zoomie, and is just an all-round delightful little girl ready to find her forever, loving home.💖","luna-12",""
"2017-12-01","Central West (Bathurst/Dubbo/Coonabarabran)","956000009591300","Azzie","2025-09-05","MALE","","Great with young children. Happy go lucky guy. Calm, friendly & sweet natured. Good with smaller breeds of dogs. A quieter lifestyle would be best. If you might consider welcoming two greyhounds into your home, Azi’s brother Arrie is also searching for his forever home :)","azzie",""
"2023-04-01","Central West (Bathurst/Dubbo/Coonabarabran)","956000015760506","Callie","2025-09-05","FEMALE","","Callie is a very sweet little lady who shines once she feels comfortable. She loves jumping up for snuggles and cuddles, and enjoys chasing toys during playtime. Callie has grown up around children and would do well with the company of medium to large dogs. Gentle, playful, and full of heart, she’s ready to find a loving home to call her own.","emi-1",""
"2023-02-01","Southern NSW/ACT (Bulli, Nowra, Goulburn, Canberra)","956000014947792","Louise","2025-09-05","FEMALE","","Louise is getting great pet prep at the moment spending a lot of time with young kids and small dogs. She is loving relaxing in the home without issue and she gets along with every creature she comes across.","louise-3",""
"2021-11-01","Southern NSW/ACT (Bulli, Nowra, Goulburn, Canberra)","956000007430266","Tilly","2025-09-05","FEMALE","","Tilly has had good inside experience, she gets along great with other dogs. She likes to engage and play followed by some serious relaxing. She is soft and gentle with young kids and great company.","tilly-4",""
"2023-04-01","Southern NSW/ACT (Bulli, Nowra, Goulburn, Canberra)","956000015731569","Gracie","2025-09-05","FEMALE","","Gracie is a lovely affectionate girl that would love your company. She has had inside experience, she has been cared for and walked by young kids and has lived around a kelpie and a cavalier along with other greyhounds.","gracie-5",""
"2022-11-01","Southern NSW/ACT (Bulli, Nowra, Goulburn, Canberra)","956000014910908","Karin","2025-09-05","FEMALE","","Karin is a lovely playful character. She is friendly and social with dogs of different breeds shapes and sizes, she is cat workable and she has also had exposure to native animals. She would suit most homes and can be left alone.","karin",""
"2021-05-01","Hunter Valley Mid Coast (Maitland/ Muswellbrook/Newcastle/Forster)","956000007421182","Tess","2025-09-05","FEMALE","","Tess is a little angel with a beautiful, gentle nature. She’s a quiet girl who will need a bit of time to settle in at her own pace, but once she feels safe and comfortable, she’ll become your loyal shadow and best friend. She’s shown no interest in our resident cat, so with slow and careful introductions, she may be cat workable. Tess might also benefit from having a calm canine companion, but she’d prefer a relaxed dog rather than one with intense energy. Her ideal home is a quiet one, where she can truly relax and feel at ease. Tess loves nothing more than curling up on the lounge for a cuddle. While she enjoys her walks, she can get a little excited and may need some gentle guidance on the lead as she continues to learn. With a bit of patience and a lot of love, Tess will blossom into the most devoted and affectionate companion.","tess-4",""
"2020-10-01","","956000011575341","Bossy","2025-09-05","MALE","","Bossy is a gentle, sensitive soul who is looking for a calm and understanding home where he can feel safe and supported. He’s a shy boy who will take some time to build confidence, but with patience and consistency, his sweet nature will begin to shine through. While Bossy hasn’t lived inside full-time, he does have some experience being indoors and is already showing great house manners. He’s house trained and walks beautifully on lead, making him a lovely companion for someone after a quiet, easygoing dog. His chill, couch potato vibes mean he’s happiest in a relaxed environment and could potentially suit apartment living if it’s peaceful and predictable. Bossy has shown little interest in our resident cat, so he may be cat and small dog workable with slow and gentle introductions. He also seems comfortable being left alone for periods, which makes him quite adaptable once settled. With a soft bed, gentle guidance, and time to adjust, Bossy will make a calm and loyal addition to the right home.","bossy",""
"2022-03-01","Hunter Valley Mid Coast (Maitland/ Muswellbrook/Newcastle/Forster)","956000012868859","Elly","2025-09-05","FEMALE","","Elly is a bright, energetic greyhound with a big, happy personality that’s guaranteed to make you smile every day. She’s best suited to a home with an active lifestyle, where she can enjoy regular walks, plenty of enrichment, and space to unleash her pretty impressive zoomies. She currently lives with whippets and enjoys their company, so she'd likely benefit from having another doggo friend to play and relax with. Elly is small dog workable with slow and respectful introductions, and she’s learning her manners — she’s food motivated and already understands “no,” which makes her a great candidate for continued positive training. Despite her bursts of energy, Elly also knows how to switch off and chill out with her people. She’s affectionate, fun-loving, and full of character - the kind of dog who brings joy and laughter into every day.","elly-2",""
"2022-03-01","Hunter Valley Mid Coast (Maitland/ Muswellbrook/Newcastle/Forster)","956000012860897","Benji","2025-09-05","MALE","","Benji is a sweet and easygoing greyhound who would be the perfect match for someone with a semi-active lifestyle. He enjoys his walks and a good zoom around the yard, but he’s just as happy to curl up on the couch for a cuddle. More of a homebody at heart, Benji is a real people dog who thrives on companionship and being part of the household. He’s a big fan of toys and loves a play session, especially if it’s followed by some quality nap time. Benji walks well on lead and is great with kids, making him a lovely addition to a family environment. He currently lives happily with little whippets and may benefit from having another dog for company. With small dogs and cats, slow and careful introductions will be important, but he shows potential to adjust. A home with a backyard is a must for Benji so he can enjoy his zoomies and outdoor time. Overall, he’s a gentle, affectionate boy who just wants to be close to his people and enjoy the simple pleasures of life.","benji-13",""
"2021-01-01","Hunter Valley Mid Coast (Maitland/ Muswellbrook/Newcastle/Forster)","956000007456471","Bob","2025-09-05","MALE","","Bob is a vibrant and playful greyhound who’s full of life and always ready for the next adventure. He would thrive in an active home with a yard to run around in and older kids to keep him company. Bob is high on life, he loves his zoomies, enjoys playing with toys (his absolute favourite activity), and is always up for a cuddle once he’s had his fun. He walks well on lead and is very social, enjoying the company of people and other dogs. While he’s not a fan of cats, he might do well with a medium to small dog in the home, provided introductions are done slowly and with care. Bob travels beautifully in the car and takes everything in stride. He will need an experienced owner or someone patient and understanding, as he may take a little time to learn house manners and settle into a routine. He’s smart, enthusiastic, and eager to please, he just needs the right guidance. Overall, Bob is just happy to be here. With the right family, he’s going to be an incredibly fun and loving companion.","bob-15",""
"2022-08-01","Hunter Valley Mid Coast (Maitland/ Muswellbrook/Newcastle/Forster)","956000015732225","Camo","2025-09-05","MALE","","Camo is a sweet and gentle greyhound looking for a semi-quiet life with a family who can give him the balance of fun and relaxation he enjoys. He’s the kind of dog who’s happy with a walk, a good zoomie session, and then settling in for some cuddle time on the couch. He walks well on lead and enjoys getting out and about, but he’s not overly high energy. At home, he’s currently living with a Jack Russell and gets along well, so he should be fine with small dogs. He may benefit from having another dog in the home as a companion, but he could also settle as a solo dog with the right people around him. Camo is fine with kids and would be a lovely addition to a family. However, he is not cat workable, so a feline-free home is essential. Overall, Camo is a calm, affectionate boy who just wants a warm spot, some love, and a bit of fun in his day.","camo",""
"2021-06-01","Western Sydney (Londonderry)","956000007469041","Zena","2025-09-05","FEMALE","","Zena is a happy, friendly girl, who would suit a nurturing, calm household to really thrive into the cheeky confident girl we've seen here! A home without kids would support her confidence the best. She can live with another calm dog her size and loves to settle down in a cozy area, and does best indoors in a quiet room. A house with a backyard is best suited. This gorgeous girl has shown us her confident side by conquering our stair cases here! Zena is available at the Western Sydney adoption centre.","zena-1",""
"2021-11-01","Western Sydney (Londonderry)","956000011658048","Charlee","2025-09-05","FEMALE","","Charlee has been living with another greyhound, small dogs and cats in a home setting. Charlee is a beautiful girl who walks beautifully on the lead, and has even met the family cat and Jack Russell! She has experience around kids 3+ and would fit in well with a family looking to add a furry friend to their home. She is playful with the kids so kids who enjoy a fun pet would be best suited to Charlee. She loves visiting the river, travels well in cars, OK in crates, and even fine at the vets. She's a super friendly, happy girl who is also great with other greyhounds, making her a lovely fit for many homes! Charlee is used to having a backyard so a home with a townhouse/backyard would be a great fit. She is available to adopt from the Western Sydney adoption centre.","charlee",""
"2021-11-01","Western Sydney (Londonderry)","956000011658485","Shelby","2025-09-05","FEMALE","","Shelby has been living with another greyhound, small dogs and cats in a home setting. Shelby is full of fun, loves to play with her toys and shows off her confidence when interacting with the new humans she meets. Shelby loves other dogs, showing her excitement for play and making friends when she meets other 4 legged friends. She even currently lives with a Jack Russell, so pending a meet and greet, could very well go home with a feline or canine bestie. Come down to Western Sydney to meet Shelby! She just might be exactly what you're looking for 🐾","shelby-1",""
"2019-01-01","Southern NSW/ACT (Bulli, Nowra, Goulburn, Canberra)","956000004949030","Melody","2025-09-05","FEMALE","","Melody is a sweet girl who has spent a large part of her life as a lounge lizard. Melody is perfect for people who work during the day and cuddle up on the lounge at night. Melody loves travelling in the car even if it means going to the vets for a visit. Melody is perfect for the older quieter person looking for a great companion. Melody has lived with other greyhounds but is not a fan of smaller animals in any form","melody-1",""
"2020-02-01","Southern NSW/ACT (Bulli, Nowra, Goulburn, Canberra)","956000012189492","Larry","2025-09-05","MALE","","Larry is a beautifully nature boy who would make a great addition to any family. Larry is experienced around kids as young as 1 year old and is soft and gentle around them. Larry enjoys a play around the backyard and is fine with being left alone during the day whilst you work. Larry is crate trained overnight and settles into new environments seamlessly","larry-4",""
"2022-01-01","Western Sydney (Londonderry)","956000007434008","Cleo","2025-09-05","FEMALE","","Cleo is a gentle girl, with some experience with kids 6-16. Her favourite past time is indulging in a McDonalds soft serve ice cream, or playing with toys. Cleo has done some extra pet prep prior to meeting you, including going inside the house, meeting small dogs, birds, and more children! She's particularly well socialised around other greyhounds so a home with another dog would be a good fit. She's described as sensible, with a good food drive for training, as well as playful, but shy at first. Come meet Cleo at Western Sydney!","cleo-4",""
"2021-09-01","Western Sydney (Londonderry)","956000007419695","Gary","2025-09-05","MALE","","Hey mate, the names Gary, good to meet ya! I am a lovely, happy boy, and pretty much a friend to everyone I've met. Everyone loves Gary, if I do say so myself! I'll wag my tail like crazy, probably do a zoomie, but I don't mind my down time too mate! I reckon I could get along with your dog if you've already got one at home, and even those little trouble makers at home, I figure kids would be great fun, more attention for ol' Gary! Give me a backyard or a townhouse and I'll make myself right at home. I might not have been a pet before but I have such a can do attitude, I'll fit in anywhere. Come meet Gaz at Western Sydney.","gary-2",""
"2020-02-01","Western Sydney (Londonderry)","956000007832122","José","2025-09-05","MALE","","Hi! I have just met you and I love you! I'm José, a friendly, confident boy, I love people, pats and attention! I hope you can see how full of love I am from my cute photos. I will put my head on you and ask for more pats! I'm a sweet guy who is good around other dogs, including mingling with small dogs at times. I don't mind chilling out in a crate but I don't need one! I'd love a backyard, a social life, adventures, and maybe even children to give me lots of pats and adoration, too! Meet me at Western Sydney!","jose-2",""
"2022-01-01","Western Sydney (Londonderry)","956000011658223","Pat","2025-09-05","MALE","","Hi, I'm Pat! I promise to be the bestest boy ever! I hope you like me too. I am a very friendly and affectionate boy. I love food and can be a little shy. I am called a lounge lizard by my current family. I've even done things like go to the beach, meet children, and see the sights on street walks. I don't really show much interest in toys but I have perfected the greyhound zoomie. A paddock gallop is my 'happy place'. I hope you have a backyard for me to chill out in! You can meet me and ""Pat me"" at the Western Sydney adoption centre!","pat-7",""
"2022-12-01","Western Sydney (Londonderry)","956000015726903","Xena","2025-09-05","FEMALE","","Xena is a cheeky, gentle and fun little girl. She likes food, and engages nicely with new people once she warms up from being intially a bit shy. Xena lives with another greyhound at the moment so we think she'd do well in a multi-dog household. Older kids would enjoy her gentle yet curious and playful side. Xena has also done things like street walks, hanging out with children, and other socialisation, making her a great companion for families. Her family say nothing phases her! Xena is available by appointment at the Western Sydney adoption centre!","xena-5",""
"2019-10-01","Western Sydney (Londonderry)","956000007833784","Zac (Western Sydney)","2025-09-05","MALE","","Zac is a lovely, friendly and confident boy. He has learnt lots about pet life prior to meeting you, including what crates are, the beach, swimming, hangoug out with children, social greetings with visitors to the house, and is very affectionate with people. Zac would be a great addition to a multi-dog household as he currently lives with another greyhound in a house setting. He's described as quiet and laid back, likes his treats and is gentle overall. Zac is available by appointment at the Western Sydney adoption centre.","zac-western-sydney",""
"2019-12-01","Western Sydney (Londonderry)","956000006671229","Brown Eyes","2025-09-05","MALE","","Quiet, friendly and gentle boy Brown Eyes is a little on the shy side, we think he will warm up with your gentle touch! He shows gentle greetings with small dogs, greyhounds. He walks nicely on the lead out and about, travels well in cars and likes children! Brown Eyes is available at the Western Sydney adoption centre.","brown-eyes",""
"2018-10-01","Western Sydney (Londonderry)","956000009417122","Lou","2025-09-05","MALE","","If you're looking for a inner city dog, someone to come to the pub with you, who confidently navigated crowds and city living, check out Lou. He mastered going to markets, meeting all the stall holders, and even snoozing at the pub on his doggie bed. He lived in a unit apartment, can do stairs, and would benefit from a bigger apartment (more than a 1 bed so he can have a designated safe space), if he was to live in another apartment. Foster care update: ""Lou is a beautiful boy with a lot of love to give. He is very good at being left alone for long periods of time, no signs of separation anxiety when we were away at work during the day. He walks very very well on the lead, ignores most birds and bush turkeys. He is not very interested in saying hi to other dogs and will respectfully walk straight past them but loves to have a sniff and play with other greyhounds. He loves squeaky toys with a passion and plays fetch with them with so much joy. He is a master of stairs (our lift went out and he easy walked up and down 5 levels). He would benefit from a bigger apartment/house, our small apartment was a bit tight for him (he likes a safe space). In saying that he still wants to be within eyesight of you. He’s an independent but people loving doggie. He would benefit from an active owner - he is full of beans and loves longer walks and play time. He is most active in the mornings and is up for cuddles and play time, in the evening he likes to curl up and snooze independently."" Friendly, charismatic boy Lou ticks all the boxes! Here's why we love him: ✅ Full time workers ✅ Apartment living ✅ Medium to large doggie friends ✅ Affectionate boy with a playful side Apply now to meet Lou from our Western Sydney program!","lou-5",""
"2022-05-01","Southern NSW/ACT (Bulli, Nowra, Goulburn, Canberra)","956000011351104","Charmaine","2025-09-05","FEMALE","","Charmaine or nickname Chaz is extremely affectionate and lovely to be around. She has a well balanced lifestyle of doing some morning zoomies or fetching toys followed by lounging around the yard. She is currently living the pet life in a suburban backyard around other dogs, enjoys neighbourhood walks and getting some inside experience (with no accidents).","charmaine",""
"2021-04-01","Northern Rivers (Grafton, Lismore, Casino)","956000007855860","Roy","2025-09-05","MALE","","Meet Roy 🐾💛 Roy is a calm, sweet-natured boy who embodies peace, patience, and quiet joy. This handsome boy is happiest when he’s out and about with his doggy friends, peacefully roaming the yard or going on gentle adventures side by side. Roy gets along beautifully with dogs of all sizes—from fellow greyhounds to the tiniest of pups—always showing kindness, curiosity, and a calm, friendly approach. He would absolutely love a home with a backyard where he can stretch his legs, sniff around, and enjoy the fresh air at his own pace. Roy isn't the kind of dog who needs constant activity—he’s more of a gentle wanderer who enjoys his freedom to explore, lounge, and take in the world around him. Roy’s love for humans is just as strong. He’s wonderful with children and has a peaceful, patient demeanour that makes him a safe and loving companion for families. He’s the kind of dog who fits right into the flow of family life—happy to be around people, share quiet time, or simply nap nearby while you go about your day. If you’re looking for a gentle soul to bring peace, love, and quiet joy into your life, Roy is more than ready to become your loyal companion.","roy-6",""
"2021-12-01","Western Sydney (Londonderry)","956000013352536","Jack (Western Sydney)","2025-09-05","MALE","","Gentle, calm, and loving Jack is looking for a family where he can have human company, and is looking for someone who adores him. He has shown overall highly calm and affectionate traits here at the centre and we think he'd be happiest with someone home all the time for him. He is suitable around other calm, likeminded Medium-Large dogs, however still requires a human presence. He walks beautifully on the lead, and is ready to accompany you just about anywhere you go. Jack just wants to be by your side, all the time! Jack would love a house with a yard. A home without stairs is best suited. Jack can be adopted from the Western Sydney adoption centre.","jack-western-sydney-2",""
"2020-12-01","Northern Rivers (Grafton, Lismore, Casino)","956000011719549","Duffy","2025-09-05","MALE","","Meet Duffy 🐾💙 Duffy is a happy-go-lucky male with a heart full of love and a tail that never stops wagging. This friendly boy has a special knack for making friends wherever he goes—he absolutely adores other dogs, whether they’re fellow greyhounds or smaller pups. Duffy especially enjoys the company of female greyhounds and would be thrilled to share his new home with a canine companion to play and relax with. But Duffy’s friendliness doesn’t stop with dogs—he’s also wonderful with children, always eager to say hello and share a joyful moment with little ones. His gentle, playful nature makes him a fantastic family dog, and he thrives in environments where there’s plenty of love and laughter. Duffy is happiest when he has space to run and explore, so a home with a backyard would be the perfect place for him to stretch his legs and soak up the sun. When it’s time for a walk, Duffy shines—he walks beautifully on the lead, making every stroll a peaceful and enjoyable adventure for both him and his humans. Despite his playful spirit, Duffy is a calm and easy-going companion who just wants to bring happiness and affection to his new family. He’s a true social butterfly who loves being part of the action, whether it’s a fun play session with his furry friends, a gentle cuddle on the couch, or a sunny afternoon in the yard.","duffy-1",""
"2022-03-01","Western Sydney (Londonderry)","956000014811454","Zsa Zsa","2025-09-05","FEMALE","","Zsa-Zsa is a quiet, sweet and playful girl. She is looking for a calm and quiet home, either an apartment or house. Her best suited family would be one without children, so she can enjoy the calm serenity of your home while she grows in confidence. She's a lover of treats and food and has grown in confidence here at the centre. She responds best to gentle encouragement, would be happy to live along side another calm and nurturing/older greyhound or Medium-Large doggie pal. She is confident with our training staircase and would suit shorter hours alone while she settles into her new life. She also settles in a crate, however not required. If you have a quiet home and neighbourhood and are looking for a gentle natured canine companion, Zsa-Zsa could be your perfect fit. She can be adopted from the Western Sydney adoption centre.","zsa-zsa",""
"2022-07-01","Northern Rivers (Grafton, Lismore, Casino)","956000007464748","Lukey","2025-09-05","MALE","","Meet Lukey 🐾✨ Lukey is a friendly and affectionate male greyhound who’s already experienced the best of both worlds. Having lived inside a loving home, he’s well-socialized with other animals and absolutely adores people of all kinds. Lukey is a confident, happy boy who loves being out and about in the community—whether it’s a walk in the park, a visit to a café, or simply exploring new places, he takes it all in with a wagging tail and bright eyes. This easy-going guy thrives on affection and will happily shower you with love in return. Lukey’s calm and gentle nature makes him a fantastic companion, ready to settle into family life or enjoy the company of other pets. His experience living indoors means he’s well-behaved and adaptable, making him a smooth fit into homes big or small. If you’re looking for a loving, sociable, and happy-hearted greyhound who’s ready to be your loyal sidekick, Lukey is the perfect match. He’s excited to share his affectionate nature and joyful spirit with a forever family.","lukey",""
"2019-11-01","Northern Rivers (Grafton, Lismore, Casino)","956000012226511","Royal","2025-09-05","FEMALE","","Meet Royal 👑🐾 Royal is a delightful girl who truly lives up to her name. She’s a playful and affectionate sweetheart who adores making friends—especially with other dogs, no matter their size! Royal’s favourite thing in the world is playing with her furry pals, and she’ll happily invite any dog she meets to join in on the fun. Whether it’s a game of chase, tug, or just a joyful romp, Royal is always ready to play. This gentle lady would make a wonderful family pet. She’s calm and confident, not easily stressed by new people or environments, which makes her adaptable and easygoing in all kinds of settings. Royal loves her toys and can spend hours happily entertaining herself or sharing playtime with her favourite humans. When she’s not busy playing or making new friends, Royal is a cuddle bug who loves to snuggle up and soak in all the love and attention she can get. She’s a perfect balance of lively and laid-back—a true joy to have around. If you’re looking for a loving, playful, and incredibly social companion who will bring laughter and warmth into your home, Royal is ready to steal your heart and become your family’s new best friend.","royal-2",""
"2021-12-01","Northern Rivers (Grafton, Lismore, Casino)","956000007431260","Tiger","2025-09-05","MALE","","Meet Tiger 🐾 Tiger is a confident and charismatic boy with a heart as big as his smile. This energetic bundle of joy is a true social butterfly who thrives on friendship—whether it’s with dogs big or small, Tiger’s easy-going nature and playful attitude make him a favourite in any multi-pet household. But don’t worry, he’s just as happy being the one and only furry family member, soaking up all the love and attention you can give. Tiger is the perfect blend of playful goofiness and calm confidence. He’s always ready to brighten your day with his silly antics, goofy grin, and endless tail wags. Despite his lively energy, he knows how to relax and enjoy quiet cuddle time, making him a well-rounded companion. What really sets Tiger apart is his gentle and loving spirit. He’s great with children, understanding and patient, making him an ideal family dog. Whether it’s playing games in the yard or snuggling up for story time, Tiger is sure to be a beloved member of your home. If you’re looking for a loyal, happy, and affectionate friend who will keep you smiling and fill your days with love, Tiger is the perfect match. He’s confident, outgoing, and ready to bring joy to a home that appreciates a lively, loving, and goofy boy with a heart full of love. Could Tiger be the one to steal your heart?","tiger-13",""
"2019-06-01","Western Sydney (Londonderry)","956000007839524","Alf (Western Sydney)","2025-09-05","MALE","","*Alf has just spent 2 months being a foster care super star with his foster carer in her 80s - he's now back at the adoption centre ready to meet you!* If you're looking for a perfectly behaved boy, read on! His foster carer says ""Alf is a beautiful dog not only in looks but in his temperament with humans, and is so very loveable. I have been lucky to have the pleasure of his company for two months. He is intelligent and has calmly learned a lot in his time with me. "" Foster Updates: ✅Walks well on a loose lead & harness ✅Climbs stairs very well (15 stairs) ✅Travels in elevators and cars well (Car travel is more for sleeping!) ✅House trained for toileting. Impeccable manners indoors! ✅Obeys commands, come, stay, wait, yes, no, down, off. ✅Answers to name ✅Doesn't take from the bin, or destroy things ✅Trusts and loves all humans ✅Enjoys his toys ✅Can be left alone without fuss ✅Scared of thunder and lightning. Alf finds a quiet, dark room to be in for the duration. He only needs to be close – no hiding, just a little panting for this big boy. ✅Loves rolling on lawn then doing zoomies ✅Enjoys the beach ✅He knows not to be on couches or beds but given licence to do so he would love to accept ✅ Accepts praise and pats where ever he goes, loves all people, big, small, male, female ✅ Affectionate, gentle, a true gentleman Alf is available from our Londonderry adoption centre.","alf-6",""
"2020-02-01","Hunter Valley Mid Coast (Maitland/ Muswellbrook/Newcastle/Forster)","956000007842710","T Rex","2025-09-05","MALE","","Meet T-Rex 🦕 Dog Friendly: Yes – best with medium to large dogs Child Friendly: Yes – best suited to a home with older children Ideal Home: A family with a secure backyard and an active lifestyle Don’t let the name fool you – T-Rex is all heart and happiness! This big, bouncy boy is bursting with personality and ready to find a family who’ll love his enthusiastic, affectionate nature. T-Rex is a social butterfly through and through. He’s currently living with other greyhounds and thrives in their company, especially those who can match his playful energy. He’s also friendly with medium and large dogs, and loves being part of a pack. This boy lives for his people – always close by, always ready to join in. Whether you're moving around the house or heading out for an adventure, expect T-Rex to be your loyal shadow. He’s interactive, affectionate, and happiest when included. T-Rex would do best in a home with older children who can enjoy his energy and help guide his big personality. A backyard is a must – he’s got some serious zoomie skills and needs space to stretch those long legs. While he’s eager to get out and explore, T-Rex can be strong on the lead, so he’ll need confident handlers who can continue his training and help him channel his excitement on walks. He will be your super social and loyal shadow and sidekick If you’re ready for a fun, affectionate, and outgoing greyhound who will bring non-stop joy and energy into your life, T-Rex is your guy.","t-rex",""
"2023-05-01","Hunter Valley Mid Coast (Maitland/ Muswellbrook/Newcastle/Forster)","956000015766266","Red","2025-09-05","MALE","","Meet Red ❤️ Say hello to Red – a tender-hearted boy with a sweet soul and the most soulful eyes you’ve ever seen. Red may be a little reserved at first, but once he feels safe and settled, he shows his loving personality in the most heartwarming ways. Red is great with other greyhounds and enjoys their calm, familiar company. He’s also been around smaller dogs – he just may need a slower, thoughtful introduction to build his comfort and confidence. With the right introductions and guidance, he’s more than happy to share his space with gentle doggy friends. Red has been around children in a home environment and handles it well with his naturally gentle nature. However, due to his shy disposition, a quieter home – perhaps with older, dog-savvy kids – would be the best match for him. He thrives in calm, predictable spaces where he can truly feel at ease. Red can be a bit nervous when meeting new people or exploring new situations, but give him time and patience, and you’ll be rewarded with the trust and love of a truly special dog. He prefers to interact on his own terms – not pushy or demanding, just quietly curious and kind. Red enjoys his peaceful moments, lounging nearby, quietly observing, and choosing when to come over for a little affection or company. His independence, mixed with his loving nature, makes him a calm and comforting presence in the home. Red would thrive in a gentle, patient home where he can settle in at his own pace and build trust with his new family. He doesn’t ask for much – just kindness, understanding, and a safe space where he can be himself. In return, you’ll get a loyal, loving companion with the sweetest heart.","red-11",""
"2022-07-01","Hunter Valley Mid Coast (Maitland/ Muswellbrook/Newcastle/Forster)","956000007375518","Finn","2025-09-05","FEMALE","","Meet Finn 🌸 Introducing Finn – a quiet sweetheart with a gentle heart and a peaceful presence. This lovely girl may be a little shy when you first meet her, but once she feels safe, her soft personality begins to shine through 💕🐾 Finn is wonderfully social with other dogs – big or small. She’s respectful, calm, and happy to let others take the spotlight, making her an ideal companion for a household with other canine friends after a slow introduction. 🐕🐾 Finn has lived with children before and is gentle and patient with little ones. While she tends to keep to herself, she’s more than happy to be part of a loving family. She would do best in a home where kids understand that she might need a bit of time and space to settle in. Finn might take a little time to come out of her shell, but once she feels at ease, she’ll quietly sneak her way into your heart. She doesn’t demand attention but loves being near her people, soaking up the calm and comfort of a loving home. She’s the kind of dog who’s happy to do her own thing – whether it’s napping in a cozy spot or quietly observing from a distance. But don’t be surprised if she comes over for a gentle nuzzle or a loving glance – Finn gives affection in her own soft, sweet way. 🥰","finn-3",""
"2022-10-01","Hunter Valley Mid Coast (Maitland/ Muswellbrook/Newcastle/Forster)","956000013056460","Desert","2025-09-05","MALE","","Meet Desert 🐾 Looking for a gentle, loving, and oh-so-handsome companion to join your family? Say hello to Desert – a sweet boy with a heart full of love and a tail that never stops wagging. Desert is the kind of dog that just makes life better. With his sleek good looks, calm nature, and cheerful personality, he’s already stolen plenty of hearts – and now he's ready to find his forever home. Desert is very dog-social, especially with medium and large breeds, and he’s been living comfortably with other greyhounds in his home. Whether it’s playtime in the yard or a quiet nap in a sunny spot, he’s happy to share his space and get along with his canine companions. 🐕‍🦺He enjoys his regular walks through the neighbourhood and handles the hustle and bustle of the street with grace. Desert walks well on the lead and takes everything in with calm curiosity – from passing cars to people and other dogs. He’s a great walking buddy and would love to join you on your daily strolls! Desert has been around children aged 2 to 15 and handles himself beautifully. He’s gentle and respectful, though we think he’d thrive best in a home with older kids who understand how to interact with dogs and give him the space and love he deserves. He’s a lovely mix of calm and affectionate, making him a great match for a family looking for a loyal companion. 👨‍👩‍👧‍👦 This boy is full of joy and charm – his tail is always wagging, and his eyes light up when he sees his humans. Desert is affectionate without being clingy, playful without being over the top, and confident without being pushy. He brings a lovely, balanced energy into the home. Desert would be a wonderful fit for a loving family with older children or an individual/couple looking for a loyal companion. He’d love a doggy friend or two (especially if they’re greyhounds!), a safe space to stretch his legs, and a family who will keep him included in everyday life.","desert",""
"2023-01-01","Southern NSW/ACT (Bulli, Nowra, Goulburn, Canberra)","956000014884903","Penny","2025-09-05","FEMALE","","Penny is a gorgeous young girl. She is a gorgeous pup looking to make the best memories with her forever family. With a very affectionate streak and social personality, she would be happy living with children and other dogs. Penny is good left on her own. She will love to greet her family at the end of the day with some snuggles and a treat.","penny-12",""
"2022-12-01","Western Sydney (Londonderry)","956000015732102","Shay","2025-09-05","FEMALE","","Shay is a cheerful and excitable girl looking for a new place to call her own. She is a very friendly and affectionate girl. Shay lays in your lap and even roaches on you, hoping to get all the cuddles from you! We think it's just adorable! Shay would suit a backyard and an active lifestyle. She is cheeky, playful and can live with another greyhound/medium to large dog. She loves toys and all things fun, so a home with kids who could keep her entertained would be a great match! She doesn't mind spending some time alone so part time/full time workers could be suitable after she settles into pet life. She has a great drive for training when treats are involved so an owner who enjoys training and teaching dogs valuable skills would be a great fit for Shay! Shay is available at Western Sydney's adoption centre.","shay-5",""
"2020-02-01","Riverina (Wagga, Temora, Gundagai, Griffith)","956000007839957","Goose","2025-09-05","MALE","","Meet Goose – the big-hearted goofball! 🐾 Goose is a gentle boy who loves being part of whatever you’re doing—whether it’s pottering in the garden, hanging out in the shed, or going for a drive (he’s a great traveller!). He’s recently discovered the joys of indoor life—lounging on the couch or his bed with legs in the air is a favourite pastime! Goose is house-trained, sun-bakes like a pro ☀️, and also enjoys a comfy spot on the verandah or patio. Friendly with everyone he meets, Goose loves toys (especially his beloved soccer ball!), swims, and easy, sniffy walks. He’s met kids 10+ and is calm around other dogs🐶. Goose is easy-going, friendly and happy who would love a home where someone is around more often than not, easily suited to retirees to travel with or someone wanting a companion dog He’s quiet, only giving the occasional bark for more pats or when dinner’s on the way. Apart from missing two toes from an old puppy injury he still likes a walk, preferably on grass, and is a healthy, affectionate boy ready to share his big heart with you. 💙","goose-3",""
"2021-12-01","Southern NSW/ACT (Bulli, Nowra, Goulburn, Canberra)","956000012247272","Cassie","2025-09-05","FEMALE","","Meet Cassie 🌟 *ATTENDING THE ANU ADOPTION DAY - 6TH SEPTEMBER* If you’ve been waiting for the perfect companion to light up your life, look no further — Cassie is the one. Cassie is a stunning girl with the kindest eyes and a heart full of love. Her gentle, affectionate nature will win you over the moment you meet her. She’s the type of girl who leans in for cuddles, thrives on praise, and will happily soak up every pat you’re willing to give. A true people-pleaser, Cassie absolutely adores affection and being told she’s a good girl! Cassie has lived comfortably inside a home and knows how to be the perfect housemate. She's clean, well-mannered, and loves being part of the daily routine. Whether it's lounging nearby, following you around the house, or settling in for a nap at your feet, she’ll always want to be close. She also gets along beautifully with medium and large dogs, so she’d love a home with a canine friend—or she’d be just as happy as your one-and-only shadow. Her calm and friendly nature makes her easy to introduce to new people and dogs alike. ✨ Why Cassie is the perfect match: • Gentle, sweet, and affectionate — the ultimate snuggle buddy • Calm and easy-going, perfect for families, couples, or individuals • Good with medium/large dogs and has lived happily indoors • Loves pats, praise, and being part of the family • Will bring love, warmth, and peaceful companionship into your life Cassie isn’t just a pet — she’s a confidante, a cuddle expert, and a forever friend. Once she bonds with you, her loyalty and affection are unmatched. She’s ready to fill your home with quiet joy and unconditional love. If you're looking for a gentle, loving soul who will brighten every day, Cassie is ready to meet you. 👇 Click here for information on the ANU adoption day & to register for the dogalogue","cassie-5",""
"2020-10-01","Southern NSW/ACT (Bulli, Nowra, Goulburn, Canberra)","956000011711389","Nichelle","2025-09-05","FEMALE","","","nichelle",""
"2022-12-01","Southern NSW/ACT (Bulli, Nowra, Goulburn, Canberra)","956000013024264","Selwin","2025-09-05","MALE","","Meet Selwin 🖤 *ATTENDING THE ANU ADOPTION DAY - 6TH SEPTEMBER* Say hello to Selwin, a gorgeous boy with a soft heart, curious mind, and a lifetime of love to give. Selwin may take a little time to warm up, but once he trusts you, you’ll have a loyal and affectionate companion by your side. Selwin has grown up around children and knows how to be calm and gentle in their presence. He’s also well-socialised with other dogs, getting along beautifully with medium and large breeds—including other greyhounds and even a German Shepherd buddy! He’d love a home where he can share space with canine companions or be your one-and-only shadow. This sweet boy has a thoughtful, inquisitive nature. He enjoys taking in the world at his own pace and has proven to be unfazed by nearby farm animals like sheep and horses—nothing much rattles Selwin's cool composure. What would make Selwin happiest? A quiet home with a backyard or courtyard where he can potter around, stretch his legs, and soak up the sun between naps. While he doesn’t need a lot of exercise, he appreciates the freedom to explore a safe outdoor space. His independent and relaxed personality also makes him well-suited for full-time workers—he’s perfectly happy doing his own thing while you’re away, then greeting you with a wag and a nuzzle when you return. If you’re looking for a gentle, low-maintenance companion with a big heart and a quiet charm, Selwin might just be the boy for you. With a bit of patience and a lot of love, he’ll blossom into your most devoted friend. 👇 Click here for information on the ANU adoption day & to register for the dogalogue","selwin",""
"2021-04-01","Southern NSW/ACT (Bulli, Nowra, Goulburn, Canberra)","956000014538183","Barney","2025-09-05","MALE","","Meet Barney 🐾 *ATTENDING THE ANU ADOPTION DAY - 6TH SEPTEMBER* Meet Barney, a big-hearted 4-year-old greyhound who tips the scales at 40kg—but still thinks he’s a puppy! He’s a beautiful, soulful boy who’s as relaxed as he is lovable, with a gentle nature and a heart full of love just waiting to be shared. Barney has already experienced the hustle and bustle of Canberra city and handled it like a pro. New environments don’t faze him one bit—he walks with quiet confidence wherever he goes. Whether it’s a city stroll or a café outing, Barney takes it all in stride, always cool, calm, and collected. At home, Barney is an absolute sweetheart—toilet trained, easy to manage, and happiest when curled up in a cozy corner (or better yet, right beside you on the couch!). He’s a true couch potato at heart. While he enjoys a short daily walk or a sniff around the block, he doesn’t require much exercise. Barney is the kind of dog who’s perfectly content to lounge the day away, simply enjoying your company. When he’s not napping, Barney loves indulging in his two favourite things: chasing toys and sniffing out snacks. He’s incredibly food-motivated, which not only makes him adorable, but also highly trainable. He’ll do just about anything for a treat or a squeaky toy and is already showing off his quick-learning abilities. Barney’s calm demeanor and low-energy lifestyle make him a fantastic match for many types of homes—from first-time dog owners and townhouse dwellers to families with children or full-time workers. He’s unfazed by routine, happy in his own company, and easy to have around. All he truly needs is a soft bed, some tasty treats, and a human to love. If you’re dreaming of a sweet, snoozy, super easy-going greyhound who will bring calm, comfort, and companionship to your life, Barney could be the perfect fit. Come meet this gentle boy—you won’t be able to resist his charm. 💙 👇 Click here for information on the ANU adoption day & to register for the dogalogue","barney-5",""
"2022-10-01","Southern NSW/ACT (Bulli, Nowra, Goulburn, Canberra)","956000013026999","Mick","2025-09-05","MALE","","Meet Mick 🐾 *ATTENDING THE ANU ADOPTION DAY - 6TH SEPTEMBER* Say hello to Mick, a sweet and gentle greyhound who’s as friendly as they come. Mick has grown up around children and loves people of all ages, making him a wonderfully social companion who enjoys being part of the family. Mick gets along great with other medium and large dogs, so he’d thrive in a home with canine friends or where he can meet new doggy pals on his daily adventures. He’s bestie’s with a labradoodle! He’s a confident walker who enjoys his lead walks and travels well in the car—ready to go wherever life takes him! When Mick’s out and about, he loves to let loose and get his zoomies out, showing off his playful side with bursts of energy. After a good run, he’s perfectly happy to relax and chill for the rest of the day, making him an ideal mix of active and laid-back. With his sweet nature and easy-going attitude, Mick is the perfect companion for anyone looking for a loving, well-mannered dog who’s great with people and pups alike. 👇 Click here for information on the ANU adoption day & to register for the dogalogue","mick-5",""
"2022-12-01","Southern NSW/ACT (Bulli, Nowra, Goulburn, Canberra)","956000013039664","Banff","2025-09-05","MALE","","Meet Banff 🐾 *ATTENDING THE ANU ADOPTION DAY - 6TH SEPTEMBER* Banff is a handsome gentleman who has grown up in a loving semi-rural home surrounded by kids as young as five, other greyhounds, and plenty of affection. This nurturing environment has helped Banff develop into a fantastic all-round dog who’s gentle, social, and full of heart. Banff is wonderful with people of all ages—he truly adores being part of the action and thrives on family life. Whether it’s playtime with the kids, quiet cuddles, or outings with his greyhound buddies, Banff fits right in and shares his love generously. Eager to please and very trainable, Banff will quickly become your shadow, always by your side, ready to join you in whatever adventure the day brings. He’s a loyal companion who enjoys learning new things and making his humans proud. If you’re looking for a sweet, dependable, and affectionate friend to brighten your life, Banff could be the perfect match. Ready to welcome a loving boy who will be your constant companion? Banff is waiting to meet you! 👇 Click here for information on the ANU adoption day & to register for the dogalogue","banff",""
"2022-12-01","Southern NSW/ACT (Bulli, Nowra, Goulburn, Canberra)","956000013030613","Kozi","2025-09-05","FEMALE","","Meet Kozi 💖🐾 *ATTENDING THE ANU ADOPTION DAY - 6TH SEPTEMBER* Kozi is a gentle, soft-spoken girl who may come across as a little shy when you first meet her. But don’t let her quiet demeanour fool you—once Kozi feels safe and comfortable, her affectionate nature truly blossoms. She has so much love to give and is just waiting for the right calm and relaxed home where she can feel secure and cherished. Kozi thrives best in a peaceful environment where she can take her time to settle in and build trust. She’s an ideal companion for older people or families with respectful older children who understand the importance of patience and kindness. With the right gentle guidance, Kozi will become a devoted and loving friend who treasures every quiet moment spent with her family. This lovely girl travels like a dream in vehicles, making car rides stress-free and enjoyable. She also walks beautifully on the lead, showing a calm confidence when out and about. Kozi isn’t a high-energy dog—she prefers peaceful strolls and relaxing days at home, soaking up affection and gentle company. Kozi’s calm and steady presence makes her a wonderful companion for someone seeking a quieter dog who will offer unwavering loyalty and gentle love. She might take a little time to warm up, but once she does, you’ll discover a truly special bond with a dog who will be by your side through thick and thin. If you’re ready to welcome a soft-hearted, affectionate girl into your life—one who will reward your patience with endless love—then Kozi could be the perfect match. Give her the chance to feel safe and loved, and she’ll become a treasured member of your family. 👇 Click here for information on the ANU adoption day & to register for the dogalogue","kozi",""
"2021-12-01","Southern NSW/ACT (Bulli, Nowra, Goulburn, Canberra)","956000007429835","Mia","2025-09-05","FEMALE","","Mia is a playful young girl who likes to play and stretch out before lounging around. She has lived around different sized dogs, domestic and native animals without issue. She is a beautiful affectionate girl who is also good on the lead. She is also comfortable on her own.","mia-7",""
"2021-12-01","Southern NSW/ACT (Bulli, Nowra, Goulburn, Canberra)","956000007428741","Cobber","2025-09-05","MALE","","Cobber is a stunning lad, he is good with kids, social around different breeds of dogs and would be great company. He is easy on the lead and comfortable on his own.","cobber-1",""
"2020-11-01","Western Sydney (Londonderry)","956000007786716","Vaughn","2025-09-05","MALE","","Vaughn has been described by his handlers as simply ""amazing""! He is outgoing and affectionate with people & would suit a family home with a yard for him to relax in. He cannot wait to show you his Vaughn-derful personality! He is highly engaged with his training, best suited to house/townhouse living and settles alone well in a backyard setting. He’s already learned a bunch of tricks like 'down', shake, recall, his name, and on/off bed, and he’s currently working on sit. He’s quick to pick things up! He will need a home with a yard where he can run and play till his heart’s content. A family that will continue to help him on his training journey and a calm, loving environment where he can relax and feel secure. His best home is a family who want to do dog training, adventures and cool fun activities with him! Vaughn is available from the Western Sydney adoption centre.","vaughn",""
"2017-07-01","Riverina (Wagga, Temora, Gundagai, Griffith)","956000009520004","Bub","2025-09-05","FEMALE","","Meet Bub! Say hello to Bub, a sweet-natured older girl who’s ready to enjoy the simple pleasures of retirement. Bub is looking for a quiet, peaceful home where she can soak up the sun, enjoy some gentle pats, and claim a soft, cosy bed as her own. With her graceful charm and soft eyes, Bub has a spring in her step, but she’s very low-maintenance when it comes to exercise – a short burst of energy in the yard, a few short strolls and a bit of backyard sunbathing are all she needs to be content. She would thrive as an only dog, but she’s also happy to share her space with a male greyhound companion. Bub is a great match for full-time workers if there’s a secure backyard where she can relax during the day. She would also suit a calm household with older children who respect her quiet nature. If you're after a gentle soul who’s past the puppy chaos and just wants to be your loyal companion, Bub might just be the girl you’ve been waiting for. ☀️ Loves: Sunbaking, soft beds, peaceful vibes 🏡 Best home: Quiet environment, backyard, solo or with a male greyhound 💙 Personality: Calm, sweet, gentle, quietly affectionate 🦴 Exercise needs: Minimal – a yard for a quick zoom, a gentle stroll, she’s more nap than zoom Let Bub bring serenity, love, and a little sparkle into your life.","bub-6",""
"2023-02-01","Riverina (Wagga, Temora, Gundagai, Griffith)","956000014910690","Goofy","2025-09-05","MALE","","Meet Goofy! Goofy is an energetic yet laid-back sweetheart who lives up to his name in all the best ways! With his goofy grin, long legs, and heart of gold, this handsome boy is looking for a forever home where he can share his love and charm. Goofy is incredibly friendly and affectionate, making him a great companion for families with older kids or an active couple looking for a fun, loving addition to their lives. He has plenty of pep for zoomies in the backyard or a long walk, but true to greyhound form, he's a professional couch potato and will happily spend most of the day snoozing in comfort. He gets along well with other dogs, especially those his size, and could thrive in a multi-dog household. He would also be perfectly content as an only dog if he has a backyard to enjoy and people to love him. Goofy is suitable for full-time workers, as he's happy to chill during the day and loves his clam shell pool to lie and splash in. If you're after a big-hearted, sweet-natured greyhound who blends goofy energy with couch-loving calm, Goofy could be your perfect match! 🛋️ Loves: Lounging, cuddles, playtime, zoomies, walks, cuddles 🐕 Would suit: Active couple or family with older children 🏡 Best home: With or without other dogs, needs large backyard 💙 Personality: Friendly, outgoing, loveable, goofy, playful","goofy-1",""
"2021-03-01","Northern Rivers (Grafton, Lismore, Casino)","956000014517931","Zippa","2025-09-05","MALE","","Meet Zippa!🐾 Zippa is a charming, affectionate boy who’s never met a dog he didn’t want to be friends with—especially if they’re fellow greyhounds! He thrives on canine company and is always the first to say hello with a happy wag and a gentle nuzzle. This social superstar settles quickly into new environments and brings calm confidence wherever he goes. Whether it’s a bustling park or a cozy home, Zippa makes himself right at home in no time. He absolutely adores human affection and will happily lean in for cuddles, neck scritches, and all the love you’re willing to give. With his friendly nature and easy-going personality, Zippa is a joy to have around and will make a wonderful companion for a home with other dogs—or just humans ready to shower him with love.","zippa",""
"2021-02-01","Northern Rivers (Grafton, Lismore, Casino)","956000011580410","Jazz","2025-09-05","FEMALE","","Meet Jazz! 🎷 Jazz is a laid-back, friendly girl with a lovely nature and a true love for canine company. She currently lives with other dogs and absolutely adores them—playtime with her four-legged friends is one of her favourite things in the world! While she’s polite and relaxed around new people, Jazz is definitely more of a “dogs before humans” kind of girl, always happiest when she’s part of a playful pack. This cool and easy-going girl travels like a pro and is perfectly at ease in the car, making her a great companion for road trips, day outings, or simply tagging along for the ride. Jazz takes everything in stride and brings a calm, contented energy wherever she goes. With her sweet, social nature and gentle personality, Jazz would thrive in a home with other dogs and a relaxed routine. If you're looking for a happy, well-adjusted boy who loves her canine companions and brings a quiet charm to every room, Jazz might just be the perfect match for you.","jazz-5",""
"2021-03-01","Northern Rivers (Grafton, Lismore, Casino)","956000011723735","Rose","2025-09-05","FEMALE","","Meet Rose!🌹 Rose is as lovely as her name suggests — a sweet, affectionate, and joyful greyhound who’s ready to fill her forever home with love, laughter, and plenty of cuddles. This social butterfly gets along beautifully with other dogs and is wonderful with children, making her a perfect match for a family home or anyone looking for a friendly companion to share life’s adventures. Rose loves her humans and thrives on affection — she’s happiest when she’s being cuddled, fussed over, or showered in kisses (which she’ll gladly return!). With her super affectionate nature and calm, gentle spirit, Rose has earned the title of “big cuddle monster” from everyone who’s met her. Whether she’s curled up next to you on the couch, leaning in for pats, or simply following you from room to room, she’ll always find a way to be close and connected. Rose is a confident, happy girl who’s ready to take on the world with her new family by her side. If you're looking for a loving, loyal, and snuggly companion who will be your shadow and your biggest fan, Rose is ready to blossom in her forever home.","rose-10",""
"2022-09-01","Northern Rivers (Grafton, Lismore, Casino)","956000014888140","Pebbles","2025-09-05","FEMALE","","Meet Pebbles! 🐶 Pebbles is a bright, bubbly, and super social greyhound who’s ready to win hearts wherever she goes! This lovely lady has a big personality and an even bigger heart — she adores the company of other dogs and gets along with absolutely everyone she meets, both two-legged and four. Pebbles has been well-socialised in the community and is comfortable and confident in a variety of environments. She’s spent plenty of time indoors and knows how to settle into home life with ease. Whether she's out and about or relaxing at home, Pebbles is always engaged, curious, and tuned into her humans. She’s a huge fan of pats, cuddles, and—of course—treats! Show her a snack and she’ll be your best friend in an instant. Her friendly, affectionate nature makes her a joy to be around, and she’s always up for a chat (or at least a tail wag and a nuzzle). Pebbles would thrive in a home where she can continue being part of the action—whether it’s social outings, doggy playdates, or simply lounging at your feet after a day full of love and attention. If you're looking for a sweet, sociable girl who’s already got the hang of home life and is ready to be your loyal companion, Pebbles is your perfect match.","pebbles-6",""
"2022-12-01","Northern Rivers (Grafton, Lismore, Casino)","956000014911733","Laverne","2025-09-05","FEMALE","","Meet Laverne! 🌸 Laverne is a sweet and sociable greyhound who’s ready to charm her way into your heart — and your home! This lovely girl gets along beautifully with other dogs, especially fellow greyhounds, and would make a wonderful addition to a home with canine companions. Laverne has been exposed to life both indoors and out, and she handles it all like a pro. She’s comfortable walking through busy streets and settles quickly once back inside, making her a great fit for suburban or city living. She's already shown she knows how to make herself at home — whether it’s lounging on a comfy bed or quietly hanging out with her humans. Always up for affection, Laverne will happily trot over for pats, cuddles, and a bit of love. Her gentle, friendly nature makes her easy to fall for, and she thrives on human connection without being overly demanding. With her easy-going temperament and affectionate heart, Laverne is ready to become a loyal and loving house pet. If you’re looking for a sweet companion who’s as calm as she is cuddly, Laverne could be your perfect match.","laverne-2",""
"2022-05-01","Northern Rivers (Grafton, Lismore, Casino)","956000011351637","Rodney","2025-09-05","MALE","","Meet Rodney! 🎾 Rodney is the kind of greyhound everyone dreams of — a friendly, easy-going, and happy soul who makes a perfect family pet. He’s fully house trained, so he knows how to settle into home life with ease and respect your space. Rodney truly loves children and has a gentle, patient nature that makes him wonderful with kids of all ages. Whether it’s playtime or quiet moments, he’s always ready to be a loyal and loving companion. His friendly and sociable personality means he gets on well with all dogs, big or small, and he enjoys meeting new furry friends wherever he goes. One of Rodney’s favourite pastimes is playing — especially chasing and retrieving balls! He’s got a playful spirit that can light up any backyard or park outing, but he’s just as happy curling up for a cozy rest when the fun winds down. His balanced energy makes him a great fit for families who want a dog that’s both lively and relaxed. Rodney’s easy-going nature and warm temperament make him a true social butterfly. He thrives on companionship and is happiest when he’s part of family activities, whether that’s going for walks, playing games, or simply hanging out together. If you’re searching for a loving, playful, and well-mannered greyhound who will bring joy and friendship to your home, Rodney is ready and waiting to become your new best friend!","rodney",""
"2023-11-01","Southern NSW/ACT (Bulli, Nowra, Goulburn, Canberra)","956000017151170","Sandy","2025-09-05","FEMALE","","Sandy is a stunning young dog, she is playful and fun. She is very sweet and affectionate, she gets along with everyone she meets. Once she is able to move and bust out a morning zoomie or go for a walk she is more than happy to lounge around. She is extremely obedient for a young dog and good to be left alone.","sandy-12",""
"2022-10-01","Southern NSW/ACT (Bulli, Nowra, Goulburn, Canberra)","956000011365367","Barry","2025-09-05","MALE","","Barry is beautiful gentle boy. He relaxes well on his own, he is good with kids and is getting good pet prep at the moment with visits to bunnings and local cafes.","barry-2",""
"2019-03-01","Northern Rivers (Grafton, Lismore, Casino)","956000006810234","Mitch","2025-09-05","MALE","","Meet Mitch! 🐾 Mitch is a friendly and affectionate boy who has a special fondness for fellow medium to large dogs. He’s sociable and gets along well with his larger canine peers, making him a great addition to a home with other dogs. Mitch would be best suited to a family with older children who understand his gentle nature and can enjoy his calm companionship. He has excellent recall, so you can trust him to listen and respond during walks and outings. Affection is Mitch’s love language—he adores pats and treats and will happily soak up all the attention you’re willing to give. He settles quickly into new environments and adapts easily, making transitions smooth and stress-free. Whether at home or on the go, Mitch travels well and is perfectly happy to go in and out of his crate, seeing it as a cozy and safe space. If you’re looking for a loving, well-mannered greyhound who enjoys canine company, gentle affection, and life’s little adventures, Mitch is ready to bring joy to your home.","mitch-2",""
"2020-12-01","Southern NSW/ACT (Bulli, Nowra, Goulburn, Canberra)","956000012861481","Tracker","2025-09-05","MALE","","Meet Tracker! 🐕‍🦺 *ATTENDING THE ANU ADOPTION DAY - 6TH SEPTEMBER* Tracker is a big, bold, and lovable greyhound who’s full of personality—and sometimes he forgets just how big he really is! This beautiful boy has a heart as big as his paws and an enthusiasm for life that’s truly contagious. He absolutely adores children, greeting them with excitement and plenty of tail wags, making him a wonderful family companion. Confident and curious, Tracker loves to explore new places and sniff out every interesting corner on his adventures. When he first sets off on a walk, he can be a little eager and pull on the lead as he races ahead, but once he gets into his stride, he settles into a smooth, steady pace that’s a pleasure to walk alongside. Tracker thrives on attention and affection—he’s a social butterfly who loves to be the centre of your world and soak up all the love you can give. His zest for life and friendly nature make him a fantastic companion for active families or anyone looking for a fun-loving, energetic friend. If you’re ready to keep up with a confident, adventurous boy who’s always up for a good time, Tracker is ready to join your family and fill your days with joy and laughter! 👇 Click here for information on the ANU adoption day & to register for the dogalogue","tracker-1",""
"2023-05-01","Southern NSW/ACT (Bulli, Nowra, Goulburn, Canberra)","956000014886526","Magpie","2025-09-05","MALE","","Magpie is a very charming and affectionate boy, he is great with other greyhounds and has lived around a Labrador in semi rural environment. Has been walked by kids regularly.","magpie",""
"2021-03-01","Southern NSW/ACT (Bulli, Nowra, Goulburn, Canberra)","956000012930758","Precious","2025-09-05","FEMALE","","Meet Precious 💖 *ATTENDING THE ANU ADOPTION DAY - 6TH SEPTEMBER* True to her name, Precious is a delicate and loving girl with a heart full of affection. She’s wonderfully gentle with children and has grown up surrounded by other greyhounds, so she knows how to be a calm and friendly companion to her furry friends. Precious can be a little shy when meeting new people, taking her time to warm up — but once she feels comfortable, she’s quick to settle in and always ready to give a sweet hello. Her soft-spoken nature makes her an ideal match for a quiet household or an elderly couple who can offer her the patience and gentle love she deserves. With so much love to give, Precious is looking for a peaceful home where she can feel safe and cherished. If you’re ready to open your heart and share your calm space, Precious will be a loyal and tender friend for life. 👇 Click here for information on the ANU adoption day & to register for the dogalogue","precious-2",""
"2022-02-01","Southern NSW/ACT (Bulli, Nowra, Goulburn, Canberra)","956000007829720","Chester","2025-09-05","MALE","","Meet Chester! 🐾 *ATTENDING THE ANU ADOPTION DAY - 6TH SEPTEMBER* Chester is a stunning greyhound with a calm and confident nature that makes him the perfect companion for many lifestyles. He’s incredibly sociable and gets along wonderfully with other dogs, especially his greyhound friends and German shepherd pals. Whether it’s a gentle play session or a peaceful walk side by side, Chester truly shines in the company of other furry friends. Having grown up around children, Chester is patient, gentle, and loving, making him a fantastic family dog. He enjoys the lively energy kids bring but also knows how to relax and unwind quietly when it’s time to chill. His calm demeanour means he’s well-suited to homes where a peaceful atmosphere is valued. Chester would be happy living in a townhouse, where he can enjoy cozy indoor spaces and short, enjoyable outdoor adventures. His confidence means he handles new environments with ease, while his laid-back personality ensures he’s not demanding or hyperactive. If you’re looking for a loyal, loving, and well-mannered greyhound who thrives in a social setting and adores family life, Chester is ready to bring joy and calm companionship to your home. 👇 Click here for information on the ANU adoption day & to register for the dogalogue","chester-3",""
"2021-04-01","Southern NSW/ACT (Bulli, Nowra, Goulburn, Canberra)","956000007439202","Ivy","2025-09-05","FEMALE","","Ivy is a beautiful girl who loves to play, like most greyhounds she loves a morning zoomie and a bit of fun followed by some serious relaxing and lounging around. She is sweet social and confident girl.","ivy-5",""
"2021-03-01","Southern NSW/ACT (Bulli, Nowra, Goulburn, Canberra)","956000007427135","Chester B","2025-09-05","MALE","","Chester is a lovely boy who gets on with all size and shaped dogs and is great with kids. He is a social and confident boy.","chester-b",""
"2021-06-01","Southern NSW/ACT (Bulli, Nowra, Goulburn, Canberra)","956000012961253","Travis","2025-09-05","MALE","","Travis is a gentle and very friendly boy. He likes making new friends. He likes to play, loves affection, will come when he is called. He is currently living in the Shoalhaven in a suburban area waiting for his new family.","travis",""
"2020-10-01","Western Sydney (Londonderry)","956000007464026","Meraki","2025-09-05","FEMALE","","Hi, I'm Meraki, I'm a super sweet girl, who cant wait to find my new home! I can be a little shy at first, but with a bit of time and a chance to warm up to you, I'll be ready to give and take lots of love 💖 I wouldn't mind sharing my new home with another canine buddy, big or small! In fact, I think a new friend is exactly what I'll need in my new home. I can also walk up and down stair cases! PS...I can also be rehomed with my best friend Cuddles! I can't wait to meet you at Western Sydney!","meraki",""
"2023-02-01","Western Sydney (Londonderry)","956000014914658","Romeo","2025-09-05","MALE","","*Romeo is in a foster care home in the Inner West* Foster Update: Romeo is super happy, affectionate and playful pup (no resource guarding or sleep startle observed). He is quite confident and outgoing at home. When he’s asleep he is angelic and when he is awake, he is effervescent. He has settled in quickly, he knows where his beds are and has a sleep bed and a play bed, he figured out very quickly where his toys live and how to dig the goat horn his favourite toy out of the basket. Romeo is a quick learner and has now mastered indoor and outdoor steps. He is responding to his name most of the time. His playful antics make us laugh to no end. He is happy to pass dogs on a footpath without much notice. Favourite things about him: His beautiful soulful eyes, his stunning looks, his mischievous personality, his independence and his affectionate behaviour. *Romeo is available from the Western Sydney adoption centre via appointment with his foster carer*","romeo-1",""
"2022-12-01","Western Sydney (Londonderry)","956000013025866","Raider","2025-09-05","MALE","","Raider is a sweet quiet boy who is friendly and calm around greyhounds and small dogs, making him a great addition to a home with other dogs. He would suit older/teenage kids as he can be shy and nervous in new places and situations with a lot of stimulus. Raider is known to play bow at other dogs and act like a gentleman around them! He walks nicely on the lead and is good indoors, making him a good office buddy if you work from home! Raider would prefer a townhouse/backyard over an apartment and a quiet neck of the woods is best suited. Raider is available at Western Sydney.","raider",""
"2022-04-01","Western Sydney (Londonderry)","956000011368156","Bert","2025-09-05","MALE","","Bert is a shy boy who is growing more confidence every day. He is adorable, endearing, tiny in size, and has these bright brown eyes... He most importantly has a one of a kind, amazing personality which one lucky family will get to see! He has a wiggly goofy side and we all love him at the centre as we've seen him transform and grow in confidence. Once he knows you he is super affectionate and friendly & even has an excitable and playful side that is coming out more and more. What has helped him grow in confidence is his love of food and treats, and other dogs his size. He gets a lot of social support and confidence from other greyhounds. We think an experienced greyhound owner, a quiet nurturing home, and a backyard/townhouse will set Bert up for success. Teenage kids who have experience with shy dogs would be suitable. We are looking for a perfect fit for our Bert and we are hoping you love him too! This goofy, quirky, adorable little guy is available soon at Western Sydney. Chat with the team to arrange a meet and greet for when he becomes available!","bert-3",""
"2015-10-01","Western Sydney (Londonderry)","956000004398044","Skye","2025-09-05","FEMALE","","*Skye is currently in a foster care home in an apartment - enquire with the team for more info * Here is a recent update from her foster parents! ""She is a champion on the stairs, and also has mastered the elevators. She is smart girl and has pretty much memorised the walk down the corridor, into the elevator, through the carpark to the ""doggie wee lawn outside our building. When leaving the elevator she knows which door in the corridor is ours! She is a dream on the lead. She is happy to walk at your pace. She is super clean, and that is good in an apartment. She has chewed/destroyed nothing, although loves bursts of playtime with her toys. absolute good girl. snuggle bunny, affectionate and so, so sweet."" This super friendly and affectionate girl loves to sit in your lap, and loves everyone she meets! She would prefer to love all to herself in the home so a home without any existing pets is best. She would suit walkies or calm play dates with calm dogs big or small. This lovely lady is looking for somewhere to put her paws up, and she settles well indoors, and can even do stairs, making her apartment suited! She also has lovely leash manners and promises to walk nicely beside you for trips around the block. Skye is available by appointment at the Western Sydney adoption centre.","skye-1",""
"2021-03-01","Western Sydney (Londonderry)","956000011575661","Larry","2025-09-05","MALE","","""Happy as Larry"" is a gentle boy who has lived among other greyhounds, and who would enjoy a home with another dog. He has been known to snuggle up with small dogs, too. He can be nervous in new places on his own, and we think a dog friend would give him social support. He has spent time around kids 12 +. Larry is a good traveller, and is referred to by his handlers as 'happy as Larry' due to his playful, engaged side! Once he's warmed up to you, he's a playful, active, happy and confident boy. He makes his own fun and loves toys. He has experience walking suburban streets and is a happy boy who likes the attention of everyone, particularly children on walks! Larry is available at the Western Sydney adoption centre.","larry-3",""
"2021-02-01","Western Sydney (Londonderry)","956000011712732","Bobby (Western Sydney)","2025-09-05","MALE","","Bobby is a lovely, quiet and friendly boy who has experience with kids 6-10 yrs old. He's been learning about the family household and has spent time mingling with other breeds including German Shepherds, and would suit a home with a Medium-Large dog friend. He likes playing with kids, fine meeting new people and strangers, and has a confident, adaptable nature about him. Did we mention he has adorable floppy ears, too? Meet Bobby at the Western Sydney adoption centre.","bobby-western-sydney",""
"2021-05-01","Western Sydney (Londonderry)","956000011586224","Nacho","2025-09-05","MALE","","Taco bout cute! We don't want to make it too cheesy, but in between napping and playtime, we think Nacho's got what it takes to salsa into your life like he's always been there. Nacho would be a great accompaniment to a home with another small, medium or large dog! He is affectionate, friendly and confident. Respectful with dog experience would be a great match. He’s looking for a family who can appreciate a dog with a zest for life (and cheesy puns...) Nacho is available at the Western Sydney adoption centre. All you have to do is bring the love (and maybe some chips).","nacho-1",""
"2021-04-01","Riverina (Wagga, Temora, Gundagai, Griffith)","956000012861333","Yori","2025-09-05","MALE","","Meet Yori 🐾💙 If you’re after a cheerful, people-loving, tail-wagging goofball of a greyhound... look no further than Yori! This happy boy is bursting with personality and charm – the kind of dog who lights up every room (and park, and café, and office!) he walks into. Yori is an all-around social butterfly. He absolutely loves people and wants to say hello to everyone he meets – humans, dogs, kids, you name it. He’ll trot over with his big happy grin, lean in for pats, and soak up every bit of love like the big softie he is. He’s also a classic Velcro hound – always ready to follow you from room to room like your biggest fan (which, let’s be honest, he is). Whether you're cooking dinner, working from home, or binge-watching your favourite show, Yori will be right there, just happy to be near you. ✅ Great with other dogs ✅ Wonderful with children ✅ Equally happy solo or with a greyhound friend ✅ Loves cuddles, pats, and being part of the action ✅ Would make the perfect office dog (he’d love to go to work with you!) Despite his goofy, happy-go-lucky nature, Yori is easy-going and well-mannered. He doesn’t ask for much – just your company, a few good belly rubs, and the chance to be your loyal sidekick. Yori is ready to be your best mate – at home, at work, and everywhere in between. He’s got love to give, a wag for everyone, and a heart as big as his smile.","yori",""
"2021-02-01","Western Sydney (Londonderry)","956000007458851","Paprika","2025-09-05","FEMALE","","Paprika is an adorable girl who is enjoying her training here at the adoption centre! She is a quick learner, independent (great for longer hours left alone) and would suit older/teen kids. Paprika would do best with a house with backyard/townhouse yard to enjoy the sunshine! This smart, friendly girl is a delight to spend time with. Although Paprika adores your company, she's mature enough to respect your personal time and space. After a fun-filled day, she's more than happy to curl up for a nice long nap, preferably somewhere close to you. She is engaged, smart and curious. Paprika is a mix of playful energy and content companionship, making her the perfect addition to any loving home. Add some spice to your pantry today by adopting Paprika!","paprika",""
"2021-08-01","Western Sydney (Londonderry)","956000007426658","Berry","2025-09-05","FEMALE","","*Berry is in a foster care home in an apartment - reach out to the team to meet her!* Berry is a sweet girl ready to be picked! 🍓 Berry is a cute, friendly, gentle and fun girl who does well in apartment/indoor settings, and who would suit a home with respectful kids. Berry is jam-packed with an adorable personality and she can't wait to share it with you! She could build up to longer hours left alone in a quiet neighbourhood. Berry is looking to be a solo pet, so a home without other dogs would be berry nice. Despite her greying face and salt and pepper eyebrows, this girl is still young and looking for her perfect home. Contact Western Sydney to adopt her!","berry-4",""
"2022-08-01","Northern Rivers (Grafton, Lismore, Casino)","956000014878013","Opal","2025-09-05","FEMALE","","Meet Opal! 🐾 Say hello to Opal, a sweet and sociable greyhound who truly shines when she’s sharing her time and space with other dogs. She loves roaming freely in the yard alongside her furry friends and would absolutely adore finding a forever home where she can have a canine companion to share adventures with. While Opal hasn’t had much regular contact with children, she would likely do well with older kids who understand her gentle nature. She’s perfectly happy to entertain herself in the yard but always loves being involved in family life — especially when it means showering you with her favourite thing: attention and affection. She also is a great travel companion cruising in the car with you. Opal is a loving girl who thrives on companionship and connection. If you have room in your heart (and home) for two four-legged friends and lots of love to give, Opal could be the perfect addition to your family!","opal-7",""
"2019-11-01","Northern Rivers (Grafton, Lismore, Casino)","956000012226823","Cindy","2025-09-05","FEMALE","","Meet Cindy! 🐾 Say hello to Cindy, a beautifully relaxed and loving girl who's ready to bring warmth and joy into a forever home. With her gentle soul and easy-going nature, Cindy is one of those special dogs who fits in just about anywhere. She’s brilliantly behaved, loves the company of other dogs, and is wonderfully gentle with children – making her a perfect addition to families, couples, or anyone simply looking for a calm and affectionate companion. Cindy’s biggest joy in life is being with her people. Whether she’s nuzzling in for kisses, leaning in for cuddles, or gently pawing for another pat, she’ll melt your heart in an instant. She’s also playful in the most delightful way – happy to toss around a toy in the backyard before stretching out in the sun for a lazy afternoon snooze. Cindy doesn’t ask for much – just love, comfort, and a family to share her sweetheart with. If you're looking for a calm, cuddly, sunshine-loving greyhound who will adore you endlessly, Cindy is waiting to meet you.","cindy-4",""
"2020-06-01","Northern Rivers (Grafton, Lismore, Casino)","956000007836364","Double","2025-09-05","MALE","","Meet Double! 🐾 Looking for a fun, friendly, go-anywhere kind of dog? Double might just be your perfect match! This gorgeous boy is as adaptable as they come – he’d thrive in just about any environment, whether it’s a busy family home or a quieter setting with active humans. Double walks beautifully on the lead, gets along wonderfully with all dogs, and adores children of all ages. He loves his people and to be involved with everything going on inside your household. With his playful, engaging personality, Double is always up for some fun – especially if it involves toys or exploring new places. He’d love a family that enjoys adventures and will include him in their day-to-day life, from park strolls to weekend outings. Double is more than ready to bring joy, fun, and a whole lot of love into his forever home!","double",""
"2015-12-01","Western Sydney (Londonderry)","956000004111485","Minnie (Western Sydney)","2025-09-05","FEMALE","","Little miss Minnie is a gentle, loving girl here at the adoption centre. Minnie can be cautious and curious around new dogs and people but we know she will become an amazing pet. Minnie is very comfortable around other greyhounds and we think a home with another greyhound would support her confidence and social learning! Minnie has a high food drive and is very switched on, showing you can teach an old pup new tricks. This little lady will thrive in a calm, supportive home. Minnie is available at the Western Sydney adoption centre.","minnie-7",""
"2023-01-01","Western Sydney (Londonderry)","956000015730086","Cashew","2025-09-05","FEMALE","","Cashew is a small, smart, vibrant and cheerful girl. She has an energetic side and would do best with an active and stimulating life, with a backyard to call her own. A structured routine and someone who enjoys the company of a confident, engaged dog, would be the best fit. Someone who enjoys dog training and living a fun, full life, would love having Cashew by their side. Cashew has some experience around older children and would suit living in a family with kids as she would keep the kids entertained and would love to be part of your daily activites. This gorgeous girl is super friendly, active, curious, loves to run and play, chase balls and live a fun life! This adorable little girl can be adopted at Western Sydney.","cashew-1",""
"2022-07-01","Northern Rivers (Grafton, Lismore, Casino)","956000014889576","Molly","2025-09-05","FEMALE","","Meet Molly! 🐾 Say hello to Molly, a bright and bubbly gitl with a heart full of joy! This gorgeous girl is a social butterfly who gets along brilliantly with other dogs and is even cat-friendly – she just needs a gentle, slow introduction to get things started on the right paw. Molly is a happy soul who loves her toys and will happily entertain herself with a game or two before settling down for her favourite activity: cuddles and kisses! She thrives on affection and is always ready to snuggle up close with her humans. With her sweet nature, playful spirit, and love of company, Molly would make a wonderful addition to a loving home looking for a gentle, affectionate companion with plenty of love to give.","molly-15",""
"2014-03-01","Western Sydney (Londonderry)","956000003286706","Buttercup","2025-09-05","FEMALE","","Buttercup is a gentle older girl, looking for a calm and peaceful life. She would suit a home with or without a dog friend. She is friendly with the small dogs here, showing off her laid back nature. She also enjoys spending time with another senior female greyhound, Wanda, in our office. Full time hours/working families are suitable for Buttercup as she does not fret when left alone in our office setting. This older gal would suit older/quiet children who will let her have her peace and quiet that she deserves. She could also spend her days relaxing in an apartment (with lift access). Buttercup is available from the Western Sydney adoption centre.","buttercup-1",""
"2020-03-01","Western Sydney (Londonderry)","956000007828624","Lyla","2025-09-05","FEMALE","","Lyla is a delightful girl with a fun personality that is perfectly balanced by her sweet and gentle nature. Lyla's charm and warmth are sure to bring joy to any household. She is super affectionate, confident, loves people and loves to do a zoomie! Older children would enjoy her fun side, and laid back couples/families would enjoy her adaptable nature if living in a unit/apartment with an active lifestyle. This gorgeous girl would suit some hours alone as a solo dog. She requires a home without any other doggie pals. She can also do stairs! She makes her a wonderful companion for families or individuals looking for an active yet loving friend. A family that enjoys playtime and outdoor activities would be perfect for her. At the same time, she appreciates quiet moments of affection and will happily snuggle up for some downtime. Lyla is available at the Western Sydney adoption centre!","lyla",""
"2016-05-01","Western Sydney (Londonderry)","956000005412405","Trixie","2025-09-05","FEMALE","","*Trixie is in a foster care home in an apartment - reach out to the team to meet her!* Foster Update: ""Trixie has been such a sweet girl, and her personality is really starting to shine these past few days. She’s so excited to go on walks, more focused on us rather than other people and dogs. So far we’ve been able to leave her overnight in her safe space downstairs with her bed and food, and she’s settled really well. During the day, we’ve been gradually building up her time alone, and she’s been fine for up to an hour to an hour and a half so far. When she met the greyhound in the park, she was very keen to say hi, so I think she would do well with other dogs. At the same time, she absolutely adores us, always leaning, cuddling, and rubbing against us. She’s thriving as a single pet at the moment and not showing any signs of being bored with just us in the house. She’s really come out of her shell!!! from calm and quiet to a sweet, excited girl. She wags her tail when she knows it’s time for a walk, and greets us happily every morning. She isn’t food-driven and doesn’t like many treats, though she loves a bit of cooked chicken. The only challenge has been stairs inside our apartment, she’s quite nervous about going up, we’ve been gently encouraging her and she’s now managing one or two steps on her own before retreating. I think Trixie would do well in a home with someone who can give her two walks a day — a short 20–30 minute one in the morning for the toilet and exercise, and a relaxed evening walk. She’s definitely a morning girl, happy to chill on the sofa during the day but also loves to cuddle, follow you around, and just be close. She’s a very sweet and happy girl."" Trixie can be adopted at the Western Sydney adoption centre.","trixie-5",""
"2021-01-01","Western Sydney (Londonderry)","956000011576736","Lulu","2025-09-05","FEMALE","","*Lulu is in a foster care home in an apartment - reach out to the team to meet her!* Lulu has great leash manners, enjoys spending time indoors, happy for some hours alone (even likes a crate!), and did we mention she can ""sit""? Lulu shows lots of training potential as a few treats are the way to this girls heart. Lulu loves to give affection just as much as she loves to give it and cant wait to find her new family. Her new family might even already have a another dog, which Lulu wouldn't mind! She is apartment suitable, suitable for children and is very affectionate and trainable. Are you ready for lovely Lulu to become apart of your family? Meet her at Western Sydney 😄","lulu-4",""
"2020-10-01","Riverina (Wagga, Temora, Gundagai, Griffith)","956000007827661","Buddy","2025-09-05","MALE","","Meet Buddy! A happy, friendly dog who loves meeting people, is easy going and loves life. Basking in the sun is one of his favourites past-times, as is playing in the yard with his greymates and attention from his humans. He loves it when he comes inside and lies on the rug but would love a couch all to himself (currently occupied by the 'boss' girls). He's also happy spending time on his own during the day, hanging out in the garden, sun-snoozing on the grass or in a sheltered spot in cooler times (veranda, gazebo). Buddy has also met a Maremma and a Great Dane x, and is an easy maintenance lad who just wants some love and attention and a cruisy, simple life. He will making a loving companion for anyone wanting an affectionate friend to hang out with. 💙","buddy-13",""
"2021-10-01","Riverina (Wagga, Temora, Gundagai, Griffith)","956000013024094","Rex","2025-09-05","MALE","","Rex is a handsome and confident boy with a playful spirit and a heart full of love. He thrives on human companionship and will be a loyal shadow to his forever family—whether lying by your side, working alongside you, or joining in on daily adventures. Rex is housetrained, loves attention, and soaks up every pat and cuddle you can give. He would prefer to be the only dog in his new home, where its his time to soak up all the love. A large yard or acreage would be ideal for his zoomies, and he’s happiest with regular walks and space to run, then rest outside during the day for workers. Best suited to a home with an active person, couple or family with older kids (7+), someone home for some of the day, Rex is ready to bring joy, companionship and loyalty into your life. He's looking through the back door right now ready to come inside! 😍","rex-5",""
"2020-10-01","Western Sydney (Londonderry)","956000007437964","Veruca","2025-09-05","FEMALE","","Hi, I'm Veruca! I'm a sweet, gentle girl looking for a place to call home! I love my walks and have shown to be quite well mannered whilst I'm out and about. I may be a little shy at first but once I warm up to you, I love lots of pats and ear scratches. I love my greyhound buddies, and pending a meet and greet, I wouldn't mind going home with canine companion! I cant wait to meet my new family 🏠 If you think I might be the girl for you, come meet me at Western Sydney 🐾","veruca",""
"2015-04-01","Western Sydney (Londonderry)","956000004268540","Penny (Western Sydney)","2025-09-05","FEMALE","","Meet Penny, a sweet girl in her golden years, eager to bring a whole lot of love and chill vibes to her new family! Penny has shown that you definitely can teach an old gal new tricks! She can do stairs and walks very well on lead, so she could potentially find her new home in an apartment or townhouse. She gets on wonderfully with other dogs, big and small, so pending a meet and greet, Penny wouldn't mind sharing her new home with other canine companions. She would prefer someone home more often than not while she settles in but can slowly work up to longer hours alone. This easy going girl is full of affection and would make the perfect low maintenance addition to your home. If you think she could be the girl for you, come down and meet her at Western Sydney!","penny-14",""
"2022-11-01","Southern NSW/ACT (Bulli, Nowra, Goulburn, Canberra)","956000014884613","Roman","2025-09-05","MALE","","Roman is a stunning calm boy with a loving nature. He is great company, easy to be around and is already living in suburban household like a valued family member. He is a confident boy who has no issues being on his own while your at work.","roman-1",""
"2022-02-01","Southern NSW/ACT (Bulli, Nowra, Goulburn, Canberra)","956000007467880","Barney","2025-09-05","MALE","","Barney is a charming boy, he may use some caution when meeting someone new however he will open up quite quickly and show his beautiful personality. He is very friendly, great to walk on the lead and is relaxed when left alone. He is gentle and great with kids.","blockie",""
"2021-04-01","Southern NSW/ACT (Bulli, Nowra, Goulburn, Canberra)","956000007454637","Helix","2025-09-05","MALE","","Helix is a chilled out customer who enjoys looking after the yard and hanging out during the day and enjoys coming in to relax in the loungeroom of an evening. He is a gentle boy who is great company and would suit fulltime workers.","helix",""
"2022-03-01","Riverina (Wagga, Temora, Gundagai, Griffith)","956000013063586","Wren","2025-09-05","FEMALE","","Wren is a gentle, sweet-natured girl who can be a bit shy at first, but once you sit quietly and let her come to you, her affectionate personality shines through. A few treats and a little chat go a long way with this lovely lady! She loves her morning zoomies and playtime with her retired greyhound friends, then settles in for some chill time with the family – including a whippet, a Jack Russell, and three older greyhounds. She's well-behaved indoors and enjoys being part of the daily routine. Wren walks beautifully on the lead and is calm and confident around town – not fazed by traffic, past school playgrounds, other dogs, or people. She’s a happy, social girl who loves a gentle pat and attention. Wren would make a wonderful companion in a variety of homes. She’d be happy as an only dog with someone who’s home often or works part-time from home. She’d also be delighted to share her home with a small, friendly dog, especially a whippet. If you're looking for a loyal, gentle, and loving new friend, Wren could be the perfect match for you! 💝","wren-1",""
"2022-11-01","Western Sydney (Londonderry)","956000015729131","Son","2025-09-05","MALE","","Hi, I'm Son! I've been described as calm, loving, sociable, and easy going! I'm happy travelling, snoozing in crates, snuggling into new people for a bit of attention and pats. I've got a charming nature and I think I'm pretty adaptable in new situations! I would suit respectful kids and a backyard to search for my toys in! I'm a confident fella who can't wait to meet you. You can meet me at the Western Sydney adoption centre!","son-7",""
"2019-03-01","Western Sydney (Londonderry)","956000006665076","Ernie","2025-09-05","MALE","","Meet Ernie! This sweet boy has been around kids 12+, he's got a quiet nature and would suit a home with a quiet, laid back energy. He's a shy, loving boy who needs someone to show him trust and commitment, and then he will flourish into a playful, cheeky boy! Despite being shy at first we have noticed he warms up with treats and pats and even enjoys car rides! Ernie can't wait to bring lots of love and fun into his new home 🏠 Ernie is available at Western Sydney 🐶","ernie-6",""
"2021-06-01","Western Sydney (Londonderry)","956000011639626","Jay","2025-09-05","MALE","","Hello, aren't I handsome? My name is Jay and I can't wait to meet you... A little bit about me. I've been around kids 3 and up, and even spent some time hanging out with a sausage dog which I thought was pretty fun! My ideal home? Well I'd like a townhouse or backyard, gotta show off my zoomies and snooze in the sun of course. I can be a bit shy so I hope you have the patience to see me grow into a confident boy along side you. I really like a gentle touch and an understanding person to make me feel comfortable. Please come and see me at the Western Sydney adoption centre.","jay-6",""
"2020-02-01","Western Sydney (Londonderry)","956000007834917","Sparrow","2025-09-05","FEMALE","","Tweet tweet....a little birdie tells me you may have just found your perfect match! Did you know I was born on February 29th? Yep, I'm a ""Leapling""! This little cutie is a shy girl, looking for a nurturing home to call her own. She has had some experience around dogs including her fellow greyhounds and would enjoy a calm, peaceful life to support her to thrive into the brave girl we know she can be. She prefers cuddling and relaxing over play time and adventures, and would ideally suit a homebody in a quiet neighbourhood. Respectful teens/tweens would be best suited, as Sparrow has some experience around older kids. Come meet this sweet girl at Western Sydney!","sparrow-1",""
"2023-10-01","Northern Rivers (Grafton, Lismore, Casino)","956000016198256","Doris","2025-09-05","FEMALE","","Meet Doris! Doris is a lively and affectionate girl who absolutely adores the company of other dogs her size. She’s happiest when she’s playing or hanging out with her canine pals, and she’s got a sweet, easy-going nature that makes her a joy to be around. Doris does best with smaller dogs when they’re introduced slowly and under supervision, so she can get comfortable at her own pace. She’s a pro at car rides — calm and well-behaved — making her a perfect travel buddy. Always buzzing with energy and curiosity, Doris loves to say hello to everyone she meets. If you’re looking for a friendly, busy greyhound who’s as easy-going as she is lovable, Doris is your girl","doris-2",""
"2020-12-01","Western Sydney (Londonderry)","956000007374898","Edi","2025-09-05","FEMALE","","Hi, I'm Edi! I was born on Christmas Day! I can be shy around new people but I promise to be a total love bug once I know you! I'm learning about all things ""pet"" right now including being indoors, things like couches and TV's are pretty cool! I also like the crate, and the splashy pool in summer! I'm learning about busy streets and have mingled with kids, too. I am quiet, affectionate, calm and friendly and hope you would like to come and meet me at the Western Sydney adoption centre!","edi-1",""
"2021-11-01","Southern NSW/ACT (Bulli, Nowra, Goulburn, Canberra)","956000012863526","Daffy","2025-09-05","MALE","","Daffy is strapping confident boy. He is good on his own, he is confident and social. He is good company for walks and is great on the lead. When its warm he loves a swim in the dam.","daffy",""
"2023-03-01","Southern NSW/ACT (Bulli, Nowra, Goulburn, Canberra)","956000014910079","Beamer","2025-09-05","FEMALE","","Beamer is a pretty young girl. She is playful and confident, she is affectionate. She walks well on the lead and is comfortable left on her own also. She would make a great addition to the family.","beamer",""
"2021-12-01","Western Sydney (Londonderry)","956000011645742","Scoot","2025-09-05","FEMALE","","Small in size but BIG on love, personality, energy and good vibes, Scoot has shown us her amazing personality while at the adoption centre. Scoot truly conquers the world with confidence - and is NOT your typical greyhound! Scoot requires an experienced owner with experience working with highly aroused dogs (think working dogs, kelpies, etc) to see their full potential through structure and a routine, who understands her needs and someone who loves Scoot for all her quirks. Her perfect owner would be someone who can commit to, and wants to, take her for lots of walks, engage in play, enrichment and a constant outlet for her energy. In saying that, she settles well for full time hours if she'd had a long walk (1 hour) and then can be left during the day. Scoot would love a home with another goofy dog friend however often she often lacks proper social skills - so a tolerant dog friend who doesn't mind her shenanigans is best. As for her perfect home, she would be happy chilling in an apartment if her needs above are met (she also likes a crate). Stairs are fine by her too! She has a high energy and bouncy nature so if you have a backyard she'd love that, too. Teenage kids with big dog experience would be best suited, as to avoid overstimulation. Scoot is incredibly social, she LOVES people and cuddles. If you can commit to training, and want to see Scoot thrive, come and meet her at the Western Sydney adoption centre. Once she gets to know you we promise she will roll into your lap (see photos!)","scoot-1",""
"2019-12-01","Western Sydney (Londonderry)","956000005726654","China","2025-09-05","MALE","","Watch out for those big puppy dog eyes! Sweet little China is as precious as his porcelain name! China is a fun, sometimes shy, sometimes playful, sweet boy looking for a home! China is polite with big and small dogs on walkies and would be happy to share his new world with a dog by his side. He walks nicely on lead and has your quintessential greyhound personality of zoomies, naps and will always greet you with a little wagging tail. Respectful children are welcome, too. We can't wait to see who loves China as much as we do! China can be adopted at the Western Sydney adoption centre.","china",""
"2019-10-01","Western Sydney (Londonderry)","956000005713751","Billy Bob","2025-09-05","MALE","","Hi, I'm Billy-Bob, I'm a gentle boy who is waiting someone just like you! I am polite, great with new people and have shown that I will do anything for a little treat! I haven't yet spent time in a home or around those little people called children, but due to my sweet nature I think I'll do well where ever I step paws. I'm a really nice guy who promises to be your new best friend and someone who will accompany you on all your adventures to come. You can meet me at the Western Sydney adoption centre.","billy-bob",""
"2018-10-01","Western Sydney (Londonderry)","956000006170645","Dennis","2025-09-05","MALE","","Dennis is a polite and confident middle aged gentleman who is happy to receive pats and attention from any of his admirers! Dennis would suit a home with respectful children who are looking for an affectionate play mate. Dennis walks nicely on the lead and loves to catch up on all the sniffs around town while showing off his good looks. Dennis is a lovely gentleman who will thrive with a townhouse/backyard and or doggie friends to keep him company! Dennis can be adopted at the Western Sydney adoption centre","dennis-2",""
"2022-05-01","Western Sydney (Londonderry)","956000014846020","Alan","2025-09-05","MALE","","Alan is a sweet and reserved boy looking for an understanding home. Alan would enjoy his own backyard and sunny spot to snooze and watch the world go by. Alan would suit a home with M-L dogs at home, and older kids/teenagers who can respect a shy dog. Alan is a gentle boy who is nice on the lead and requires a nurturing home to really grow into the perfect pet we know he can be! Alan can be adopted at the Western Sydney adoption centre.","alan-2",""
"2020-11-01","Western Sydney (Londonderry)","956000007466849","Stella","2025-09-05","FEMALE","","Stella is a cute and shy girl looking for a peaceful home. Stella would happily enjoy a home with another dog big or small as she is gentle and polite. A home without children would suit her best for now as she can be nervous around too much commotion. This sweet girl will thrive with a nurturing owner and we can't wait to see her grow into a confident amazing pet! Stella can be adopted at the Western Sydney adoption centre.","stella-6",""
"2021-10-01","New England","956000012790590","Diesel","2025-09-05","MALE","","With his sweet little undershot jaw, Diesel oozes character both on the outside and on the inside! This sweet dog is good with children and other dogs, he is ready to slot right into family life and find a sofa to call his own. Whist he loves to play ball and goof around, Diesel is also happy to curl up next to his person for a cuddle and a snooze!","diesel-6",""
"2020-02-01","Hunter Valley Mid Coast (Maitland/ Muswellbrook/Newcastle/Forster)","956000007828530","Yukey","2025-09-05","FEMALE","","Meet Yuckey! 🐶💖 Yuckey is a sweet and playful girl with a heart full of love and a special bond with her best friend, Rufus. These two are inseparable and are looking for a forever home together where they can keep each other company and bring double the love. Yuckey walks beautifully on the lead and enjoys playtime with her toys and doggy friends. She’s equally happy to chill out and watch the world go by, making her a wonderful balance of fun and calm. If you're ready to open your home to a bonded pair full of love, personality, and charm, Yuckey and Rufus are ready to meet you! See Rufus' profile - https://www.gapnsw.com.au/our-greyhounds/rufus-1","yukey",""
"2020-04-01","Hunter Valley Mid Coast (Maitland/ Muswellbrook/Newcastle/Forster)","956000012255311","Rufus","2025-09-05","MALE","","Introducing Rufus! 🐾❤️ Rufus is a gentle, social boy who absolutely adores his canine companions — especially his best mate, Yukey! These two are a bonded pair and are looking for a loving home together where they can continue their journey side by side. Rufus is calm, affectionate, and walks beautifully on the lead, making him a joy to take on daily strolls. He could also live with a cat, given a slow introduction. If you're looking to welcome not just one, but two sweet, well-mannered greyhounds into your heart and home, Rufus and Yukey might be the perfect duo for you! See Yuckey's profile here - https://www.gapnsw.com.au/our-greyhounds/yukey","rufus-1",""
"2021-12-01","Hunter Valley Mid Coast (Maitland/ Muswellbrook/Newcastle/Forster)","956000011647469","Sahsa","2025-09-05","FEMALE","","Meet Sasha! 🐶 Sasha is a sweet and social greyhound who absolutely loves the company of other dogs! She currently lives happily with another canine companion and would thrive in a home with a doggy friend. Sasha is also a great traveller — she settles beautifully in the car, making her a perfect road trip buddy. Treats and toys are two of Sasha's favourite things, and her playful personality shines when she's having fun. While she adores other dogs, she’ll need a slow and thoughtful introduction to smaller pups to help her feel settled. If you’re looking for a loving, playful girl who’s ready to be part of the pack, Sasha could be your perfect match!","sahsa",""
"2023-06-01","Hunter Valley Mid Coast (Maitland/ Muswellbrook/Newcastle/Forster)","956000012956921","Ramsay","2025-09-05","MALE","","Meet Ramsay! 🐾💙 Ramsay is a friendly and affectionate greyhound with a gentle soul and a playful streak. He gets along beautifully with dogs of all shapes and sizes, and with a slow introduction, he could share his home with a cat. Ramsay loves nothing more than a good play session with his canine pals, followed by a relaxing day of lounging and recharging. He’s curious by nature and enjoys taking his time to sniff and explore the world around him — every walk is an adventure! He is a great travel partner and will road trip with you. This sweet boy would make a wonderful companion for someone who enjoys a mix of activity and downtime. With his loving personality and social charm, Ramsay is ready to become a cherished member of his forever family.","ramsay-2",""
"2023-03-01","Hunter Valley Mid Coast (Maitland/ Muswellbrook/Newcastle/Forster)","956000015932789","Longy","2025-09-05","MALE","","Meet Longy! 🐶🌟 Longy is a bright, bubbly boy bursting with personality and charm! He’s a true social butterfly who adores both human and canine company, making friends wherever he goes. Longy is especially good with children and dogs of all sizes, though he’ll need a slow and gentle introduction to the littlest ones. This zoomie king loves to stretch his legs and would really thrive in a home with a backyard where he can let loose and have some fun. Whether he's playing, cuddling, or just soaking up the love, Longy brings joy to every moment. If you're after a fun, friendly, and affectionate greyhound who’s ready to be part of an active and loving home, Longy could be the perfect addition to your family!","longy",""
"2021-05-01","Hunter Valley Mid Coast (Maitland/ Muswellbrook/Newcastle/Forster)","956000011704088","Mow","2025-09-05","FEMALE","","Meet Mow! 💖 Mow is a joyful, playful greyhound with a zest for life and a heart full of happiness! She’s a social girl who gets along wonderfully with medium to large dogs and would be more than happy to have a canine companion to share her days with. This toy-loving sweetheart is always up for a game or a bit of fun, and her cheerful personality is sure to brighten any home. Mow would be a perfect fit for an active household where she can join in on adventures, enjoy regular playtime, and be part of the family action. If you're looking for a fun, loving, and outgoing greyhound to be your next best friend, Mow is ready to meet you!","mow",""
"2021-10-01","Hunter Valley Mid Coast (Maitland/ Muswellbrook/Newcastle/Forster)","956000007432818","Boris","2025-09-05","MALE","","Meet Boris! 🐕 Boris is a high-energy, fun-loving boy with a big personality and an even bigger heart. With his confident nature and bouncy enthusiasm, he’s always ready to play, explore, and soak up all the affection he can get. Boris gets along great with medium to large dogs and would thrive in an active home where he can be part of the action. Whether it’s going on adventures, playing in the yard, or just enjoying time with his people, Boris is all in. He would also love a friend at home to keep him company and is happy to play with him. If you’re an energetic family looking for a lively, loving companion who brings joy wherever he goes, Boris is your guy!","boris-4",""
"2021-08-01","Western Sydney (Londonderry)","956000011552657","Jimothy","2025-09-05","MALE","","Hi, I'm Jimothy. I'm a quiet and gentle boy who is nice on the lead. I can be a bit nervous around new people and new places but I am so eager to please. I can do a cute ""sit"" which took everyone by surprise! I love a gentle touch and reassurance, and would enjoy a home with another dog to build my confidence. Overall I can be summed up as gentle and charming and I hope you want to meet me, too! I can be adopted at the Western Sydney adoption centre.","jimothy-1",""
"2021-08-01","Western Sydney (Londonderry)","956000012863947","Jimmy (Western Sydney)","2025-09-05","MALE","","If you love a quirky cute roman nose as much as us, you'll love Jimmy here at the Western Sydney centre. With an unforgettable face, Jimmy is sure to charm you not only with his good looks but with his polite and lovable personality. Jimmy has an easy going nature around people and dogs big and small. Older kids and a backyard/townhouse yard would be perfect for Jimmy who loves a quick zoomie and play. Jimmy can be adopted at the Western Sydney adoption centre.","jimmy-western-sydney",""
"2016-02-01","Western Sydney (Londonderry)","956000004891306","Milo (Western Sydney)","2025-09-05","MALE","","Hi, I'm Milo. I love to get pats and will contort myself into weird positions to get all those good scratches! The team effortlessly fell in love with me when I first arrived here. I am an engaging, charismatic boy who still knows how to have a good time. I love to play bow and have my silly moments, but I am overall relaxed and can't wait to snooze in a sunny spot at your place. I'm a polite boy with other greyhounds and would happily join a family with another dog at home. I hope you're interested in meeting me! I'm available to adopt via the team at Western Sydney.","milo-11",""
"2022-11-01","Hunter Valley Mid Coast (Maitland/ Muswellbrook/Newcastle/Forster)","956000015619085","Puds","2025-09-05","MALE","","Meet Puds! 🐾 Puds is a handsome greyhound with a heart as big as his zoomies! This laid-back boy loves nothing more than chilling out with other greyhounds and medium-to-large canine companions. He’s happy to kick back and relax but also has a playful side – especially when toys are involved! Puds is food-motivated and eager to please, making training a breeze. He’d thrive in an active home where he can join in on daily walks or adventures, then unwind with his humans. A backyard would be a bonus for this boy, giving him space to stretch his legs and let loose when the zoomie urge strikes. If you're looking for a loving, social, and fun companion with just the right mix of chill and energy, Puds could be your perfect match!","puds",""
"2019-12-01","Western Sydney (Londonderry)","956000012257986","Gazza","2025-09-05","MALE","","Gazza is a sweet boy who travels well in vans, cars and trailer, also walks well on lead on adventures out and about. Gazza has shown polite manners with children ranging from 20 months to 9 years old, showing a gentle & polite indifference. Gazza has spent time mingling with big and small dogs and would suit a home looking for a laid back boy happy to go with the flow. Gazza dreams of a little backyard to spend his days in and kids to keep him entertained during the day. He can be adopted at the Western Sydney adoption centre.","gazza-1",""
"2020-10-01","Western Sydney (Londonderry)","956000011574755","Kerry","2025-09-05","FEMALE","","* Currently in foster care. Check in soon for updates!* Kerry is a petite black beauty at just 24kgs, with a soft, loving nature. She’s very friendly and easygoing, but can be a little unsure with handling at first. With gentle reassurance and patience, she quickly warms up and will happily stay by your side and is a bit of a shadow! Once she feels safe, Kerry becomes your loyal little shadow, quietly following you around the house and coming when called. She thrives in a calm, loving home where she can build trust and feel secure. If you’re looking for a sweet, sensitive girl who just wants to be near her person, Kerry could be the perfect match. Kerry can be adopted at the Western Sydney adoption centre!","kerry-1",""
"2021-02-01","Western Sydney (Londonderry)","956000011563768","Malley","2025-09-05","MALE","","Hi, I'm Malley! I've been learning lots of things about the world while I wait to be adopted. I know what a lounge is, how to navigate those weird things called ""stairs"", and have enjoyed spending time in an open crate, and spending time indoors, too! I'm a good traveller and would enjoy a life of adventures, sniffari's and pastries at cafe's! I also love toys and treats and my handlers call me a big softie! If you thought you might like a big affectionate softie like me simply reach out to the Western Sydney adoption centre :)","malley",""
"2019-11-01","Western Sydney (Londonderry)","956000012247656","Ocean","2025-09-05","MALE","","Don't let my greying face fool you, I'm a friendly bubbly guy ready to join your family. Ocean is a curious and confident boy who loves his toys, has learnt his name and will even come when called. This serene boy walks nicely on the lead, too, making him a lovely walking companion. Ocean is a wonderful boy who is ready to bring balance and peace to his new home! Ocean can be adopted at the Western Sydney adoption facility.","ocean-2",""
"2022-10-01","Western Sydney (Londonderry)","956000015732099","Soy","2025-09-05","MALE","","Meet Soy, the joyful boy who is friendly, easy going and great with kids and dogs of all sizes. Soy's happy-go-lucky personality is perfect for anyone looking to bring energy and fun into their home. He would be happy to share his new life with other dogs big or small. Whether he's catching a ball or simply lounging by your side, Soy revels in the company of his human friends, showcasing his loyalty and affection in delightful ways. Soy can be adopted at Western Sydney!","soy",""
"2019-10-01","Western Sydney (Londonderry)","956000011097693","Kenneth","2025-09-05","MALE","","Kenneth loves playing with other dogs and would do well with a family who enjoy big playful dogs. Being middle aged, he's ready to take it easy and enjoy the retirement life but does have that fun streak! Kenneth is super food focused, learning all sorts of tricks while he waits for his forever home here at the centre. This includes the 'focus' cue, recall/come, touch and more. He's a friendly and affectionate boy who is suitable to live with respectful children or another M-L doggie pal providing they're a match for his bouncy play style with other dogs. He has the sweetest little face with an adorable personality to match. Come meet Kenneth at the Western Sydney adoption centre!","kenneth",""
"2020-02-01","Western Sydney (Londonderry)","956000007832029","Toby","2025-09-05","MALE","","Toby is a confident and cheerful boy who is happy wherever he goes! If you're looking for a charming, affectionate and happy go lucky boy, Toby could be perfect for you. Toby would love a townhouse or backyard to practise his zoomies. We can see Toby fitting well into a household with polite children due to his lovable ways! Meet Toby at Western Sydney!","toby-7",""
"2020-10-01","Hunter Valley Mid Coast (Maitland/ Muswellbrook/Newcastle/Forster)","956000007839129","Jack","2025-09-05","MALE","","Meet Jack 🐾🌿 Jack is a confident, relaxed boy who takes everything in his stride. Whether it’s a new place, a new walk, or a new friend, Jack approaches life with a calm curiosity and a steady tail wag. He settles quickly into new environments, walks beautifully on the lead, and is a total pro when it comes to travelling. Whether you're heading out for a stroll or a weekend getaway, Jack is more than happy to come along for the ride. Jack’s gentle confidence and easy going nature make him a dream companion for anyone looking for a loyal friend who’s as chill as he is curious. If you're after a greyhound who’s ready to explore the world—but just as happy to lounge by your side—Jack’s your guy.","jack-33",""
"2021-08-01","Hunter Valley Mid Coast (Maitland/ Muswellbrook/Newcastle/Forster)","956000007434217","Cy","2025-09-05","MALE","","Introducing Cy 🧭🐾 Cy is a confident, beautiful boy with a big heart and an even bigger sense of adventure. He’s full of charm, always engaged with his surroundings, and loves exploring new sights and smells wherever he goes. Cy gets along well with other dogs and thrives in their company. He may just need a little extra time when meeting smaller dogs—but with the right introductions, he's a total gentleman. Once he’s settled, his friendly and responsive nature truly shines. This striking boy is the perfect mix of curiosity and companionship. Whether he's trotting beside you on a walk or investigating the backyard with a wagging tail, Cy is always ready for his next adventure—with you by his side. If you’re looking for a confident companion who’s eager to connect and explore the world with you, Cy could be your perfect match.","cy-1",""
"2023-11-01","Northern Rivers (Grafton, Lismore, Casino)","956000016207399","Albert","2025-09-05","MALE","","Meet Albert 🐾 Albert is a quiet, clean, and gentle soul who’s ready to find his forever home. He’s the kind of greyhound who takes life in his stride—literally! He walks beautifully on the lead, travels like a pro, and is an all-around easy companion. While he can be a little shy at first, Albert warms up quickly and really comes into his own once he’s settled. He absolutely loves a good run with his canine pals and gets along wonderfully with dogs of all shapes and sizes. Albert would thrive in a calm, loving home where he can enjoy his daily walks, zoomies with friends, and a comfy spot to relax. If you're looking for a sweet, well-mannered boy with a playful side, Albert might just be your perfect match.","albert-2",""
"2020-03-01","Northern Rivers (Grafton, Lismore, Casino)","956000013060133","Chunk","2025-09-05","MALE","","Meet Chunk – The Quiche-Connoisseur 🐶 Chunk is a friendly, easy-going boy with a heart of gold and a nose for snacks! He’s a social boy who loves the company of other dogs and would be more than happy to share his space (and his toys) with a furry friend. Don’t let his name fool you – Chunk is all charm and cheer. He may take a little time to say hello properly, but once he’s settled, he’s all smiles and tail wags. His gentle nature makes him a lovely companion, and he’s always up for a cuddle or a game. Be warned: Chunk is a bit of a food enthusiast. He may sneak a bite of your quiche if you’re not looking – but he promises to do it with love. 😄 If you’re after a laid-back, affectionate pup with a bit of a cheeky side, Chunk might just be your perfect match.","chunk-1",""
"2023-07-01","Northern Rivers (Grafton, Lismore, Casino)","956000016290574","Baz","2025-09-05","MALE","","Meet Baz 🐾 Baz is a cool and collected boy looking for a quiet, loving home where he can truly relax and be himself. With his soft eyes and calm nature, Baz is the perfect companion for someone who enjoys a peaceful lifestyle. He’s a little shy at first, but once he feels settled, Baz adores gentle cuddles and will happily lean in for a pat. He’s a quiet boy who enjoys his own space but loves nothing more than being near his people. Baz is great with dogs of all sizes and would do well with a calm canine friend, though he’d also be happy as a solo dog in the right home. Because of his gentle and sometimes shy nature, Baz would thrive in a low-traffic home without too much hustle and bustle. If you're looking for a soft-hearted, low-maintenance companion with a heart full of love, Baz might just be your perfect match.","baz-1",""
"2021-01-01","Western Sydney (Londonderry)","956000012791009","Thor","2025-09-05","MALE","","Thor – Mighty God of thunder and lightning and protector of mankind...this friendly boy from the moment he meets you, he’ll be buttering you up with his big puppy dog eyes asking for a treat. If you have an Avengers team of other hounds at home, we think that Thor wouldn’t mind some crime-fighting canine company, but he’s happy on his own as well for shorter stints of time alone to begin with. He would do best with a small grassed yard with opaque/colour bond fencing in a quiet neighbourhood as he can become overwhelmed with too much going on in the neighbourhood. His gentle and friendly nature would see him fit perfectly into a home with older kids or teens! If Thor (minus the hammer) sounds like the perfect fit for your Asgard, assemble your family, and together you can embark on a heroic journey to meet him at our Western Sydney adoption facility.","thor-3",""
"2019-08-01","Western Sydney (Londonderry)","956000011151238","Snippy","2025-09-05","MALE","","Snippy is a relaxed, friendly, easy-going boy who’s not jumpy and a dream on the lead. He’s super social, affectionate, and loves spending time with people - he just adores the grandkids aged 6 and up! Snippy’s happy nature makes him an excellent pet, he loves to lean on you and get cuddles which we just love! He’s great with other calm natured greys, and would prefer shorter hours alone as a solo pet. He loves his daily walks, swimming adventures, and is very food-motivated making him a breeze to train. He’d thrive in a home with someone who has time to hang out with him, who has a nice quiet backyard for him to chill out in. Snippy has mastered stairs so a home with some steps is A-O-K! This friendly fella is at the Western Sydney adoption centre.","snippy",""
"2021-02-01","Hunter Valley Mid Coast (Maitland/ Muswellbrook/Newcastle/Forster)","956000014517053","Grace","2025-09-05","FEMALE","","Meet Grace ☀️ Grace is a calm, friendly girl with a beautifully chilled personality and a love for the simple things in life — like a sunny spot to nap in and the company of other dogs. She’s previously lived happily with other canine companions and would love a home where she can continue to enjoy that friendship. She would be equally as happy being an only dog with her human friends. Grace has lived inside a home before; she walks nicely on the lead and travels well — making outings easy and enjoyable. Whether she's strolling beside you or stretching out in the sunshine, Grace brings a gentle, contented energy wherever she goes. She’s the perfect mix of affectionate and independent and would thrive in a home that appreciates her relaxed nature and loving heart. If you’re looking for a loyal companion who’s happy to share her space, her sunshine, and her heart — Grace is ready to meet you.","grace-9",""
"2023-07-01","Northern Rivers (Grafton, Lismore, Casino)","956000016289402","Edna","2025-09-05","FEMALE","","Meet Edna 🌸 Edna is a lovely, soft-natured girl with a quiet charm and a heart full of potential. She enjoys the company of other dogs and her human friends. Edna walks beautifully on the lead and travels calmly, making her a joy to take out and about. While she may be a little shy at first, given time and gentle encouragement, she begins to show her sweet, affectionate personality. She would thrive in a quieter home where she can take things slowly and build confidence with patient people by her side, especially as she navigates new environments at her own pace. Once she feels settled, Edna blossoms — and her gentle companionship is truly special. If you're looking for a loyal friend to love and nurture, Edna might just be the perfect match.","edna",""
"2018-03-01","Northern Rivers (Grafton, Lismore, Casino)","956000009590937","Indi","2025-09-05","FEMALE","","Meet Indi! 🐾 Indi is a sweet-natured girl with a heart full of love and a tail that never stops wagging! She adores the company of other dogs and is always excited to make new canine (and human!) friends. With her calm and gentle nature, Indi is the kind of dog who turns heads and wins hearts wherever she goes. She's a fantastic traveller — relaxed and content whether it's a short trip to the park or a longer adventure. Patience is one of her superpowers, and she takes everything in stride with a happy grin and waggy tail. If you're looking for a friendly, sociable companion who's always happy to say hello, Indi is your girl. 💕🐶","indi-2",""
"2019-01-01","Hunter Valley Mid Coast (Maitland/ Muswellbrook/Newcastle/Forster)","956000006810242","Lewis","2025-09-05","MALE","","Meet Lewis 🐶 Lewis is a bright, bouncy bundle of joy with a heart full of love and a tail that never stops wagging! This friendly greyhound is fantastic with other dogs and has previously lived happily with other grey’s. He's a true social butterfly who fits right in with canine company. Great with children and always gentle, Lewis has that perfect mix of playful energy and relaxed charm. His happy-go-lucky nature makes him a joy to have around – whether you’re heading out for a walk or just relaxing at home, he’s always up for whatever’s going on. And yes, treats? Don’t even say the word unless you’re ready to hand one over – Lewis is a treat-loving legend! If you’re looking for a sweet, sociable, all-round good boy, Lewis could be your perfect match.","lewis",""
"2020-03-01","Northern Rivers (Grafton, Lismore, Casino)","956000013060347","Horse","2025-09-05","MALE","","Meet Horse 🐾 Horse might have a big name, but he’s a total softie at heart. This gorgeous boy is the definition of laid-back – calm, collected, and always up for a cuddle or a tasty treat (he’s a bit of a snack connoisseur!). Horse gets along brilliantly with other dogs, making him the perfect companion whether you're out on a group walk or welcoming visitors at home. He travels like a pro, whether it's a quick ride or a longer trip, and he's even happy to wait patiently in the car while you pop into the shops – no fuss, no bother. Friendly with everyone he meets and just the right amount of nosey (we call it “curious charm”), Horse has a gentle soul and a curious streak that keeps life interesting. If you’re after a relaxed, loving dog who’s as easy-going as they come, Horse is your guy. Treat in hand? You’ve got a friend for life, the Gentle Giant with a heart of gold!","horse-2",""
"2020-10-01","Southern NSW/ACT (Bulli, Nowra, Goulburn, Canberra)","956000011584767","Kerry","2025-09-05","FEMALE","","Kerry has grown up around very young kids and plays respectfully with them. Kerry is happy to play by day and relax by night making her a great companion and perfect for fulltime workers Kerry is good with other greyhounds and walks perfectly on lead With a proper introduction Kerry is cat workable and also small dog workable making her very versatile.","kerry",""
"2019-04-01","Southern NSW/ACT (Bulli, Nowra, Goulburn, Canberra)","956000006677629","Bolt","2025-09-05","MALE","","Bolt is a beautiful middle aged man looking for a nice backyard to call his own. Bolt has grown up around very young kids and plays respectfully with them. Bolt is happy to play by day and relax by night making him a great companion and perfect for fulltime workers bolt is good with other greyhounds and walks perfectly on lead","bolt",""
"2021-01-01","Southern NSW/ACT (Bulli, Nowra, Goulburn, Canberra)","956000007377113","Digby","2025-09-05","MALE","","Digby is a Gentle, placid and very affectionate boy. Digby loves people and is not jumpy or over energetic, still loves to play and go on small walks but is just a big softy happy to laze about all day and is perfect for retirees due to medical history Digby isn’t able to go on long works and is suited to smaller walks. has an extensive pet preparation and lives inside the home with long working hours not a problem for him. on top of this Digby lives with small children and other greyhounds in the home. Digby lives inside the home with kids as young as 5 years old and is very gentle and affectionate Digby also has lived inside with other greyhounds and would be great with smaller dogs with the correct introduction Digby is cat workable this guy was built for love and would make your lounge his own.","digby-1",""
"2021-03-01","Southern NSW/ACT (Bulli, Nowra, Goulburn, Canberra)","956000012930758","Precious","2025-09-05","FEMALE","","Precious the name says it all. Would be suited to an elderly person. Is good with kids but doesn't like when they are too over the top would ideally be suited to the quite life perfect for someone who is lazy and wants a companion","precious-1",""
"2020-12-01","Southern NSW/ACT (Bulli, Nowra, Goulburn, Canberra)","956000012861481","Tracker","2025-09-05","MALE","","He is a very strong dog has a beautiful nature. Loves attention. Would really suit someone that was into physical activities as he enjoys running around. adventure by day and relaxing by night","tracker",""
"2022-12-01","Southern NSW/ACT (Bulli, Nowra, Goulburn, Canberra)","956000014803462","Angel","2025-09-05","FEMALE","","Angel is a gorgeous young girl looking to make the best memories with her forever family. hyperactive girl who loves to play around. can do stairs loves toys is slowly starting to get introduced to the house would love a big backyard to play in","angel-8",""
"2021-12-01","Southern NSW/ACT (Bulli, Nowra, Goulburn, Canberra)","956000007424225","Baby Wow","2025-09-05","FEMALE","","walks well on lead Confident and social. very chilled out dog jumps up and down playful and jumps up to give cuddles likes to go off and explore would love a big backyard good for fulltime working hours enjoys a zoomie","baby-wow",""
"2019-07-01","Southern NSW/ACT (Bulli, Nowra, Goulburn, Canberra)","956000006794477","Sooky","2025-09-05","FEMALE","","walks well on lead Confident and social. higher energy dog for someone thats looking for adventure and likes fitness jumps up and down playful and jumps up to give cuddles likes to go off and explore would love a big backyard good for fulltime working hours enjoys a zoomie","sooky",""
"2021-10-01","Southern NSW/ACT (Bulli, Nowra, Goulburn, Canberra)","956000011640720","Shelby","2025-09-05","FEMALE","","this beautiful boy is very easy going and suits the quieter life. he’s very easy to walk on lead very clean and healthy boy has socialised with French bulldogs through the fence regularly this boy would be great to chill out during the day and experience cuddles at night has a smile that would make you melt","shelby-2",""
"2021-07-01","Southern NSW/ACT (Bulli, Nowra, Goulburn, Canberra)","956000007421604","Max","2025-09-05","MALE","","Max is a beautiful active boy who loves to go on adventures max is suited to full time workers max loves older kids as he loves to play with toys and can sometimes forget his size with younger children. despite his energy max walks very well on lead max requires a larger fenced area to ensure he stays in the backyard all day as he can sometimes want to go and hang out around the neighbourhood. max is a clean and healthy boy and would suit your more active lifestyle","max-17",""
"2021-05-01","Hunter Valley Mid Coast (Maitland/ Muswellbrook/Newcastle/Forster)","956000014513351","Chase","2025-09-05","MALE","","Meet Chase 🛋️ Chase is a relaxed, confident greyhound who’s happiest when he’s chilling out in a comfy spot – true couch potato style! With his calm nature and chilled out personality, he’s a breeze to have around and would suit a home with full-time workers, especially if there’s a backyard for him to enjoy some sunshine and fresh air. He gets along well with medium to large dogs and absolutely adores children. While he hasn’t been around small dogs or cats just yet, he’s proven to be gentle and well-mannered in his interactions. If you’re after a low-maintenance companion who’s happy to nap the day away and greet you with love when you get home, Chase is your guy!","chase-1",""
"2021-10-01","Hunter Valley Mid Coast (Maitland/ Muswellbrook/Newcastle/Forster)","956000011705157","Franky","2025-09-05","MALE","","Meet Franky 🐾 Franky is a sweet boy who adores the company of other dogs and would do well living with a feline friend, provided they have a very slow and gentle introduction. With his engaging personality, Franky loves to sniff and explore his surroundings, always curious about the world around him. He would thrive in a home with another pet to keep him company, especially where someone works from home or part-time, so he can enjoy plenty of companionship throughout the day. Franky’s playful spirit and affectionate nature make him a wonderful addition to a loving family ready to share adventures and quiet moments alike.","franky",""
"2019-04-01","Hunter Valley Mid Coast (Maitland/ Muswellbrook/Newcastle/Forster)","956000006698842","Tara","2025-09-05","FEMALE","","Meet Tara 💖 Tara is a sweetheart with a lovely, gentle nature that makes her a joy to be around. She’s great with all dogs and adores children, making her a wonderful addition to any family. She would fit right into any household. Tara is the perfect mix of happy-go-lucky and couch potato. Once she is rid of her zoomies, she will snuggle up with you for the rest of the day. Tara absolutely loves pats, cuddles, and all the affection you can give. She’s a true cuddle bug who will happily soak up your love. She also travels well, making her a perfect companion for adventures near or far. She will happily cruise with you on your next adventure. If you’re looking for a friendly, affectionate greyhound who’s easy going and loving, Tara is ready to steal your heart!","tara-6",""
"2021-04-01","Hunter Valley Mid Coast (Maitland/ Muswellbrook/Newcastle/Forster)","956000007419865","Sam","2025-09-05","MALE","","Say Hello to Sam – A Gentle Soul Ready to Bloom 🌱 Sam is a sweet boy who’s looking for a quiet home where he can truly come into his own. A little timid at first, Sam takes his time to get to know you– but once he feels settled, his playful and affectionate side begins to shine. He enjoys the simple joys in life: a gentle game in the yard with his canine friends, a few soft toys to toss around, and, of course, a tasty treat or two! Sam gets along well with other dogs and would love a calm canine companion to help boost his confidence. With a bit of patience and a lot of love, Sam will reward you with loyalty, quiet companionship, and those special moments that come from watching him blossom.","sam-12",""
"2021-07-01","Hunter Valley Mid Coast (Maitland/ Muswellbrook/Newcastle/Forster)","956000013034060","Davie","2025-09-05","MALE","","Introducing Davie 🐾 Davie is a gentle, affectionate boy with a heart of gold and a tail that never stops wagging! This easy going boy is the perfect fit for just about any household – whether you have children, other dogs, or just need a calm companion by your side. He walks beautifully on a loose lead and has wonderfully relaxed body language, making strolls together an absolute pleasure. Davie is a social butterfly who gets along with dogs of all shapes and sizes, and his sweet, patient nature makes him a hit with kids too. Whether it’s lounging at home, greeting new friends, or enjoying a quiet walk, Davie’s laid-back personality and loving nature shine through in everything he does. If you're looking for a loyal, low-maintenance friend with lots of love to give, Davie might just be your perfect match!","davie",""
"2014-12-01","Western Sydney (Londonderry)","956000004315004","Mojo","2025-09-05","MALE","","Get your mojo back with Mojo! Mojo is a gentle soul with a calming presense. He is a lovely gentleman who is a super sweet and affectionate fella. He settles well when left alone and would suit a full time worker family with a courtyard/backyard. He enjoys spending time with other greyhounds and due to his mature nature, could suit a home with another dog. Mojo has a low exercise budget being double digits now, he would be perfect for a low maintenance lifestyle, and someone who just wants to walk around the block for 10 minutes. He walks gently on the lead and is polite with dogs on walks. This lovely gentle boy will be a perfect addition to so many family styles. Mojo is available at Western Sydney.","mojo",""
"2021-01-01","Hunter Valley Mid Coast (Maitland/ Muswellbrook/Newcastle/Forster)","956000011585996","Abbey","2025-09-05","FEMALE","","Meet Abbey 🐾 Say hello to Abbey, a playful and affectionate greyhound with a heart full of love and legs built for zoomies! This lovely girl is always up for a good run around the yard, followed by a snuggle session and some well-earned treats (her favourite currency!). Abbey is friendly with people and gets along wonderfully with medium to large dogs, and she'd be happy sharing her space with a calm, smaller canine companion too. She walks beautifully on the lead, making strolls with her a breeze, and she’s a seasoned car traveller. Whether she’s stretching her legs in a quick burst of zoomie joy or relaxing by your side, Abbey brings a perfect mix of energy and calm. If you're looking for a sweet, loyal, and fun-loving friend to brighten your days, Abbey could be your perfect match. ❤️","abbey-2",""
"2020-11-01","Western Sydney (Londonderry)","956000010911054","Blizzard","2025-09-05","MALE","","*Blizzard is in a foster care home & is ready to be adopted! Reach out to the team to meet him!* Foster Update: ""Blizzard has been doing very well and we’ve really enjoyed having him around! He has settled in nicely to the house and is well behaved. He seems to be fine when left alone. He is very friendly with other dogs on walks. He is very affectionate to people and loves to nuzzle. I think he has adapted very well to pet life."" Blizzard is a handsome blue fawn, confident, happy boy who loves people. Blizzard is a very playful, boy both with handler and by himself and is happy to entertain himself for periods of time alone on his own. He loves treats and does amazingly in training sessions, already showing great skills as he knows ‘down’ and ‘on your bed’, also plays fetch! A home without stairs is the best match for him, as well as a house with some sort of backyard/townhouse yard. Affectionate isn't even a word for this boy, he leans into ear scratches and groans like it’s the best thing ever. With all this personality, he can be energetic and bouncy, so a home with older/experienced kids is best. A dog friend who is tolerant of his playful ways would be a great fit. Blizzard is available to adopt via appointment with his foster family at the Western Sydney adoption centre!","blizzard",""
"2024-01-01","Riverina (Wagga, Temora, Gundagai, Griffith)","956000015766386","Sherman","2025-09-05","MALE","","Meet Sherman. Mr. Personality Plus Pup! What a beautiful friendly young lad, still a goofy puppy but has an easy going and laid back nature, very friendly meeting new people. He loves being out and about, going to the vet and travelling in the car. He just loves the kids 7 and 11 years old, and loves to go on walks with them. He is very good on the lead. Sherman is respectful of the household cat and is not quite sure what to make of the Maltese but just follows him around anyway! Very curious and inquisitive. Sherman loves playtime, pats, walks and new adventures. He's would be suited to a family with not toddlers but slightly older kids to grow up with or a couple with someone working from home. He will be a beautiful, loveable companion and what a wonderful journey to have the chance to grow with this happy young lad. 🐾🐾","sherman",""
"2021-07-01","Western Sydney (Londonderry)","956000011712426","Bozo","2025-09-05","MALE","","Bozo is a tall, shy, and gentle boy. He might be big and tall but he has a quiet, soft and wise personality. If you're looking for a very gentle giant, who loves to lean on you and look up at you with puppy dog eyes, Bozo is the perfect match. Bozo is such a gentleman, especially around other dogs. He is a calm, reserved boy who would suit a home who can build up his confidence. A quiet, understanding owner who is interested in helping shy dogs become the best confident version of themselves, would be the perfect fit for our gentle giant, Bozo. Come and meet him at the Western Sydney adoption centre.","bozo-2",""
"2023-02-01","Western Sydney (Londonderry)","956000015618165","Skinney","2025-09-05","MALE","","Hi, I'm Skinney, I'm a cute young boy with cute markings! I walk nicely on the lead and can be shy when I first meet you. I promise I'll be your new best friend once we get to know eachother! As for what my perfect forever home looks like, I'd love a kind and gentle home, just like me. Maybe some older kids to throw ball, and a small yard to call my own? I could also live with a gentle likeminded doggie friend the same size as me. I'm a really sweet gentle boy, come and meet me at the Western Sydney adoption centre!","skinney",""
"2016-09-01","New England","956000004294063","Liv","2025-09-05","FEMALE","","Liv is a beautiful senior greyhound, she is a quiet, gentle soul who radiates calm and kindness, and she’s looking for a peaceful home where she can spend her golden years surrounded by love. Liv still has a sparkle in her eye and plenty of energy for playtime. She adores gentle pats, slow strolls, and curling up beside her humans for quiet companionship. Liv is the kind of dog who will rest her head on your lap and make you feel like the most important person in the world.","liv-1",""
"2021-04-01","Western Sydney (Londonderry)","956000011703980","Owen","2025-09-05","MALE","","Ohh - it's OWEN! Owen is a calm and sweet boy, gentle and confident boy. He is soft and loving around other dogs including small dogs and would be happy to join a multi-dog household. This lovely gentle lad is all things laid back - non jumpy, calm and soft natured. Owen would prefer a townhouse/courtyard to call his own and would suit many home types due to his absolutely lovely personality! Available at Western Sydney Londonderry adoption centre!","owen",""
"2021-02-01","Northern Rivers (Grafton, Lismore, Casino)","956000007438036","Stories","2025-09-05","FEMALE","","Meet Stories 🐾 💕 Say hello to Stories, a sweet and affectionate girl who's ready to begin her next chapter—with you! This friendly lady is a total social butterfly who gets along beautifully with both dogs and cats. She’s always happy to make new friends and brings a gentle, joyful energy wherever she goes. Stories loves her toys 🎾, adores her treats 🍖, and soaks up affection like sunshine ☀️. Whether she’s having a play session or just leaning in for cuddles, she’s happiest when she’s close to her humans. If you’re looking for a loving companion who’s good with all creatures and full of fun and affection, Stories could be the perfect addition to your family. Let her bring some love—and a few tail wags—into your life!","stories",""
"2021-01-01","Northern Rivers (Grafton, Lismore, Casino)","956000007358607","Daisy","2025-09-05","FEMALE","","Meet Daisy 🌸🐾 She is a gentle and loving girl who’s ready to find her forever home. With her soft nature and kind eyes, Daisy will quickly win your heart. This lovely girl gets along beautifully with dogs of all sizes, and she’s a great little traveller—calm and content on car rides. She also walks beautifully on the lead, making strolls with her a breeze. Daisy can be a bit nervous in new environments, so she’s looking for a quiet, calm home 🏡 where she can feel safe and settle in at her own pace. Once she’s comfortable, she truly shines—especially when there are pats and cuddles on offer. She's a sweetheart who just needs a little time and a lot of love. 🌼","daisy-21",""
"2019-05-01","Northern Rivers (Grafton, Lismore, Casino)","956000006805067","Sam","2025-09-05","MALE","","Say Hello to Sam 🐶 Meet Sam, a sweet and easy-going boy with a playful heart and a gentle soul. This chilled-out pup is looking for a loving home where he can share his big heart—and maybe a few treats! Sam is fantastic with children and gets along well with other dogs, making him a great fit for a family home. Whether he's lounging around or engaging in a game, Sam is happiest when he's with his humans—no matter their size! He’s got a playful side and loves to be involved in the fun, but he also enjoys a nap in a sunny spot. Treats are a big motivator for this handsome guy, and his friendly, happy nature makes him a joy to have around. If you're looking for a relaxed but playful companion who gets along with everyone and loves being part of the family, Sam might be the perfect addition to your home.","sam-11",""
"2022-03-01","Northern Rivers (Grafton, Lismore, Casino)","956000011646777","Zane","2025-09-05","MALE","","Say hello to Zane! 🐾 Say hi to Zane, a lovable boy with a bright personality and a constantly wagging tail! Zane is the kind of dog who takes life in stride—always happy, always friendly, and ready to make new friends wherever he goes. Zane gets along beautifully with dogs of all shapes and sizes. Whether he’s meeting other Greyhounds or mingling with different breeds, he’s calm, polite, and loves being part of the action. Busy environments? No problem for Zane! He takes everything in with a relaxed attitude and copes well with new places, people, and experiences. He’s curious, confident, and always up for a new adventure—especially if there are treats involved (his favourite!). Zane would thrive in a home where he gets to be part of the fun and share his joy with others. If you’re after a gentle, friendly companion who brings sunshine wherever he goes, Zane might just be your perfect match.","zane",""
"2019-01-01","Northern Rivers (Grafton, Lismore, Casino)","956000005105705","Sambo","2025-09-05","MALE","","Meet Sambo!! Say hello to Sambo, a handsome boy with a heart as big as his stride. This lovely boy is looking for his forever home, ideally somewhere with pet-savvy people who understand his unique charm. Sambo travels like a pro and is always up for a road trip, settling in quickly whether it’s a short drive or a longer journey. He can be a bit strong on the lead when he first sets off (he's just excited!), but he settles down nicely once he gets going. Friendly and affectionate, Sambo enjoys meeting people and absolutely loves pats. He’ll happily lean in for attention and affection. He's great with medium to large dogs and enjoys the solo life with his humans. If you’re looking for a gentle soul who’s ready to settle into pet life, Sambo might just be your perfect match.","sambo",""
"2021-05-01","Northern Rivers (Grafton, Lismore, Casino)","956000007420571","Kenny","2025-09-05","MALE","","Meet Kenny 🐾🎾 Kenny is a sweet, happy-go-lucky Greyhound who’s always up for fun and affection. He adores children, gets along great with other dogs, and has a playful side—especially when toys are involved! This laid-back boy is also a big fan of pats and gentle attention from his humans. While Kenny can take a little time to settle into new environments, once he feels at home, his loving and easy-going personality truly shines. He travels well in the car and is happy to go with the flow, whether that means playtime, walk time, or just hanging out by your side. If you're looking for a gentle companion who brings joy, fun, and a whole lot of love, Kenny could be your perfect match. He cannot wait to be your new best mate💙","kenny-7",""
"2021-05-01","Northern Rivers (Grafton, Lismore, Casino)","956000011663662","Elvi","2025-09-05","FEMALE","","Meet Elvi – Graceful, Gentle, and Full of Love 🐾💕 Elvi is a lovely lady with a peaceful presence and a heart made for companionship. She walks beautifully on the lead, making her the perfect partner for a quiet stroll, and she settles in well once she’s familiar with her surroundings. Elvi adores children and gets along well with other dogs, making her a wonderful addition to a family home. While she’s not fussed about toys, what she truly loves is being close to her humans—whether it’s gentle pats, quiet company, or just being nearby, Elvi thrives on connection. If you're looking for a calm, sweet-natured companion who will quietly make your house feel more like home, Elvi might be the perfect fit. 💗","elvi-4",""
"2019-12-01","Northern Rivers (Grafton, Lismore, Casino)","956000012252969","Max","2025-09-05","MALE","","Introducing Max 🐾 Max is a handsome, independent greyhound with a calm and loving nature. He absolutely adores children and lives happily in a family home—he’s patient, gentle, and always up for a cuddle or a quiet companion by his side. Max gets along wonderfully with other dogs, making him a great fit for homes with canine companions. He's also a dream travel buddy, settling down comfortably during car rides, whether it's a quick trip to the park or a weekend getaway. While Max enjoys affection and time with his humans, he’s also perfectly content to have some quiet time alone, making him a great match for those looking for a balanced, low-maintenance friend. If you're looking for a loyal, kid-friendly, and easy going dog with a heart full of love, Max might just be your perfect match. 💙","max-16",""
"2023-04-01","Hunter Valley Mid Coast (Maitland/ Muswellbrook/Newcastle/Forster)","956000015862757","Rebba","2025-09-05","FEMALE","","Say hello to Rebba — your next best friend!🐾❤️ Rebba is a sweet and sociable greyhound who would thrive in a loving family home — especially one with part-time workers where she can enjoy both her own space and plenty of human company. She loves being around people and is always ready for cuddles, head scratches, and a friendly chat (greyhound-style, of course!). 👨‍👩‍👧‍👦💕 With her curious nature, Rebba enjoys exploring her surroundings and taking in the world around her. She’s great with other dogs and would be delighted to have a canine friend to share her days with. 🐶🐾 Whether it’s a walk around the block or a lazy afternoon in the garden, Rebba’s happy as long as she’s with her pack. If you’re looking for a gentle, affectionate, and people-loving girl who’ll slot right into family life, Rebba is ready to bring joy, snuggles, and a little curiosity to your home!","rebba",""
"2022-04-01","Hunter Valley Mid Coast (Maitland/ Muswellbrook/Newcastle/Forster)","956000011647482","Chloe","2025-09-05","FEMALE","","Meet Chloe — the confident, friendly tail-wagger who loves her doggy pals! 🐾💖 Chloe is a happy-go-lucky greyhound with a big heart and an even bigger tail — because she just can’t stop wagging when she’s around other dogs! 🐕💨 She already lives with a small dog and absolutely loves having furry friends to share her days with. With her confident and friendly personality, Chloe is always ready to say hello, make new friends, and spread good vibes wherever she goes. Whether she’s meeting new pups on a walk or chilling at home with her canine buddy, she’s a true social butterfly. 🦋🐶 If you’re looking for a cheerful, outgoing greyhound who adores company and knows how to make friends easily, Chloe is the perfect match!","chloe-12",""
"2021-02-01","Hunter Valley Mid Coast (Maitland/ Muswellbrook/Newcastle/Forster)","956000011647354","Maizie","2025-09-05","FEMALE","","Meet Maizie — the ultimate chill and friendly companion! 🐾💖 Maizie is a super sweet greyhound who gets along famously with both cats and dogs. 🐶🐱 She’s the kind of easy going girl who’s totally chilled out and happy to just hang at home, soaking up all the love and good vibes. 🛋️✨ Maizie absolutely adores human company and thrives on gentle pats, belly rubs, and quiet snuggles. Whether you’re busy working from home or just relaxing on the couch, she’s right there by your side, happy as can be. 💕👩‍👧‍👦 She’s a true homebody who would fit perfectly into just about any household — whether it’s a bustling family or a calm, cozy setup. If you’re after a gentle, friendly companion who brings calm and warmth wherever she goes, Maizie is your girl!","maizie-1",""
"2020-01-01","Hunter Valley Mid Coast (Maitland/ Muswellbrook/Newcastle/Forster)","956000007357256","Garth","2025-09-05","MALE","","Introducing Garth… 🐾✨ Garth is a clever, confident greyhound who is happy to sniff out the world around him. 🌍👃 Whether it’s a leafy park, a busy street, or a quiet trail, Garth’s nose is always on a mission. He’s got a serious sniff game going on, taking in all in. But don’t let his independent streak fool you — when it’s time to wind down, Garth transforms into a total cuddle champ. 🥰 He’s a pro at snuggling up close, giving the best warm, cozy vibes after a long day of exploring. 🐕❤️ On walks, Garth is the perfect gentleman: calm, focused, and walking nicely on the lead. 🐕‍🦺 He’s happy to take the lead on where to sniff next, but always by your side. If you’re after a smart, easy-going companion who loves his independence but knows how to share the love, Garth is your guy and he can’t wait to meet you! 💙","garth",""
"2020-10-01","Hunter Valley Mid Coast (Maitland/ Muswellbrook/Newcastle/Forster)","956000007450383","Maddie","2025-09-05","FEMALE","","Meet Maddie – Your New Couch Companion! 🐾🛋️ Say hello to Maddie, a sweet and soulful greyhound with a heart as big as her love for naps! 😴 With her calm, relaxed nature, Maddie is the ultimate couch potato who dreams of a cozy home where she can hang out with her favourite humans. 🧡 Maddie is incredibly affectionate and thrives on human company — she’ll happily curl up beside you while you read, watch TV, or just enjoy some quiet time. She’s great with other dogs 🐶 and has a gentle, friendly attitude toward cats too 🐱, making her a perfect fit for a multi-pet home. This laid-back girl is looking for a peaceful lifestyle with a family that appreciates the simple joys of cuddles, quiet walks 🚶‍♀️, and lots of lounging. If you’re after a loving companion who will bring calm and comfort to your days, Maddie might just be the one. 💕 Maddie’s ideal home: ✔️ Relaxed environment ✔️ Human snuggles always welcome ✔️ Good with cats and dogs ✔️ Happy to chill most of the day Let Maddie steal your heart — and your sofa! ❤️","maddie-4",""
"2021-08-01","Western Sydney (Londonderry)","956000012970324","Bud","2025-09-05","MALE","","Bud is shining in his foster home with a greyhound and a cavoodle. Apply to meet him at the Western Sydney adoption centre. Foster care update: ""We absolutely love Bud! He is such a gorgeous boy! 😊 *Bud can cope for 7-8 hours at home without humans no problem! *Gets along really well with both dogs and has been around other dogs big and small and got along really well with them. *Hes probably the friendliest greyhound we’ve ever had in foster care, he loves to jump into bed with us and snuggle up to us, will jump up on the lounge and snuggle with his humans *Hes super confident, not a shy bone in his body, will approach anyone and everyone! *Loves his toys! * Bud definitely needs a home with another dog, as he’s very social and regularly tries to play with the dogs, as he does have a fair bit of energy, maybe a family who’ll take Bud on plenty of adventures/walks Bud is a beautiful boy and it’s been an absolute pleasure to be given the opportunity to foster him Bud is available at the Western Sydney adoption centre.","bud-15",""
"2021-03-01","Western Sydney (Londonderry)","956000012863981","Canya","2025-09-05","MALE","","Canya is a cute guy, happy to settle where ever and go with the flow. He walks nice on lead, happy around new people and happy wagging tail where ever he goes. Canya would enjoy an outdoor area to call his home whether that's a courtyard or backyard. Super friendly and easy going, Canya would happily join a family with children or other dogs. He will lean on you and be forever grateful and love you forever for the adventures and treats that come his way! Canya is available at the Western Sydney adoption centre.","canya",""
"2019-12-01","Western Sydney (Londonderry)","956000012226848","Benny","2025-09-05","MALE","","B-B-B-B-Benny and the Pets! Benny is calm around other dogs and would be happy to live with a big or small dog pal. He travels well in the car, and happy to sniff and explore new places with you. He's laid back and happy to go with the flow. A backyard/townhouse would be best suited so he has some outdoor space to call his own. He’s a sucker for the occasional Elton John ballad playing in the background while he naps. Adopt Benny and get front row seats to unconditional love. Benny is available at Western Sydney.","benny-9",""
"2022-02-01","Western Sydney (Londonderry)","956000011656307","Rosko","2025-09-05","MALE","","Sniff sniff sniff....you seem like the perfect person for me! I'm Rosko, a calm, laid back boy. I'm friendly, happy go lucky and would love to be by your side for adventures to come! I'm described as really lovely, and i hopr you agree! I don't mind if I have another dog pal in my home, or even those little people you call children. I am a delight to have around and I hope you pick me to adopt! I can be adopted from the Western Sydney adoption centre. See you soon!","rosko",""
"2017-08-01","Hunter Valley Mid Coast (Maitland/ Muswellbrook/Newcastle/Forster)","956000009462053","Sadie","2025-09-05","FEMALE","","Say hello to Sadie! 🌸 Sadie is a cool, calm, and confident greyhound who knows exactly what she wants out of life — and that includes plenty of chill time 😌. She’s an independent lady who’s perfectly happy entertaining herself with a comfy bed 🛏️, a toy or two 🎾, and a quiet corner to call her own. She would suit a household with full time workers or with another chilled out dog. Relaxed and self-assured, Sadie takes new experiences in her stride. If you're looking for a low-maintenance companion who brings a calm presence and quiet charm into your home, Sadie could be the perfect fit 🐾💕","sadie-5",""
"2020-12-01","Hunter Valley Mid Coast (Maitland/ Muswellbrook/Newcastle/Forster)","956000007449362","Shakey","2025-09-05","FEMALE","","Meet Shakey! 🐾 Shakey is a lovable greyhound with a heart full of affection for humans and fellow dogs alike❤️. Always the initiator of cuddles and belly rubs, Shakey thrives on connection and companionship. Curious and adventurous, he loves exploring new surroundings and enjoys every walk — especially because he’s such a pro on the lead! 🚶‍♂️ He’d be happiest in a busy, lively home where there’s plenty going on and would be more than happy with another furry friend to share the fun 🐕🎉. If you’re looking for a gentle, sociable, and well-mannered greyhound to brighten your days, Shakey might just shake her way into being your perfect match!","shakey",""
"2020-04-01","Western Sydney (Londonderry)","956000012160999","Murphy","2025-09-05","MALE","","Murphy would love a backyard to perfect the greyhound zoomies in! He has a love for treats and fun times, and would fit in well with a family who enjoy an active, outgoing boy to spoil like the king he is! Murphy is still learning lots about the world and would suit an experienced owner who can help Murphy learn about the world around him. Available at Western Sydney!","murphy-1",""
"2021-10-01","Southern NSW/ACT (Bulli, Nowra, Goulburn, Canberra)","956000007423772","Max","2025-09-05","MALE","","Max is a beautiful dog who enjoys his days lazing around the backyard with his two older female greyhound friends. Max is smaller sized for a male weighing only 29kg Max is a great companion and would be perfect for a family with another large dog for him to be friends with. Max has been socialised around younger school age children and happily plays in the backyard with them. Max would make a great addition to your home and is perfect for full-time workers with a companion to hang with during the day","max-15",""
"2021-11-01","Northern Rivers (Grafton, Lismore, Casino)","956000013019922","Chris","2025-09-05","MALE","","Meet Chris 🐾 Chris is a laid-back, gentle soul with a heart of gold. This quiet and cruisy greyhound loves the company of other dogs and fits right in with calm canine companions. He’s the kind of dog who enjoys a good pat and some quiet time just as much as he enjoys stretching his legs on a leisurely walk—yes, he walks beautifully on lead! Chris is an independent boy who’s happy doing his own thing, but he’s always nearby if you’ve got some affection to give. He travels well, making him a great buddy for adventures or road trips, and his calm presence makes him an easy addition to just about any home. If you’re looking for a sweet, easy going companion who’s happy just being by your side (or snoozing somewhere nearby), Chris might just be your perfect match.","chris-4",""
"2021-04-01","Western Sydney (Londonderry)","956000012970504","Cody","2025-09-05","MALE","","Cody is a fun, confident boy. affectionate and energetic boy. Cody would suit a backyard or townhouse for his daily zoomies! Cody is happy to live with another cat, dog big or small and has experience with little kids, too. Cody will happily show off his skills like being able to jump in and out of cars unassisted, and of course his puppy dog eyes...! Cody is available at the Western Sydney adoption centre.","cody-1",""
"2022-05-01","Northern Rivers (Grafton, Lismore, Casino)","956000011705195","Ash","2025-09-05","FEMALE","","Say hello to Ash, a beautiful greyhound 💖 with a heart as soft as her sleek silver coat. Ash is a gentle soul who thrives in calm environments and loves the simple pleasures in life—like a good walk, a cozy nap, and the occasional burst of joyful zoomies around the garden! 🌀 Ash is a dream on the lead, walking gracefully by your side with perfect manners. She gets along wonderfully with other dogs 🐶 and enjoys their company, though she's equally happy to relax and recharge in a quiet corner. Her clean and tidy nature makes her an easy companion in the home. Whether she’s trotting beside you on a walk or chilling peacefully on the sofa, Ash brings a calm, loving presence wherever she goes 💕. If you're looking for a loyal friend with just the right mix of playful energy and peaceful vibes, Ash might just be your perfect match. ✨","ash-3",""
"2023-01-01","Northern Rivers (Grafton, Lismore, Casino)","956000014960215","Tiger","2025-09-05","MALE","","Meet Tiger! 🐾 Tiger is a sleek, affectionate greyhound with a heart as big as his zoomies! Don’t let the name fool you—this gentle boy is all love and no roar. Tiger absolutely adores water, whether it’s splashing in a kiddie pool or enjoying a walk by the lake. His playful, outgoing nature makes him a hit with other dogs, and his excitement around children is infectious—he's always ready to make a new little friend! Tiger thrives in social settings and is happiest when he's part of the action. He loves cuddles just as much as he loves exploring, and his sweet, affectionate personality shines through in everything he does. If you’re looking for a loyal companion who brings joy wherever he goes, Tiger might just be your perfect match. 🐶💦❤️","tiger-12",""
"2022-08-01","Hunter Valley Mid Coast (Maitland/ Muswellbrook/Newcastle/Forster)","956000015731404","Tommy","2025-09-05","MALE","","Meet Tommy – The Tail-Wagging Bundle of Joy! 🐾🎉 Tommy is a happy greyhound whose tail never stops wagging! He’s a lovable guy who thrives on cuddles, pats, and playtime—always ready to share his infectious enthusiasm with everyone he meets. Tommy loves exploring new places and sniffing out adventures, making every walk an exciting journey. His joyful spirit and affectionate nature make him the perfect companion for anyone looking for a fun-loving, loving friend. If you want a happy, playful pal who’s always up for a cuddle and a romp, Tommy’s your guy!","tommy-18",""
"2021-11-01","Hunter Valley Mid Coast (Maitland/ Muswellbrook/Newcastle/Forster)","956000011663782","Horse","2025-09-05","MALE","","Say hello to Horse! 🐾💙 Horse is a wonderfully affectionate greyhound who absolutely loves children and thrives in a family environment. Having lived happily with other dogs, he’s super social and gets along great with his canine friends. With a curious and inquisitive nature, Horse loves exploring his surroundings and is always intrigued by new sights and sounds. His friendly, outgoing personality means he’s always ready to make new friends—both human and canine alike! If you’re looking for a loving, playful companion who’s great with kids and loves a bit of adventure, Horse is eager to join your family and share all the fun.","horse-1",""
"2021-10-01","Hunter Valley Mid Coast (Maitland/ Muswellbrook/Newcastle/Forster)","956000007433308","Spook","2025-09-05","MALE","","Meet Spook – Your Loyal, Cuddly Companion 🖤🐾 Spook is a gentle greyhound with a loving heart and a soft spot for cuddles. He gets along beautifully with both cats and dogs, making him a great addition to a multi-pet home. Spook would be perfectly suited to a retired person or someone who works from home—he loves having company and will happily curl up beside you while you go about your day. Calm, affectionate, and easy to please, Spook’s happiest moments are spent close to the people he loves. If you're after a quiet, cuddly companion who’ll be your shadow in the best way, Spook is ready to find his forever home with you.","spook",""
"2022-07-01","Hunter Valley Mid Coast (Maitland/ Muswellbrook/Newcastle/Forster)","956000007468067","Pam","2025-09-05","FEMALE","","Meet Pam – A Gentle Heart Looking for a Quiet Home 💗🐾 Pam is a soft-natured and gentle greyhound with a truly loving soul. She adores affection and will melt into you for cuddles, often leaning in for pats and staying close to soak up every bit of love. Calm and sensitive, Pam would thrive in a quiet household where she can feel settled. She’s the kind of companion who will quietly be by your side, offering comfort and warmth with her gentle presence. A perfect pup for someone looking for a new bestie. Pam will make a great companion inside and outside the house. She walks beautifully on the lead during adventures. If you’re looking for a sweet, affectionate girl who just wants a peaceful place to call home, Pam is ready to give you her heart.","pam-3",""
"2022-11-01","Hunter Valley Mid Coast (Maitland/ Muswellbrook/Newcastle/Forster)","956000014811033","Snow","2025-09-05","MALE","","Meet Snow – A Cool Customer with a Warm Heart! ❄️🐾 Snow is a calm and confident greyhound who just needs a little time to warm up – but once he does, his friendly and happy nature truly shines. With a relaxed personality and an easygoing charm, Snow is the perfect companion for anyone looking for a laid-back friend with a steady heart. He walks beautifully on the lead and takes the world in his stride, showing quiet confidence wherever he goes. Whether he’s lounging in the sun or enjoying a gentle stroll, Snow brings a peaceful, positive presence to every moment. If you're after a loyal, chilled-out pal who’ll reward your patience with love and companionship, Snow is ready to melt your heart.","snow-4",""
"2022-01-01","Hunter Valley Mid Coast (Maitland/ Muswellbrook/Newcastle/Forster)","956000007428319","Duke","2025-09-05","MALE","","Meet Duke – Your New Best Mate! 🐾👑 Duke is a bright and curious greyhound who’s always ready for his next adventure! With his engaging personality and zest for life, Duke makes friends wherever he goes. He absolutely lights up around new people—his tail wags, his ears perk up, and he can’t wait to say hello! Duke is also a smart cookie with impressive recall, making him a joy to take on adventures. He can be strong on the lead at times, especially when he's excited to explore, so he'll do best with someone confident and steady on walks. Whether he's exploring new places or snuggling up for a quiet moment, Duke brings a perfect mix of excitement and affection. If you’re after a fun, friendly, and loyal companion who’s always up for a meet-and-greet, Duke’s your guy!","duke-11",""
"2021-11-01","Hunter Valley Mid Coast (Maitland/ Muswellbrook/Newcastle/Forster)","956000011646996","Ollie","2025-09-05","MALE","","Say Hello to Ollie! 🐶💛 Ollie is a charming greyhound with a cute, chilled-out personality and a constantly wagging tail that shows just how happy he is to be around you! He’s grown up around pocket pets and knows how to be gentle with the little ones, making him a great fit for a home with pocket size animals. While Ollie is laid-back and affectionate, he does have a bit of strength when out and about—so he’ll need someone confident on the lead to match his enthusiasm for walks. Whether he's lounging around the house or exploring the great outdoors, Ollie brings a calm, happy energy wherever he goes. If you're looking for a sweet-natured, tail-wagging companion, Ollie could be your perfect match!","ollie-3",""
"2020-10-01","Hunter Valley Mid Coast (Maitland/ Muswellbrook/Newcastle/Forster)","956000011574978","Alfie","2025-09-05","MALE","","Meet Alfie! 🐾 Alfie is a handsome greyhound with a heart as big as his paws! This sociable guy adores the company of humans and loves making new friends—especially the big dog kind! With his bubbly personality and relaxed nature, Alfie is the perfect companion for a family looking for a gentle, easy-going friend. He’s fantastic with children, walks beautifully on the lead, and brings a calm, happy presence wherever he goes. Whether he's lounging in the sun or trotting alongside you on a stroll, Alfie is just happy to be part of the fun. If you're looking for a sweet, social pup with a heart of gold, Alfie’s your guy! 💛","alfie-8",""
"2020-10-01","Western Sydney (Londonderry)","956000012247522","Ray","2025-09-05","MALE","","This handsome boy is a Ray of Sunshine🌤️ Ray is the total package! Social, sweet and confident. He absolutely loves meeting new people and greets everyone like an old friend! Ray walks well on lead and loves to explore, so he wouldn't mind joining you for an adventure. He gets along well with other dogs of all sizes too! So he would'nt mind sharing his new home with a friend or two, pending a meet and greet. If you're looking for a loving companion who will brighten your days, Ray is ready to light up your life! Meet him at Western Sydney.","ray-2",""
"2020-03-01","Hunter Valley Mid Coast (Maitland/ Muswellbrook/Newcastle/Forster)","956000007853074","Falcone","2025-09-05","MALE","","Meet Falcone 🐾!! Falcone is a striking greyhound with an independent streak and a relaxed outlook on life. He’s the kind of dog who’s happy in his own company but still enjoys a good walk and the occasional scratch behind the ears. This low-maintenance lad walks beautifully on the lead and loves a calm stroll where he can stretch his legs and take in the world at his own pace. Falcone gets along well with other large dogs and would be a great match for a home with a laid-back canine companion. Thanks to his independent nature, Falcone is well-suited to full-time workers – he’s content to chill out during the day and will greet you with quiet affection when you return home. If you’re looking for a relaxed and reliable mate to share your life with, Falcone might just be the one for you.","falcone",""
"2020-03-01","Hunter Valley Mid Coast (Maitland/ Muswellbrook/Newcastle/Forster)","956000007837935","Donald","2025-09-05","MALE","","Meet Donald – The Laid-Back Explorer 🐾🌿 If you're after a cool, calm, and collected companion, look no further than Donald. This distinguished greyhound has a relaxed nature and prefers to take life at a steady pace, one sniff at a time. Donald walks beautifully on the lead and enjoys leisurely strolls where he can take in all the sights and smells around him. He’s got a curious nose and an independent spirit, perfectly content doing his own thing while staying close to his trusted humans. He gets along well with larger dogs and would be happy sharing space with a chilled-out canine friend. Donald isn’t overly needy – he enjoys affection but also appreciates his alone time and would thrive in a calm, low-key home. If you’re looking for a gentle soul with a quiet confidence and a love for life’s simple pleasures, Donald might just be your perfect match.","donald-2",""
"2020-02-01","Hunter Valley Mid Coast (Maitland/ Muswellbrook/Newcastle/Forster)","956000007837824","Bruiser","2025-09-05","MALE","","Meet Bruiser – Big Heart, Bigger Tail Wags! 🐶💕 Don’t let the name fool you – Bruiser is a total softie! This happy-go-lucky boy is bursting with love and has a tail that never stops wagging. He’s always ready to greet you with a smile and a nuzzle, and he thrives on affection from his human friends. Bruiser is full of energy and enjoys his playtime, walks, and any chance to explore the world by your side. He’s been around children aged 8 and up and would do well in a home where he can continue building those bonds – he loves being part of the action! Whether it’s zoomies in the yard or cuddles on the couch, Bruiser brings a joyful spark to every moment. He’d be a wonderful match for an active family or anyone looking for a loyal, loving companion. Ready to meet your new best friend? Bruiser can’t wait to wag his way into your heart!","bruiser-4",""
"2018-10-01","Hunter Valley Mid Coast (Maitland/ Muswellbrook/Newcastle/Forster)","956000005106467","Maggie","2025-09-05","FEMALE","","Meet Maggie – Your Future Snuggle Buddy! 🐾 Say hello to Maggie, a sweet and gentle greyhound with a heart full of love and legs made for graceful strolls. This lovely girl is as affectionate as they come – she absolutely adores pats, cuddles, and being close to her people. Maggie is a dream on the lead and makes every walk a pleasure. She gets along well with other dogs and would happily share her space with a canine friend. Whether it’s a walk around the block or a cozy nap on the couch, Maggie is content just being near those she loves. While Maggie can be redirected around cats, she still needs a bit more work and supervision in that area, so a cat-free home would be best. If you're looking for a calm, cuddly companion who will melt into your side and brighten your days, Maggie might just be the perfect match!","maggie-17",""
"2020-08-01","Northern Rivers (Grafton, Lismore, Casino)","956000011711005","Ocean","2025-09-05","MALE","","Meet Ocean! 🌊 Ocean is a calm and cheerful greyhound with a heart as big as his name. He has an easy-going personality that makes him a joy to be around — relaxed, friendly, and always up for some gentle fun. Ocean adores the company of other dogs and gets along beautifully with his canine companions. He enjoys playtime just as much as a quiet nap, striking a lovely balance between fun and chill. He walks beautifully on the lead, making strolls a breeze, and he’s a dream in the car — happy to settle down and enjoy the ride. Whether you’re heading out on an adventure or just relaxing at home, Ocean is the perfect companion. He’s ready to flow right into your heart and home! 💙","ocean-1",""
"2020-08-01","Northern Rivers (Grafton, Lismore, Casino)","956000011780487","Opal","2025-09-05","FEMALE","","Meet Opal! 🌟 Opal is a sweet and spirited greyhound with a heart full of joy and a tail that never stops wagging. She’s a social butterfly who absolutely loves playing with other dogs — big or small, young or old, Opal makes fast friends with everyone she meets. She’s wonderful with children and has a gentle, easygoing nature that makes her a perfect companion for families. Opal has spent some time living indoors, so she's already familiar with home life and enjoys the comforts of a cozy bed and a sunny window spot. Happy, affectionate, and always up for some fun, Opal is ready to bring love, laughter, and a little extra zoom to her forever home. 💕","opal-6",""
"2021-03-01","Western Sydney (Londonderry)","956000012258079","Apollo","2025-09-05","MALE","","Apollo is looking for a nurturing owner who he can trust, so he can build a bond and thrive. Despite being initially reserved, he is a very gentle boy. He really wants to bond with you, we've learnt this takes time and patience, and is very rewarding! If you are an understanding and gentle person, Apollo would love to be guided by you into the big wide world. Apollo really opens up around other greyhounds, and suits a fun loving dog by his side. It makes our hearts so full to see him having fun with another greyhound! If you have a home with an understanding canine companion, Apollo would love to meet them. A home without children is best suited, and a house with a yard to retreat to is best suited. He shows he's comfortable inside on the couch, so indoor/outdoor access throughout the day would be best. If you have a calm lifestyle, looking for a companion to help guide into the big wide world, consider adopting Apollo. Available at Western Sydney!","apollo-2",""
"2020-03-01","Northern Rivers (Grafton, Lismore, Casino)","956000013079774","Job","2025-09-05","MALE","","Meet Job 🐾 He is a lovable greyhound with a heart full of affection ❤️. He adores children 👧🧒 and gets along wonderfully with other dogs 🐶, making him a true family favourite. With his very easy-going personality, Job loves nothing more than cuddles and relaxing moments with his people. If you’re looking for a gentle, loving companion who’s great with kids and furry friends alike, Job is the perfect match! 🐕✨","job",""
"2015-01-01","Western Sydney (Londonderry)","956000004016445","Everest","2025-09-05","MALE","","*I'm in a foster care home with a male greyhound and a male jack russell - check in soon to see what I'm up to* With a salt and pepper face and a gentle demeanour, Everest is the kind of greyhound you will so easily fall in love with. Everest has all your quintessential greyhound quirks whether that's a moment of zoomies, a biiiiig lean on your leg for cuddles, and not forgetting the sweetest eyes which will melt your heart. Everest is an easy going old chap, with an adaptable, gentle and understanding nature. He just wants to curl up beside you and go out for a trot around the block when you're ready, waiting patiently by your side during the day. He is super sweet and calm. Available at Western Sydney.","everest-1",""
"2021-04-01","Central West (Bathurst/Dubbo/Coonabarabran)","956000011704148","Fraser","2025-09-05","MALE","","Fraser is a confident and curious boy with a cheeky streak and a heart full of affection. He’s fun, engaging, and loves being around people—especially kids! With a slow introduction, he may do well with smaller dogs and cats. Fraser is ready to bring joy, laughs, and love to his forever home.","fraser",""
"2020-08-01","Central West (Bathurst/Dubbo/Coonabarabran)","956000011574597","Sonny","2025-09-05","MALE","","Sonny is a gentle, easy-going boy with a calm and placid nature. He loves a good snuggle but is just as happy doing his own thing or spending time with his people. With a slow introduction, he may get along well with smaller dogs and cats. Sonny is a relaxed companion ready to bring quiet joy to a loving home.","sonny-5",""
"2022-04-01","Central West (Bathurst/Dubbo/Coonabarabran)","956000011359911","Connery","2025-09-05","MALE","","Connery is a happy, playful, and confident boy who loves to be social and stay engaged with his surroundings. He’s full of energy and would enjoy playing with children and having a backyard to explore. With a slow introduction, he may do well with smaller dogs and cats. Connery is ready to bring fun and joy to his future family!","connery",""
"2023-04-01","Central West (Bathurst/Dubbo/Coonabarabran)","956000015746819","Jonas","2025-09-05","FEMALE","","Jonas is a sweet and affectionate female with a curious heart. She enjoys spending time with people—perfect for part-time workers or anyone home often—and does well with children. Jonas would thrive in a supportive, patient home that gives her the space and encouragement to grow. She gets along with medium-sized dogs and may do well with cats given a slow, gentle introduction. With time and love, Jonas will blossom into a loyal and joyful companion.","jonas",""
"2020-04-01","Northern Rivers (Grafton, Lismore, Casino)","956000013088849","Inex","2025-09-05","FEMALE","","Say hello to Inex! 🐶 Inex is a playful and independent greyhound who loves nothing more than a good romp around the yard. Whether she's chasing toys or just stretching her legs, outdoor time is her favourite time! She gets along brilliantly with other dogs and is very well-mannered on the lead, making walks with her an absolute pleasure. Inex also has a wonderfully independent streak—she’s happy doing her own thing but still enjoys the company of her people and furry friends. If you’re looking for a confident, fun-loving greyhound who’s easy to walk and great with other dogs, Inex could be your perfect match!","inex",""
"2022-06-01","Northern Rivers (Grafton, Lismore, Casino)","956000014878826","Tina","2025-09-05","FEMALE","","Meet Tina, a sweet and gentle soul who is quietly searching for a loving and understanding new family. Although shy at first, Tina blossoms in a calm and serene environment where she can feel safe and secure. She's perfect for a household looking for a quieter canine companion who will gently match their pace and lifestyle. Tina gets along well with other dogs, making her a great addition if you already have canine family members. Tina has been socialised with children and actually likes little people who are polite and dog savvy. While Tina may initially be more reserved, she is eager to find a foster home to help her ease into her new life. This gradual adjustment allows her to grow in confidence and fully show off her lovely personality and sweet demeanor. If you can offer Tina a foster home so she can settle into pet life please contact us, we would love to find her someone to celebrate her 3rd birthday with.","tina-9",""
"2020-10-01","Northern Rivers (Grafton, Lismore, Casino)","956000011711102","Victor","2025-09-05","MALE","","Meet Victor! 🐾 Victor is a quiet and calm greyhound who loves the simple pleasures in life. He has a soft spot for chickens and gets along wonderfully with other dogs, making him a peaceful and friendly companion. Victor adores affection and enjoys gentle cuddles and quiet moments with his favourite humans. If you’re looking for a loving, easy going dog who brings calm and warmth to your home, Victor is the perfect match.","victor-2",""
"2021-05-01","Northern Rivers (Grafton, Lismore, Casino)","956000007430419","Charlie","2025-09-05","MALE","","Meet Charlie! 🐾 Charlie is a social butterfly who loves spending time with people and gets along great with other dogs. He’s full of energy and can be a bit strong on the lead at first, but he quickly settles into a calm and well-mannered walker once he gets going. Charlie is also a pro traveller—he enjoys van rides and is comfortable on the road, making him a great adventure buddy. If you’re looking for a friendly, outgoing greyhound who’s ready to join you on walks and trips, Charlie is your guy!","charlie-15",""
"2020-11-01","Northern Rivers (Grafton, Lismore, Casino)","956000013091691","Miesha","2025-09-05","FEMALE","","Say hello to Miesha! 💕 Miesha is a stunning greyhound girl with a heart full of joy and a love for life! She's a star in the kennels—calm, clean, and easy to care for. This beautiful girl loves swimming and will happily splash around at any opportunity. She’s clever too, and comes running when you call her name, especially if there’s a toy involved! Miesha is a playful soul who adores her toys and often carries one proudly wherever she goes. She gets along brilliantly with other dogs and is a dream to walk—calm, polite, and great on the lead. With her gentle nature and happy energy, Socks is sure to brighten every day.","miesha",""
"2020-12-01","Northern Rivers (Grafton, Lismore, Casino)","956000011721790","Socks","2025-09-05","MALE","","Meet Socks! 🐾 Socks is a gentle and affectionate greyhound with a heart as big as his appetite! This food-loving boy is as patient as he is sweet, always waiting his turn with a calm and easy going nature. Whether he’s lounging quietly or greeting new friends, Socks is a total sweetheart who gets along wonderfully with other dogs. His friendly personality makes him a joy to have around, and he’s sure to steal your heart (and maybe a treat or two!).","socks-2",""
"2022-10-01","Northern Rivers (Grafton, Lismore, Casino)","956000011349543","Jack","2025-09-05","MALE","","Meet Jack – The Polite Gentleman with a Heart of Gold 💛🐾 Jack is a calm, easygoing greyhound who’s as lovely on the inside as he is on the outside. With his gentle nature and relaxed attitude, he settles into new environments quickly and takes everything in his stride. Jack is fantastic with children and other dogs, making him a wonderful family companion. He’s always polite, friendly, and happy to be part of the group – whether it’s a quiet day at home or a walk around the neighbourhood. He walks beautifully on the lead, never pulling or fussing, and is more than happy to stroll along at your side. Jack’s chilled-out personality and kind soul make him a joy to have around.","jack-32",""
"2020-08-01","Northern Rivers (Grafton, Lismore, Casino)","956000011711862","Billy","2025-09-05","MALE","","Meet Billy – The Quiet Charmer with a Playful Side 🎾🐾 Billy is a gentle, independent greyhound with a lovely calm nature and just the right amount of playfulness. He’s not one to demand constant attention, but he’s always nearby with a quiet presence and a soft heart. Billy gets along beautifully with small dogs and is respectful and friendly in their company. He also enjoys a bit of solo playtime with his toys – give him a squeaky or something to toss around, and he’s one happy hound. This laid-back boy values his own space and is content to relax on his own, making him a great companion for someone who appreciates a more independent pet. He’s the kind of dog who slots effortlessly into your routine without any fuss.","billy-20",""
"2020-08-01","Northern Rivers (Grafton, Lismore, Casino)","956000011586829","Pheonix","2025-09-05","MALE","","Meet Phoenix – The Laid-Back Legend with a Love for Pats 🚐🐾 Phoenix is a cool, confident greyhound who takes life in his stride – quite literally! He walks beautifully on the lead and enjoys a good stroll by your side, always calm and well-mannered. This clever boy is also super practical – he can hop in and out of a van all by himself, making outings and adventures a breeze. Whether it’s a trip to the park or a drive to somewhere new, Phoenix is always up for the ride. Phoenix is a big fan of affection and never says no to a pat or a gentle scratch – he’ll happily lean in for more! He’s also friendly with other dogs and enjoys their company, making him a great fit for homes with existing pets.","pheonix",""
"2019-06-01","Northern Rivers (Grafton, Lismore, Casino)","956000007829359","Greg","2025-09-05","MALE","","Meet Greg – A Gentle Soul Ready to Bloom 🌟🐾 Greg is a sweet and sensitive greyhound with a quietly charming personality. He can be a little shy at first, but it doesn’t take long for him to warm up – and once he does, you’ll see a loving and loyal companion who enjoys being part of the action in his own gentle way. Greg gets along well with other dogs and enjoys their company. He walks beautifully on the lead and is a dream to take out and about, always calm and well-mannered. He also travels well in the car, making adventures easy and stress-free. With a little patience and a lot of love, Greg will continue to come out of his shell and show you just how affectionate and easy going he really is. He’s a quiet star who’s just waiting for the right person or family to help him shine.","greg-1",""
"2019-06-01","Northern Rivers (Grafton, Lismore, Casino)","956000007857162","Sheila","2025-09-05","FEMALE","","Meet Sheila – A Sweet Soul with a Playful Heart 🐾💖 Sheila is a beautiful greyhound with a gentle nature and a heart full of love. She can be a little shy when meeting new people or exploring new places, but give her a bit of time and patience, and you’ll see her blossom into a joyful, playful girl with the happiest little tail wags. Once Sheila feels safe and settled, her playful side shines through. She loves to run, bounce around, and enjoy the company of her doggy friends – she gets along wonderfully with other dogs and thrives in their company. Sheila would do best in a calm and supportive home where she’s given the space to build her confidence. In return, she’ll reward you with sweet affection, gentle playfulness, and a loyal heart.","sheila-2",""
"2019-06-01","Northern Rivers (Grafton, Lismore, Casino)","956000007853681","Penny","2025-09-05","FEMALE","","Meet Penny – The Playful Ball-Chasing Queen! 🎾🐾 Penny is a bright, bubbly greyhound with a zest for life and a serious love for fetch! Toss a ball and watch her light up with joy – she could play all day if you let her. Her playful spirit and happy nature make her an absolute delight to be around. Always cheerful and full of personality, Penny brings positive energy wherever she goes. She travels well in the car, making her a great companion for outings and adventures, and she’s perfectly content relaxing in her crate when it’s time to wind down. Penny is the perfect mix of fun and easy going. Whether she’s chasing a ball, enjoying a ride, or snoozing in her crate after a busy day, she does it all with a wagging tail and a happy heart.","penny-11",""
"2019-06-01","Northern Rivers (Grafton, Lismore, Casino)","956000007856122","Glen","2025-09-05","MALE","","Meet Glen – The Ultimate Companion with a Heart of Gold 💛🐾 Glen is a handsome greyhound with a big heart and an even bigger love for life. Friendly, affectionate, and full of charm, Glen adores people and never misses an opportunity for a cuddle or a kind word. His tail is always wagging, especially when he's surrounded by his favourite humans. Glen gets along wonderfully with other dogs and is a real social butterfly. Whether he's playing with his pals or just chilling nearby, he brings calm, friendly energy wherever he goes. A big fan of toys, Glen loves a bit of playtime and will happily keep himself entertained with a squeaky or two. He also travels like a dream in the car, making him the perfect buddy for road trips, weekend getaways, or even just a quick drive to the park.","glen-2",""
"2019-06-01","Northern Rivers (Grafton, Lismore, Casino)","956000007855335","Donnie","2025-09-05","MALE","","Meet Donnie – The Social Butterfly with a Love for Fun! 🐶🎾 Donnie is a happy-go-lucky greyhound who’s always up for a good time! Whether he’s heading out on a road trip or making new doggy friends at the park, Donnie takes it all in stride. He travels like a pro – calm, relaxed, and ready for the next stop on the journey. This playful boy has a soft spot for toys and will happily entertain himself with a squeaky or a tug toy, bringing a smile to everyone around him. He gets along wonderfully with other dogs and thrives in social settings, making him a great fit for families with existing canine companions. Donnie walks beautifully on the lead and loves exploring the world at a comfortable pace by your side. His friendly nature, confidence, and zest for life make him a joy to have around.","donnie",""
"2019-06-01","Northern Rivers (Grafton, Lismore, Casino)","956000007853642","Dougall","2025-09-05","MALE","","Meet Dougall – Your Future Travel Buddy! 🚗🐾 Dougall is a charming greyhound with a heart as big as his love for car rides. This gentle soul is always ready to hop in the car and join you on your next adventure – whether it’s a weekend getaway or just a trip to the shops, Dougall’s happy place is right by your side. With excellent leash manners, Dougall walks beautifully on the lead, making strolls a breeze. He’s polite and friendly around other dogs, and his calm nature makes him a wonderful companion in a variety of settings. Dougall also has a soft spot for affection. He’ll happily lean in for a cuddle or nuzzle up for some ear scratches – he may be sleek and speedy, but he’s really just a big softie at heart.","dougall",""
"2021-02-01","Western Sydney (Londonderry)","956000011661850","Obi Wan Kenobi","2025-09-05","MALE","","This is Obi-Wan Kenobi, a brave Jedi knight. He harnesses the use of the force to steal hearts across the adoption centre. What do we love about Obi? Read on... Obi-Wan Kenobi gets super excited and might even do a little happy dance when he sees his lead as he loves walkies and adventures, making him a great fit for an adventurous family who enjoy long walks through the galaxy. He is perfect indoors with no accidents here at the GAP adoption centre. His preferred home would be a house with some yard space as he enjoys the freedom to do as he pleases! If you're looking for a cutie to binge some Star Wars eps with, Obi-Wan Kenobi might be the perfect fit. He is gentle, affectionate and loves lazing on the couch and has the quintessential greyhound personality of lazy bones mixed with moments of playfulness. Obi-Wan Kenobi seeks a family who will respect his Jedi calmness but also embrace his playful side. He’s suited for homes with a peaceful vibe and a little space to run free like a Rebel. Meet Obi at the Western Sydney adoption centre and ""May the paws be with you""!","obi-wan-kenobi",""
"2022-06-01","Western Sydney (Londonderry)","956000011325843","Rocky (Western Sydney)","2025-09-05","MALE","","Rocky, the underdog coming through to take the spotlight of a home! This boy has no trouble leading his way through our kennels to find his next victory. Rocky is a very handsome lad that doesn’t mind spending time with children and frolicking in a backyard/townhouse as he has experience around kids. Rocky would walk best on a harness as he is excited to get going. Rocky is available to adopt from the Western Sydney adoption centre.","rocky-15",""
"2022-07-01","Western Sydney (Londonderry)","956000011646994","Fig","2025-09-05","MALE","","Say hello to our adorable Fig! Fig is a certified people-person in dog form who thrives on attention, affection, and the occasional belly rub. If you’re home more often than not, Fig will be your best friend, your cuddle buddy, and your biggest fan. He’s got great recall and walks like a dream on the leash, so he’s always up for a stroll, as long as it’s by your side. Figgy is hoping his new owner has a backyard in a quiet neighbourhood for him for zoomies & to take a nap on the grass in the sunshine. Playful and full of life, Figgy boy loves to let loose in a yard. He gets on well with other medium/large dogs and older kids are also fine by him. Dress ups, fun and games are all his cup of tea. He will have the kids entertained all day. If you’re looking for a sweet, affectionate companion who’s as happy sprinting as he is snuggling, Figgy might be your perfect match. If Fig sounds just simply delicious to you, apply to adopt online today!","fig-1",""
"2021-01-01","Southern NSW/ACT (Bulli, Nowra, Goulburn, Canberra)","956000011579149","Chester","2025-09-05","MALE","","Chester is a strapping boy, he is calm and confident. He is comfortable in the yard on his own and can be left alone. He knows his name and comes when called. He is very trainable and compliant. He is very patient and comfortable on the lead and is comfortable being walked in busy areas/noisy roads etc.","chester-2",""
"2022-07-01","Western Sydney (Londonderry)","956000014813741","Stavros","2025-09-05","MALE","","Stavros is a beautiful boy that’s full of love and life! He has spent the last few months in a foster care home with 6 other dogs of all shapes and sizes. Stavros would be best suited to a home with 1 other doggie friend. 6 was fun, but he's about quality, not quantity! If Stavros lives as your only dog, shorter hours alone are preferred. With a doggie pal to keep him company, you can go off to work during the day and he'll be happy with the canine company he has. Stavros is fond of a run around and play time but also loves giving and receiving lots of affection. An adults only home is the best fit for this gentle giant. He has a playful side and loves to have fun! Stavros would be a great addition to an apartment home (with lift access - no stairs) with an active lifestyle, or a house with a yard. Stavros is available at the Western Sydney adoption centre!","stavros",""
"2021-02-01","New England","956000011722472","Skipper","2025-09-05","MALE","","🐾 Meet Skipper! 🐾 Skipper is a lovable goofball with a huge heart. His silly antics and gentle soul truly win people over. Whether he’s prancing around the yard with a toy in his mouth, flopping onto his bed for a nap, or leaning in for a cuddle, Skipper brings joy and laughter to every moment. He’s the kind of dog who makes you smile just by being himself. Skipper would be a great family dog, he adores kids and is great with other dogs big and small. He would be lucky addition to any dog loving household!","skipper",""
"2020-01-01","Central West (Bathurst/Dubbo/Coonabarabran)","956000007467365","Uno","2025-09-05","FEMALE","","Uno is a sweet-natured, gentle girl with a calm and placid demeanor. She may be a little shy at first, but with patience and a supportive home, she’ll blossom beautifully. Uno does well with kind, understanding children and gets along with smaller dogs. With a slow and careful introduction, she may also do well with cats. Uno is looking for a calm, nurturing environment where she can continue to grow in confidence and love.","uno-1",""
"2020-08-01","Central West (Bathurst/Dubbo/Coonabarabran)","956000011711207","Champ","2025-09-05","MALE","","Champ is a bright, playful boy with a big heart and an even bigger personality. He’s incredibly smart, curious, and always ready to engage with the world around him. Sweet and affectionate, Champ loves spending time with people and is great with children. He gets along well with small dogs and enjoys active playtime. Champ does have some special requirements, so he’s looking for a loving home that can meet his unique needs and help him thrive.","champ-3",""
"2024-01-01","Riverina (Wagga, Temora, Gundagai, Griffith)","956000017210794","Roman","2025-09-05","MALE","","Roman is a striking young pup with a truly unique feature – his regal Roman nose! This handsome boy is still full of puppy charm: goofy, curious, and loves his cuddles. He loves meeting new people and is eager to make friends. Roman loves going on walks, especially with the 7- and 11-year-old kids he’s been spending time with – he doesn't jump up, is good on the lead and ok when his brothers are not nearby. He’s also a big fan of car rides, hydrobaths, and outdoor adventures, and he loves romping around with his brothers. He’s has sniffed the household cat and Maltese but ignores them, making him a great candidate for growing up in a multi-pet home with gradual introductions. He is good with other greyhounds. Roman is happy boy suited to a family or couple, other pets, preferably someone with a bit of time to give him some love, and walks, though he is able to spend some time alone. As he grows up with you he will blossom into the loyal, loving companion you’ve been dreaming of. Such a handsome friendly young lad.💙","roman",""
"2021-01-01","Western Sydney (Londonderry)","956000007466731","Raj","2025-09-05","MALE","","Raj is a vibrant, confident and friendly boy who would do well with a townhouse/backyard to enjoy. He does very well with other greyhounds so would happily join a multi-dog household. Raj may not be a king but he certainly has a confident personality to match his name. He has bursts of energy so would do best with children with some big dog experience. Raj has not seen much of the big wide world and would benefit from an owner who enjoys some dog training and seeing their new dog thrive under their guidance. Raj is available at the Western Sydney adoption centre.","raj",""
"2021-08-01","Western Sydney (Londonderry)","956000007424877","Eddy","2025-09-05","MALE","","Eddy is a shy and quiet boy looking for a nurturing home to thrive in. He warms up with those he's confident with and would do best with a backyard for his zoomies when the mood strikes. Eddy hasn't seen a lot of the world yet and would thrive with a home who is looking to take it slow with him to build his confidence. Eddy can't wait to meet you and become a beloved family pet! Eddy is available at the Western Sydney adoption centre.","eddy-6",""
"2022-01-01","","956000011646731","Beau","2025-09-05","MALE","","Beau is a confident, happy-go-lucky boy bursting with puppy-like energy and a love for life! Playful and engaging, he’s always up for a game or some quality time with his people—and he’s never short on tail wags. Beau would thrive in a home with another medium to large dog who can match his energy and playful nature. He’s full of enthusiasm on walks and can be strong on the lead, so a family with older kids who can keep up with his strength and spirit would be ideal. If you're after a fun-loving, social companion who brings joy wherever he goes, Beau is ready to be your new best mate!","beau-6",""
"2022-05-01","Hunter Valley Mid Coast (Maitland/ Muswellbrook/Newcastle/Forster)","956000011334010","Jimmy","2025-09-05","MALE","","Jimmy is a happy, confident boy with a playful heart and a relaxed outlook on life. He’s the kind of dog who’s just as content having a romp around the yard as he is chilling out by your side, soaking up cuddles and pats (his favourite!). Jimmy walks with enthusiasm and might be a bit strong on the lead at times, but with a bit of practice, he’ll settle into a great walking buddy. He could potentially get along with smaller dogs too, given slow and careful introductions—he’s a sociable guy who just likes to take his time getting to know new friends. If you're after a cheerful, affectionate companion with a lovely balance of energy and calm, Jimmy could be the perfect fit!","jimmy-9",""
"2020-09-01","Hunter Valley Mid Coast (Maitland/ Muswellbrook/Newcastle/Forster)","956000012963543","Cooper","2025-09-05","MALE","","Cooper is a confident, cheeky boy with a playful spark and a big personality! He’s always up for fun, whether it’s a run around the yard, a good game with a doggy mate, or heading out on an adventure. He’d thrive in an active home, especially one with another dog around his size to keep him company and match his energy. Cooper’s zest for life is infectious — he’s the kind of dog who’ll keep you laughing and moving, then happily crash for a nap once the fun’s over. If you’re looking for a playful, social, and slightly cheeky companion, Cooper could be your perfect adventure buddy!","cooper-8",""
"2022-05-01","Hunter Valley Mid Coast (Maitland/ Muswellbrook/Newcastle/Forster)","956000011335576","Reggie","2025-09-05","MALE","","Reggie is a relaxed and independent boy who’s all about the quiet life. He enjoys a bit of company and is happy to hang out with you, but he’s equally content doing his own thing — the perfect companion for someone who appreciates a low-key, easy-going dog. He does pull a little on the lead (there’s just so much to sniff!), so he’ll need a bit of guidance when it comes to walks. But with a patient and gentle hand, Reggie will soon settle into a lovely routine. If you’re looking for a calm, undemanding friend to share peaceful days with, Reggie might be your perfect match.","reggie-8",""
"2022-05-01","Hunter Valley Mid Coast (Maitland/ Muswellbrook/Newcastle/Forster)","956000011332727","Jj","2025-09-05","MALE","","JJ is a sweet, happy-go-lucky boy with the playful energy of a puppy and a heart full of love. Confident and full of charm, he’s always ready for fun — whether that’s a zoom around the garden or a goofy game with his canine pals. He’s still working on his lead manners (he’s just so excited to explore!), but with a bit of guidance, he’ll be strutting like a pro in no time. JJ might be cat-workable, but he’s definitely more in his element around other greyhounds or larger dogs. In fact, he’d thrive in a home with a doggy friend to play with and help show him the ropes. If you’re looking for a cheerful, fun-loving companion with a heart of gold, JJ is your guy!","jj-3",""
"2021-04-01","Hunter Valley Mid Coast (Maitland/ Muswellbrook/Newcastle/Forster)","956000012865653","Angel","2025-09-05","FEMALE","","Angel is a confident, people-loving girl who can’t resist a good cuddle session — she’s basically a professional snuggle expert. When she’s excited, she does a happy little prance that’s guaranteed to brighten your day. She walks beautifully on lead and is always ready to be your loyal companion, whether you’re a busy family or flying solo. Now, here’s the deal: Angel isn’t a fan of small dogs or cats. Think of her as the diva of the dog world who politely requests no tiny four-legged frenemies crashing her party. So, if you don’t have any pint-sized pooches or sneaky cats, Angel is all in for a lifetime of love and fun!","angel-7",""
"2021-12-01","Hunter Valley Mid Coast (Maitland/ Muswellbrook/Newcastle/Forster)","956000007429724","Thor","2025-09-05","MALE","","Introducing Thor!! He is one handsome boy, with the sweetest nature, who knows how to keep things cool. This relaxed gentleman is as happy to kick back and chill as he is to join you on an adventure—he’s got the perfect balance of laid-back charm and eager enthusiasm. Thor walks like a dream on lead and absolutely adores pats and cuddles (honestly, who wouldn’t?). He’s fantastic with kids, super low maintenance, and ready to be your loyal sidekick through all of life’s ups and downs. He is more than happy to have play dates with fellow 4-legged canine friends too. Nothing makes this boy happier than being around the people he loves. If you want a handsome, easy-going companion who’s all about good vibes and great company, Thor’s your guy!","thor-4",""
"2021-04-01","Western Sydney (Londonderry)","956000007434408","Carter","2025-09-05","MALE","","Carter is gentle, walks on a loose leash, and would be the kind of greyhound who could live with respectful kids, or older/elderly folks, due to his laid back nature. He is lovely around other dogs around his size at the centre and would be happy to live with them. Carter would enjoy a small backyard/townhouse to call his own. He can have bursts of quirky excitement like other greyhounds but overall he is a relaxed greyhound. He is great with people in general, loves pats and will snuggle into you (to sneak in a face lick). He loves treats and attention and would do well with a family who are looking for a placid greyhound to add to the family. He is available at the Western Sydney adoption centre.","carter",""
"2019-11-01","Southern NSW/ACT (Bulli, Nowra, Goulburn, Canberra)","956000009501096","Barba","2025-09-05","MALE","","Barba is a beautiful boy who loves adventure. Barba would be ideal for the young professional couple or single person looking to give a dog a structured life. Barba whilst growing up in a residential street has limited house exposure. Barba is very good to take on longer walks and is a very good learner. Barba with the correct introduction would be good with medium to large dogs","barba-1",""
"2021-07-01","Southern NSW/ACT (Bulli, Nowra, Goulburn, Canberra)","956000007466142","Poppy","2025-09-05","FEMALE","","Poppy Is a beautiful Brindle female that loves to play. Whether it be at the local oval or having a run around your backyard this girl loves to zoom. Poppy is good with older kids and is the perfect first pet for a family. Poppy settles well and walks very well on lead Poppy has grown up in a backyard where she enjoys sunning herself after a quick play. Poppy is currently undertaking some house training and is progressing very well. enquire today to find out more about Poppy","poppy-8",""
"2022-12-01","Hunter Valley Mid Coast (Maitland/ Muswellbrook/Newcastle/Forster)","956000011658476","Pop Tart (Poppy)","2025-09-05","FEMALE","","Pop Tart is as sweet as her name suggests! Once a timid little girl, she’s blossomed in foster care and is growing in confidence every day. Living in an apartment hasn’t slowed her down – she loves her daily walks, tackles stairs like a pro, and has absolutely no issues with noisy roads or traffic. Pop Tart is toilet trained, playful, and incredibly affectionate. She’s happiest when tossing her toys into the air or curling up close for a cuddle after a fun play session. She’s even spent time around children and absolutely adores the company of gentle little humans. Social Skills: Calm dogs only – Pop Tart has walked nicely with small dogs and is fine with calmer canine friends Still a bit wary of bigger dogs, but there’s no aggression – just some nervous energy Would thrive either as a solo dog or with the right chill companion Comfortable around kids who are respectful and kind Ideal Home: Apartment or house – she’s flexible and used to apartment life A calm and patient environment where she can keep building her confidence Daily walks and a bit of playtime to burn off her cheeky energy A home committed to continuing her positive socialisation journey","pop-tart",""
"2020-10-01","New England","956000006115451","Neon","2025-09-05","FEMALE","","🖤 Meet Neon – The Belly Rub Queen! 🖤 Neon is a gentle 4-year-old black greyhound with a heart of gold and a love for human company. She’s the kind of dog who will quietly follow you from room to room, just happy to be near her people. Her soulful eyes and calm presence make her an instant favorite with everyone she meets. She adores belly rubs and will happily roll over to show you her soft side – literally! She’s affectionate, easygoing, and would thrive in a home where she can be part of the family and soak up all the love and attention she deserves. Whether you’re relaxing on the couch or enjoying a quiet walk, she will be right by your side, making every moment a little brighter.","neon",""
"2021-02-01","Southern NSW/ACT (Bulli, Nowra, Goulburn, Canberra)","956000013034147","Roy","2025-09-05","MALE","","Roy is a 4-year-old greyhound who has grown up in a rural environment and is now looking for his forever home. He is a clean and well-mannered dog who never messes in his kennel, showing great potential for transitioning into a home environment with a little support for house training. He’s an excitable boy who enjoys a good run around but doesn’t jump up or show signs of destructive behaviour. Roy gets along well with other greyhounds and would thrive either as a solo dog or with a calm canine companion. Roy is well-suited to homes where the owners work full-time, as he is independent and relaxed when left alone. He would do best with a secure yard and regular opportunities to stretch his legs, ideally in a quiet, calm setting similar to his upbringing. Roy is a gentle, happy dog who just needs a little time and patience to adjust to home life. With the right guidance, he will make a loving and loyal companion.","roy-5",""
"2021-02-01","Southern NSW/ACT (Bulli, Nowra, Goulburn, Canberra)","956000012864576","Dixie","2025-09-05","FEMALE","","Dixie is a 4-year-old brindle greyhound and the sister of Roy. She’s a smaller girl with a big personality, full of charm and playful energy. Dixie is a good kennel dog who keeps her space clean and enjoys a structured routine. She’s an excited little lady who absolutely loves to show off her zoomies in the yard. Despite her bursts of energy, she settles down quickly and is happy to relax once she’s had a chance to stretch her legs. Dixie would suit a family environment and is good with children aged 5 and up. She’s gentle, affectionate, and thrives on attention. With her easy-going nature and love of fun, Dixie would make a delightful addition to a home that can offer her both playtime and plenty of cuddles.","dixie-4",""
"2021-05-01","Western Sydney (Londonderry)","956000007466974","Harry","2025-09-05","MALE","","Harry is a total catch! He is friendly, confident, good with humans and dogs, and a happy bubbly boy. He likes to play, has a good food drive, showing to be very trainable, he also walks lovely on the leash. He is confident on lead and in new environments as well as super polite with our greyhounds and small dogs here at the centre. Harry is a gentle, yet playful, lovely mix of all the perfect greyhound quirks! If he's not smooching up to you, he's sniffing out the treats in your pocket or finding a toy to entertain himself with. This goofy love bug is available at the Western Sydney adoption centre.","harry-13",""
"2019-04-01","Western Sydney (Londonderry)","956000006677803","Henry","2025-09-05","MALE","","Henry has lived his life surrounded by children, and would suit a home with a family of children who are eager to give him lots of love. Henry is a social butterfly who loves a bit of attention! He would suit a home with another medium to large dog who is on the chill side like him. His previous owners have summed him up as a big goof ball, who is placid, even a little bit clumsy! He settles well on his bed and is happy to watch the world go by with you by his side. Henry is available at the Western Sydney adoption centre.","henry-9",""
"2020-10-01","Western Sydney (Londonderry)","956000011576024","Meri","2025-09-05","FEMALE","","Little 23kg Meri has been around children 1+ to 14 years old, she loves a bit of attention and loves to run off with toys and have a bit of fun. She is a friendly, confident, yet relaxed girl. Meri would enjoy a backyard/townhouse with or without a greyhound pal to spend her days with, she would also be suitable around children due to her history of exposure with kids! Meri is available at the Western Sydney adoption centre.","meri-1",""
"2020-03-01","Southern NSW/ACT (Bulli, Nowra, Goulburn, Canberra)","956000007854250","Ox","2025-09-05","MALE","","Ox is the big softie that makes your heart melt. Ox is currently living inside a home learning to love the relaxed life. Ox still enjoys his walk and is a delight to walk on lead. This big guy is a kind hearted boy who loves sleeping the day away. Ox enjoys human company but is also happy to be left alone for full time working hours. Ox enjoys a car ride and lazing on his bed in your home","ox-1",""
"2019-05-01","Hunter Valley Mid Coast (Maitland/ Muswellbrook/Newcastle/Forster)","956000006794630","Carly","2025-09-05","FEMALE","","Carly may take a little time to fully warm up but once she does, you'll find a wonderfully affectionate pup. Patience will reveal Carly's true nature: a loyal and cuddly grey. Carly can be apprehensive and may shy away when approached from above, but if you crouch down to her level, you'll soon discover her gentle heart and spark of curiosity. Her ideal home would be a calm environment where she can enjoy plenty of affection and cozy snuggles without feeling rushed or overwhelmed. A home with a part-time worker would be an excellent fit for Carly, as she'd benefit from having company during the day. With time, patience, and love, Carly will become an irreplaceable member of your household, full of love and ready to receive it in return.","carly-5",""
"2023-01-01","Southern NSW/ACT (Bulli, Nowra, Goulburn, Canberra)","956000014911818","Alf","2025-09-05","MALE","","Alf is a handsome young male. He is destined for pet life as he is a relaxed, playful, affectionate confident boy. He loves diving into the water when he can - a true water baby! He enjoys lounging around the yard, basking in the sun and creating life long memories playing with little humans. Alf would be suited to a household with full time workers with a backyard or a family with younger children.","alf-7",""
"2023-01-01","Western Sydney (Londonderry)","956000014915380","Diesel (Western Sydney)","2025-09-05","MALE","","Hi, I'm Diesel 🐾 I'm a gorgeous confident boy, ready to bring some fun to the life of my new family. I adore all humans and even grew up around children myself, making me the perfect addition to your family! I would love my new home all to myself as I thrive when I'm the only star of the show⭐ Oh and I also love to play and chase after my toys so a backyard would be great for me! If you think I could be the guy for you, come and meet me at Western Sydney!","diesel-5",""
"2019-04-01","Western Sydney (Londonderry)","956000006660153","Kane","2025-09-05","MALE","","Kane is a social and confident lad with a charming personality. Kane is a good traveller, enjoys spending time with other hounds and has been described as playful, fun, and very lazy! He is a wonderful blend of calm, with that perky playful side! Kane would enjoy a townhouse/backyard, and a home with or without respectful children. A family with another M-L canine companion would also be well suited to this sweet gentleman. Kane is available at the Western Sydney adoption centre.","kane-1",""
"2017-12-01","Western Sydney (Londonderry)","956000009593092","Reba","2025-09-05","FEMALE","","*Reba is in a foster care home - enquire with the team for more info* Reba is our 7-year-old girl with a soft heart and an even softer spot for cuddles. She’s incredibly affectionate, calm, and friendly. The kind of dog who wants nothing more than to be by your side, whether that’s curling up on the couch or quietly following you through the house. Her gentle nature makes her a great fit for families, including those with children. Reba is also wonderfully independent. She’s perfectly suited to full-time workers, as she’s happy to relax during the day and will greet you with the warmest welcome when you return. She gets along well with other medium to large dogs and could happily share her home with a canine companion of similar size. Reba would love a home with a secure backyard where she can enjoy her own little adventures, zoomies, sunbathing, and taking in the breeze. She doesn’t need daily walks, and in fact, would be happiest in a home where walks are optional. She’s a great pet for a low-key lifestyle with plenty of love, a routine, and the freedom to just be herself. Reba is ready to be someone’s heart dog, a loyal, loving companion who asks for very little but gives so much in return.","reba",""
"2022-10-01","Central West (Bathurst/Dubbo/Coonabarabran)","956000014889861","Prince","2025-09-05","MALE","","Prince is a very handsome boy with a playful heart and a love for life! He’s affectionate, engaging, and always up for a game of chase with his favorite toys. Prince gets along well with smaller dogs and would be thrilled to have a yard where he can run and play to his heart’s content.","prince-9",""
"2022-01-01","Southern NSW/ACT (Bulli, Nowra, Goulburn, Canberra)","956000007374120","Dolly","2025-09-05","FEMALE","","Dolly is a charming girl, she likes meeting new people. She is very cuddly and affectionate. She comes when called and plays with toys. She is a good mixture of a hound that wants to go for a walk and be social with also wanting to lounge around doing nothing.","dolly-12",""
"2019-01-01","Western Sydney (Londonderry)","956000006812015","Matey","2025-09-05","MALE","","*I have just aced my 8 weeks of foster care and I'm ready to go home with you!* Foster Update: ""Matey is going great, enjoys his walks, enrichment toys and especially enjoys food! He now comes inside and runs straight to his bed and lies down, without me even needing to tell him, we are blown away with how well he is going!"" Ahoy Matey! Matey is the finest gem of them all! With his pretty blue coat, floppy ears and gentle, curious and affectionate nature, this Matey is a bounty of charm waiting to be adopted! He is a super outgoing boy who just loves everyone he meets, especially if you have some yummy treats or play a game of fetch with him! Matey is an enthusiastic, gentle, smart and fun-loving boy making him suitable for those wanting a laid back yet playful friend. Matey suits full-time workers, and would enjoy a small yard to call his own. This handsome boy is available now from our Western Sydney adoption centre.","matey-2",""
"2019-03-01","Western Sydney (Londonderry)","956000003709266","Oakley","2025-09-05","MALE","","Oakley is an energetic and fun loving greyhound, he thrives when given structured activities. His ideal owner will love all of his drive, energy and passion for all things fun. His best fit would be an owner who is eager to actively train and work with him. He is a driven hound driven who loves physical and mental stimulation. His perfect match will be someone looking for a highly trainable and driven dog who enjoys training as much as he does. He has a strong need for physical and mental stimulation. His recall is excellent, he performs 'down' on cue, and he has the ability to walk nicely in heel position after exercise. He loves the outdoors and would do best as an outside dog. He is available now from our Western Sydney centre.","oakley-1",""
"2021-07-01","Western Sydney (Londonderry)","956000007374088","Sully","2025-09-05","MALE","","*I have just stepped paws into a foster care home* Hi, I'm Sully, a gentle, quiet natured blue boy looking for my new home. I get along great with other dogs and don’t mind spending time in the yard while you’re out – but I do love having the freedom to go in and out as I please. I’m happiest in a home with a yard where I can stretch my legs and take in the fresh air throughout the day. I love the water – so much so that I even took a dip in the river (see photos)! I also travel great in the car and enjoy my walks, especially in quiet areas while I continue building my confidence. When I first started going on walks, I wasn’t sure what to do, but with some patience and encouragement, I’ve learned to keep going and haven’t had any issues in a long time! Now, I just take my time getting used to new environments, and once I do, I’m all in. I have even learnt to walk up and down stairs! I also have experience in a pet home, so I already know the routine of a home life. I’m comfortable being left alone for a few hours, especially with a yard to explore and settle in, but I thrive best in a home where I still get plenty of interaction throughout the day. I love being around my people and enjoy a good balance of companionship and independence. And when the day winds down, you’ll find me cozied up in my crate – it’s my little safe haven where I sleep soundly through the night. I'm available at the Western Sydney adoption centre!","sully-2",""
"2022-02-01","Central West (Bathurst/Dubbo/Coonabarabran)","956000011658657","Peanut","2025-09-05","FEMALE","","Peanut is a super sweet and cuddly girl 🐶 who’s full of love and ready to share it. She’s looking for a supportive home where she can continue to grow, learn, and feel safe. Peanut would do especially well with a canine companion to keep her company, as she doesn’t like being left alone. She gets along wonderfully with smaller dog breeds and is gentle and loving with children ❤️","peanut-2",""
"2023-02-01","Central West (Bathurst/Dubbo/Coonabarabran)","956000015726835","Hawke","2025-09-05","MALE","","Hawke is a playful and happy boy 🐶, full of energy and confidence. He loves toys, gets excited easily, and brings joy wherever he goes! With a safe and slow introduction, Hawke has the potential to become best friends with your smaller dogs and even cats. He’s also great around young children, making him a fun and loving addition to a lively family. ❤️","hawke-1",""
"2022-02-01","Central West (Bathurst/Dubbo/Coonabarabran)","956000011659317","Amber","2025-09-05","FEMALE","","Amber is a gentle soul who may be a little shy at first 🐶, but with a warm and comforting home, she begins to shine. She blossoms with patience, support, and love ❤️, and would thrive best in a calm, peaceful environment. Older, understanding children would be a great match for her, helping her feel safe and supported as she builds confidence and truly comes into her own.","amber-4",""
"2022-04-01","Central West (Bathurst/Dubbo/Coonabarabran)","956000011349565","Jed","2025-09-05","MALE","","Jed is a very handsome boy 🐶 with a playful spirit and a heart full of charm. He’s interactive and social, always ready to make new friends and spread good vibes. Confident yet a little goofy, Jed is easygoing and happy-go-lucky — the kind of companion who makes every moment more fun and lighthearted. ❤️","jed-4",""
"2023-03-01","Central West (Bathurst/Dubbo/Coonabarabran)","956000015734818","Queenie","2025-09-05","FEMALE","","Queenie is a confident and loving soul 💖, radiating warmth wherever she goes. Her friendly, outgoing nature 🐾 makes her a joy to be around, and she thrives in social settings. Playful and engaging, Queenie brings happiness to every room she enters, leaving a lasting impression with her vibrant personality and boundless affection 🥰.","queenie-1",""
"2022-10-01","Western Sydney (Londonderry)","956000012964018","Axel","2025-09-05","MALE","","Axel is a sweet and sensitive greyhound who’s looking for a home where he can continue to build his confidence and thrive with a little guidance. While he’s not overly timid, he does best in a home that offers clear structure, routine, and patient support as he navigates the world. Axel is affectionate and eager to please, and once he settles in, he becomes a calm and loyal companion. He enjoys the company of other greyhounds and could do well with a confident dog buddy to help him feel at ease. Axel is best suited to a quieter household without young kids, where he can relax and grow at his own pace. With a supportive environment and consistent routine, Axel has all the right ingredients to become a happy, well-adjusted family member.","axel-2",""
"2020-10-01","Western Sydney (Londonderry)","956000012965006","Naomi","2025-09-05","FEMALE","","Naomi is a sweet & shy girl. She is suitable to live with other dogs including small dogs! Although initially shy, she is a brave girl who warms up well with consistent, gentle handling. Naomi would enjoy a quiet home with a grassy courtyard/backyard. She likes to keep to herself but travels well and is working on her confidence every day. If you're looking for a sweet and gentle hound who you can watch thrive with your nurturing personality, consider adopting Naomi. Naomi is available at the Western Sydney adoption centre.","naomi",""
"2020-04-01","Central West (Bathurst/Dubbo/Coonabarabran)","956000012114782","Chief","2025-09-05","MALE","","Meet Chief – a handsome, easy-going boy with a heart of gold. This laid-back fella is happy entertaining himself or just chillin' solo 😎. Patient and gentle, Chief is great with small children and gets along well with other animals. He grew up around a cattle dog and has been exposed to goats, so farm life is nothing new to him. Whether he's playing or relaxing in the sun, Chief brings a calm, loyal energy to any home 🐾.","chief-6",""
"2020-06-01","New England","956000012804931","Alvie","2025-09-05","MALE","","Alvie is a delightful and sweet greyhound. He’s a shy boy who needs a loyal and loving friend to do life with. Once he has settled in, Alvies's personality shines through in everything he does, making him a delightful and loyal friend who is always ready to share his love. Alvies perfect home would be an experienced doggy handler who has the time to win his trust and help him to adjust to a new life 💕","alvie",""
"2021-10-01","Western Sydney (Londonderry)","956000011641008","Pete","2025-09-05","MALE","","For Pete's sake, look at this handsome boy! Pete is a shy and reseved boy looking for a calm, low stimulus home to enjoy his retirement. Pete would do best without children and would love a backyard to retreat to when things get too busy for him. Pete is a delight around other greyhounds and gains confidence around them. A nurturing and relaxed owner would suit him the best. We think he would love to either live with another greyhound and/or continue socialisation around other dogs. Pete is available at the Western Sydney adoption centre.","pete-6",""
"2022-05-01","Central West (Bathurst/Dubbo/Coonabarabran)","956000011340679","Lloyd","2025-09-05","MALE","","🐾 Meet Lloyd! 💙 Lloyd may be a little shy when meeting new people, but with a supportive and understanding family, he quickly blossoms into a confident, happy, and loving boy. 🐶 Smart and full of potential, Lloyd is just waiting for the right people to help him shine. If you're looking for a sweet companion who’ll grow into your best buddy, Lloyd is ready to meet you! 💫","lyold",""
"2021-08-01","Central West (Bathurst/Dubbo/Coonabarabran)","956000012863585","Flow","2025-09-05","FEMALE","","🐾 Meet Flow! 🌸 Flow is a very sweet girl with a heart full of potential. 💕 She's ready to learn, grow, and succeed with the help of a loving, supportive home. With a little training and plenty of encouragement, she’ll blossom into an amazing companion. She’d do best with older, understanding children and could be a great match for a calm, medium-large dog friend. If you're looking for a kind soul to grow with, Flow is ready to start her journey with you! 🐶💫","flow-1",""
"2021-11-01","Central West (Bathurst/Dubbo/Coonabarabran)","956000012861144","Jasper","2025-09-05","MALE","","🐾 Meet Jasper! 💙 Jasper is an affectionate, sweet, and kind-hearted boy who just wants to be loved. 🐶 He’s playful and gentle, with so much potential to shine in the right home. He’s still learning and will need a supportive family to continue his training and help build his confidence. Jasper would do best with older, understanding children and could get along well with a compatible medium-large dog. If you're ready to open your heart to a truly lovable companion, Jasper is waiting for you! 💕","jasper-5",""
"2022-03-01","Central West (Bathurst/Dubbo/Coonabarabran)","956000012917914","Reggie","2025-09-05","MALE","","🐾 Meet Reggie! 🐶 Reggie is an active, playful, and seriously handsome boy! 😍 He's full of energy and would love a yard where he can run, play, and burn off that puppy spirit. Still working on his manners, Reggie needs a patient, understanding family ready to guide him with love and consistency. He’d do best with older kids and could be a great match for a friendly medium-large dog buddy. If you’re looking for a fun-loving companion to grow with, Reggie’s your guy! 💙","reggie-7",""
"2021-11-01","Central West (Bathurst/Dubbo/Coonabarabran)","956000013022670","Emma","2025-09-05","FEMALE","","🐾 Meet Emma! 💖 Emma is a gentle soul with so much love to give. She may be a little shy at first, but with patience and kindness, her sweet personality shines through. 💕 She’s looking for a calm, supportive family to help her grow in confidence with continued training and socialisation. Emma enjoys the company of well-mannered dogs (especially larger ones!) and would do best with older, understanding children. A secure yard to play and explore would be the cherry on top for this lovely girl. 🐶🌿","emma-3",""
"2021-08-01","Central West (Bathurst/Dubbo/Coonabarabran)","956000011658052","Jodie","2025-09-05","FEMALE","","🐾 Meet Jodie! 💕 Jodie is a sweet, goofy girl with a big heart and an even bigger personality! 💖 She’s bursting with playful energy and would love a yard where she can zoom around and enjoy all her favorite games. Jodie is still learning the ropes, so she’ll need a patient, loving home committed to helping her grow with consistent training and gentle guidance. 🐶 She’d thrive with older, understanding kids and could do well with a medium-large dog friend who matches her vibe. If you’re ready to laugh, play, and love a little extra every day—Jodie’s your girl! 💕","jodie",""
"2021-11-01","Central West (Bathurst/Dubbo/Coonabarabran)","956000013018726","Benson","2025-09-05","MALE","","Meet Benson – A Gentle Giant with a Heart Full of Love 💙🐾 Benson is a sweet, kind-hearted boy who’s still finding his way in the world. This gentle giant is looking for a calm, supportive home where he can grow in confidence, surrounded by patience, understanding, and lots of love. He’ll need ongoing training and encouragement, but with the right guidance, Benson will blossom into the most loyal companion. He’s suitable to live with medium to large dogs who are calm and respectful, and would do best with older, understanding children who can give him the space and gentleness he needs. If you have a little extra room in your home—and your heart—Benson might just be the perfect fit. 💛","benson",""
"2015-10-01","Central West (Bathurst/Dubbo/Coonabarabran)","956000004888574","Ducky","2025-09-05","FEMALE","","Meet Ducky – A Sweet, Gentle Soul Ready for Her Cozy Forever Home 🐾💗 Ducky is a loving, affectionate older girl who’s all about the cuddles and calm vibes. She’s looking for a slower-paced home where she can enjoy the quiet life with people who appreciate the beauty of a relaxed routine. Ducky would love a family with older, understanding children, and she’s suitable to live with medium to large dogs who are respectful and calm like her. If you're after a sweet companion who just wants to be loved and lounge by your side, Ducky might be your perfect match 🐾💗","ducky-2",""
"2021-11-01","Central West (Bathurst/Dubbo/Coonabarabran)","956000012861951","Goofy","2025-09-05","MALE","","Meet Goofy – A Special Boy Looking for His Special Home 🐶💛 Goofy is a sweet male with a quirky charm and a heart ready to bond. He’s looking for a quiet, patient home where he can take things at his own pace. Goofy needs someone who understands that dogs like him need time, gentle guidance, and a whole lot of love to build trust. He’s still learning about the world, so training and socialization will be key to helping him grow into his best self. Goofy would do best as the only dog in the home, with older, understanding children who can respect his boundaries. With the right people, Goofy will shine – could that be you?","goofy",""
"2021-02-01","Central West (Bathurst/Dubbo/Coonabarabran)","956000013017722","Sofia","2025-09-05","FEMALE","","Meet Sofia – A Loving Blue Beauty Looking for Her Forever Home 💙🐾 Sofia is a beautiful blue female with a gentle soul and a heart full of potential. She's looking for a home that can offer her support, understanding, and time—someone patient and committed to helping her grow with continued training and care. Sofia has an old injury to her front leg, so she’ll need a family that understands her physical needs and can help her feel safe and comfortable. She thrives best as a single dog in the household and would be happiest with older, dog-savvy children who can respect her space and needs. If you’re ready to offer a calm, loving home where Sofia can continue her journey, she’s ready to meet you. 💙","sofia",""
"2019-10-01","Northern Rivers (Grafton, Lismore, Casino)","956000007851244","Felix","2025-09-05","MALE","","Felix is a chilled-out charmer who’s just happy to be part of the fun. He’s quiet, calm, and has a super relaxed nature—nothing really bothers him! Whether it's hanging out with other dogs or being around kids, Felix fits right in. He’s friendly, gentle, and goes with the flow. This sweet boy doesn’t have a care in the world—he’s just looking for a comfy spot, some love, and maybe a snack or two. Felix is the kind of dog who brings a little bit of sunshine into every day without ever asking for much in return. If you’re after a gentle, low-fuss companion who gets along with everyone, Felix might just be your perfect match. 🐾💙","felix-2",""
"2017-11-01","Northern Rivers (Grafton, Lismore, Casino)","956000009463034","Tylah","2025-09-05","FEMALE","","Tylah is a beautiful, gentle soul who’s mastered the art of relaxing. She’s a laid-back lady who loves her naps and cozy spots, but don’t let that fool you—she still has her zoomie moments! Short bursts of energy are her specialty, followed by lots of lounging and cuddles. She’s happiest when she’s with her people, always close by and ready to share her calm, loving presence. Loyal, sweet, and full of quiet charm, Tylah is the kind of companion who makes every day feel a little more peaceful. If you're looking for a loyal, low-maintenance best friend who will love being by your side (especially on the couch), Tylah might just be the perfect match. 💕","tylah",""
"2019-12-01","Central West (Bathurst/Dubbo/Coonabarabran)","956000007831473","Digger","2025-09-05","MALE","","Digger is a curious, affectionate boy who loves to learn and be involved in whatever you're doing. He’s attentive, enjoys playing with his toys, and thrives on interaction. Digger would do best as the only dog in the home and would love having older children to play and bond with.","digger-4",""
"2018-12-01","Central West (Bathurst/Dubbo/Coonabarabran)","956000006812686","Brad","2025-09-05","MALE","","Brad is a lively, energetic boy once he feels at home. He enjoys playtime, especially in a backyard where he can stretch his legs and have fun. Brad is good with smaller dogs and would do well in a home with older children. A sweet, active companion ready for his next adventure!","brad-3",""
"2022-12-01","Central West (Bathurst/Dubbo/Coonabarabran)","956000011346970","Rafiki","2025-09-05","MALE","","Rafiki is a lively, energetic boy with an incredible love for toys! He’s a one-dog fetch machine—happily tossing his own toys just to chase them down again. Social, interactive, and full of fun, Rafiki brings playful energy and joy wherever he goes.","rafiki",""
"2022-11-01","Central West (Bathurst/Dubbo/Coonabarabran)","956000011345375","Dempsey","2025-09-05","MALE","","Dempsey is a fun-loving, affectionate boy with a big personality and an even bigger love for his toys. He's interactive, silly, and always ready to make you laugh with his goofy antics. Dempsey does well with smaller dogs and cats after a slow, safe introduction. A joyful companion who’s all about play, cuddles, and good vibes!","dempsey",""
"2022-12-01","Central West (Bathurst/Dubbo/Coonabarabran)","956000011349605","Zazu","2025-09-05","MALE","","Zazu is a gentle male who takes a little time to settle in, but once he's comfortable, his playful and funny personality shines through. He absolutely loves his toys and enjoys exploring his surroundings with curiosity. Zazu gets along well with smaller dogs and cats after a slow, safe introduction. A sweet soul with a goofy side, he’s sure to bring joy and laughter to a patient and loving home.","zazu",""
"2020-10-01","Southern NSW/ACT (Bulli, Nowra, Goulburn, Canberra)","956000007467851","Daisy","2025-09-05","FEMALE","","Daisy is a lovely hound, she is very social, confident and friendly. She is great around everybody and will make an excellent addition to your life. She is good on the lead and great company. She is also happy to live with full-time workers.","daisy-18",""
"2020-01-01","Northern Rivers (Grafton, Lismore, Casino)","956000007834462","Rockstar","2025-09-05","MALE","","Rockstar is the coolest, most laid-back guy around! Just like his name, he’s a chilled-out rockstar who loves attention and enjoys hanging out with people—especially kids. He’s great with all dogs and loves to play, making him the perfect companion for a fun-loving household. Rockstar is as friendly as they come and always ready to be part of the action. If you’re looking for a relaxed, happy, and playful buddy who’s always ready for some fun, Rockstar is your guy!","rockstar",""
"2021-10-01","Northern Rivers (Grafton, Lismore, Casino)","956000012864402","Bruce","2025-09-05","MALE","","Meet Bruce! 🖤 Bruce is a sweet, laid-back boy with a charming personality. He gets along well with small dogs and is always happy to spend time with his human friends. Bruce does have pannus, a condition that affects his eyes. While it's not curable, it’s easily managed with treatment to keep him comfortable. If you’re looking for a friendly, easy-going companion with a big heart, Bruce is ready to bring his charm into your life!","bruce-4",""
"2022-04-01","Northern Rivers (Grafton, Lismore, Casino)","956000013064396","Sonny","2025-09-05","MALE","","Sonny is a strong, happy, and fun-loving boy who adores people and loves to play! He’s always up for some fun with his favorite toys—he absolutely loves them and could play all day. Sonny gets along great with medium to large breed dogs and would be happiest with a female dog friend. He’d also love to have a yard where he can run and play to his heart’s content. If you’re looking for an energetic and toy-obsessed companion with a heart full of love, Sonny might just be the perfect match for you!","sonny-4",""
"2017-06-01","Hunter Valley Mid Coast (Maitland/ Muswellbrook/Newcastle/Forster)","956000006210837","Venus","2025-09-05","FEMALE","","Venus is a beautiful, independent lady who is an absolute delight to have around. She’s perfectly happy relaxing on her own but still enjoys some attention and pats when you're nearby. She’s been socialised with small dogs and, while she’s not overly interested in them, she’s calm and well-behaved in their company. If you're looking for a sweet, low-maintenance companion who enjoys both quiet time and a little love, Venus could be the one for you! She may be nearly 8 years old but she still has lots of love to share.","venus-4",""
"2020-08-01","Northern Rivers (Grafton, Lismore, Casino)","956000011584894","Bob","2025-09-05","MALE","","Bob is a handsome, happy, and playful boy who’s full of personality! He loves life and enjoys being around people and other dogs—especially other greyhounds. Bob is strong and can get a little overexcited around small dogs, so he’d do best in a home without them. He would love to live with a medium to large female dog, or he’d be just as happy as the only dog in the home. If you’re looking for a fun-loving companion with a big heart and a beautiful brindle coat, Bob could be your perfect match!","bob-14",""
"2021-12-01","Western Sydney (Londonderry)","956000014800665","Rowdy","2025-09-05","MALE","","Meet Rowdy! The handsome social butterfly with a heart full of love and a nose for treats! This confident and friendly guy absolutely adores people and will charm his way into your heart (and maybe your snack stash) in no time. Rowdy is super trainable and eager to learn, especially if food or toys are involved – a home that is interested in furthering his training and development is ideal Rowdy is still learning the ropes when it comes to other animals, so he’s best suited as a solo dog or with another greyhound friend who can help him find his groove. He’d thrive in a home with a yard to explore and a family who can support him through his transition to pet life. With a little guidance and a lot of love, Rowdy will be the ultimate loyal companion – cheeky, charming, and full of fun. Rowdy is available through our Western Sydney Adoption Centre.","rowdy",""
"2019-08-01","Central West (Bathurst/Dubbo/Coonabarabran)","956000009589667","Blaze","2025-09-05","MALE","","Meet this laid-back, placid boy—our sweet male Blaze! He's the definition of a ""dopey"" cuddle bug who loves nothing more than a good snuggle. As a single dog household pup, he's very content with his quiet life in the backyard, and he's happy to share his space with older children who understand his calm nature. Experienced owners will appreciate his lazy demeanor and gentle temperament. He’s all about relaxing and enjoying the simple things in life!","blaze-7",""
"2020-10-01","Northern Rivers (Grafton, Lismore, Casino)","956000011578748","Jack","2025-09-05","MALE","","Jack is a friendly, happy-go-lucky greyhound who’s always up for an adventure! He’s 4 1/2 years old and loves going for walks around the neighborhood, especially in suburban areas where there’s lots to sniff and explore. 🌳 This guy is also a big fan of the beach, with a special love for small shell pools—he’s happiest splashing around and enjoying the water! 🌊 Jack is great with other dogs and always ready to make new friends. His sweet, friendly nature makes him a joy to be around. Whether he’s on a walk or just chilling, Jack is sure to bring a smile to anyone he meets! 😊 If you’re looking for a fun, friendly companion who loves the outdoors, Jack is the perfect buddy for you! 🐕💖","jack-29",""
"2020-11-01","Southern NSW/ACT (Bulli, Nowra, Goulburn, Canberra)","956000007467734","Santa","2025-09-05","MALE","","Santa Clause is coming to your lounge! Santa is a handsome 4 year old boy who is looking to be your perfect companion. Santa takes a little bit to warm up to new people but when he is comfortable he's the perfect mix of cuddly and playful. He loves toys! During the day Santa is perfect for full-time workers as he spends his day sleeping and playing in the backyard. By night time You'll find Santa dreaming whilst curled up on the lounge or your bed with family or your other large fluffy companion.","santa",""
"2021-09-01","Western Sydney (Londonderry)","956000011552295","Sam (Western Sydney)","2025-09-05","MALE","","Looking for a fun-loving, people-obsessed companion? Sam the greyhound is your guy! 🐾 With his playful personality and endless enthusiasm, he’s ready to steal your heart and bring joy to every adventure. Sam is a total people pleaser, always eager for his human's attention and affection. He’s incredibly social and loves to be around his people, making him the perfect companion for anyone looking for a friendly, outgoing dog. Sam is also pro when it comes to car rides—he loves hopping in for a fun adventure and travels like a champ. Whether it’s exploring new environments or playing with his favorite toys, Sam is always up for the next exciting thing! He’s also a big fan of walks, where his playful, excitable personality shines. Sam is suitbale for living with other dogs around his size and would also be happy to share his home with older kids. If you’re looking for a fun, loving, and energetic pup to share your life with, Sam is your guy! 🐕💙 Contact the Western Sydney team to meet Sam today!","sam-10",""
"2021-04-01","Central West (Bathurst/Dubbo/Coonabarabran)","956000012917728","Bertha","2025-09-05","FEMALE","","Bertha is a playful, cheeky, and energetic female greyhound who loves people and is very social. She’s curious and full of fun, always ready for an adventure. With the right introduction, she might get along with smaller dogs, making her a great addition to an active and engaging home.","bertha-1",""
"2017-01-01","Central West (Bathurst/Dubbo/Coonabarabran)","956000004889171","Collie","2025-09-05","FEMALE","","Collie is a sweet older female with a calm, relaxed, and easy-going nature. She’s happy to please and would thrive in a slower-paced home. Older children are best for her, and she’s fine with smaller dogs and cats, making her a wonderful companion for a peaceful and loving household.","collie",""
"2023-06-01","Central West (Bathurst/Dubbo/Coonabarabran)","956000015745332","Billy","2025-09-05","MALE","","Billy is a sweet, affectionate, and kind natured boy. He’s loving and enjoys playing with toys, often collecting them on his bed. Billy is interactive and gets along well with smaller breeds of dogs, making him a fun and friendly companion.","billy-19",""
"2020-12-01","Central West (Bathurst/Dubbo/Coonabarabran)","956000012805049","Dare","2025-09-05","MALE","","Dare is a big, gentle giant with a very sweet and playful nature. He’s fun-loving yet shows a patient and calm side when needed. Confident and happy, Dare is the perfect mix of energy and tranquility, making him an affectionate companion for any home.","dare-1",""
"2022-05-01","Central West (Bathurst/Dubbo/Coonabarabran)","956000011351882","Windy","2025-09-05","MALE","","Windy is a very sweet-natured male dog who can be a little shy at first but quickly comes out of his shell, especially when playing with toys. Confident on his own, he gets along well with smaller breeds of dogs and is sure to bring joy and warmth once he settles in.","windy-1",""
"2020-12-01","Central West (Bathurst/Dubbo/Coonabarabran)","956000011710299","Hank","2025-09-05","MALE","","Hank is a calm, easy-going, and very friendly dog with an affectionate and interactive nature. He loves to connect with others and is great with smaller breeds of dogs. Hank’s gentle personality makes him a wonderful companion for any home looking for a sweet and sociable pet.","hank-6",""
"2021-04-01","Central West (Bathurst/Dubbo/Coonabarabran)","956000012861460","Tom","2025-09-05","MALE","","Tom is a happy boy who thrives on his own in a single-dog household. He needs a supportive home where he can grow and learn. With patience and encouragement, Tom will blossom into a loving and confident companion.","tom-18",""
"2020-12-01","Central West (Bathurst/Dubbo/Coonabarabran)","956000011711067","Scotch","2025-09-05","MALE","","🐾 Meet Scotch! 🖤 Scotch is a happy, confident greyhound with a heart full of joy. Due to a past leg injury, he enjoys a slower-paced home and shorter walks—but don’t worry, he can still move around and play just fine! 🐾 Engaging, affectionate, and full of love, Scotch thrives in a calm environment where he can relax and enjoy life at his own pace. If you're looking for a gentle, loyal companion, Scotch is ready to win your heart. 💕","scotch",""
"2018-01-01","Central West (Bathurst/Dubbo/Coonabarabran)","956000009589973","Uno","2025-09-05","FEMALE","","🐾 Meet Uno! 🌟 Uno is a lovely older lady with a confident, engaging personality and a heart full of love. 💕 She’s sweet, kind, and always happy—bringing a warm, joyful presence wherever she goes. With her calm nature and affectionate spirit, Uno makes the perfect companion for a caring, loving family ready to share their home with a gentle soul. 🐶💫 If you’re looking for a steady, loving friend, Uno is ready to make your heart her home.","uno",""
"2020-12-01","Central West (Bathurst/Dubbo/Coonabarabran)","956000007436627","Dozer","2025-09-05","MALE","","Dozer, or ""Little D,"" is a sweet boy who needs time and patience to learn and grow. He’ll thrive in a quiet home where he can feel safe and supported as he blossoms into his best self. With the right care, he’s sure to become a loving companion.","dozer-2",""
"2020-11-01","Central West (Bathurst/Dubbo/Coonabarabran)","956000011710186","Milo","2025-09-05","MALE","","Milo is a fun-loving male greyhound with a playful and confident personality. He’s happy, sweet-natured, and kind, making him a loving companion for any home. Milo’s cheerful attitude and affectionate nature are sure to bring joy to those around him.","milo-9",""
"2020-03-01","Central West (Bathurst/Dubbo/Coonabarabran)","956000007827233","Lexi","2025-09-05","FEMALE","","Lexi is a sweet and placid female greyhound with a calm demeanor. Eager to learn, she needs room to grow and thrive, along with patience and understanding. A single-dog household would be ideal, providing her with the space and care she needs to flourish.","lexi-7",""
"2019-12-01","Central West (Bathurst/Dubbo/Coonabarabran)","956000012179623","Aggi","2025-09-05","FEMALE","","Aggi is a pretty female greyhound who can be a little shy at first. She needs encouragement, support, love, and time to grow. A single-dog household would be ideal, where she can feel secure and receive the attention she needs. Aggi is eager to learn and thrive with the right care and patience.","aggi-2",""
"2021-12-01","Central West (Bathurst/Dubbo/Coonabarabran)","956000007431437","Micha","2025-09-05","FEMALE","","🐾 Meet Micha! 💖 Micha is a sweet and sensitive female greyhound looking for a calm, loving home to help her blossom. With the right support and encouragement, she’s eager to learn and grow into a confident companion. She’ll thrive in a quiet environment where she feels safe and secure. Micha would do best as the only dog to start with, giving her the space and attention she needs to adjust and build trust. If you have a gentle heart and a peaceful home, Micha is ready to find comfort by your side. 🐶💕","micha-1",""
"2021-06-01","Central West (Bathurst/Dubbo/Coonabarabran)","956000007424531","Tubby","2025-09-05","FEMALE","","🐾 Meet Tubby! 💗 Tubby is a sweet girl who just needs a little time and patience to truly shine. 🌸 She can be a bit unsure at times, but with the right support and encouragement, she’ll blossom into a loving, confident companion. She’d do best in a calm, single-dog household where she can feel safe and truly be herself. With your love and guidance, Tubby is sure to thrive. 🐶💕","tubby",""
"2021-06-01","Central West (Bathurst/Dubbo/Coonabarabran)","956000011552057","Sassy","2025-09-05","FEMALE","","Sassy is a female greyhound looking for a quiet, supportive, and loving home. She needs room to grow, learn, and thrive, along with the encouragement and patience to help her blossom. A single-dog household would be ideal, where she can receive all the attention and care she deserves.","sassy-1",""
"2021-06-01","Central West (Bathurst/Dubbo/Coonabarabran)","956000007428296","Molly","2025-09-05","FEMALE","","Molly is a sweet female greyhound who can be a little shy and unsure at first, but she’ll open up with time and patience. She needs space, encouragement, and room to grow in a supportive environment. Molly thrives in a single-dog household where she can receive the love and attention she needs to feel comfortable and secure.","molly-11",""
"2016-02-01","Central West (Bathurst/Dubbo/Coonabarabran)","956000004489012","Minni","2025-09-05","FEMALE","","Minni is a laid-back, easy-going older gal with a calm and confident demeanor. She’s curious and independent, but also affectionate and loves a good snuggle. Minni is the perfect companion for someone looking for a relaxed and loving pet.","minni-6",""
"2018-05-01","Central West (Bathurst/Dubbo/Coonabarabran)","956000006810145","Lucy","2025-09-05","FEMALE","","Lucy is a very friendly and affectionate older girl who loves to give and receive cuddles. She can be relaxed and easy-going, but also has a cheeky, playful side that adds fun to her personality. Good with smaller breeds of dogs, Lucy makes a sweet and loving companion for any home.","lucy-21",""
"2016-05-01","Central West (Bathurst/Dubbo/Coonabarabran)","956000004257033","Banj","2025-09-05","FEMALE","","Banj is a sweet, older female greyhound, ready to enjoy a relaxing retirement. She’s calm, easy-going, and laid-back, thriving in a peaceful home. Banj gets along well with smaller breeds of dogs and is comfortable around older children, making her the perfect companion for a quiet, loving household.","banj-7",""
"2020-06-01","Central West (Bathurst/Dubbo/Coonabarabran)","956000007467697","Snoz","2025-09-05","MALE","","Snoz is a male greyhound with a calm and quiet demeanor. He’s patient, easy-going, and always happy, enjoying a laid-back lifestyle. With his gentle nature, he’s the perfect companion for anyone seeking a relaxed and peaceful pet. Snoz is happy to make any M/L four-legged canine his best play and can't wait to have some cuddles with his new forever family. He would suit a household with full time workers, children to play with and would be very happy to live in an apartment.","snoz-3",""
"2018-10-01","Central West (Bathurst/Dubbo/Coonabarabran)","956000009460515","Bella","2025-09-05","FEMALE","","Meet Bella, a sweet, kind, and patient female greyhound who remains calm in new environments. She’s excited to play and learn, always eager for new experiences. Bella is affectionate and loves to spend time with her humans, and she gets along well with smaller breeds of dogs. She’s ready to bring her gentle spirit and enthusiasm for life to a loving home!","bella-17",""
"2020-12-01","Central West (Bathurst/Dubbo/Coonabarabran)","956000011781124","Nova","2025-09-05","FEMALE","","Meet Nova, a beautiful and sweet female greyhound who will melt your heart once she settles into her new home. She’s affectionate and loves cuddles, and she has a playful side when it comes to toys! Nova is patient and eager to learn, making her a wonderful companion for a family who can help her continue to grow. She’s ready to share her love and brighten your life!","nova-2",""
"2019-10-01","Central West (Bathurst/Dubbo/Coonabarabran)","956000006660531","Bec","2025-09-05","FEMALE","","Meet Bec, a playful and affectionate female greyhound who absolutely loves toys! She enjoys collecting and playing with them, and there's nothing better than a cuddle and some quality time with her humans. Bec thrives in a home with an experienced owner who can provide her with the care and attention she needs, including a backyard to run and explore. She’s grown up around children, but older kids are best for her. She’s ready to bring love and joy into a forever home!","bec-7",""
"2021-07-01","Central West (Bathurst/Dubbo/Coonabarabran)","956000007424357","Zac","2025-09-05","MALE","","Meet this gentle and shy male greyhound, looking for a loving, supportive family to help him continue to grow and thrive. With a quiet nature, he enjoys the simple pleasures of life, like collecting little toys, and he responds beautifully to a gentle touch. Having grown up around small children, he’s well-suited for a family environment. An experienced dog owner would be ideal, as he’s looking for someone who can provide the patience and care he needs to flourish.","zac-3",""
"2020-02-01","Central West (Bathurst/Dubbo/Coonabarabran)","956000007373972","Tony","2025-09-05","MALE","","Tony is a barrel full of laughs, love & fun! This big goof ball loves to run, play & chase. He is an active boy with a spirit to match! He would love to find a home with older active children he can run around with in the backyard. Potentially another grey or large breed of dog to play with as well. He is a confident boy who doesn't shy away from much. Tony is ready to find his perfect family! Reach out to meet him today!","tony-6",""
"2021-10-01","Central West (Bathurst/Dubbo/Coonabarabran)","956000013039547","Lucy","2025-09-05","FEMALE","","Beautiful Lucy is lady who needs to find a supportive, patient & kind family. Lucy shows interest in wanting to be a part of a family, grow, learn how to be confident & playful, she just needs that support & encouragement to do so. A quiet home at first would be ideal. Lucy has spent time indoors, around children & a smaller breed of dog. With the correct introduction & supervision, Lucy may become best friends with your smaller fluff's, even your feline family members. Please reach out if you would like to meet Lucy :)","lucy-20",""
"2022-06-01","Central West (Bathurst/Dubbo/Coonabarabran)","956000011334285","Missy","2025-09-05","FEMALE","","Sweet Missy is a darling girl looking for her perfect family. Missy is looking for love & support from her new family in order for her shine and grow into the best version of herself. A quiet & patient home would be best. With growth, she will shine in personality & playfulness. Missy responds well to young children. She has spent time living indoors with a smaller breed of dog. With the correct introduction, Missy might become best friends with your small pups or feline family members. Please reach out if you would like to meet her :)","missy-21",""
"2018-06-01","Hunter Valley Mid Coast (Maitland/ Muswellbrook/Newcastle/Forster)","956000009589443","Red","2025-09-05","MALE","","This is our boy Red. Say hello to this charming boy who is looking for his forever home. Red is relaxed on lead, great to handle, making your daily walks very enjoyable. He has had frequent exposure to leisurely strolls in town and enjoys the slow paced lifestyle. He is very friendly and will stop for pats or to say hello. At times Red can be apprehensive in new environments. Once he has found his feet, he takes the world in his stride and settles into a happy pace of life. He would suit a quieter home with any humans, big or small, that are willing to give him all of the love in the world.","red-8",""
"2020-02-01","Western Sydney (Londonderry)","956000007833913","Enzo","2025-09-05","MALE","","Enzo is the perfect blend of calm, playful, goofy and loving. He enjoys spending time in the office and although he tolerates the chaos of the office, he ideally would prefer a calm and quiet lifestyle. A home with a backyard in a quieter area would be best for this boy and pending a meet and greet, a home with another medium to large dog could work for him too! He has loved playing with all of his Greyhound friends and is super social with all the people he meets when he's out and about. When he is left alone, he has shown to settle quite well so could suit a home where his humans are home less often throughout the day. This adorable boy is available at the Western Sydney adoption centre.","enzo",""
"2022-02-01","Hunter Valley Mid Coast (Maitland/ Muswellbrook/Newcastle/Forster)","956000011358684","Stacey","2025-09-05","FEMALE","","Meet our sweet girl Stacey. Stacey warms up after a little bit of attention but initially she could be weary of her surroundings. She has spent time around children and is gentle around them. Stacey is responsive on lead but will like to sniff around as well.","stacey",""
"2022-05-01","Hunter Valley Mid Coast (Maitland/ Muswellbrook/Newcastle/Forster)","956000011341912","Benji","2025-09-05","MALE","","Are you after a playful and cheeky friend? Benji is after his forever home! He is all things cheeky, confident and cunning. Benji is responsive on lead but some extra training wouldn't go astray. He loves a pat and to bound around a yard big or small, he would be suitable to live in a townhouse or villa and would in time be able to conquer stairs. Benji had an injury in 2023 which he has now recovered from but has a plate in his hock. If you're interested in learning more about Benji, please apply now.","benji-11",""
"2021-10-01","Western Sydney (Londonderry)","956000011640070","Jax (Western Sydney)","2025-09-05","MALE","","Meet Jax! This handsome boy is ready to find his forever home - Greeting you with a happy wagging tail and affectionate energy, Jax is sure to win over your heart in no time! Jax has had the pleasure of spending time with whippets, kids, and has been in a loving house setting, so he's already on his way to being well-versed in being a great family companion. Jax is looking for a forever family where he can offer endless affection and share his happy, friendly demeanour. If you're looking for a sweet companion to join your family, Jax might be the perfect match for you!","jax-4",""
"2020-04-01","Northern Rivers (Grafton, Lismore, Casino)","956000007837271","Jimmy","2025-09-05","MALE","","Meet Jimmy, a laid-back and easygoing dog with a heart full of love to give. Jimmy is the perfect companion for those who appreciate a relaxed and unflustered canine friend. Jimmy is dog who adores the simple pleasures in life, from leisurely strolls in the park to quiet evenings lounging at home. He's not one to rush through life but rather takes his time to soak in his surroundings, making every moment feel special and serene. His chilled-out nature also makes him an excellent companion for other medium to large breed dogs. If you're in search of a dog who can seamlessly integrate into a tranquil lifestyle, whether you're single, a couple, or a family, Jimmy is ready to settle in and share his companionship with you. Get ready for leisurely adventures and cozy evenings with this loving and relaxed furry friend.","jimmy-7",""
"2021-09-01","Central West (Bathurst/Dubbo/Coonabarabran)","956000007430066","Paddy","2025-09-05","MALE","","Mr Paddy! This gentle giant is such an easy-going, laid-back goof ball! He is always down to clown or just take it easy and rest his feet. He gets on well with smaller breeds of dogs- there's a Yorkie always saying hello :) Paddy interacts positively with new people, even younger children. He would love to have yard where he can run about, chasing toys thrown by his new best friends :)","paddy-2",""
"2020-07-01","Northern Rivers (Grafton, Lismore, Casino)","956000007374662","Bear","2025-09-05","MALE","","Meet Bear, the ultimate embodiment of relaxation and tranquility wrapped up in a big, huggable package. This calm and easygoing canine companion resembles a giant teddy bear. Bear's favourite pastime is napping. Whether it's a lazy afternoon snooze on the patio or stretching out for a long, cozy rest beside you on the couch, Bear knows how to unwind like no other. While he might not be the most active pup on the block, Bear’s delightful charm lies in his serene nature. He's the perfect partner for a quiet afternoon reading session or watching a movie at home. Bear also enjoys a short walk around the block where he can have a sniff and explore Bear would thrive in a home where he can enjoy a relaxed lifestyle. While he may be big in size, his heart and loveable nature are even bigger.","bear-18",""
"2016-11-01","Central West (Bathurst/Dubbo/Coonabarabran)","956000005413287","Dora","2025-09-05","FEMALE","","Pleased to introduce you to the wonderful Dora! Dora is a senior lady looking to share her love with a new family. Dora has spent time living with a young family for approx 12 months & is now ready to find her forever home. She loves young children. Very patient & calm with them. Dora is gentle, kind & affectionate. Engaging in sweet cuddles & kisses. Dora may adapt to living on her own or in an apartment. Confident & content, she might well adapt to full-time workers as well :)","dora-2",""
"2019-08-01","Central West (Bathurst/Dubbo/Coonabarabran)","956000006702904","Millie","2025-09-05","FEMALE","","Looking for a sweetheart that loves children, engaging in fun play & snuggling? Then Millie is the girl for you! Millie is very excitable & playful! Loves to run around being a little silly & cheeky. Quick to jump in a body of water.... even on picture day hehe :)","millie-4",""
"2023-03-01","Northern Rivers (Grafton, Lismore, Casino)","956000007427402","Harley","2025-09-05","MALE","","Meet Harley, a cheerful and easygoing companion. This friendly fella has a personality that's as warm as the summer sun, making him an ideal addition to any family seeking a loyal, loving dog. Harley has a delightful, laid-back nature about him. He is effortlessly sociable, having met small dogs with a friendly yet disinterested attitude, ready to just hang out and enjoy their company without demanding constant interaction. With his infectious happiness and calm, affectionate personality, Harley promises to be a wonderful companion for anyone seeking a peaceful, friendly presence in their life. If you’re ready to welcome an easygoing and friendly buddy into your life, Harley is more than ready to meet you. Harley has now been introduced to cats and would be suitable for a home with a confident indoor cat who likes dogs.","harley-4",""
"2017-04-01","Central West (Bathurst/Dubbo/Coonabarabran)","956000005708531","Storm","2025-09-05","FEMALE","","Relaxed & very loving older lady. Has spent time around grandchiildren. Storm is a confident girl looking for a life of leisure. She will do well on her own, with full time workers..... or if you might consider welcoming 2 beautiful ladies into your life, Storm’s sister, Chucky is also available :)","storm-4",""
"2017-04-01","Central West (Bathurst/Dubbo/Coonabarabran)","956000009435360","Chucky","2025-09-05","FEMALE","","Sweet & adorable older gal. Independant & confident. Will adpat to full time workers. Has spent time around young grandchildren. Relaxed in new spaces & around new people. Sister to Storm! Would you consider welcoming both into your family?","chucky-2",""
"2018-03-01","Northern Rivers (Grafton, Lismore, Casino)","956000009464574","Garnet","2025-09-05","FEMALE","","**Garnet has lived in a foster home in the city CBD with full time workers, is affectionate and intelligent, and loves long walkies and would enjoy an active family to keep fit and go on daily adventures with** She's been a joy to foster! Here's a glimpse into Garnet's wonderful traits: - Garnet is an early bird who enjoys morning naps after joining you in bed. - A fearless adventurer, she's unbothered by much and walks in loud, busy city streets. - Walks in the rain without hesitation. - Patiently waits outside shops while you run quick errands. - Curious by nature, Garnet follows you around, eager to be part of your activities. - Loves to relax and roach on the couch. - Enjoys chasing Frisbees, balls, and playing with squeaky toys. - An exceptional office companion and assistant. - Incredibly friendly and affectionate, she welcomes pats from everyone she meets. - Gentle with children she meets. - Gets super excited about snacks, especially denta sticks! - Loves to taste a variety of foods, from peanut butter, hot chips, and banana. - Garnet has accompanied professional dog walkers, who have consistently praised how well she walks on the lead. Garnet has been a delight in the home, and I'm sure she'll make an excellent addition to a loving family. We’ll certainly miss her! If you're looking for a dog to fill your home with love and joy then apply to adopt the gorgeous Garnet today!","garnet",""
"2015-04-01","Northern Rivers (Grafton, Lismore, Casino)","956000004256320","Pattie","2025-09-05","FEMALE","","Meet Pattie, a gentle and gracious senior who has spent her life expertly spreading love and warmth. Pattie has been in the company of children and copes well with if they are polite and well mannered. Pattie is a well-mannered lady who carries herself with a polite serenity, she has been socialised with small dogs and although she would prefer a large companion she is polite around small dogs. Pattie has slowed in her senior years, but she would love a foster home where she can settle and would be the perfect companion for someone looking for an older calm companion.","pattie",""
"2015-05-01","Northern Rivers (Grafton, Lismore, Casino)","956000004273766","Eve","2025-09-05","FEMALE","","Meet Eve, a gentle and calm senior lady who's ready to grace your home with her presence. With her quiet and serene nature, Eve is the epitome of tranquility, and she effortlessly brings a sense of peace wherever she roams. Eve has a friendly disposition and a soulful gaze that speaks volumes. She's an observant girl who appreciates the simpler things in life, making her a suitable match for a loving individual or family seeking a mellow furry friend. As a senior dog, Eve would thrive in a foster home where she can enjoy her golden years in comfort. Her dream environment would be one filled with love, where she can relax while being treasured as the devoted companion she is. By welcoming Eve into your life, you'll not only be providing her with a secure and loving home, but you'll also be rewarded with the companionship of a truly special and lovable friend.","eve-1",""
"2019-05-01","Western Sydney (Londonderry)","956000009590292","Arthur (Western Sydney)","2025-09-05","MALE","","*I'm currently in a foster home* And I say HEY! What a wonderful kind of day. If you can learn to work and play and get along with Arthur the greyhound! Arthur is a total cutie pie. He is the star of the show, much like the 90's show! He is a shy boy at heart, but loves smooches and cuddles once you get to know him. A backyard or courtyard would be suitable but he can also live in an apartment home as he enjoys settling quietly indoors and can do stair cases. He walks on a loose lead, as well as learning some training cues like 'on your bed' and 'off your bed'... Talk about talented! It's a simple message and it comes from the heart, Believe in this (and in Arthur the greyhound) for that's the place to start! Arthur is available from the Western Sydney adoption centre.","arthur-5",""
"2020-09-01","Southern NSW/ACT (Bulli, Nowra, Goulburn, Canberra)","956000007466509","Katie","2025-09-05","FEMALE","","Katie is currently in a foster home with her brother Ace. We have loved getting to know Katie and giving her the opportunity to enjoy her new life as a pet. Being the older sister, she is very independent and settles very easily. She is very happy to sit on her bed whilst you work or go about your day. She is toilet trained and has fallen into her new routine very easily. She gets so excited to see us, as exemplified with her happy, whipping tail (duck for cover!). She tends to jump up on you when she’s very excited, but this is something we are working on and have already seen great improvements on. Katie walks well on a leash and doesn’t react negatively to other dogs, big or small. She has done well approaching small dogs and children and saying hello. Katie would be a great pet for a someone looking for an independent dog that will also shower you will love and affection. __________________________________________________________________________ Katie is a lovely hound. She is happy and confident, very playful. Does appreciate a good lay down also. Has been living in a rural setting is no stranger to native animals and is now in suburban foster care enjoying cuddly toys, living out the back and coming in the home for the evening.","katie-9",""
"2020-01-01","Western Sydney (Londonderry)","956000012252567","Flash","2025-09-05","MALE","","**I'm in a foster home** Flash is seeking an empathetic & nurturing owner who can follow a cooperative care plan to help with his daily eye medication. Could you be the perfect owner for our sweet boy? Flash has advanced pannus, which means he needs daily eye medication. But don’t worry—he’s a star pupil when it comes to taking his meds & he’s getting better every day with the right guidance. Flash is currently learning all sorts of new tricks at the adoption centre. He is a fast learner and with a little time and practice, he's shown he can do amazing things. A large yard where Flash can stretch his legs and zoom around is a must! He loves a good run, and a big space is perfect for his energy. No small children or other animals. Flash would prefer a calm environment where he can be the only one getting your attention and affection. Flash is available at the Western Sydney adoption centre. **Flash is on daily medication - enquire with GAP for more info**","flash-8",""
"2014-01-01","Northern Rivers (Grafton, Lismore, Casino)","956000003031937","Spot","2025-09-05","MALE","","Meet Spot, our distinguished older gentleman who is looking for the perfect match. Spot isn't just any dog; he carries himself with the grace and ease that only a seasoned greyhound can. Spot has had the pleasure of living in the serene setting of a granny flat, making him an expert in enjoying the quieter side of life. However, don’t let his age fool you; thanks to a thorough training program, Spot is sharp and responsive. He comes eagerly when his name is called and possesses a well-mannered set of tricks, including ""touch"" and ""paws up,"" that make him a delight to teach and interact with. His training, combined with his naturally loyal temperament, makes Spot an excellent fit for a single person looking for a true companion. He understands the comforting routine of a single household and offers unwavering loyalty in return. Spot embodies the best qualities of an older dog. Devoted and endearing, he is ready to join someone who values thoughtful companionship and has room in their heart for a truly dignified and loving friend.","spot-6",""
"2019-02-01","Central West (Bathurst/Dubbo/Coonabarabran)","956000006809611","Chandler","2025-09-05","MALE","","Meet sweet & beautiful Chandler... Chandler is a gentle and polite male greyhound with a calm and relaxed demeanor. He’s a sweetheart who greets everyone warmly and enjoys a good snuggle, especially after a sunbath. Chandler has been around older kids and medium-sized dogs, and he gets along well with both. He’s also a joy to walk on a lead, making him the perfect companion for leisurely strolls. Whether lounging in the sun or curled up for some quiet time, Chandler is sure to bring a sense of calm and affection to any home.","chandler-2",""
"2022-06-01","Southern NSW/ACT (Bulli, Nowra, Goulburn, Canberra)","956000011329837","Jax","2025-09-05","MALE","","Jax is a fun young hound who likes to play go for walks and enjoys a good rest afterwards. He lives in a suburban backyard and is conditioned to being left alone during full time work hours. He comes when called and enjoys a walk. Jax would suit living with full time workers with a backyard or a busy family.","jax-3",""
"2021-05-01","Western Sydney (Londonderry)","956000014514144","Teddy","2025-09-05","MALE","","This adorable boy is the sweetest little guy ever! Teddy is great with other medium/large sized dogs and would happily join a family who already has one and spend the day with them while his humans are out. As a single dog, Teddy has shown to cope well on his own. Older, respectful kids are suitable for Teddy and would enjoy his goofy playfulness! So come and cuddle our little Teddy today! He is available from our Western Sydney adoption centre.","teddy-7",""
"2021-08-01","","956000012866851","Raffa","2025-09-05","MALE","","This bundle of joy loves human interaction and adventure. Raffa loves to run around his big yard area and shows you how fast he can be. Raffa gets very excited for the first five minutes you meet him before settling down. After getting his morning energy out and jumping around Raffa settles down and loves to lay in the sun. Raffa is fine around older kids and would make a great pet for a family with a big yard or a young couple who are fit and active.","raffa",""
"2018-06-01","Western Sydney (Londonderry)","956000009518190","Ronald","2025-09-05","MALE","","Ronald is a cheerful, confident and friendly lad looking to bounce straight into your home. We know Ronald to be a charismatic, charming and affectionate boy. With these qualities in mind, we think he'd suit a family with children and preferably shorter hours alone while he begins to settle in. This beautiful boy is at the magical age of 6 where he has his lazy side but has moments of playfulness, too. A perfect blend for many family types! Did we mention he currently lives with another greyhound? He'd love it if you had another hound for a play mate and nap buddy. Get in touch with the Western Sydney centre to meet Ronald.","ronald",""
"2020-03-01","Central West (Bathurst/Dubbo/Coonabarabran)","956000012114164","Costa","2025-09-05","MALE","","Meet Cuddle Me Costa, a sweet and affectionate male greyhound who lives up to his name with big, warm cuddles! Costa is a confident, happy boy who loves to shower his family with love. He’s well-socialized with young children and medium-sized dogs, making him a perfect fit for family life. Costa is equally content doing his own thing or hanging out with the family, whether it’s relaxing on the couch or enjoying a quiet moment outdoors. With his loving nature and laid-back attitude, Costa is sure to bring joy and comfort to your home.","costa",""
"2020-10-01","Central West (Bathurst/Dubbo/Coonabarabran)","956000011579791","Rocky","2025-09-05","MALE","","Rocky is a friendly and easy-going male greyhound who loves socializing with young children and other medium-sized dogs. This laid-back fellow is happy to go with the flow, whether it’s enjoying a quiet moment at home or joining in on family activities. Rocky is a calm and adaptable companion, making him an ideal choice for a family looking for a well-mannered dog who’s great with kids and other pets. His gentle nature and relaxed attitude mean he’s content to simply be part of the family and enjoy whatever life brings his way.","rocky-14",""
"2019-10-01","Southern NSW/ACT (Bulli, Nowra, Goulburn, Canberra)","956000006705352","Jay Jay","2025-09-05","FEMALE","","Say g’day to JayJay this beautiful female has had a wonderful life around children as young as 1 year old and also around Medium dogs. Jayjay is 5 years of age and is a perfect mix between puppy playful during the day and settled mature girl of a night. Jay jay is always excited to go for a walk and would be the perfect dog for someone looking at undertaking adventures and longer walks Jayjay travels well in a car and would love a backyard to play the day away in","jay-jay",""
"2020-01-01","Western Sydney (Londonderry)","956000007467933","Baby","2025-09-05","FEMALE","","Nobody puts baby in the corner! This little lady is looking to learn all about the world with you! She would suit short hours alone as a solo girl, or longer hours with a canine companion. Polite with dogs big or small, beautiful Baby has so much love to give and is searching for the right place to call home. If this Baby girl sounds like the perfect addition to your family, apply to take her home from the Western Sydney adoption centre.","baby-2",""
"2019-05-01","Central West (Bathurst/Dubbo/Coonabarabran)","956000007850926","Ivanka","2025-09-05","FEMALE","","Meet Ivanka, a playful and excited lady with a heart full of affection! This happy female greyhound is ready to bring joy and energy to your home. Playful and affectionate. Loves to give a classic Greyhound lean and cuddle. Social with larger dogs and open to learning to love smaller canine friends. Enjoys active playtime and engaging walks. Thrives in a lively environment where she can express her playful spirit. A loving and active household that can keep up with her playful nature. Suitable for families or individuals who appreciate a happy, energetic companion. If you’re looking for a lively and loving companion, Ivanka would be thrilled to meet you! Reach out for more information or to schedule a visit.","ivanka",""
"2020-12-01","","956000007439026","Hunter","2025-09-05","MALE","","Meet Hunter, a gentle soul with a heart full of loyalty and companionship to offer. While he may be a tad shy when you first meet him, it doesn't take long for his affectionate personality to shine through. Hunter is an exemplary walker on a lead, showing politeness and attentiveness on each stroll. He won't pull or rush, making daily walks together a serene and enjoyable experience. He thrives in the presence of someone who understands his need for trust-building and who will cherish the meaningful connection he creates with his human family members. While he is happiest in a quiet home environment, Hunter's devotion is unwavering once he gets to know you. With his poised and loyal spirit, Hunter will be by your side as a faithful friend, ready to share life's simple pleasures. If you are looking for a devoted companion who values walks and quiet time alike, Hunter could be your perfect match, offering companionship and loyalty in the most endearing way.","hunter-8",""
"2021-03-01","Western Sydney (Londonderry)","956000014519545","Swiper","2025-09-05","MALE","","Swiper is a friendly and gentle boy, with an easy-going nature. He is a low-maintenance dog perfect for relaxed lifestyle/laid back owners. He has shown impeccable behaviours during alone time simulations and would suit full time workers. Swiper's preferred neighbourhood would be a quiet neck of the woods. A home without dogs and children is required for Swiper. A house with a backyard and space for Swiper to lounge around is the best fit for him. Swiper sleeps most of the day away, but is always looking forward to his morning walks and loves to laze about in sunny spots around the house. He loves to be around his humans, and will follow you into the room you are in so that he can have a nap by your side. His favourite treat is cut up frankfurts! His previous carers say - ""Swiper is great around the house, he is toilet trained and he also does really well in the car! We have found that he is very adaptable and is such a good boy in any situation. He loves to meet new humans and is affectionate towards everyone he meets or even just passes on the street. This gorgeous boy will bring so much warmth and love into the lives of anyone who is lucky enough to know him."" Swiper is available from the Western Sydney adoption centre.","swiper",""
"2021-04-01","Hunter Valley Mid Coast (Maitland/ Muswellbrook/Newcastle/Forster)","956000011652581","Foxy","2025-09-05","FEMALE","","Meet our little Foxy girl, a sweet natured girl who would love a family who is happy to take a slower approach while she learns the ropes of being a pet. Foxy is playful, excitable and engaging. She loves to show you her fluffy toys and will happily entertain herself! Foxy is a happy traveler and will be happy to follow you wherever you're off to. She would benefit from leash training, as she can be quite excited going to new places and meeting new people.","foxy-3",""
"2020-10-01","Hunter Valley Mid Coast (Maitland/ Muswellbrook/Newcastle/Forster)","956000011722890","Irena","2025-09-05","FEMALE","","Are you ready to be laughing with your newest furry friend? Well, Irena will have you cackling. She is a true definition of a little pocket rocket, she will be showing all aspects of her zoomies and how confident she is in doing so. Irena enjoys spending her days showing off and basking in the sunshine. She is loves companionship and will happily follow you anywhere you desire. Irena knows her name well and with a little bit of getting used to your voice she will come (running) straight back.","irena",""
"2022-04-01","Hunter Valley Mid Coast (Maitland/ Muswellbrook/Newcastle/Forster)","956000011366429","Ralph","2025-09-05","MALE","","Are you after a little fire-cracker in your life? Look no further than our boy Ralph! He is all things active/fun-loving and absolutely hilarious; Ralph will have your grinning from ear to ear. Ralph would suit an active family with a backyard who can walk him daily and throw his favourite toy around, Ralph hasn't been exposed to an indoor setting as yet so may take some time adjusting but I think he will happily follow you around. His favourite game is showing his friends how quick his zoomies are so a nice backyard will do the trick so he can show off to you. If you're interested in hearing more about Ralph, please apply now.","ralph-4",""
"2020-01-01","Hunter Valley Mid Coast (Maitland/ Muswellbrook/Newcastle/Forster)","956000007835659","Darren","2025-09-05","MALE","","Meet Darren, a super laid-back sort of boy, who is happy just to be around his humans, he doesn't ask for much but a pat here and there would strike a bonus. He's happy to explore alone or go for leisurely strolls, you would rarely even hear him bark. Darren enjoys going to school pick up to collect his human- brother who is 12yo and all the kids love to dote on him. If you're interested in knowing more about Darren, please apply now!","darren-1",""
"2019-10-01","Hunter Valley Mid Coast (Maitland/ Muswellbrook/Newcastle/Forster)","956000007852599","Bruce","2025-09-05","MALE","","Meet our big boy Bruce! He is a true delight to be around. He will make you laugh until you cackle. He will be happy to cruise around with you day in and out. He is a gorgeous character to boasts confidence. Bruce suffered a racing injury and required surgery on his front right leg so an experienced owner who knows when to slow down on the zoomies is ideal.","bruce-2",""
"2021-05-01","Hunter Valley Mid Coast (Maitland/ Muswellbrook/Newcastle/Forster)","956000007837705","Chum","2025-09-05","MALE","","Meet Chum, the epitome of easy-going and affection! This boy has a sweet personality that instantly wins over hearts. Chum is as laid back as they come. He loves nothing more than being close to his human friends. He's a responsive walker on leash, making strolls in the park or through the neighbourhood a pleasant experience for everyone involved. He naturally exudes confidence, thriving in a variety of social environments, especially around younger children. Chum is not just a pet; he's a loving family member, always eager to make new friends and share in the joys of everyday life. With his friendly disposition and ability to seamlessly fit into any family dynamic, Chum is ready to bring his special warmth and companionship to his new home.","chum",""
"2019-12-01","Hunter Valley Mid Coast (Maitland/ Muswellbrook/Newcastle/Forster)","956000012226004","Moses","2025-09-05","MALE","","Are you after a dog to be totally besotted by you? Well meet Moses, a quirky and loveable boy whose after his forever home. Moses boasts confidence and is extremely gentle in his approach. He has been around children 4+ and will request frequent pats. He has been brought up with a jack russel at home, but would benefit from a meet and greet prior to being adopted. Moses will be attending our Adoption Day at Glandore Wines on the 5th of October.","moses",""
"2019-10-01","Northern Rivers (Grafton, Lismore, Casino)","956000007361249","Stumpy","2025-09-05","MALE","","This sociable fellow is a joy to be around and has a knack for bringing smiles to everyone he meets. Stumpy is a social butterfly, especially when it comes to other greyhounds. He thrives in the company of his fellow canines and enjoys the camaraderie of a playful group. If you have other greyhounds or are involved in a greyhound community, Stumpy will fit in seamlessly and form bonds quickly. This gentle dog is well-socialized with children aged nine years and up, making him a wonderful family pet. Whether it's a leisurely stroll in the park or lounging around at home, Stumpy is adaptable and easygoing. Stumpy is not just a pet; he's a loving and loyal friend ready to enrich your life with joy and companionship.","stumpy",""
"2019-02-01","Hunter Valley Mid Coast (Maitland/ Muswellbrook/Newcastle/Forster)","956000008235593","Spot","2025-09-05","FEMALE","","Spot is independent and enjoys spending time roaming around. Spot would suit a family who is after a companion to cruise around the backyard with. At times Spot can be weary and a bit timid in new environments but with the right re-assurance, she recovers really well. If you're interested in meeting our darling Spot, please apply now.","spot-4",""
"2020-12-01","Central West (Bathurst/Dubbo/Coonabarabran)","956000007461234","Axel","2025-09-05","MALE","","Let me introduce Axel! Axel is a gentle and loving soul with a beautifully soft nature. He is friendly and sociable with all dogs when introduced and supervised properly. Axel will adapt well to full-time workers and is comfortable with children. Axel would thrive in a home with access to a yard. Axel would love to find a caring environment where he can enjoy affection, have outdoor space, and interact positively with other dogs and children.","axel-1",""
"2018-12-01","Central West (Bathurst/Dubbo/Coonabarabran)","956000006113926","Sky","2025-09-05","FEMALE","","This is Sky! Sky is a bit shy initially but warms up quickly with a gentle touch. She is very gentle with young children and enjoy snuggling and being patted. Her ideal home would be a home without other dogs or with larger dogs. Sky will adapt to a household with full-time workers, provided she has access to a yard.","sky-5",""
"2019-12-01","","956000007837203","Julian","2025-09-05","MALE","","Julian is best described as a distinguished gentleman. He is calm, friendly and an easy-going boy who just goes about his day without a fuss. He's walked around busy streets, schools, shopping centres as well as farms and paddocks. Nothing much fazes Julian, including other large dogs, small dogs and children. He loves people and pats and loves a walk, rarely pulling. Julian would suit most households and make a very special and loving companion who wants to be with you.","julian",""
"2019-12-01","Broken Hill","95600001224681","Emmie","2025-09-05","FEMALE","","Emmie is a lovely Greyhound with a heart full of affection and a playful spirit. Her endearing personality and love for canine companionship make her a delightful addition to any home. Emmie is a charming girl with a naturally sweet disposition. Her gentle and loving nature makes her a joy to be around. Emmie adores human company and thrives on affection. She’s always eager to share her love and will happily snuggle up for some quality bonding time. With a zest for life, Emmie enjoys playful activities and fun interactions. Whether it's a game of fetch, running around in the yard, or engaging in lively play, she brings energy and enthusiasm to every moment. Emmie has a great fondness for other dogs and enjoys their company. She’s friendly and sociable with canine companions, making her a great fit for a home with other dogs. If you’re looking for a Greyhound who is sweet, affectionate, and full of playful energy, Emmie could be the perfect match. Her love for people and canine friends alike ensures she’ll bring warmth and joy to your home.","emmie-1",""
"2021-05-01","Broken Hill","956000013119553","Disco","2025-09-05","FEMALE","","Disco is a spirited and delightful young Greyhound who is ready to bring boundless energy and joy into your life. Her playful nature and love for zoomies make her a perfect match for an active, young family. Disco is a charming young girl with a vibrant personality. Her enthusiasm and zest for life are truly infectious, making her a joy to be around. One of Disco’s favorite pastimes is having a good run, or “zoomies,” where she can let loose and show off her speedy moves. She’ll keep you entertained with her bursts of playful energy and speedy sprints. Disco’s lively nature and affectionate demeanor make her a fantastic fit for an active family. She’ll thrive in an environment where she can participate in family activities, play with kids, and enjoy regular exercise. If you’re looking for a Greyhound who is both loving and full of energy, Disco could be the perfect addition to your family. Her playful spirit and affectionate nature will bring a lot of joy and excitement to your home.","disco-3",""
"2020-10-01","Broken Hill","956000013069983","Sandy","2025-09-05","MALE","","Sandy is a strikingly handsome Greyhound with a gentle and adventurous spirit. Though he may start off a bit shy, his love for exploration and quiet nature make him a wonderful companion for the right home. With his stunning looks and graceful presence, Sandy is sure to turn heads wherever he goes. His charm is matched by his graceful demeanor. Sandy may need a little time to warm up, but his shyness is simply a sign of his sensitive nature. Once he feels secure, his true, affectionate personality shines through. Sandy has a curious side and enjoys exploring new environments. Whether it’s a leisurely walk in the park or discovering new trails, his adventurous spirit makes every outing an exciting experience. If you’re looking for a handsome Greyhound with a gentle disposition who loves to explore and is happiest in a quiet, loving environment, Sandy could be the perfect addition to your family. He’s ready to embark on new adventures and bring his quiet charm into your life.","sandy-8",""
"2020-05-01","Broken Hill","956000012195521","Gus","2025-09-05","MALE","","Meet Gus: The Gentle Soul Gus is a serene and soft-natured Greyhound who thrives in a calm and loving environment. His gentle demeanor and shy personality make him a unique and endearing companion for the right home. Gus may be a bit reserved at first, but his gentle nature shines through once he feels comfortable. He’s the kind of dog who appreciates a quiet and patient approach, revealing his sweet personality in a calm and loving setting. Gus thrives in a peaceful environment where he can feel secure and relaxed. He’s not a fan of loud noises or bustling activities, so a tranquil home is ideal for him. Despite his shy nature, Gus is friendly and gets along well with other dogs. He enjoys their company and can be a great addition to a home with existing canine companions. If you’re looking for a sweet, soft-natured Greyhound who will flourish in a calm, loving home, Gus is the perfect match. He’s ready to bring his gentle presence and quiet companionship into your life.","gus-8",""
"2021-12-01","Broken Hill","956000012903018","Pam","2025-09-05","FEMALE","","Pam is a friendly and well-adjusted greyhound who has had extensive positive interactions with other dogs and people. Her outgoing nature makes her a joy to be around and ensures she fits well into various social settings. Pam gets along exceptionally well with her canine companions. Her easygoing and sociable demeanor makes her a perfect playmate for other dogs, whether they’re big or small. Pam’s gentle and affectionate nature makes her an ideal choice for a young family. She’s patient, loving, and enjoys being part of family activities and playtime. Pam is a sweet, social, and family-oriented greyhound looking for a loving home where she can share her affectionate nature and enjoy being part of a young family’s daily life. If you’re looking for a friendly and well-rounded companion who gets along great with other dogs and is ready to be a cherished member of your family, Pam is the perfect match!","pam-2",""
"2021-06-01","Broken Hill","956000014506260","Sub","2025-09-05","FEMALE","","Sub is a joyful greyhound whose enthusiasm and positive energy are truly contagious. She approaches each day with a wagging tail and a bright smile, spreading happiness wherever she goes. She is a high-energy girl who thrives on regular physical activity. Her zest for life is evident in her love for playtime and her eagerness to engage in various activities. Sub absolutely adores zoomies! She loves to let loose and sprint around her playful bursts of speed are a sight to behold. Sub is a vibrant and spirited greyhound looking for an energetic home where her zest for life can shine. If you’re ready to embrace her joyful nature and provide a dynamic environment, Sub is eager to become your new best friend!","sub-1",""
"2019-12-01","Broken Hill","956000006807059","Corene","2025-09-05","FEMALE","","Corene carries herself with a natural poise and assurance. She navigates new environments and situations with a calm self-assuredness that makes her a standout companion. Corene loves to stay on the move. Whether it’s a brisk walk, a run in the park, or playtime in the backyard, she’s always ready for an adventure. Corene’s curiosity knows no bounds. She’s always exploring her surroundings with an eager eye, making sure she’s aware of all that’s happening around her. Corene gets along well with medium and large dogs. She’s confident and social, but her interactions are best suited for companions of similar size and energy levels. Smaller dogs may find her enthusiasm overwhelming. Corene is a spirited and delightful greyhound ready to bring her energy and enthusiasm into a loving home. If you’re looking for a confident and active companion, Corene might be the perfect match for you!","corene",""
"2021-07-01","Broken Hill","956000014490567","Jasper","2025-09-05","MALE","","Meet Jasper, a dashing greyhound with a heart as big as his gentle eyes! Jasper is the epitome of relaxation and charm, embodying the perfect blend of social butterfly and cuddle enthusiast. His easygoing nature makes him a breeze to be around, whether you're lounging at home or out for a stroll. Jasper thrives on affection and has a remarkable talent for making everyone he meets feel special. He’s a true connoisseur of hugs and pats, always ready to lean in for some extra love. His calm demeanor and friendly attitude make him a wonderful companion for both lively gatherings and quiet evenings. If you’re looking for a loving and relaxed furry friend who will brighten your days with his warm snuggles and cheerful presence, Jasper is your perfect match!","jasper-4",""
"2021-12-01","Broken Hill","956000013129374","Nash","2025-09-05","MALE","","Nash is a happy-go-lucky greyhound with a heart full of love and a spirit that’s impossible not to adore. This sweet and playful boy is the perfect addition to any family looking for a loyal and affectionate companion. With his friendly demeanor and boundless energy, Nash is a social butterfly who gets along with everyone he meets, making him an excellent family pet. Nash's enthusiasm for life is infectious. Whether he's playfully bounding around the yard or snuggling on the couch, his joy is evident and brings smiles to everyone around him. Nash is a true peoples dog, thriving in social settings and getting along splendidly with other pets and children. Nash is not just a pet; he’s a bundle of joy who brings endless happiness to those around him. If you’re looking for a sweet-natured, playful, and well-socialized greyhound to brighten your life, Nash is the perfect match. Come meet him and discover the joy he can bring into your home! Apply today!!","nash-1",""
"2020-10-01","Broken Hill","956000012888828","Crash","2025-09-05","MALE","","Crash Is a spirited and joyful greyhound with a heart as big as his playful energy. True to his name, he loves to dash around with boundless enthusiasm, especially when a toy is involved. Crash's other favourite pastime is a splash in his shell pool! Crash is great with all other doggie friends and enjoys his interactions. He would make an ideal companion to an active family who loves life as much as he does! If Crash sounds like your man apply today!!","crash-1",""
"2020-02-01","Hunter Valley Mid Coast (Maitland/ Muswellbrook/Newcastle/Forster)","956000007828567","Bailey","2025-09-05","MALE","","Are you looking for a new furry companion to help bring out of their shell? Bailey would be the ideal companion for you! Bailey is our beautiful nervous nelly, he loves his routine and the people he is around all the time, but new people can make him revert into his greyhound bubble. Bailey is searching for home that is quiet and will allow him the time to really show off his personality. He would suit an avid Knights fan as he enjoys spending his Sunday afternoons by the TV, Bailey enjoys basking in the sunshine and having a splash at the beach. He is currently living inside/outside and is quiet and relaxed, he is okay to be left alone so long as he is in his safe spot.","bailey-3",""
"2019-08-01","Hunter Valley Mid Coast (Maitland/ Muswellbrook/Newcastle/Forster)","956000012247543","Bentley","2025-09-05","MALE","","Meet our easy going, fun-loving boy Bentley. He ought to be the most handsome boy on the block, with responsive lead manners and some indoor house experience! Bentley approaches softly for lots of pats and loves to cuddle. He is a social butterfly when out and about meeting new people, he's always wants to say hello! He's eager to please and is so ready to jump straight into pet life.","bentley",""
"2021-12-01","Hunter Valley Mid Coast (Maitland/ Muswellbrook/Newcastle/Forster)","956000012896105","Sam","2025-09-05","MALE","","Meet Sam! Sam is quite a character and cannot wait to be the newest member of your family. He is always eager to get in on the action and be part of all the fun. Sam isn't shy and will say to everyone he passes. He is quite the socialist, so your daily walks will consist of meeting and greeting everyone that strolls past. He is relatively strong on the lead but will settle into his stride when he gets going. The ideal home for this charming boy would be one with an active lifestyle to help him channel his abundant energy.","sam-9",""
"2022-02-01","Central West (Bathurst/Dubbo/Coonabarabran)","956000007423998","Zarva","2025-09-05","MALE","","Meet Zavra! Zarva is a very sweet natured boy. He is very curious & interested in the world. He positively interacts with those around him; children & smaller dogs :) Zarva wants to be involved. He'll be happy doing almost about anything. Whether it's a family movie day or spending a day outside going on adventures :) Enquire now & arrange to meet Zarva!","zarva",""
"2020-01-01","Central West (Bathurst/Dubbo/Coonabarabran)","956000007374897","Cozy","2025-09-05","MALE","","Cozy boy! Handsome, delightful & charming Consentino! This is boy loves to explore, adventure & play. Cozy would love to find an active family. Would love to find some little people to run around with outside after school. He wouldn't mind being the only dog at home or befriending your other canine companions :)","cozy",""
"2018-12-01","Central West (Bathurst/Dubbo/Coonabarabran)","956000006815825","Tania","2025-09-05","FEMALE","","This is Tania :) Tania is a lady who needs to find the perfect home. Tania can be very shy at first. It takes her a little while to open up & start to feel comfortable. Tania needs a quiet home. A home that will give her the space, patience & love to grow and learn. Once settled & feeling more like herself, Tania is very loyal & playful towards with her person.","tania",""
"2016-07-01","Central West (Bathurst/Dubbo/Coonabarabran)","956000005412613","Maisie","2025-09-05","FEMALE","","Meet Maisie! She might have the age of a senior lady, but definitely doesn't show it! Maisie is sweet curious girl. Eager to explore & learn. She might take a little while to warm up but once she does, she is full of character. Maisie would be best suited to a home with bigger dogs only, or a single dog home. Older kids to play with her preferred. Maisie would become a very loyal part of your home once settled & feeling comfortable :)","maisie",""
"2019-01-01","Southern NSW/ACT (Bulli, Nowra, Goulburn, Canberra)","956000006792547","Dutch","2025-09-05","MALE","","Say hello to Dutch! Dutch is a beautiful, gentle boy. He needs a quiet home and lifestyle. He may take some time to warm up, but once he knows his people, he can't wait to share all of his love and affection. With time, Dutch will become a very loyal member of your family. He is a very laid back lad that is happy to curl up and relax on his own. Dutch plays well with a local border collie and has free range chickens around the property he lives on. He happily lives with greyhounds at the moment too! He would suit a quieter household either with children or full time workers.","dutch-2",""
"2020-07-01","Central West (Bathurst/Dubbo/Coonabarabran)","956000011712626","Starsky","2025-09-05","MALE","","Starsky! This handsome boy is such a gentleman! He is such a good boy! Very polite, easy going, patient & kind. He loves to cuddle, be with his people, whether they be big or small. He is great around dogs his size or smaller. Nothing seems to worry Starsky! He would adapt to living in a smaller home & yard with the correct introduction to his new life.","starsky",""
"2021-01-01","Northern Rivers (Grafton, Lismore, Casino)","956000011586365","Uzzie","2025-09-05","MALE","","Meet Uzzie, a laid-back and lovable four-legged friend known for his warm personality and love for life. Uzzie's easy-going nature makes him a relaxed companion, an ideal mate to have by your side while you enjoy a quiet cup of coffee or lazy Sunday afternoons. One of Uzzie's favourite pastimes is going for car rides. Just mention the word ""ride"", and he's ready and wagging! Whether going across town for a vet visit or heading into the countryside for an afternoon adventure, Uzzie is the perfect co-pilot. H Uzzie may not be a social butterfly, but he knows how to play well with his peers, especially small dogs. His friendly and calm disposition makes him a dream to have around, not just for humans but also for furry friends. If you already have a small dog in the house looking for a buddy, Uzzie could be the perfect companion. What's more - during quiet times, Uzzie is comfortable being independent and can sit quietly by your side while you sip your drink and carry on a conversation. He enjoys being around people, but he respects your space and knows when to give you your alone time. All in all, Uzzie is an easy-going, sociable, and well-mannered pet who would make a heartwarming addition to any family or individual looking for a calm and steady companion. He is all set for the next chapter of his life, and with just one look at his joyful wag, you'll see that Uzzie's ready to share some great times with you!","uzzie",""
"2021-04-01","Northern Rivers (Grafton, Lismore, Casino)","956000011651683","Chickadee","2025-09-05","MALE","","Meet Chickadee, a friendly and playful, loving gentleman who is ready to meet his new family. This delightful dog is known for his fun-loving and amiable personality, and he's eager to share his heart with a compassionate, affectionate family. Chickadee has a wonderful rapport with children, especially those 8 years and older. He's not the sort who will tire out your kids with endless games of fetch, but prefers to spend time in children's company, quietly keeping them company while they do their homework or read stories. He loves leaning into a hearty pat and will choose to cuddle up next to you over toys any day. An interesting fact about Chickadee is that while he is a dog, he prefers the company of humans over other dogs. He's quite selective with his canine friends and might come off as aloof with dogs, particularly the smaller ones, which makes him ideally suited for a home where he can be the only pet. Chickadee is looking to bring his friendly and playful nature into a family who will offer him the same kindness and playfulness that he offers others in spades. He's ready for the next step and hopes to find a loving, forever home with a protective family to cherish him.","chickadee",""
"2015-04-01","Hunter Valley Mid Coast (Maitland/ Muswellbrook/Newcastle/Forster)","956000004248651","Alley","2025-09-05","FEMALE","","Meet Alley, our friendly, senior female pup with a heart as golden as her years. Despite her age, Alley still carries a spark of puppyish charm in her eyes, making everyday feel like an adventure. Alley possesses the superb ability to bring life and joy into any room, with her boundless affection and unwavering loyalty. Well-socialised and incredibly friendly, Alley has had a great rapport with other small dogs and her fellow greyhounds. Her gentle and easygoing nature means she can find common ground with just about any dog she meets. She has even been socialised with cats and could probably coexist peacefully with the right feline friend. Alley's age doesn't slow her down. She has the physical agility of a much younger dog and loves playtime and walkies as much as curling up for a nap. Alley enjoys her walks and would be a wonderful companion to explore the neighbourhood parks with. Her ability to make friends so easily would also mean plenty of playdates with other dogs! As Alley's future family, you will be cherished with her loving gaze and affectionate rubs. If you're in search of an older, wiser pup who still knows how to have fun like a youngster, Alley just might be the loving companion you've been waiting for. Come meet her and let her amiable spirit brighten up your life!","alley",""
"2020-04-01","Hunter Valley Mid Coast (Maitland/ Muswellbrook/Newcastle/Forster)","956000007851461","Joe","2025-09-05","MALE","","","joe-7",""
"2019-05-01","Hunter Valley Mid Coast (Maitland/ Muswellbrook/Newcastle/Forster)","956000006792942","Meg","2025-09-05","MALE","","Meg is the epitome of gentle charm, with a touch of bashfulness that adds to his irresistible appeal. This shy guy isn't just looking for any home; he's on a quest for his own private sanctuary, where he can be the star of the show without any pesky co-stars stealing his spotlight. Meg's motto? ""One dog, one throne!"" He's not one for sharing his kingdom, but he'll gladly share his love with respectful children who understand the art of giving him space but love when he likes. With Meg around, every day is an adventure filled with quiet moments of contemplation, punctuated by bursts of zoomies when no one's looking. So, if you're ready to welcome a regal greyhound into your castle and bask in the glory of his majestic presence then Meg is the dashing companion you've been searching for. Contact our Western Sydney facility to arrange a meet and greet and get ready to embark on a journey of laughter, love, and endless tail wags with this shy but lovable boy!","meg-1",""
"2018-11-01","Central West (Bathurst/Dubbo/Coonabarabran)","956000009482074","Sandy","2025-09-05","FEMALE","","Introducing Sandy, a beautiful and gentle girl who is ready to bring a ton of joy into your life! Known for her soft and gentle demeanor, Sandy possesses the ability to fill any room with calmness and love. Sandy is not just a dog; she's a friend and companion. Her kind and loving nature ensures that she gets along beautifully with both children and other dogs. She is known for her soft, soulful eyes that seem to look straight into your heart. What Sandy would love the most is a family that showers her with the same affection that she effortlessly gives to others. In her new home, Sandy would enjoy a cozy corner to curl up in, a safe garden to explore, and a family that she can love and be loved by. Sandy is just waiting to create numerous wonderful memories with a family who adores her. She promises a lifetime of love and dedication to those who welcome her into their heart.","sandy-6",""
"2021-01-01","Central West (Bathurst/Dubbo/Coonabarabran)","956000009499446","Ash","2025-09-05","FEMALE","","Meet Ash, a beautiful and friendly companion. This stunning lady has charisma and charm in spades. Always eager to make connections, Ash is an affectionate and sociable creature, lavishing affection on anyone fortunate enough to catch her eye. She is always ready for a cuddle after a playful romp in the yard. Her soft coat makes for the perfect snuggling companion, inviting you to share a quiet moment or two on the couch. She finds deep satisfaction in routine, and her perfect day involves a dash of play, a smidgen of quiet snoozing time, with a sprinkle of cuddles throughout the day. Ash exhibits excellent manners with her canine peers. This shows her adaptable nature, making her an interesting companion to have around the house. Ash is looking for a forever family who will embrace her affectionate nature and big puppy-dog eyes. She is truly a precious gem waiting to shine in your loving home. We understand that a dog is not just a pet but a member of your family, and Ash is eager to become the loving companion in yours.","ash-2",""
"2019-01-01","Hunter Valley Mid Coast (Maitland/ Muswellbrook/Newcastle/Forster)","956000006671930","Wighton","2025-09-05","MALE","","Hello! My name is Wighton. I was known as Four Five on the racing tracks, but I hung up my racing collar late last year. I'm a courteous fellow, though I may take a little time to open up. Once I'm comfortable, I love to display my energetic zoomies. I've encountered several small dogs and they don't pique my interest much. I'm looking for a home with a backyard where I can have some space to myself from time to time. And, if you could take me on walks, that would be wonderful. I am looking forward to meeting my new human companions, so be sure to hit the 'apply' button when you can.","wighton",""
"2021-10-01","Hunter Valley Mid Coast (Maitland/ Muswellbrook/Newcastle/Forster)","956000011646676","Lara","2025-09-05","FEMALE","","Meet Lara! Lara hails from a sociable household where she has interacted with a Maltese terrier and frequently plays her fellow hound siblings. Initially, Lara may appear somewhat reserved, but with a touch of affection, care, and cuddles, she quickly warms up. She tends to be indifferent towards smaller dogs, often seeking reassurance from humans when they are present. With a lively spirit, Lara would be thrilled if her new human friends could take her on walks to let her energy out. Hit apply today to chat about your possible new addition.","lara-2",""
"2017-04-01","Central West (Bathurst/Dubbo/Coonabarabran)","956000009575301","Joseph","2025-09-05","MALE","","Say hello to Joseph, our big, strong, and friendly boy who's eager to share his love with you. With his endearing personality and playful energy, Joseph is certain to light up your life and home. This social butterfly is always ready to meet and greet new people but because of his size and strength, Joseph needs a home where he can get plenty of exercise and mental stimulation. He is well-suited for an active adult or older children household, where he can satisfy his need for engagement and play. Joseph can be quite excitable and has a lot of love to give, so he's more comfortable in a single-dog household where he can be the star of the show. Despite his size, he's a charming boy who's always eager to please his family. In summary, Joseph is a delightful mixed bag of quirkiness, exuberance, and love. If you're ready for a dog who can match your energy and zest for life, Joseph could be your perfect companion. He is waiting to show his new family just what a loving and fun-filled life they can have together.","joseph-1",""
"2020-08-01","Central West (Bathurst/Dubbo/Coonabarabran)","956000011713002","Usyk","2025-09-05","MALE","","Meet Usyk, a loving male dog who is seeking a simple and fulfilling life with a new family. He's a charismatic chap who adores medium-size canine companions and is always eager to make new friends. His kind-hearted nature and great spirit make him a treat to be around. Usyk is ready to embark on an enriching journey with a family that cherishes mutual growth and learning. He truly embodies the spirit of companionship and will surely become an integral part of your family. His intelligent eyes tell a story of love and loyalty that will reassure you in times of solitude and fill you with joy when times are good. Adventurous yet gentle, Usyk is the perfect companion for a family who enjoys a balance of outdoor activities and cozy time indoors. He's not a demanding pet; a simple life filled with love and care is all he aspires to. His only request? A nice, comfortable spot beside you. With a loving heart that is ready to expand and a spirit that is eager to learn, Usyk is the perfect companion for a family looking forward to welcoming a new member. He's surely the sweetheart you've been looking for. Begin a beautiful journey filled with comfort, companionship, and adventure with this wonderful dog. Usyk is excited to meet his new family and is ready to shower them with his unconditional love.","usyk",""
"2020-03-01","Central West (Bathurst/Dubbo/Coonabarabran)","956000007831124","Rusty","2025-09-05","MALE","","Meet our sweet and gentle friend, Rusty. This uniquely quiet personality is looking for a family with whom he can grow, learn, and receive all the encouragement and support he deserves. Rusty is a refined gentlemen who brings calmness wherever he goes. Don't be fooled by his calm demeanor though; Rusty loves to play games and will always be up for any fun activity that involves his family. This sweetheart is gentle and mild-mannered, although he is always ready for an adventure. With his calm, quiet nature, he'd make the perfect companion for afternoons spent lounging in the backyard or taking mindful, leisurely strolls through the park. Rusty is particularly keen on learning. He looks forward to positive reinforcement training sessions and loves the idea of learning new tricks and routines with his new family. Don't be surprised if Rusty quickly becomes the star of your local obedience class, proudly showing off his latest trick. What would Rusty's ideal family look like? Well, they would share his love for learning and growth, offering him all the encouragement he needs to flourish. A family who cherishes the small moments of life, from peaceful mornings together to effortless games of fetch in the backyard. In return, Rusty promises to show endless love, patience, and loyalty to his new family. With his quiet, gentle nature and his willingness to learn, he'll surely bring joy and companionship to any home. So if you're ready to give Rusty the supportive, loving family he's been craving - he just can't wait to meet you!","rusty-7",""
"2018-10-01","Central West (Bathurst/Dubbo/Coonabarabran)","956000005783456","Tim","2025-09-05","MALE","","Meet Tim, an excitable and playful boy who loves nothing more than having a good time. This fun-loving chap is looking for his new family who can keep up with his playful antics and share his joy for life. Tim is outgoing and always ready for an adventure, Tim also loves exploring new environments, sniffing out the mysteries of the world around him. His intelligent mind loves puzzles, so interactive play toys are a great option to keep him entertained. Whether you are an active individual or a highly energetic family with children, Tim would fit right in. His playful, social disposition means he's also excellent around other animals, so he could easily be a part of a multi-pet household. Tim's joy is infectious, his love is boundless, and his energy is limitless. If you're looking for a happy-go-lucky companion who will bring adventure and laughter into your everyday life, look no further. Adopting Tim means lots of love, endless play, and plenty of happy tail wags.","tim-7",""
"2019-01-01","Hunter Valley Mid Coast (Maitland/ Muswellbrook/Newcastle/Forster)","956000008235323","Tank","2025-09-05","MALE","","Tank is a gentle, kind doggy soul encased in a robust, athletic body. Don't let his strong, sturdy name fool you, Tank is soft and loving, and his friendly nature is sure to win everyone over in no time. He is exceptionally well-behaved, maintaining cleanliness with a natural knack for it, making him the perfect addition to your household. Although he has an energetic spirit, he always manages to channel his proud doggy energy in the most polite, fun ways. Tank has a special place in his heart for kids. He loves their boundless energy, their playful antics, and the endless tummy rubs they're always willing to share. Their laughter is music to his ears, and seeing them happy makes his tail wag harder! Friendly to his core, Tank gets along well with everyone he meets. He's a four-legged ambassador of goodwill, spreading joy wherever he goes. His ideal day consists of playful frolicking in the yard, a delightful nap in his comfy bed, and of course, lots of tasty treats! Tank's loving spirit and fun-loving nature make him a perfect family pet. He's excited to bring lots of joy, love, and incredible memories to his new family. So, if you're ready to add a sweet, loving, and well-behaved dog to your family, Tank is definitely your guy!","tank-2",""
"2014-07-01","Northern Rivers (Grafton, Lismore, Casino)","956000004096731","Miss Ling","2025-09-05","FEMALE","","Miss Ling is a big snuggle bunny. She is sweet and affectionate and will seek out affection Described as a happy girl she will bring a ray of sunshine to your life and be happy to be by your side through thick and thin. Miss Ling may be on the other side of 9 but she still has a lot of love to share and is looking for the right person to shower her love on","miss-ling",""
"2020-01-01","Central West (Bathurst/Dubbo/Coonabarabran)","956000007461264","Harlow","2025-09-05","FEMALE","","Harlow is on the look for a new place to call her own... could that be you? Harlow would love a home in a suburban setting one that isn't in the hustle and bustle of the big smoke but quiet enough for her to soak up the pet life. Harlow has a sensitive soul so a home that is willing to allow some time to settle in would be ideal. but don't worry it won't take long for her to feel at home. she has been around older kids growing up so a home with older kids would be ok with her. We have found Harlow gain confidence when hanging out with her doggy pal's so a home with a canine companion is more than welcome for her. Fun Fact Blue is my sister, and like all siblings we have our differences but we still love each other, should you have a place in your home for two. Apply online today to arrange a meeting with Harlow or come on down to our Bathurst Adoption day on the 9th of March.","harlow",""
"2020-01-01","Central West (Bathurst/Dubbo/Coonabarabran)","956000007466546","Blue","2025-09-05","FEMALE","","Blue is a very sweet-natured and sensitive girl with a playful spirit and a loyal heart. She’s curious, confident, and enjoys exploring the world around her. Blue is great with children and, with a slow introduction, gets along well with smaller dog breeds. She may also do well with cats given a gentle, gradual introduction. Blue is looking for a loving home that will appreciate her gentle nature and playful charm.","blue-5",""
"2017-12-01","","956000009568225","Luna","2025-09-05","FEMALE","","Say hello to Luna, a sociable and friendly female dog who is sure to win your heart. Luna's radiant persona lights up every room she enters, and her charming nature has a contagious effect that brightens up everyone around her. Luna's love for people is truly one of her fine characteristics. She adores being in the company of humans and is a strong advocate for endless belly rubs, cuddles, and ear scratches. She thrives off attention and relishes in making every moment delightful for you, and herself of course. Interactive playtime is Luna's favorite! She gets immense joy out of chasing toys, whether it's a game of fetch or squeaky toys that catch her attention. This playful activity helps Luna stimulate her mind and use her attentive nature to the best of her abilities. In a dog community, Luna prefers the companionship of medium to large breed dogs. She blends well with her fellow canine mates, her easygoing nature allowing her to adapt quickly to their play style. This adaptability makes her the perfect addition to a family with a medium to large breed dog. In stepping into Luna's life, be prepared for an overflow of love and memorable moments. Luna is ready to love her new family wholeheartedly, and promises to bring with her a bundle of joy, laughter, and playful adventures.","luna-7",""
"2018-01-01","Hunter Valley Mid Coast (Maitland/ Muswellbrook/Newcastle/Forster)","956000009483201","Toby","2025-09-05","MALE","","Nightmare? Bad dream? Don't worry, sometimes names ARE deceiving, because our boy Toby, former Race Name Scary Dream, is anything but scary! ✅ Beautiful nature, a genuinely sweet duffer ✅ Big softie: this boy is your quintessential ""gentle giant."" He does get excited, but is very kind-hearted and means well. ✅ Very friendly and human social. Nothing makes him happier than being with his people. ✅ Loves hopping on the lounge and laying with you. Disclaimer: he's big and likes to hog most of the couch space! ✅ Enjoys playing, having fun, and just living his best life ✅ He can be exuberant and boisterous to start (oh my god life is so exciting!!) - but he does settle and eventually wants to find a lounge. ✅ Has been living inside his current home everyday - and is becoming quite accustomed to the spoils of pet life! ✅ Like most men, Toby LOVES his food! This will help with training as he is very easily influenced when free food is on offer! ✅ This patient boy settles when in the car or trailer ✅ Best suited as the only dog in the household - more attention for Toby 😉 ✅ The only hound Toby wouldn't mind sharing his new forever home with is his sister-from-another-mister: Winnie (Microchip: 956000009482109). - They currently live inside together and don't mind sharing all the love and attention. - Winnie is also available for adoption: https://www.gapnsw.com.au/our-greyhounds/winnie-2 Toby will need a bit of time to settle into his new home - it's a big transition moving to a new house. But with a bit of love and patience, you will be rewarded with a sweet, but funny, but lovable larrikin. Toby hasn't had the chance to interact with children yet. So would need a nice meet and greet to see how everybody goes, if potentially going into a home with kids. He is a big strong boy so likely would be best with older children. This sturdy lad is strong on lead - there's a big world out there and oh so little time, Toby feels like he must concur it stat! He does settle, and with a little training and patience will be a good walking companion or social wing man. Toby will be 6 at the end of January! Nothing bonds a family and new boy better than a birthday party right?!","toby-2",""
"2019-07-01","Hunter Valley Mid Coast (Maitland/ Muswellbrook/Newcastle/Forster)","956000007851472","Lucky","2025-09-05","MALE","","BOO!! Just kidding, it's in Lucky aka Phantom Ghost's nature to be a bit of a mysterious jokester! But don't be spooked by his former Race Name ""Phantom Ghost"" - as he is also Lucky! And you'll be feeling lucky too punk once you have our Lucky in your life: ✅ Very happy chap who somehow looks like he's always smiling! ✅ Loves people! He will give ample affection - but secretly hopes he gets it in return too! ✅ Has interacted with other dogs: - Regularly interacts with other Greyhounds - Has met a little West Highland Terrier and Italian Greyhound. Lucky was a little pushy to start but did settle once the novelty wore off. - He would be suited to other Medium-Large breed dogs - Lucky will need very slow, patient, and gradual introductions when meeting any new dogs ✅ Good with older children: - Lucky has only interacted with older kids - He can excited however (new friends! new friends!) and jump. Once he is told No he will settle. Continued training with this will help him learn. Lucky has lived in a kennel environment all of his life, so hopes his new family understand he will need a little time and patience to settle into his new world. If you think you should be so lucky, enquire about our Lucky aka ""Phantom Ghost"" below!","lucky-1",""
"2019-04-01","Hunter Valley Mid Coast (Maitland/ Muswellbrook/Newcastle/Forster)","956000006810672","Tori","2025-09-05","FEMALE","","Looking to spruce up your abode? We have some styling tips: Simply add the stunning Tori aka ""Rattlin' Style"" into your house! You'll be all the fashion and talk of the town! This strikingly elegant and beautiful girl has other lovely qualities too: ✅ Very affectionate little lady who thrives on human companionship. ✅ Good with older children: - Tori currently interacts with children aged 6+years old - She is relaxed and calm around older kids. She recognizes their gentle and caring presence, and her natural instincts guide her to be extra gentle and patient. - Tori is the kind of dog who will offer a warm nuzzle or a gentle paw to her young humans, ensuring an unbreakable bond. ✅ Tori is a good, polite girl in her kennel. ✅ This clever lass has an understanding of appropriate conduct and is respectful of boundaries. ✅ Good with Medium-Large breed dogs: - Regularly interacts with other Greyhounds. - Tori interacts best with male Greyhounds. - She would need very slow, gradual introductions to any new dogs. ✅ Tori loves her toys! Watching her play is a joy in itself. Her evident fun and energy is contagious! - so both Tori and you can have a grand old time! Tori will need a fully fenced yard. Tori can sometimes Resource Guard her food, so it is best if she is fed separately and left alone to eat her dins. If having a devoted dame in your life sounds like a pretty picture, then Enquire or Apply to Adopt Tori (Rattlin' Style) to style up your home 😉 She may just improve your life and happiness too!","tori-4",""
"2018-04-01","Hunter Valley Mid Coast (Maitland/ Muswellbrook/Newcastle/Forster)","956000009589911","Bago","2025-09-05","MALE","","🐾 Meet Bago, the Stylish Black Greyhound in Search of His Perfect Home! 🐾 Hey there, awesome folks! I'm Bago, a fashionable black Greyhound with a heart full of love, on the lookout for my forever family. I'm all about cozying up on a couch to call my own. Just imagine me, the epitome of style, lounging in comfort, and enjoying every moment of relaxation. Having a spot to call mine would be a dream come true! When it comes to making new friends, I'm a social butterfly. Meeting new people brings me so much joy, and I can't wait to shower you with affection. Let's embark on incredible adventures together and create a bond that'll last a lifetime. Now, I'm eagerly waiting to find my forever home, where I can show off my impeccable fashion sense and bring endless love and warmth to your life. Are you ready to welcome Bago, the stylish black Greyhound boy, into your heart? 🐾 Bago is ready to bring love, style, and a whole lot of snuggles to your home sweet home! 🐾","bago",""
"2017-03-01","Central West (Bathurst/Dubbo/Coonabarabran)","956000004499510","Caeden","2025-09-05","MALE","","Hi everyone my name is Caeden. As you can see I'm a beautiful brindle boy looking for my perfect home. I am quite an active boy so my ideal home would be to someone who doesn't mind exercising me and spending a bit of time keeping me occupied. I am an alert boy and I like to know what is happening around me. I love socialising with my current family and am used to children and some other dogs. I am smart, well mannered and would love to join you in the adventures of life! I'd love to meet you and become your best mate.","caeden",""
"2017-11-01","Central West (Bathurst/Dubbo/Coonabarabran)","956000009461635","Scamp","2025-09-05","MALE","","Hi my name is Scamp! As my name suggests I am a mischievous but likeable boy (a big goof really). I am not naughty but just a bit of a character. I love playing and getting stirred up, I will run around and engage in play with you. I am a big boy with a big roman nose which may not appeal to everyone but I think I'm pretty handsome! I do enjoy a bit of exercise so someone a little active or an active family with older children would be perfect. I enjoy people and getting attention, am happy go lucky and would make a great companion, all I need is a chance! If you are interested in adopting or even fostering me apply and the team at GAP can organise a meet and greet.","scamp",""
"2017-12-01","Central West (Bathurst/Dubbo/Coonabarabran)","956000009591426","Rocky","2025-09-05","MALE","","Just like his namesake in the movies Rocky could be your favorite underdog! Rocky is outgoing and friendly, loves pats and being spoilt by his human companions. He would suit a home that is moderately active as he likes a bit of a run and zoom around the yard. Rocky will really bond with his new owner and become a loyal companion. He has been socialised with his little pug friend but does require a little time when meeting new friends. If you have a bit of time for a new friend and are looking for a diamond in the rough apply to meet Rocky today!","rocky-9",""
