"DATEOFBIRTH","LOCATION","MICROCHIPNUMBER","NAME","RECORDEDDATE","SEX","SPECIFICNEEDS","TEXT","URLNAME","WHATWEHAVENOTICED"
"2022-05-01","Northern Rivers (Grafton, Lismore, Casino)","956000011310877","Plucky","2025-04-07","FEMALE","","Plucky is a friendly and independent greyhound with a charming personality! She loves spending time in her kennel and lounging on her bed, making her a cozy and content companion. With her plucky attitude, she’s full of confidence and doesn't mind doing her own thing. While she enjoys being around people, she also appreciates her personal space. If you're looking for a laid-back but lovable dog with a bit of spunk, Plucky is the perfect match!","plucky",""
"2021-01-01","Northern Rivers (Grafton, Lismore, Casino)","956000011703952","Flossie","2025-04-07","FEMALE","","Flossie is a lovely fawn greyhound with a playful and friendly personality! She gets along great with all dogs and loves spending time with children. Her favorite thing in the world? Water! Flossie loves to splash around and have fun in the water. She's a sweet and affectionate girl who will bring a lot of joy to any family or home. Playful, kind, and always up for an adventure, Flossie is the perfect companion!","flossie-1",""
"2021-01-01","Northern Rivers (Grafton, Lismore, Casino)","956000011663393","Ferret","2025-04-07","FEMALE","","Meet Ferret, a friendly and playful greyhound with a heart of gold! She's great with all other dogs and absolutely loves children, making her the perfect family companion. Ferret got her unique name because, as a pup, she would ""ferret"" her way to steal food from her mum—an adorable trait that stuck! She's gentle, affectionate, and always ready for a fun time. Whether it's running around or cuddling up, Ferret is sure to bring joy to any home!","ferret",""
"2021-10-01","Western Sydney (Londonderry)","956000012863556","King","2025-04-07","MALE","","The Kingdom of Paws awaits a noble companion—could it be you? Allow us to introduce King, a noble and regal Greyhound, who is on a grand journey to master the ways of the royal household. As a fresh member of the pet world, he will need a family ready to guide him through the realms of home life. He’s a bright soul with a thirst for learning—are you ready to take the throne as his loyal guide? 🏰 And what’s a King without his treasure? King’s favorite pastime is playing with toys—whether it be a squeaky ball, a tug rope, or anything he can chase, this noble pup knows how to have fun. King has lived with children in the past, and he has proven to be friendly and gentle in their company. While he may be excitable and full of wiggles, he’s also friendly with medium and large dogs. His enthusiasm for life is contagious, and he’s looking for a kingdom (aka a comfy couch) where he can grow, learn, and continue to shine. Ready to crown him your new best friend? Come meet King as our Western Sydney facility today! 👑","king-8",""
"2022-01-01","Western Sydney (Londonderry)","956000013022800","Cilantro","2025-04-07","MALE","","Cilantro is a young & sweet boy. His adorable nature & curious enthusiasm makes him a perfect companion for many family types. This bouncy, friendly and wiggly little guy can be curious about the world but his adaptable personality means he'll fit in seamlessly with any loving household. He loves long walkies and playtimes and enjoys having an outlet for his mental stimulation & daily enrichment. He loves treats, toys & loves a little zoomie with a short burst of energy, so would need at least a fully fenced townhouse, or backyard. A few hours alone are no problem with Cilantro as he has shown to cope well in alone time sessions, so if you’re looking for an easy-going & charming boy to complete your family, get in touch with Wester Sydney. Cilantro is available from our Western Sydney adoption centre!","cilantro",""
"2020-01-01","Western Sydney (Londonderry)","956000012195922","Hunter","2025-04-07","MALE","","Hunter, the Backyard Explorer, is Ready for a Peaceful Retreat! 🏕️ Hunter is a confident and easygoing Greyhound with a love for calm, peaceful environments. Having been around children of all ages, Hunter is gentle, friendly, and well-mannered—making him the perfect companion for a family who enjoys a quiet, outdoor lifestyle. He has also lived with many of his Greyhound friends before and shows promising social behavior. After a meet and greet, he would be happy to share his space with other medium to large dogs. Hunter will need some support as he transitions into pet life, but with the right guidance, he’ll thrive in a laid-back home. A backyard is a must for him, where he can relax and enjoy the fresh air after a day of exploring his surroundings. Hunter will thrive in a loving home where he can get plenty of playtime, attention and social support and his perfect family will be one that understands it may take some time before this handsome man truely opens up. If you're looking for a loyal, confident companion who enjoys a quiet lifestyle, leisurely strolls, and moments of relaxation in the sun, Hunter is the perfect fit for your peaceful retreat!","hunter-9",""
"2019-03-01","Western Sydney (Londonderry)","956000006676974","Molly","2025-04-07","FEMALE","","Molly is the epitome of sweetness, with a heart as soft as her fur. This calm and gentle greyhound is a true people lover, always seeking affection and companionship from her favorite humans. Her calm demeanor makes her an ideal companion for anyone looking for a laid-back, cuddly dog to shower with love. Whether she's lounging on the couch or gently leaning in for some pets, Molly will quickly become your favorite snuggle buddy. Molly gets along great with medium and large dogs and would thrive best in a home where she can have a furry companion of similar size. She’s a gentle soul, and her soft personality makes her an ideal match for families or individuals looking for a low-key but loving companion. If you're ready to welcome a calm, affectionate, and cuddly best friend into your home, Molly is waiting to melt your heart and be your new favorite cuddle buddy!","molly-13",""
"2020-07-01","Western Sydney (Londonderry)","956000007835326","Pepper","2025-04-07","FEMALE","","Looking for a spicy, high-energy pup to add some heat to your life? With her bold confidence and zest for adventure, Pepper will keep you on your toes and bring endless fun to your days. Whether it’s a brisk walk in the park, a game of fetch, or a playful romp with her doggy friends, Pepper’s always up for action and excitement. Her enthusiasm is contagious, and there’s never a dull moment with this fiery girl around! Pepper is confident, sociable, and loves to have a good time, especially with medium to large dogs who can match her energy. If you're looking for a fun-loving, playful companion to join in your outdoor adventures and keep the excitement rolling, Pepper’s the one for you! She’s the perfect addition to an active home where she can burn off some of that spicy energy and steal your heart with her fiery personality. Ready for a hot new addition to your family? Pepper can’t wait to meet you at the Western Sydney Facility!","pepper-3",""
"2016-02-01","Western Sydney (Londonderry)","956000004485128","Jetti Spaghetti","2025-04-07","MALE","","Meet Jet – the Laid-Back Legend you’ve been waiting for. Looking for a dog who’s got the wisdom of age and the vibe of your chilliest friend? Let us introduce you to Jet – or as we like to call him when he’s zooming for snacks, Jetti Spaghetti :D. At 9 years young, Jet’s perfected the art of balance: he’s still got pep in his step for a good stroll or a playful trot, but he also knows the value of a solid nap (preferably on his beloved bed, thank you very much.) Jet is the definition of easy-going. He gets along with everyone – dogs big and small – and is cool with cats, too. He’s also comfortable being home alone, making him an ideal companion for people who work full time ( but don’t worry – he’ll always be up for a bedtime cuddle). And yes – Jet loves his treats, but he’s not pushy about it. He’s more of a “look at you lovingly until you get the hint” type. He is that dog – the one that fits effortlessly into your life. No drama. No fuss. Just good vibes, waggy tails, and a soft snooze nearby. Come meet Jetti Spaghetti before someone else scoops up this deliciously chill noodle.","jet-7",""
"2021-04-01","Western Sydney (Londonderry)","956000007468256","Montana","2025-04-07","FEMALE","","Say hello to adorable and sweet Montana! Not only is she gorgeous with her white and brindle coat, she also has a stunning personality to match. This young and tiny girl would be a great addition any family! She loves people and is known for her super friendly and outgoing nature. Respectful kids would enjoy her fun loving and affectionate nature. Montana also loves other dogs around her size and would be suitable for living with a medium/large size canine brother or sister. She loves having social company and would do best in a home either with people around often or a doggy friend if you work longer hours. Montana seems to love being indoors and is doing well with her stairs training, meaning she could potentially be suitable for unit/apartment living. She loves her treats and is picking up training quickly here at GAP HQ, having already made great progress on her recall, down and shake cues! Montana would love to meet you! So come on down to our Western Sydney kennels to meet this beauty today.","montana",""
"2022-03-01","Southern NSW/ACT (Bulli, Nowra, Goulburn, Canberra)","956000007468047","Pirate","2025-04-07","FEMALE","","Pirate is a lovely girl who gets her name since she has a patch over one of her eyes. She is social and confident, she is also very relaxed and calm. She would suit a life where she could live anywhere as long as she gets out for a walk daily to stay social.","pirate-2",""
"2022-03-01","Southern NSW/ACT (Bulli, Nowra, Goulburn, Canberra)","956000011363068","Fawnie","2025-04-07","FEMALE","","Fawnie is a beautiful sweet hound, she has lived in a rural setting around a variety of different animals, she is great company and is good with kids.","fawnie",""
"2018-09-01","Southern NSW/ACT (Bulli, Nowra, Goulburn, Canberra)","956000006675098","Sweetie","2025-04-07","FEMALE","","Sweetie is social and content, she has been walked by kids as part of her routine her whole life, she has seen a variety of animals and would suit a quiet life.","sweetie-3",""
"2022-06-01","Southern NSW/ACT (Bulli, Nowra, Goulburn, Canberra)","956000012962366","Mary","2025-04-07","FEMALE","","Mary is a great hound, she is familiar with many different animals, great with kids and would suit fulltime workers. She enjoys stretching her legs out and relaxes pretty quickly after a play.","mary-8",""
"2022-03-01","Southern NSW/ACT (Bulli, Nowra, Goulburn, Canberra)","956000011360101","Simon","2025-04-07","MALE","","Simon is a charming hound, he does like to stretch his legs with a morning zoomie and fetching toys. He burns himself almost straight away and enjoys being a lazy hound. He is a good mix of being an active hound that likes to relax also.","simon-2",""
"2022-06-01","Southern NSW/ACT (Bulli, Nowra, Goulburn, Canberra)","956000012965728","Joy","2025-04-07","FEMALE","","Joy is a lovely girl. She is very sweet and affectionate, she plays with toys and comes when called. She has lived around farm animals and has had visits from native animals on her semi rural property.","joy-3",""
"2022-03-01","Southern NSW/ACT (Bulli, Nowra, Goulburn, Canberra)","956000011347526","Maddie","2025-04-07","FEMALE","","This stunning girl is very playful and polite. She is a confident young hound who is very social and lovely to be around.","maddie-2",""
"2022-05-01","","956000011349967","Dusty","2025-04-07","MALE","","Howdy, partner! Name’s Dusty, and I’m a handsome greyhound lookin’ to saddle up and make some memories with ya! 🤠 I’m a social cowboy, friendly with folks and always up for a good ol’ chinwag. I get along great with medium and large dogs, and with a bit of further training and a meet-and-greet, I could be rustlin' up some friendships with smaller breeds too! 🐾 Now, I’m not one to turn down a good meal — I’m mighty food motivated! If you’ve got some tasty treats or a fun toy in your pocket, I’ll be the best partner-in-crime you could ask for! 🍖🎾 I’m also used to my crate, so I know when it’s time to rest in my own little space, but I’ll be rarin' to go when you’re ready for some fun! If you’re lookin' for a loyal, friendly companion with a heart as big as the Wild West, I’d be thrilled to join your posse. Let’s make this ride a whole lot more fun, partner! 🤠🌵","dusty-6",""
"2022-05-01","Western Sydney (Londonderry)","956000007359804","Sammy Sunshine","2025-04-07","FEMALE","","I'm Sammy Sunshine, and I'm here to brighten your day and steal your heart! 🌞 I'm a gorgeous greyhound, and if you're looking for a friend who's sweet, friendly, and always up for an adventure, then you’ve come to the right place! I absolutely love car rides — whether it’s a quick trip to the park or a longer road trip, I’m always ready to hop in and go wherever the journey takes us. 🚗💨 I get along fabulously with medium and large dogs — I'm friendly and social, and I love making new pals to run around and play with. And guess what? I grew up around young children, so I’m totally comfortable with little humans too! Whether you're looking for a companion for your family or a furry best friend to enjoy quiet moments with, I’m your girl! 💖 When it comes to walks, I'm the perfect leash walker. No pulling, no tugging — I walk beautifully right by your side, just like a pro! 🐾 I have a big heart full of love, and I can’t wait to share it with you 🌸 If you're ready for a loyal companion with a sunny personality who will fill your life with joy, I’m just waiting for you to take me home. Can’t wait to meet you and bring a little sunshine into your world! 🌈✨","sammy-sunshine",""
"2020-11-01","Western Sydney (Londonderry)","956000011716260","Brindie","2025-04-07","FEMALE","","This affectionate & gentle girl is Brindie. She is great with training cues here at the centre including recall, down, off and shake. She enjoys being social with other greyhounds at the centre and would happily share her new home with one. If you're after a joyful companion, she is right up there. Brindie is polite and respectful on lead, she is sociable with people & would love to go to her new home that has a nice backyard/townhouse for her to enjoy. She has been enjoying the indoors here and can even walk up and down stairs, so she would be suitable to live in a unit apartment setting. Brindie would do best in a low small dog populated area and an owner eager to work on her manners around smaller breeds. This little cutie is available at the Western Sydney adoption centre.","brindie",""
"2020-08-01","Western Sydney (Londonderry)","956000011575140","Ripple","2025-04-07","MALE","","Ripple is the playful pup who's ready to dive into your life with all the fun and joy you could ask for! This happy guy loves toys and ear scratches - he will even give you a ""paw-of more"" when you hit the right spot! Whether he’s fetching toys, swimming through playtime, or splashing around with his humans, Ripple brings a tidal wave of affection and energy wherever he goes. Ripple’s social nature makes him a great buddy for medium to large dog friends (pending a meet-and-greet), and he’ll happily ""surf"" through life with a solid confidence on stairs. He’s a big fan of indoor lounging too, and is ready to build up to longer hours at home alone as he gets more comfortable. If you're looking for a dog who’s ready to make waves in your heart, with a splash of fun and endless affection, Ripple is the perfect catch. Get ready for the joy and excitement of having this playful pup ride the current into your life!","ripple",""
"2021-05-01","Western Sydney (Londonderry)","956000007433454","Maximo","2025-04-07","MALE","","Maximo is a sporty and fun-loving greyhound with a passion for water and a heart full of love. Whether he’s splashing around in the pool or running around with his greyhound buddies, he’s always up for an active, fun time. Maximo is also fantastic with kids, having spent time with young ones and showing nothing but patience and gentleness. His easy-going nature and friendly demeanor make him a perfect fit for a family looking for a loving, playful companion. Maximo is also open to living with other dogs, especially fellow greyhounds, and has the potential to coexist with small dogs and cats with the right training and introductions, and pending a meet and greet. His calm and cooperative attitude will make him a great addition to your home. If you’re looking for a sporty, fun, and affectionate dog who’s ready to join your team, Maximo could be the perfect match! Come meet him and see why he’s ready to take your home to the next level!","maximo-1",""
"2021-05-01","Western Sydney (Londonderry)","956000011704833","Riot","2025-04-07","MALE","","Meet Riot, the epitome of easygoing! With a name that speaks to his spirit, Riot is ready to fill your days with joy and companionship. His gentle nature and playful antics make him an ideal addition to any home looking for a devoted friend. Riot has an amazing disposition that makes him friendly to people and pets alike. He'll fit into almost any living situation that keeps him active and allows him time for fun and an outdoor activities. He has been around kids 10+ and has proved to be a lovely, affectionate boy around all he meets. Riot is available at Western Sydney's adoption centre.","riot",""
"2021-11-01","Western Sydney (Londonderry)","956000012931594","Inky","2025-04-07","MALE","","Inky is like a beautiful work of art—timid at first, but with patience and care, he’ll gradually reveal the loving, loyal companion he’s meant to be. His quiet, gentle nature makes him a calm and serene presence in any home, though he does take time to adjust to new environments. Once he feels comfortable, Inky’s true personality will shine through, and you’ll discover just how sweet and affectionate he really is. While he may be shy in new environments, he walks beautifully on the lead and exudes a quiet, graceful presence. With some further training in his new home, Inky has the potential to live with cats and small dogs, as he showed little interest with them here at site. Like any great work of art, he requires a gentle hand and a little guidance, but with the right care, he’ll become the masterpiece you’ve been waiting for. Like an abstract piece of art, Inky has the potential to fit into a variety of homes with the right guidance, are you the right fit for this stunning boy? Chat with the Western Sydney team to find out!","inky-2",""
"2020-11-01","Western Sydney (Londonderry)","956000011584810","Nyx","2025-04-07","FEMALE","","Like the goddess Nyx, I am a gentle and mysterious spirit, a little timid in new surroundings but full of potential once I find my place. With patience and time, I’ll reveal my true, loving nature. I may need a calm and quiet environment to adjust, but I promise that when I do, you’ll see the sweetness and loyalty I have to offer. I have potential live with cats and small dogs with some further training, as I showed minimal interest in them onsite. I’m looking for a family who can help me bloom into the confident companion I’m meant to be. I tend to find my person and stick with them, so if you’re patient and understanding, together we can create a bond as strong and lasting as the night itself. 🌙","nyx-1",""
"2018-06-01","Western Sydney (Londonderry)","956000009462372","Ruby (Western Sydney)","2025-04-07","FEMALE","","Hi, I'm Ruby, I'm pretty and petite like my gemstone name. I have a placid & quiet nature. I’m a sweet middle aged hound looking for a family who will love me forever. I would enjoy a backyard or townhouse to enjoy indoor outdoor living. I am a perfect addition if you're looking for a loving companion. I would like a home with calm kids and calm dogs so I can enjoy the quiet life with you. Like all greyhounds, I do have a little burst of energy and will zoom around and play with my toys, but don’t worry as soon as I’m finished you will find me in bed or laying in the sun. If you think this I could be suited to your home then apply to meet me today at our Londonderry site.","ruby-western-sydney",""
"2021-12-01","Western Sydney (Londonderry)","956000007431091","Morgan","2025-04-07","MALE","","Looking for a dog who’s got the perfect mix of confidence, playfulness, and pure good vibes? Morgan is affectionate & dog social, who we think would be perfect for so many homes. He is agile, smart, and eager to learn, making training fun and rewarding. He even tried some agility for fun and totally rocked it. He's just as happy lounging at home as he is exploring the world. He’s got that easy-going charm – friendly with all dogs, super chill when left alone, and always up for a good time. He would be best with older children as he has a streak of excitement. Morgan is that greyhound who greets every day with excitement, whether it’s a walk, play time, or just a lazy afternoon soaking up the sun. He has enjoyed settling in our crate and enjoys engagement & training activities. If you’re looking for a dog who’s relaxed but always ready for an adventure, social but independent, and just an all-around legend of a companion, Morgan’s your guy. He is available at our Western Sydney adoption centre.","morgan-2",""
"2022-05-01","Western Sydney (Londonderry)","956000011335502","Indigo","2025-04-07","FEMALE","","Hi, I'm Indigo! I'm a young curious girl so I'd love to grow up with a family who has a townhouse or backyard for me to do my goofy zoomies in. I would happily live with older kids with some dog experience, too! An owner who enjoys ongoing training and who would like to keep showing me the world would be so amazing as I have loved learning new tricks and getting out in the hustle and bustle with my handler. I'd prefer my home without any other pets in it, however I'm friendly with dogs on walks including those smaller dogs I keep seeing around! My perfect home would be short hours alone to begin with so they can spend all their time doting on me and telling me how cute and adorable I am but I have shown I don't fuss or stir when people leave me alone. Finally...I can't let you go without telling you the tricks I know - I'm learning my name means something, so does the word 'yes' and I've even got my stair licence! I'm available from the Western Sydney adoption centre.","indigo",""
"2022-07-01","Northern Rivers (Grafton, Lismore, Casino)","956000007462899","Noah","2025-04-07","MALE","","Meet Noah – A Shy and Sweet Greyhound! Noah is a quiet and gentle male greyhound who may take a little time to warm up, but once he feels comfortable, he’s a loyal and loving companion. He’s a bit shy at first, so patience is key when getting to know him. Noah is great with small dogs and enjoys their company. His calm nature makes him a perfect fit for a peaceful home where he can feel safe and secure. If you’re looking for a quiet, sweet dog who will take time to build trust, Noah might just be the perfect companion for you!","noah-1",""
"2020-12-01","Northern Rivers (Grafton, Lismore, Casino)","956000011585465","Taylor","2025-04-07","FEMALE","","Meet Taylor (aka Book Book) – A Sweet and Shy Greyhound! Taylor, also known as Book Book, is a lovely female greyhound with a gentle, shy personality. She might take a little time to warm up, but once she feels comfortable, she’s a sweet and loving companion. Taylor is great with small dogs, and her calm and quiet nature makes her a wonderful addition to any home. She’s also very clean, always keeping her space tidy and neat. If you’re looking for a sweet, quiet, and clean companion who will slowly but surely open up to you, Taylor is the perfect fit!","taylor-3",""
"2020-12-01","Northern Rivers (Grafton, Lismore, Casino)","956000011586455","Chandler","2025-04-07","FEMALE","","Chandler is a beautiful fawn greyhound with a confident and friendly personality. She’s easygoing and loves making new friends, especially small dogs, with whom she’s always gentle and kind. Not only is she great with other pups, but Chandler is also a pro at stairs, making her a perfect fit for any home, no matter the layout. Her sweet, calm nature will bring joy to your family, and she’s always ready for a little playtime or snuggle session. If you are a fan of FRIENDS you will understand why they have named a gorgeous girl Chandler!!!!! If you're looking for a loving, confident dog to join your family, Chandler is the one!","chandler-3",""
"2023-02-01","Western Sydney (Londonderry)","956000014911132","Shania","2025-04-07","FEMALE","","Just like the iconic country singer, Shania knows how to steal the spotlight and leave a lasting impression. This sweet girl is ready to "" Feel Like a Woman!""—and that woman is looking for a loving home where she can enjoy all the cuddles and attention she deserves. Shania is incredibly social with humans and loves nothing more than cuddles and affection. She’ll be your best friend in no time! Plus, she’s shown potential with cats and small dogs. As Shania is only new to GAP her new family will need to continue this work in her furever home and before long she will harmonize with your other pets – pending a doggie meet and greet of course! Whether you’re cozying up on the couch or going for a leisurely stroll, Shania’s your girl, always ready to give you all that love. So, if you’re looking for a sweet, snuggly companion to bring joy into your life, look no further—Shania’s here to stay, and she’s ready to ""Come On Over""!","shania",""
"2021-09-01","Western Sydney (Londonderry)","956000011552295","Sam (Western Sydney)","2025-04-07","MALE","","Looking for a fun-loving, people-obsessed companion? Sam the greyhound is your guy! 🐾 With his playful personality and endless enthusiasm, he’s ready to steal your heart and bring joy to every adventure. Sam is a total people pleaser, always eager for his human's attention and affection. He’s incredibly social and loves to be around his people, making him the perfect companion for anyone looking for a friendly, outgoing dog. Sam is also pro when it comes to car rides—he loves hopping in for a fun adventure and travels like a champ. Whether it’s exploring new environments or playing with his favorite toys, Sam is always up for the next exciting thing! He’s also a big fan of walks, where his playful, excitable personality shines. If you’re looking for a fun, loving, and energetic pup to share your life with, Sam is your guy! 🐕💙 Contact the Western Sydney team to meet Sam today!","sam-10",""
"2019-12-01","Central West (Bathurst/Dubbo/Coonabarabran)","956000012192017 956000007427553","Bubba & Lola","2025-04-07","FEMALE","","Bubba (5 years old) and Lola (3 years old) are a bonded pair of very sweet girls currently living together in a home. Bubba is the more outgoing of the two, while Lola has a softer, gentler nature. Both are great with smaller dogs, and with the correct introduction, they may be okay with cats. They are searching for a new home where they can stay together and continue to thrive as a loving, playful duo.","bubba-lola",""
"2021-04-01","Central West (Bathurst/Dubbo/Coonabarabran)","956000012860959","Jane","2025-04-07","FEMALE","","Jayne is a very smoochy and cuddly dog with a kind, sweet-natured personality. She’s highly affectionate and loves socializing with people. Confident and loving, she’d thrive in a home where she can receive plenty of attention. With the correct introduction, she might be okay with smaller dogs and cats, making her a great companion for a variety of households.","jane-2",""
"2021-04-01","Central West (Bathurst/Dubbo/Coonabarabran)","956000012917728","Bertha","2025-04-07","FEMALE","","Bertha is a playful, cheeky, and energetic female greyhound who loves people and is very social. She’s curious and full of fun, always ready for an adventure. With the right introduction, she might get along with smaller dogs, making her a great addition to an active and engaging home.","bertha-1",""
"2017-01-01","Central West (Bathurst/Dubbo/Coonabarabran)","956000004889171","Collie","2025-04-07","FEMALE","","Collie is a sweet older female with a calm, relaxed, and easy-going nature. She’s happy to please and would thrive in a slower-paced home. Older children are best for her, and she’s fine with smaller dogs and cats, making her a wonderful companion for a peaceful and loving household.","collie",""
"2024-05-01","Central West (Bathurst/Dubbo/Coonabarabran)","956000015544959","Hector","2025-04-07","MALE","","Hector is a young and cute dog with a playful and cheeky personality. He’s full of energy and will grow in maturity once he settles into his new home. Hector would thrive in a playful family environment, where he can have fun and enjoy lots of toys. He’s also fine with smaller dogs, making him a great addition to a lively household.","hector-1",""
"2023-06-01","Central West (Bathurst/Dubbo/Coonabarabran)","956000015745332","Billy","2025-04-07","MALE","","Billy is a sweet, affectionate, and kind natured boy. He’s loving and enjoys playing with toys, often collecting them on his bed. Billy is interactive and gets along well with smaller breeds of dogs, making him a fun and friendly companion.","billy-19",""
"2020-12-01","Central West (Bathurst/Dubbo/Coonabarabran)","956000012805049","Dare","2025-04-07","MALE","","Dare is a big, gentle giant with a very sweet and playful nature. He’s fun-loving yet shows a patient and calm side when needed. Confident and happy, Dare is the perfect mix of energy and tranquility, making him an affectionate companion for any home.","dare-1",""
"2022-05-01","Central West (Bathurst/Dubbo/Coonabarabran)","956000011351882","Windy","2025-04-07","MALE","","Windy is a very sweet-natured male dog who can be a little shy at first but quickly comes out of his shell, especially when playing with toys. Confident on his own, he gets along well with smaller breeds of dogs and is sure to bring joy and warmth once he settles in.","windy-1",""
"2020-12-01","Central West (Bathurst/Dubbo/Coonabarabran)","956000011710299","Hank","2025-04-07","MALE","","Hank is a calm, easy-going, and very friendly dog with an affectionate and interactive nature. He loves to connect with others and is great with smaller breeds of dogs. Hank’s gentle personality makes him a wonderful companion for any home looking for a sweet and sociable pet.","hank-6",""
"2021-04-01","Central West (Bathurst/Dubbo/Coonabarabran)","956000012861460","Tom","2025-04-07","MALE","","Tom is a happy boy who thrives on his own in a single-dog household. He needs a supportive home where he can grow and learn. With patience and encouragement, Tom will blossom into a loving and confident companion.","tom-18",""
"2021-06-01","Central West (Bathurst/Dubbo/Coonabarabran)","956000011641132","April","2025-04-07","FEMALE","","April is a pretty girl who is eager to learn and grow. She needs encouragement, patience, and lots of love to thrive. A quieter home would be perfect for her, where she can feel safe and supported as she blossoms into a confident companion.","april-4",""
"2020-12-01","Central West (Bathurst/Dubbo/Coonabarabran)","956000011711067","Scotch","2025-04-07","MALE","","Scotch is a happy, confident male greyhound who enjoys a slower-paced home due to a leg injury. While he may take shorter walks, he’s still able to move around and play just fine. Engaging and full of joy, Scotch is a loving companion who thrives in a calm environment.","scotch",""
"2018-01-01","Central West (Bathurst/Dubbo/Coonabarabran)","956000009589973","Uno","2025-04-07","FEMALE","","Uno is a lovely older female greyhound with an engaging and confident personality. She’s sweet, kind, and always happy, bringing a joyful and warm presence to any home. Uno’s calm nature and affectionate demeanor make her the perfect companion for a loving family.","uno",""
"2020-12-01","Central West (Bathurst/Dubbo/Coonabarabran)","956000007436627","Dozer","2025-04-07","MALE","","Dozer, or ""Little D,"" is a sweet boy who needs time and patience to learn and grow. He’ll thrive in a quiet home where he can feel safe and supported as he blossoms into his best self. With the right care, he’s sure to become a loving companion.","dozer-2",""
"2020-11-01","Central West (Bathurst/Dubbo/Coonabarabran)","956000011710186","Milo","2025-04-07","MALE","","Milo is a fun-loving male greyhound with a playful and confident personality. He’s happy, sweet-natured, and kind, making him a loving companion for any home. Milo’s cheerful attitude and affectionate nature are sure to bring joy to those around him.","milo-9",""
"2020-03-01","Central West (Bathurst/Dubbo/Coonabarabran)","956000007827233","Lexi","2025-04-07","FEMALE","","Lexi is a sweet and placid female greyhound with a calm demeanor. Eager to learn, she needs room to grow and thrive, along with patience and understanding. A single-dog household would be ideal, providing her with the space and care she needs to flourish.","lexi-7",""
"2019-12-01","Central West (Bathurst/Dubbo/Coonabarabran)","956000012179623","Aggi","2025-04-07","FEMALE","","Aggi is a pretty female greyhound who can be a little shy at first. She needs encouragement, support, love, and time to grow. A single-dog household would be ideal, where she can feel secure and receive the attention she needs. Aggi is eager to learn and thrive with the right care and patience.","aggi-2",""
"2021-12-01","Central West (Bathurst/Dubbo/Coonabarabran)","956000007431437","Micha","2025-04-07","FEMALE","","Micha is a sweet female greyhound who needs love, support, and encouragement to grow. Eager to learn, she’ll thrive in a quiet home where she can feel safe and secure. A single-dog household is ideal at first, giving her the space and attention she needs to adjust and build confidence.","micha-1",""
"2021-06-01","Central West (Bathurst/Dubbo/Coonabarabran)","956000007424531","Tubby","2025-04-07","FEMALE","","Tubby is a sweet girl who can be a little unsure at times, but with the right support, she will thrive. She needs time, patience, and encouragement to fully blossom. A single-dog household is ideal for her, where she can feel safe and receive the love she needs to build confidence.","tubby",""
"2021-06-01","Central West (Bathurst/Dubbo/Coonabarabran)","956000011552057","Sassy","2025-04-07","FEMALE","","Sassy is a female greyhound looking for a quiet, supportive, and loving home. She needs room to grow, learn, and thrive, along with the encouragement and patience to help her blossom. A single-dog household would be ideal, where she can receive all the attention and care she deserves.","sassy-1",""
"2021-06-01","Central West (Bathurst/Dubbo/Coonabarabran)","9560000007428296","Molly","2025-04-07","FEMALE","","Molly is a sweet female greyhound who can be a little shy and unsure at first, but she’ll open up with time and patience. She needs space, encouragement, and room to grow in a supportive environment. Molly thrives in a single-dog household where she can receive the love and attention she needs to feel comfortable and secure.","molly-11",""
"2016-02-01","Central West (Bathurst/Dubbo/Coonabarabran)","956000004489012","Minni","2025-04-07","FEMALE","","Minni is a laid-back, easy-going older gal with a calm and confident demeanor. She’s curious and independent, but also affectionate and loves a good snuggle. Minni is the perfect companion for someone looking for a relaxed and loving pet.","minni-6",""
"2018-05-01","Central West (Bathurst/Dubbo/Coonabarabran)","956000006810145","Lucy","2025-04-07","FEMALE","","Lucy is a very friendly and affectionate older girl who loves to give and receive cuddles. She can be relaxed and easy-going, but also has a cheeky, playful side that adds fun to her personality. Good with smaller breeds of dogs, Lucy makes a sweet and loving companion for any home.","lucy-21",""
"2021-02-01","Central West (Bathurst/Dubbo/Coonabarabran)","956000012862877","Cindy","2025-04-07","FEMALE","","Cindy is a beautiful female greyhound who needs a supportive, patient family to help her grow. She thrives with encouragement and would do best in a quiet home to start. A single-dog household would be ideal, where she can feel safe and secure as she adjusts and blossoms.","cindy-3",""
"2019-11-01","Central West (Bathurst/Dubbo/Coonabarabran)","956000007830314","Oscar","2025-04-07","MALE","","Oscar is a very happy and friendly dog with an excitable personality. He’s great around other breeds of dogs and gets along well with small children. With a funny character and a unique way of bucking like a horse, Oscar is sure to bring lots of joy and laughter to any home.","oscar-12",""
"2016-05-01","Central West (Bathurst/Dubbo/Coonabarabran)","956000004257033","Banj","2025-04-07","FEMALE","","Banj is a sweet, older female greyhound, ready to enjoy a relaxing retirement. She’s calm, easy-going, and laid-back, thriving in a peaceful home. Banj gets along well with smaller breeds of dogs and is comfortable around older children, making her the perfect companion for a quiet, loving household.","banj-7",""
"2020-06-01","Central West (Bathurst/Dubbo/Coonabarabran)","956000007467697","Snoz","2025-04-07","MALE","","Snoz is a male greyhound with a calm and quiet demeanor. He’s patient, easy-going, and always happy, enjoying a laid-back lifestyle. With his gentle nature, he’s the perfect companion for anyone seeking a relaxed and peaceful pet.","snoz-3",""
"2018-10-01","Central West (Bathurst/Dubbo/Coonabarabran)","956000009460515","Bella","2025-04-07","FEMALE","","Meet Bella, a sweet, kind, and patient female greyhound who remains calm in new environments. She’s excited to play and learn, always eager for new experiences. Bella is affectionate and loves to spend time with her humans, and she gets along well with smaller breeds of dogs. She’s ready to bring her gentle spirit and enthusiasm for life to a loving home!","bella-17",""
"2020-12-01","Central West (Bathurst/Dubbo/Coonabarabran)","956000011781124","Nova","2025-04-07","FEMALE","","Meet Nova, a beautiful and sweet female greyhound who will melt your heart once she settles into her new home. She’s affectionate and loves cuddles, and she has a playful side when it comes to toys! Nova is patient and eager to learn, making her a wonderful companion for a family who can help her continue to grow. She’s ready to share her love and brighten your life!","nova-2",""
"2019-05-01","Central West (Bathurst/Dubbo/Coonabarabran)","956000009595491","Flyer","2025-04-07","MALE","","Meet Flyer, a goofy, playful, and affectionate male greyhound who loves nothing more than a good cuddle! He’s sooky and cuddly, always ready for some snuggles, and has a great time playing with toys and running in the yard. Flyer would love a family with children to play fetch with and enjoys being active outdoors. He’s been around smaller breeds of dogs, chickens, ducks, and sheep, so he’s well-mannered around other animals. Flyer’s ready to fill your home with love and fun!","flyer-1",""
"2023-06-01","Southern NSW/ACT (Bulli, Nowra, Goulburn, Canberra)","956000015755619","Cara","2025-04-07","FEMALE","","This affectionate young hound is great with kids, good with all dogs and stays in her own lane. She is a quite non-confrontational girl who would suit most people as a life long companion.","cara-2",""
"2023-06-01","Southern NSW/ACT (Bulli, Nowra, Goulburn, Canberra)","956000015761075","Shara","2025-04-07","FEMALE","","Shara is a stunning Blue Brindle hound. She has been living around young kids and has visits and runs around with little dogs.","shara",""
"2021-05-01","Southern NSW/ACT (Bulli, Nowra, Goulburn, Canberra)","956000011663259","Benji","2025-04-07","MALE","","Benji is a confident friendly boy who is great company. He loves to play, loves affection and walks well on the lead. Benji would suit a working household since he is content when left alone.","benji-12",""
"2019-01-01","Central West (Bathurst/Dubbo/Coonabarabran)","956000006169196","Blue","2025-04-07","MALE","","Meet Blue, a fun-loving, high-energy male greyhound with a great spirit! He’s playful and full of personality, always ready for a game of fetch or a run around the yard. Blue would thrive in a home with a yard to stretch his legs and children to play with. He’s been around smaller breeds of dogs, chickens, ducks, and even sheep, so he’s adaptable and gets along with a variety of animals. Blue is ready to bring his boundless energy and joy to a loving home!","blue-9",""
"2019-09-01","Central West (Bathurst/Dubbo/Coonabarabran)","956000006660531","Bec","2025-04-07","FEMALE","","Meet Bec, a playful and affectionate female greyhound who absolutely loves toys! She enjoys collecting and playing with them, and there's nothing better than a cuddle and some quality time with her humans. Bec thrives in a home with an experienced owner who can provide her with the care and attention she needs, including a backyard to run and explore. She’s grown up around children, but older kids are best for her. She’s ready to bring love and joy into a forever home!","bec-7",""
"2021-07-01","Central West (Bathurst/Dubbo/Coonabarabran)","956000007424357","Zac","2025-04-07","MALE","","Meet this gentle and shy male greyhound, looking for a loving, supportive family to help him continue to grow and thrive. With a quiet nature, he enjoys the simple pleasures of life, like collecting little toys, and he responds beautifully to a gentle touch. Having grown up around small children, he’s well-suited for a family environment. An experienced dog owner would be ideal, as he’s looking for someone who can provide the patience and care he needs to flourish.","zac-3",""
"2021-11-01","Western Sydney (Londonderry)","956000012860698, 956000011713255","Lilly","2025-04-07","FEMALE","","I'm Lilly, and my humans have called me a sweet, loving greyhound, but I really just want to find a family to love me. At first, I might be a little shy and scared, but if you’re patient and show me lots of love, I promise I’ll trust you and be your best friend! I’ve met little dogs, cats, and even chickens, but they’re kinda scary to me. I’m much more comfy with other greyhounds though, I really like them! I'd be happy to meet your calm small dog and see if we get along as well though. I loooove my soft toys, especially the ones with squeakers! They’re so much fun, and I can play with them for a long time. I can be a little bit of a sook sometimes, but that’s just because I’m so sweet and I love people a lot. I just need a little time to feel safe, and then I’ll be all cuddles and love for you! If you take me home, I’ll show you how much I love you, and we can be best friends forever!","lilly-14",""
"2021-11-01","Western Sydney (Londonderry)","956000011372073","Bell","2025-04-07","FEMALE","","Hi there! My name is Bell, and I’m really hoping to find a family that will love me. At first, I might be a little shy because everything is so new, but once I feel safe and cozy, I’ll be the sweetest, cuddliest friend you could ever ask for! I’ve been around little kids, like the ones who are 1 to 7, and I’m so calm and gentle with them. I really like them a lot! If you take me home, I’ll snuggle up close and be your best friend. I might need a little time to settle in, but I promise I’ll be the most loving, loyal companion. Oh, and it would be so wonderful if I had a medium or large doggy friend to play with! I think we could have so much fun together. I might be a bit shy at first, but I’m really sweet and just want to be loved. If you give me the chance, I’ll show you all the love in my heart, and we’ll be the best of friends forever!","bell-18",""
"2022-01-01","Western Sydney (Londonderry)","956000011355180","Trixie","2025-04-07","FEMALE","","Ready for a new adventure? I’m Trixie, a playful and curious greyhound with a love for exploring! I’m confident in new places and always eager to see what’s next. Water is one of my favorite things — dams, pools, fountains and even my bath time! I don't care as long as there is water, I can splash around! I get along well with other doggies, and I’ve even been around chickens before (but I’m still figuring them out). If you have a smaller breed of pup at home , or any other pups at home really, I would love to have a meeting to see if we get along! If you’re looking for a sweet, energetic companion who’s always ready to have fun, I just might be the one for you!","trixie-4",""
"2016-02-01","Riverina (Wagga, Temora, Gundagai, Griffith)","956000005413479","Mary","2025-04-07","FEMALE","","Meet Mary, a beautiful, gentle, and sweet-natured senior girl who is a true gem. She may have years behind her, but she’s still looking fabulous and enjoys her weekly walk on the main street with the 8-year-old daughter. She absolutely adores attention and affection from the kids, 8 and 16-year-olds, who give her pats and cuddles. She’s unfazed by other dogs during her walks and is perfectly content to relax in the yard, soaking up the serenity. She doesn't like storms and won't eat until the morning but doesn't panic, just goes to her bed in her kennel outside or inside as her safe place. Mary would be the perfect addition to a quiet family household with older kids or can share her love with retirees and busy workers looking for a calm and loving companion. Anyone would be lucky to have her, and she would show you her special mane or mohawk on the back of her neck - it's so cute!","mary-7",""
"2020-02-01","Central West (Bathurst/Dubbo/Coonabarabran)","956000007373972","Tony","2025-04-07","MALE","","Tony is a barrel full of laughs, love & fun! This big goof ball loves to run, play & chase. He is an active boy with a spirit to match! He would love to find a home with older active children he can run around with in the backyard. Potentially another grey or large breed of dog to play with as well. He is a confident boy who doesn't shy away from much. Tony is ready to find his perfect family! Reach out to meet him today!","tony-6",""
"2012-10-01","Western Sydney (Londonderry)","956000008855737","Doris","2025-04-07","FEMALE","","Doris is enjoying a foster care home in a ground floor unit while she awaits her forever family. At 12 years young, Doris enjoys the finer things in life & is proving to still have a spring in her step! From foster care: Doris is a delightful senior greyhound with a heart as big as her love for cuddles! This sweet, silly girl is happiest when she’s right by your side—whether that’s following you from room to room, leaning in for pats, or curling up next to you. She’s playful, affectionate, and always ready for a walk. If you’re looking for a devoted companion who will make you laugh, keep you company, and shower you with love, Doris is your girl. Doris LOVES her walks and takes her foster carers out to enjoy a walk every day. She also has shown her foster family she is learning her name, and walks nicely on the lead. She enjoys snuggling up on the couch, and at the GAP centre she enjoyed being social with other greyhounds, proving her adaptable nature. Doris is finally ready to step paws into a forever home - could it be with you? Maybe you have a laid back hound looking for a friend or simply looking for a sweet senior to spoil rotten ... Doris is in foster care and available to adopt from the Western Sydney adoption centre.","doris-1",""
"2021-10-01","Central West (Bathurst/Dubbo/Coonabarabran)","956000013039547","Lucy","2025-04-07","FEMALE","","Beautiful Lucy is lady who needs to find a supportive, patient & kind family. Lucy shows interest in wanting to be a part of a family, grow, learn how to be confident & playful, she just needs that support & encouragement to do so. A quiet home at first would be ideal. Lucy has spent time indoors, around children & a smaller breed of dog. With the correct introduction & supervision, Lucy may become best friends with your smaller fluff's, even your feline family members. Please reach out if you would like to meet Lucy :)","lucy-20",""
"2022-06-01","Central West (Bathurst/Dubbo/Coonabarabran)","956000011334285","Missy","2025-04-07","FEMALE","","Sweet Missy is a darling girl looking for her perfect family. Missy is looking for love & support from her new family in order for her shine and grow into the best version of herself. A quiet & patient home would be best. With growth, she will shine in personality & playfulness. Missy responds well to young children. She has spent time living indoors with a smaller breed of dog. With the correct introduction, Missy might become best friends with your small pups or feline family members. Please reach out if you would like to meet her :)","missy-21",""
"2020-11-01","Riverina (Wagga, Temora, Gundagai, Griffith)","956000007468123","Wichita","2025-04-07","FEMALE","","Wichita is gorgeous, sweet girl, pretty chill but does get excited when running around with her other greymates! She absolutely loves water, a clam shell pool, which would keep her occupied as well as toys and is much quiter with the company of an older small dog as a companion but would also be happy as an only dog. She has such a loving nature, loves attention and pats, is well handled and good on lead. Better with older children, hasn't been around little ones. Wichi would make a lovely companion and walking buddy for couples, families with older kids and retirees, also happy to keep herself occupied for workers.","wichita",""
"2021-05-01","Western Sydney (Londonderry)","9560000012860618","Jumbo","2025-04-07","MALE","","Jumbo may have a giant name, but he's all lean speed and excitement! This sleek black greyhound is full of energy and enthusiasm, always ready to take on new adventures. He can be a little nervous at first, but it doesn’t take long for him to warm up and show his affectionate side. Once comfortable, he enjoys exploring his surroundings with a good sniff and settles in beautifully, just pure relaxation. With his lively spirit and charming nature, Jumbo is sure to make a big impression wherever he goes!","jumbo-1",""
"2020-03-01","Western Sydney (Londonderry)","95600007471404","Betty","2025-04-07","FEMALE","","Betty may be small in size, but she has a big heart! This lovely black greyhound is clean, quiet, and well-mannered, making her a wonderful companion. She gets along great with Boxers and other larger dogs, enjoying their company and playful energy. She’s good with kids and would be best suited to a home with children over five, as she can get a little excited at times. While she’s naturally quiet, once she comes out of her shell and feels comfortable, she shows her incredibly sweet and affectionate side. If you’re looking for a gentle, loving, and easy-going greyhound, Betty is ready to steal your heart!","betty-16",""
"2023-02-01","Western Sydney (Londonderry)","956000014910548","Amy","2025-04-07","FEMALE","","Meet Amy, a beautifully brindle greyhound with a quiet charm and a heart full of love. She may be a little shy at first, but once she warms up, she’s as sweet as they come. With a bit of patience and kindness, Amy’s gentle personality truly shines. She adores her walks, taking in the world with curious eyes and a graceful stride. Whether it's a peaceful stroll or an exciting adventure, she’s always up for exploring by your side. One of her favourite things? Water! On warm days, Amy loves to cool off with a splash, whether it's wading in a stream or dipping her paws in a puddle. With a soft heart and a love for the simple joys in life, Amy is the perfect companion for someone who appreciates the beauty of a slow and steady friendship.","amy-5",""
"2020-11-01","Western Sydney (Londonderry)","956000006668205","Bluey","2025-04-07","MALE","","Bluey is a stunning brindle boy who’s been in a home for two years. A little nervous at first, he bonds deeply once he trusts you. He prefers gentle, soft-natured male companions and thrives in a calm environment. He gets excited around food and balls, enjoys treats, and can be hand-fed, though he does resource guard from other dogs. Sensitive to loud noises, he needs reassurance in new situations. Bluey is great friends with a few greys here, and they wouldn't mind sharing his new home. Could you be the one to give Bluey his perfect home?","bluey-8",""
"2021-01-01","Western Sydney (Londonderry)","956000007446425","Roxy","2025-04-07","FEMALE","","Roxy is the definition of cool, calm, and collected. Nothing much phases this laid-back girl—she takes life in stride with an easygoing attitude. She’s a dream to walk on the lead, making her a pleasure to take out and about. Roxy is also fantastic with small dogs and other greyhounds, making her a great fit for a multi-dog household. If you’re looking for a relaxed, friendly companion who’s happy to go with the flow, Roxy is the perfect match!","roxy-18",""
"2020-01-01","Central West (Bathurst/Dubbo/Coonabarabran)","956000007835150","Jumbo","2025-04-07","MALE","","Jumbo has a fantastic energy! This big goof ball loves to run, play & explore! He would love to find a family with older children who can keep up :) Running around & playing in the backyard with his new best friends would suit him to a Tee! Jumbo has grown up around smaller breeds of dogs and he has had exposure to sheep, chicken & ducks. If you would like to meet Jumbo, please reach out :)","jumbo",""
"2020-10-01","Western Sydney (Londonderry)","956000011721798","Dash","2025-04-07","MALE","","Dash is a gentle and calm boy who is looking for a laid back home to snooze in. Dash is friendly with smaller dogs & cats here at the adoption centre (see photos!). Dash would enjoy a home with a small yard/courtyard for some place to retreat to during the day. Dash can be reserved and shy in new situations however grows in confidence around other dogs (check out how he mastered the stairs with our small dogs!). Dash truly is a wise gentleman awaiting his perfect family. If you think you have the perfect home for Dash - reach out to the Western Sydney adoption centre.","dash-1",""
"2019-06-01","Western Sydney (Londonderry)","956000007839524","Alf","2025-04-07","MALE","","Alf is as handsome and adorable as they come, he is super cute, placid, gentle, charming and engaging with people. Alf is a calm and gentle boy with little bursts of energy. He is a gentle boy & we think he'd suit a home with respectful children. He's used to having yard access so a home with a courtyard/townhouse would suit this placid laid back fellow. He has shown potential to settle in crate but not a requirement. Alf is available from our Londonderry adoption centre.","alf-6",""
"2021-08-01","Northern Rivers (Grafton, Lismore, Casino)","956000007424502","Groot","2025-04-07","MALE","","Groot is a male greyhound with a heart full of love! He’s affectionate, quiet, and loves nothing more than being by your side. Groot is a very friendly dog who enjoys spending time with his people, whether it’s cuddling on the couch or simply relaxing together. Groot loves to laze in the house with his family. Why You’ll Love Groot: Affectionate & Loving: Groot is a big cuddle buddy who enjoys being close to you. Quiet & Calm: He’s a peaceful companion, happy to relax and enjoy quiet moments. Very Friendly: Groot loves meeting new people and is always ready to make new friends! If you're looking for a loving and friendly greyhound who just wants to be with you, Groot is the perfect companion! 💕","groot-2",""
"2021-11-01","Northern Rivers (Grafton, Lismore, Casino)","956000013032616","Clancy","2025-04-07","FEMALE","","Clancy is a very sweet and lovely 3 1/2-year-old female greyhound. She’s polite with other dogs abut would be happy to have her home to herself. Clancy enjoys spending her time inside, relaxing on her mat, and soaking up all the love she can get. Why You'll Love Clancy: Sweet & Affectionate: Clancy is gentle, loving, and always ready for a cuddle. Polite with Other Dogs: She’s well-mannered and respectful around other dogs. Loves Indoor Relaxation: Clancy enjoys her cozy spot on the mat, making her a calm and easygoing companion. If you’re looking for a kind and calm greyhound to share your home, Clancy would be a perfect fit! 💕","clancy-3",""
"2015-09-01","Northern Rivers (Grafton, Lismore, Casino)","956000004346598","Venus","2025-04-07","FEMALE","","Venus may be 9 years old, but don’t let her age fool you – she certainly doesn’t act like it! This sweet, friendly girl is full of energy and loves being around people. She has the heart of a young pup and enjoys every moment spent with her humans. Venus is the perfect mix of a calm, affectionate companion and a fun-loving friend. Why You'll Love Venus: Friendly & People-Loving: Venus absolutely adores people and will be your best friend in no time. Young At Heart: Despite being 9 years old, Venus has the playful energy and spirit of a much younger dog! Calm & Affectionate: She loves cuddles and enjoys relaxing with you, but also has plenty of energy for playtime. If you’re looking for a loving, friendly greyhound who doesn’t act her age, Venus is the one for you! 💕","venus-3",""
"2022-03-01","Northern Rivers (Grafton, Lismore, Casino)","956000011584777","Jett","2025-04-07","FEMALE","","Jett is a fun-loving and friendly female greyhound with a playful spirit and an easy-going personality. Born on April 3, 2022, she’s still young and full of energy but knows how to relax and enjoy quiet moments too. Jett’s happy, affectionate nature makes her a great companion for active families or anyone who enjoys a friendly, outgoing dog. Why You'll Love Jett: Playful & Friendly: Jett loves to have fun and is always ready to make new friends, whether it’s with humans or other dogs. Easy-Going: While playful, Jett is also calm and relaxed when it's time to chill. Good with Small Dogs: After a proper introduction, Jett gets along well with small dogs, making her a great addition to a multi-dog home. Young & Energetic: At just 2 years old, Jett has plenty of energy to enjoy walks, playtime, and adventures. Whilst being energetic Jett can be extremely lazy and would be happy to just laze around after a short walk. If you’re looking for a sweet, friendly greyhound with a playful personality, Jett might be your perfect match! 💕","jett-2",""
"2022-09-01","Western Sydney (Londonderry)","956000014889268","Cammi","2025-04-07","FEMALE","","At just 23kg, this TINY, and super bubbly playful girl simply just LOVES everyone! She will hop and bounce around, even play bowing at you, while smooshing her tiny face into you to get pats...how could you say no!? She walks nicely on the lead, even going up and down our training stair case. Due to her bubbly & exuberant nature, older children/teens would suit her best. She is friendly with other greyhounds and would suit a home with another large breed dog. Shorter hours left alone while she first settles in will help her find her feet and learn her routine the best. She enjoys being indoors and could suit an apartment home, too. Cammi is available at the Western Sydney adoption centre.","cammi",""
"2020-11-01","Western Sydney (Londonderry)","956000007466886","Cooper","2025-04-07","MALE","","Meet Cooper! This friendly boy is looking for a loving home where he can live his best life. Cooper absolutely loves his toys and walks, making him the perfect fit for an active lifestyle. Cooper is social with other medium/large dogs, and has had a great time playing with other greyhounds on site. He would thrive in a home with a playful dog companion, especially if his new family is out of the house more often. Otherwise, if going into a home without a furry companion then Cooper would do best if his people were around more often at first to help him settle in! While Cooper is fantastic indoors, he would be happiest with a backyard available so he can have a blast tossing toys around and lazing about in the sun! With his big personality Cooper would do best in a home without young children. Come meet Cooper at our Londonderry facility and see just how sweet and fun he really is!","cooper-7",""
"2015-05-01","Western Sydney (Londonderry)","956000004249045","Harvey","2025-04-07","MALE","","Meet the sweetest senior boy, Harvey! Harvey absolutely LOVES his treats and has an excitable yet gentle personality! He enjoys a good neck scratch as he discovers the joys of being loved and can't wait to find a family to call his own. This adorable boy is looking for a peaceful home where he can unwind and enjoy the slow life! He’s been good with other medium/large dogs and would do best in a home with a small yard or courtyard, where he can get outside to enjoy the fresh air and snooze in the warmth of the sun. Because of his age, he’d be happiest in a home with no stairs and receiving minimal walks. Whether his new family are full time workers or around more often - This low maintenance guy will be happy either way! If you're looking to give a sweet senior a calm and loving space, Harvey is ready to find his forever home now at our Londonderry centre!","harvey-2",""
"2018-06-01","Hunter Valley (Maitland/ Muswellbrook/Newcastle/Forster)","956000009589443","Red","2025-04-07","MALE","","This is our boy Red. He is relaxed on lead, great to handle. Red has had frequent exposure to leisurely strolls in town and enjoys the slow paced lifestyle. At times Red can be apprehensive with new people but warms up quickly after he has a good play. Red will be attending the ACT Adoption Day on March 22nd.","red-8",""
"2019-01-01","Southern NSW/ACT (Bulli, Nowra, Goulburn, Canberra)","956000006792547","Dutch","2025-04-07","MALE","","Dutch is a sweet sensitive hound, he may be a bit shy and quirky at first but he does warm up and is very gentle and affectionate. He is a handsome boy who is calm and laid back. Relaxes well on his own.","dutch-3",""
"2022-03-01","Southern NSW/ACT (Bulli, Nowra, Goulburn, Canberra)","956000007467015","Fenoli","2025-04-07","MALE","","Fenoli is strapping young lad, he is calm and content, walks great on the lead and is great company. He is good with kids and relaxes when left alone.","fenoli",""
"2020-12-01","Northern Rivers (Grafton, Lismore, Casino)","956000011579937","Kit","2025-04-07","MALE","","Kit is a beautiful, friendly male greyhound who loves to be part of the action! With his sleek coat and sweet personality, he’s sure to steal your heart. Kit enjoys being involved in family activities and is always up for fun and playtime. Kit is an affectionate and social dog who loves spending time with people and other dogs. He’s friendly, easy-going, and enjoys being part of the family. Kit is also great with children, making him the perfect companion for a family home. Whether he’s relaxing by your side or participating in family activities, Kit will always be there with a wagging tail.","kit-4",""
"2022-01-01","Southern NSW/ACT (Bulli, Nowra, Goulburn, Canberra)","956000011645568","Stanley","2025-04-07","MALE","","🐾 Meet Stanley! 🐾 Stanley is a handsome 3-year-old brindle boy with a lovely temperament. He travels well and is always up for an adventure, whether it’s a walk around the lake or a playful run in the backyard. Having lived inside a home, Stanley is well-mannered and crate trained, making him an easy addition to any family. He’s a sweet and adaptable companion looking for a loving place to call home. 📍 Available for adoption now!","stanley-5",""
"2022-02-01","Southern NSW/ACT (Bulli, Nowra, Goulburn, Canberra)","956000013038535","Jindy","2025-04-07","FEMALE","","Jindy is a beautiful 3 year old female who was never interested in chasing things. Jindy is a beautiful family pet and is great with children Jindy enjoys a walk and play during the day but is very used to being alone for full time working hours. Jindy is crate trained and would be a great addition to your way of life as she is very adaptable Jindy is currently living with a family of four and is keen to meet her forever family","jindy",""
"2022-04-01","Northern Rivers (Grafton, Lismore, Casino)","956000014846486","Wheels","2025-04-07","MALE","","Hello there! My name is Wheels, and I’m a charming 3-year-old Greyhound looking for my forever home. I might be a little shy at first, but don’t let that fool you! With a bit of patience and love, I’ll warm up to you quickly and show you my gentle, affectionate side. I’m an easygoing guy who enjoys the simple pleasures in life, like lounging in a cozy spot and soaking up the sun. I get along wonderfully with other dogs, and I love having furry friends around me. If you're looking for a loyal companion who will bring joy and a calm presence to your home, I could be the perfect match for you. Let’s embark on this journey together and make wonderful memories! Are you ready to give me the loving home I’ve been waiting for? 🐶❤️","wheels",""
"2019-06-01","Riverina (Wagga, Temora, Gundagai, Griffith)","956000007842424","Julie","2025-04-07","FEMALE","","Miss Julie is a playful, friendly girl who loves her toys, a run around with the other dogs (retired greyhounds and Jug), a splash in her clam shell pool and just being around people and quiet kids 10+, not too rambunctious. She's a bit of a character, loves to show off but she's not over the top, just a happy girl! At 6 she hasn't lost energy but slows down faster and rests longer, especially as she is learning the comforts of retired life! Julie has grown up on the farm and has come into town life ready for her new home. She has taken to a nice cosy bed on the floor and loves being on the patio as well on the warm nights. She would suit a quiet household, and someone with the time to get to know her, take her for a walk and have a bit of playtime in the morning, especially if you are going off to work. Some toys, an outdoor bed, pool, sandpit or another dog friend will keep her company for the day, plus plenty of rests. Someone home more often than not would be perfect. She's easy going and not worried by pet birds, cats or little fluffy dogs. Just a sweetheart ready to relish retired life. 💗","julie-7",""
"2022-05-01","Northern Rivers (Grafton, Lismore, Casino)","956000011657803","Lillie","2025-04-07","FEMALE","","Lillie is a sweet and gentle greyhound with a calm and loving nature. She can be a little shy at first, but once she feels comfortable, she’s a loyal and affectionate companion. Lillie is particularly drawn to men and forms strong bonds with them quickly. One of Lillie’s favorite things is water! She loves splashing around and playing in it, making her the perfect companion for anyone who enjoys outdoor activities near water. Lillie gets along well with dogs of all sizes, so she’d be a great addition to any dog-loving family. She’s also met a cat and wasn’t too interested, so she could potentially live with a cat in the right environment. If you’re looking for a calm, loving, and water-loving companion, Lillie might just be your perfect match!","lillie-1",""
"2020-02-01","Northern Rivers (Grafton, Lismore, Casino)","956000007830024","Kenny","2025-04-07","MALE","","Meet Kenny! Kenny is the happiest dog you will ever meet! Kenny is a friendly, joyful pup who loves everyone he meets. He’s great with all dogs, making him the perfect companion for a multi-dog household. Whether it’s playing or just hanging out, Kenny gets along with dogs of all sizes. Kenny could also live with the right cat! He’s got a gentle and adaptable personality, so he may fit well into a home with a cat that’s comfortable around dogs. If you’re looking for a loving, happy dog to brighten your life, Kenny is your guy!","kenny-6",""
"2022-05-01","Northern Rivers (Grafton, Lismore, Casino)","956000007430500","Wally","2025-04-07","MALE","","Wally is the happiest boy you’ll ever meet! This energetic and playful greyhound loves to keep busy and is always up for a good time. He’s great with small dogs and enjoys playing with toys—he never turns down a game! Wally is also cat-workable, meaning he can get along with cats in the right environment. His friendly, joyful nature makes him a wonderful companion for anyone looking for a fun-loving and energetic dog. Ready to give Wally the loving home he deserves? He’s waiting for you!","wally-9",""
"2022-07-01","Hunter Valley (Maitland/ Muswellbrook/Newcastle/Forster)","956000011307177","Willow","2025-04-07","FEMALE","","I'm attending the ACT Adoption Day on March 22nd! - Greyhound Adoption Event Canberra This is Willow! A sweet natured, playful and engaging girl, after her forever home. She is incredibly social, loves to follow you like a shadow and has great lead manners. For her age, Willow is either being lazy curled up sleeping or running around with her friends.","willow-9",""
"2020-02-01","Western Sydney (Londonderry)","956000007833913","Enzo","2025-04-07","MALE","","Enzo is the perfect blend of calm, playful, goofy and loving. He enjoy spending time in the office and although he tolerates the chaos of the office, he ideally would prefer a calm and quiet lifestyle. He doesn't mind if he lives in a house or a unit, as long as he has a good daily routine, showing off his cheerful and adaptable nature. A neighbourhood out of the city or hustle and bustle would best suit Enzo. Some things to know about Enzo... He is known to pick up his ball and throw it at you! He likes a crate, too. He's also learnt that small dogs and greyhounds are friends! This adorable boy is available at the Western Sydney adoption centre.","enzo",""
"2018-05-01","Western Sydney (Londonderry)","956000009435970","Debra","2025-04-07","FEMALE","","Meet Debra, the hilarious and playful girl who will keep you smiling all day long! Debra loves to bounce around and show off her excitable personality, often offering a fun play bow! She is highly people social and always eager to be near her humans, and enjoy snuggling right up to you when on the couch. Debra's also a big fan of meeting new people - she’ll be the first to trot up to strangers for some pats! Thanks to her strong food drive, Debra is an absolute dream when it comes to training. She has excellent name recall, responds well to commands like ""on your bed"" ""off"" ""down"" and ""shake"". When it comes to walks, Debra is a pro on the lead and this adventurous girl would do well in a quieter dog populated neighbourhood to make her walks breezy and enjoyable! Debra would thrive in a home with kids who have experience with bigger dogs and can appreciate her bouncy nature. She could also adapt well to a household with full-time workers and is apartment-friendly - Making her a great fit to many kinds of homes! Debra has shown to get along well with other medium to large dogs, meaning she could be a great fit for a family looking to add to their furry companions. This adorable and well rounded girl is available now at our Western Sydney location!","debra-1",""
"2020-05-01","Western Sydney (Londonderry)","956000007374982","Summer","2025-04-07","FEMALE","","The sun is shining - Summer is finally here! Well, Summer the greyhound that is! Summer is affectionate yet independent. She doesn’t mind spending time alone, making her a great fit for a variety of lifestyles. She has also spent time around children aged 3+ making her a great fit for families. Summer is a super social and friendly girl, making her perfect for those wanting an affectionate companion. She absolutely loves people, enjoys playtime, and settles beautifully inside. Summer is learning about the world and other dogs here at the centre and is doing so well! She would benefit from ongoing training for her dog sociability but is doing well at the centre. With the right family, Summer will thrive and make a wonderful companion. So grab your hat and sunnies and get ready to enjoy this ray of sunshine, available from the Western Sydney adoption centre.","summer-4",""
"2020-09-01","Western Sydney (Londonderry)","956000007466793","Ryan","2025-04-07","MALE","","How cute is Ryan? His smile and his puppy eyes are sure to win you over. Ryan could suit many home types. Keep reading to find out why we love him. Ryan would suit a full time working family, with backyard access, preferably in a quieter neck of the woods. This sweet goofball would suit dog savvy kids, as he can be a bit goofy sometimes! But he does calm down. He is outgoing and friendly with people, loves treats and would suit a home with another medium-large canine companion. Ryan has conquered the Richmond main drag (pictured!). He is ideally looking for a family who have a relaxed lifestyle. Did we mention he's super smart, too? He knows 'on your bed' down & shake – he loves training so an owner who likes to engage in training would be a perfect match! Ryan is waiting here for you at the Western Sydney adoption centre.","ryan",""
"2020-11-01","Western Sydney (Londonderry)","956000007841198","Jordan","2025-04-07","MALE","","Hi, I'm Jordan, a gentle, sweet, friendly and quiet natured hound looking for a home to call my own. I'm a chilled out guy who's pretty much always laying on my bed, even when there's lots going on, I am content to watch the world go by. I would enjoy a home with another medium-large canine companion, I've even done well meeting those ""small breed dogs"" my GAP handlers talk about. I am friendly with those too, but bigger breeds make a bit more sense to me! I dont mind a small yard to call my own, enjoying the indoors and outdoors equally. I would definitely suit a laid-back home, all about that chill lifestyle. Let's take it easy, and enjoy life in the slow lane together. You can meet me at the Western Sydney adoption centre.","jordan-1",""
"2019-03-01","Western Sydney (Londonderry)","956000003709266","Oakley","2025-04-07","MALE","","Oakley is an energetic and fun loving greyhound, he thrives when given structured activities. His ideal owner will love all of his drive, energy and passion for all things fun. His best fit would be an owner who is eager to actively train and work with him. He is a driven hound driven who loves physical and mental stimulation. His perfect match will be someone looking for a highly trainable and driven dog who enjoys training as much as he does. He has a strong need for physical and mental stimulation. His recall is excellent, he performs 'down' on cue, and he has the ability to walk nicely in heel position after exercise. He loves the outdoors and would do best as an outside dog. He is available now from our Western Sydney centre.","oakley-1",""
"2022-02-01","Northern Rivers (Grafton, Lismore, Casino)","956000007431200","Lilly","2025-04-07","FEMALE","","Meet Lilly – A Sweet and Shy Greyhound! Lilly is a gentle and quiet female greyhound who may be a little shy at first, but once she gets to know you, her affectionate nature shines through. She’s great with all other dogs and would be sutiable for a home with a cat if you are patient and give her time to settle, making her an easy-going companion for any household. Lilly’s calm demeanor and low-key attitude make her the perfect choice for anyone looking for a laid-back, loving pet. Give her time to settle in, and she’ll reward you with endless loyalty and love!","lilly-13",""
"2022-03-01","Western Sydney (Londonderry)","956000011357858","Domina","2025-04-07","FEMALE","","Hi, I'm Domina, a pretty, gentle natured blue girl looking for a loving home. I can be nervous with new places and people, however I promise to show you my playful and engaged personality once I get to know you. I've shown my GAP handlers how well I do once I trust you, and I promise to be a loyal companion for years to come. I like being around other greyhounds but I think the best home for me is without any other dogs, unless you can create a safe zone for me to get away when I need. I'd love a quiet and nurturing home where my family is more or less around all the time. I'd like a house with a yard or some space to call my own, maybe you have a house with a backyard for me to spend time in? Domina has enjoyed her time at the centre but she is ready to pack her bags and go home with you! Contact our Western Sydney adoption centre to meet her.","domina",""
"2022-02-01","Hunter Valley (Maitland/ Muswellbrook/Newcastle/Forster)","956000011358684","Stacey","2025-04-07","FEMALE","","Meet our sweet girl Stacey. Stacey warms up after a little bit of attention but initially she could be weary of her surroundings. She has spent time around children and is gentle around them. Stacey is responsive on lead but will like to sniff around as well.","stacey",""
"2022-02-01","Hunter Valley (Maitland/ Muswellbrook/Newcastle/Forster)","956000011353483","Tracey","2025-04-07","FEMALE","","Are you looking for the perfect all-arounder? Tracey will make for the perfect companion. Tracey has had frequent exposure to children and enjoys playing with them, she has also met chickens and cows at her current home. Tracey is incredibly engaging and responsive on lead; she has a great personality willing to people please.","tracey-1",""
"2020-05-01","Southern NSW/ACT (Bulli, Nowra, Goulburn, Canberra)","956000007827688","Jimmy","2025-04-07","MALE","","Jimmy is a good all round pet that is looking to bring joy to someone's home Jimmy has grown up in a farm style setting and is experienced around kids as young as 5 years of age. Jimmy is an active boy who walks very well on lead and would thrive with a daily walk before retiring to his bed for the night. Jimmy loves a cuddle and with extra training and love would be a great apartment dog. Unfortunately Jimmy is a single pet dog as he thrives by himself and isnt a big fan of sharing his family with other dogs off lead. Jimmy is still a gentle and loving boy who is looking for his perfect family","jimmy-8",""
"2022-05-01","Hunter Valley (Maitland/ Muswellbrook/Newcastle/Forster)","956000011341912","Benji","2025-04-07","MALE","","Are you after a playful and cheeky friend? Benji is after his forever home! He is all things cheeky, confident and cunning. Benji is responsive on lead but some extra training wouldn't go astray. He loves a pat and to bound around a yard big or small, he would be suitable to live in a townhouse or villa and would in time be able to conquer stairs. Benji had an injury in 2023 which he has now recovered from but has a plate in his hock. If you're interested in learning more about Benji, please apply now.","benji-11",""
"2021-06-01","Southern NSW/ACT (Bulli, Nowra, Goulburn, Canberra)","956000007464786","Prince","2025-04-07","MALE","","Prince is a friendly and well-mannered greyhound looking for his forever home. He’s fantastic around kids and settles well after initial excitement. He walks beautifully on a lead and has experience being around other dogs, including a small sausage dog for a short amount of time and a Labrador. Prince is an intelligent boy who will let you know when he needs something—whether it’s food or a toilet break—with a few attention barks. With a loving family and a little routine, he’ll make a wonderful companion. If you’re looking for a loyal and affectionate addition to your home, Prince might just be the perfect fit!","prince-8",""
"2020-12-01","Western Sydney (Londonderry)","956000007364368","Winfield","2025-04-07","MALE","","Pretty boy Winfield is ready to strut his stuff straight into your lounge room. Winfield would enjoy a backyard for zoomies and an owner who can show him the best of what pet life has to offer. Winfield is new to all this ""pet stuff"" but is a cheerful and engaged boy who would suit a home with children to have play time with. Shorter hours alone would suit Winfield as he finds his feet in his forever home and we think further training would help Winfield be the bestest boy he can be! Winfield is available to adopt from our Western Sydney adoption centre","winfield",""
"2020-02-01","Western Sydney (Londonderry)","956000012189109","Gazza","2025-04-07","MALE","","Confident, social and happy, are all great ways to describe Gazza. Gazza is social with other M-L breeds of dogs. Maaaate, he'd love to join Shazza, Bazza and Dazza on daily adventures! Gazza doesn't mind if those ankle-biters are in the home, either, more good old fun for him! Gazza would love to do his daily burn outs in the yard but will nap away on the porch once his few moments of fun are over. He's a sweet guy at heart who can't wait to find his crew! Grab a stubby and a meet Gazza at the local watering hole because this fair dinkum fella has a few yarns to tell! He can be adopted from the Western Sydney adoption centre.","gazza",""
"2020-07-01","Western Sydney (Londonderry)","956000011101435","Jet","2025-04-07","MALE","","Jet is highly affectionate and social across the board with humans and canines alike - making him a great candidate for a family with or without kids and looking for a social butterfly of a hound to join them on adventures! Pretty blue boy Jet has been around kids 1 and up, as well as other breeds of dogs while he learns to be the best pet he can be for you! Jet is available at the Western Sydney centre.","jet-6",""
"2020-08-01","Western Sydney (Londonderry)","956000007852110","Dustin","2025-04-07","MALE","","Dustin is a gentle hound who has a calm, non jumpy, laid back nature. He has spent some time in a home and the feedback is: ""He has been perfect, slept through the night, no inside accidents, amazing on the lead, friendly to everyone he meets and does not seem bothered at all."" Never too over the top and never boisterous, Dustin is a lovely hound. If you want an affectionate and gentle boy, keep reading! Dustin is excellent on the lead with no pulling. He plays nicely with other greyhounds, spending time in our office with other greyhounds to simulate a home environment. He has excelled with stairs, too. He is available from the Western Sydney adoption centre.","dustin-1",""
"2019-12-01","Northern Rivers (Grafton, Lismore, Casino)","956000012179517","King","2025-04-07","MALE","","Meet King – A Playful and Friendly Greyhound! King is a 4 1/2-year-old male greyhound who is the perfect mix of fun and friendly! He’s an energetic and playful companion who loves to make new friends and enjoy exciting activities. Whether it’s running around, playing games, or splashing in the water, King is always up for some fun! This gentle and loving greyhound has a heart full of joy and a playful spirit that will keep you smiling. He’s not just fast on his feet – he also has a soft spot for water! Whether it’s swimming or playing in a sprinkler, King loves getting wet and cooling off on warm days. If you’re looking for a dog who’s friendly, fun, and full of energy, King might just be your perfect match! Medica","king-7",""
"2020-07-01","Northern Rivers (Grafton, Lismore, Casino)","956000007855779","Aimee","2025-04-07","FEMALE","","Meet Aimee! She’s a sweet 3 1/2-year-old female greyhound with a gentle and easy-going nature. Aimee loves being around women and gets along great with dogs of all sizes. She’s calm, quiet, and very cruisy – perfect for a relaxed home where she can just chill out and enjoy the good things in life. Whether it’s lounging on the couch or enjoying a leisurely walk, Aimee’s low-maintenance personality makes her a wonderful companion.","aimee-2",""
"2021-09-01","Western Sydney (Londonderry)","956000011640070","Jax (Western Sydney)","2025-04-07","MALE","","Meet Jax! This handsome boy is ready to find his forever home - Greeting you with a happy wagging tail and affectionate energy, Jax is sure to win over your heart in no time! Jax has had the pleasure of spending time with whippets, kids, and has been in a loving house setting, so he's already on his way to being well-versed in being a great family companion. Jax is looking for a forever family where he can offer endless affection and share his happy, friendly demeanour. If you're looking for a sweet companion to join your family, Jax might be the perfect match for you!","jax-4",""
"2018-12-01","Western Sydney (Londonderry)","956000006117986","Sonic","2025-04-07","MALE","","Sonic is ready to use his super speed to race into your heart! This gentle natured boy can be a bit shy at first, but given time to explore and adjust to his new environment, he’ll thrive and show you what a wonderful companion he is! He’s currently learning the ropes of being an amazing pet and has already shown us his love for quiet, cozy spaces – especially his crate, where he feels most at ease. Sonic also does great on the lead, showing his potential to be a well-mannered walking buddy. Pending a meet & greet at our Londonderry facility, Sonic would be open to sharing his new home with another medium/large sized doggy friend and a family household with kids who can respect his space while warming up to his new forever home! Come meet this sweet boy today!","sonic-1",""
"2023-12-01","Northern Rivers (Grafton, Lismore, Casino)","956000017180255","Rib","2025-04-07","MALE","","Rib is a bundle of joy wrapped in fur! This happy, loving boy is full of energy and loves to make new friends. Whether he’s zooming around with his signature grace or cuddling up for a good nap, Rib is always in a great mood and ready to share his affection. He’s the perfect companion for anyone looking for a sweet and playful buddy. Rib is still a young pup, so he’s eager to learn, explore, and enjoy life to the fullest! If you're looking for a fun-loving, gentle soul who will steal your heart, Rib might just be your new best friend. 💖🐕‍🦺 Rib has met small dogs and makes new friends easily. If you’re ready to meet a tail-wagging, sunshine-filled boy, Rib is here to spread the love! 🌟","rib",""
"2021-11-01","Northern Rivers (Grafton, Lismore, Casino)","956000013032077","Bo","2025-04-07","MALE","","Bo is a laid-back, cruisy greyhound who knows how to enjoy the simple things in life. He's a quiet guy, who loves to relax and take things slow, but don’t let his calm nature fool you—he’s got a heart full of love to give! Great with small dogs, Bo is the perfect companion for furry friends of all sizes. He’s also cat-workable, meaning he could fit in well with a home that has feline family members too. If you’re looking for a chill and friendly greyhound who’s ready to take life one relaxed step at a time, Bo’s your guy!","bo-14",""
"2020-12-01","Northern Rivers (Grafton, Lismore, Casino)","956000011723982","Iris","2025-04-07","FEMALE","","Meet Iris, your soon-to-be favorite furry friend! This sweet and easy-going pup is all set to bring joy and love into your life. With her playful spirit and gentle personality, Iris is the perfect addition to any warm and welcoming home. She absolutely thrives on companionship and loves soaking up all the attention she can get! Iris is wonderfully adaptable, fitting seamlessly into both bustling households and peaceful settings. Whether your home is filled with laughter and activity or a cozy, quiet retreat, she’ll feel right at home. If you’re searching for a loyal friend who will shower you with affection and sprinkle a little extra happiness into your days, look no further—Iris is the one for you! Get ready for an amazing adventure with this lovely girl, who is sure to become a beloved member of your family.","iris-1",""
"2019-07-01","Western Sydney (Londonderry)","956000007840284","Bobby","2025-04-07","MALE","","Friendly boy Bobby has been spending time learning about the world awaiting his forever home. This includes spending time with kids aged 1+, spending time around other breeds of dogs making him an adaptable well rounded hound, perfect for many home types! Bobby would enjoy a townhouse or backyard and his confident nature means he'd be happy living in suburbia, with children or going on daily walkies! Bobby is available at the Western Sydney adoption centre.","bobby-11",""
"2015-11-01","Western Sydney (Londonderry)","956000003332239","Mo","2025-04-07","MALE","","Gentle natured and affectionate, this senior boy will surely charm you with his adorable salt and pepper face. Mo has a lot of love to give and will share his affection with you from the moment you meet him. He has been around kids aged 1+ and would suit a home with kids who can respect his grandpa naps. Mo has shown wonderful manners with dogs big and small and is even learning about those so called ""cats"", too! We are hoping his forever home is full of soft beds, sunshine naps and treats...Maybe that could be you! Mo is available at the Western Sydney adoption centre.","mo-11",""
"2020-05-01","Western Sydney (Londonderry)","956000012128923","Girlie","2025-04-07","FEMALE","","Affectionate and playful Girlie is looking for her forever home. Girlie adapts well to different environments and has even been around kids aged 1+ making her suitable as a beloved family pet for a growing family. She's spent time around other dogs including her sight hound cousins, whippets, as well as German Shepherds, showing her adaptable and social nature. Whether you’re looking for a loving family pet or a loyal companion Girlie is the perfect match! Girlie is available from the Western Sydney adoption centre.","girlie-1",""
"2021-12-01","Western Sydney (Londonderry)","956000007421912","Angus","2025-04-07","MALE","","Angus is ready to be your perfect calm, laid back new best friend. He's a quiet, sweet boy who, while happy to do his own thing, will also be hovering around for some cuddles. Angus's calm, caring nature, means he would be an amazing companion for a retired lifestyle, or even those with young children. Angus is an incredibly handsome, gentle boy who cant wait to start his pet life on the couch next to you! Angus is available at the Western Sydney adoption centre.","angus-1",""
"2022-05-01","Northern Rivers (Grafton, Lismore, Casino)","956000011658586","Coral","2025-04-07","FEMALE","","Meet Coral, the gentle and affectionate dog looking to become a cherished member of your family. Coral is currently living with an elderly small dog, showcasing her ability to adapt and coexist harmoniously with other pets. Coral is the epitome of calmness, making her a great match for those who appreciate tranquil moments alongside their furry companions. If you are seeking a loyal friend who will bring comfort and joy to your home, Coral is the perfect match. Embrace the opportunity to create lasting memories with this delightful, easygoing lady.","coral",""
"2023-02-01","Western Sydney (Londonderry)","956000014911851","Blue Jack","2025-04-07","MALE","","Meet Blue Jack – a young, rare-colored blue greyhound who's friendly, handsome, and full of charm! If you're searching for an adorable companion to grow up alongside you, Blue Jack could be the perfect match. Although he's still a youngster, Jack has been learning about the world around him and is ready to find his forever home with you. He's already experienced walks on busy streets, the sounds of lawnmowers and washing machines, and is comfortable around children. Blue Jack has spent time with kids aged 4 and older, so he'd thrive in a home with respectful children. He currently lives with two Jack Russells, making him a great fit for households with small dogs. Jack loves to play and run around, especially in the mornings when he's ready for zoomies! He's full of character, but also content to chill when it's time to relax. Blue Jack would also love a home with a townhouse or yard where he can zoom around and have fun! Blue Jack is available for adoption in Western Sydney.","blue-jack",""
"2020-08-01","Northern Rivers (Grafton, Lismore, Casino)","956000011781782","Trick","2025-04-07","FEMALE","","Meet Trick, a delightful and easy-going canine companion who's sure to capture your heart with her friendly and inquisitive nature. Trick is the kind of dog who loves to explore her surroundings with a wagging tail. Trick is a social butterfly who gets along well with people and other pets alike. Whether greeting neighbors on a walk or enjoying some downtime at home, her friendly nature ensures that everyone feels welcome in her presence. Her curious nature keeps life exciting, and she'll be delighted to join you in whatever activity you have planned. If you're looking for a companion to share life's adventures with, Trick is the perfect match for you. Being inquisitive Trick can be a little pushy with small dogs so needs a good introduction before play time.","trick-1",""
"2021-07-01","Northern Rivers (Grafton, Lismore, Casino)","956000011646328","Tay Tay","2025-04-07","FEMALE","","Meet Tay Tay, a delightful bundle of happiness wrapped in fur! This friendly and playful girl is ready to bring her infectious joy and wagging tail into a loving home. Tay Tay enjoys being both indoors and outdoors, and when she's inside, her good manners truly shine. With her playful spirit, she would be an excellent fit for a home with a bit of space to romp around, though she's equally content curling up with you for some downtime. If you're seeking a loyal and happy-go-lucky companion who's as comfortable playing as she is lounging by your side, Tay Tay is your girl.","tay-tay-2",""
"2022-10-01","Northern Rivers (Grafton, Lismore, Casino)","956000015732099","Soy","2025-04-07","MALE","","Meet Soy, the joyful canine companion who embodies the essence of youthful exuberance. Soy is young at heart and greets each day with an infectious sense of playfulness that will make your heart swell with joy. Soy's happy-go-lucky personality is perfect for anyone looking to bring energy and fun into their home. His playful spirit will have you rediscovering the joy in life's simplest pleasures, from playing in the backyard to leisurely walks around the neighborhood. Whether he's catching a ball or simply lounging by your side, Soy revels in the company of his human friends, showcasing his loyalty and affection in delightful ways.","soy",""
"2022-10-01","Northern Rivers (Grafton, Lismore, Casino)","956000014886979","Brow","2025-04-07","MALE","","Meet Brow, an irresistibly happy and playful dog looking for a new family to share his boundless energy with. This active, four-legged friend is the perfect match for those who relish outdoor adventures and fun-filled days. Brow thrives on activity, whether it's a brisk walk through the neighborhood, a lively game of fetch at the park, or simply exploring the great outdoors. His exuberant personality makes him an ideal companion for families who love to spend their days being active and engaged. If you're looking for a happy, energetic dog who will motivate you to get moving and make every day brighter, Brow is your perfect companion. Brow would be best suited to medium to large breed friends, he has met small dogs and because of his exuberance he may be too much for them.","brow-1",""
"2020-09-01","Northern Rivers (Grafton, Lismore, Casino)","956000011579326","Mac","2025-04-07","MALE","","Meet Mac, the epitome of chill and happiness wrapped up in a furry, lovable package! Mac is a social butterfly who thrives in the presence of others, whether it's humans or fellow canine companions. Mac has a knack for spreading joy wherever he goes. Every wag of his tail and contented smile speaks volumes about his gentle and happy nature. If you're on the lookout for a dog that will seamlessly fit into any gathering and bring a sense of calmness to your home, Mac is your guy. His social nature combined with his chilled vibe makes him the perfect fit for individuals and families alike, ready to welcome a loyal and happy companion into their hearts and homes.","mac-6",""
"2020-03-01","Northern Rivers (Grafton, Lismore, Casino)","956000007825337","Bob","2025-04-07","FEMALE","","Bob is a cheerful and easy-going canine with a heart full of fun. His positive attitude is contagious, and he never fails to bring a smile to the faces of everyone he meets. Bob is the perfect blend of laid-back and playful, making him a versatile companion for various lifestyles. Whether you're seeking a buddy for leisurely walks in the park or a great companion for some backyard fun, Bob is your guy. When it comes to spreading happiness, Bob is a natural. His enthusiasm for life shines through in all he does, from simple lounging around with his favorite humans to exciting games of fetch or tug-of-war. If you're ready for endless moments of laughter and a devoted friend who delights in life's simple pleasures, Bob might just be the perfect addition to your family.","bob-13",""
"2017-11-01","Riverina (Wagga, Temora, Gundagai, Griffith)","956000009593208","Newt","2025-04-07","MALE","","Newt is an older boy who loves cuddles, pats and brushes and other simple joys of life - toys, bones and sleeping! He will walk around all day with a bone in his mouth if he can. He is great to walk on the lead, no pulling, and is great with the nephews and nieces 7 and 10 years who come over regularly. He is very gentle with them and loves their company. He loves meeting new people and is good with other dogs. Newt would love to find his forever home to rest on a soft rug or bed and be near your side, sleeping happily. He hasn't had an indoor life but is very clean in his kennels and wouldn't take long to learn to let you know he needs to go out. This gentleman would be perfect as a companion for a quiet household, he would love attention and affection, some basking in the sun and a walk around the yard or even around the block or to the local park for pats and admiration and, of course, a bone! Just He doesn't mind a car ride either. 💙","newt",""
"2020-10-01","Northern Rivers (Grafton, Lismore, Casino)","956000011574989","Paton","2025-04-07","MALE","","Meet Paton, a gentle soul with a heart full of love waiting to be shared. While he may initially appear shy, give him a little time, and you'll discover a warm, affectionate side eager to form a deep bond. Paton flourishes when offered a nurturing environment where patience and kindness are the norms. Once you get to know him, you'll be rewarded with unwavering loyalty and affection. Beyond his loving demeanor, Paton enjoys every moment spent with his humans and takes particular delight in quiet moments together. For those seeking a companion with a nurturing and gentle personality, Paton is ready to fill your days with warmth and love. All he needs is a caring family to call his own.","paton",""
"2021-11-01","","956000012868495","Alfie","2025-04-07","MALE","","Meet Alfie, the lovable canine with a heart as big as his playful nature. Alfie is known for his boundless friendliness, making him an excellent companion for anyone seeking a playful, affectionate dog. Alfie enjoys nothing more than a good play session with medium to large breed friends. His playful energy is a perfect match for an active lifestyle, where he can gallop, jump, and frolic with fellow dog buddies, spreading joy and making friends easily. Consider Alfie if you're looking for an engaging and social pet to add to your family. With the right blend of companionship and play, Alfie will undoubtedly bring endless smiles and tail wags to your life.","alfie-6",""
"2020-09-01","Northern Rivers (Grafton, Lismore, Casino)","956000012805487","Ben","2025-04-07","MALE","","Meet Ben, a cheerful and playful canine who radiates happiness wherever he goes. With his friendly nature, Ben has a knack for making anyone feel welcome and loved. Ben thrives on interaction and loves being part of lively households where he can engage in playful activities and spread his joy. This loveable pup's friendly personality makes him an excellent companion for families seeking a four-legged friend who is happy to be part of their daily adventures. If you're looking for a dog who encapsulates happiness and loyalty in one furry package, Ben could be the perfect addition to your family!","ben-12",""
"2020-05-01","Northern Rivers (Grafton, Lismore, Casino)","956000007837271","Jimmy","2025-04-07","MALE","","Meet Jimmy, a laid-back and easygoing dog with a heart full of love to give. Jimmy is the perfect companion for those who appreciate a relaxed and unflustered canine friend. Jimmy is dog who adores the simple pleasures in life, from leisurely strolls in the park to quiet evenings lounging at home. He's not one to rush through life but rather takes his time to soak in his surroundings, making every moment feel special and serene. His chilled-out nature also makes him an excellent companion for other medium to large breed dogs. If you're in search of a dog who can seamlessly integrate into a tranquil lifestyle, whether you're single, a couple, or a family, Jimmy is ready to settle in and share his companionship with you. Get ready for leisurely adventures and cozy evenings with this loving and relaxed furry friend.","jimmy-7",""
"2019-08-01","Northern Rivers (Grafton, Lismore, Casino)","956000005653724","Candy","2025-04-07","FEMALE","","Meet Candy, an enchanting canine companion with a heart as sweet as her name. While it may take her a little time to get to know you, once she forms a bond, she transforms into the most devoted and joyful friend you could ever hope for. Candy is a social butterfly in the dog world, always happy to make new canine friends. Her water-loving nature adds an extra splash of fun to sunny outings, as she delights in playing by the water's edge or splashing around in a shallow pond or kiddie pool. Her ideal home would be one with other dogs that match her energy levels, which aren’t overwhelmingly high. A pool for her to frolic in would be an added bonus, though she's just as thrilled with a simple garden hose spray or a splash through a stream during her walks. With Candy by your side, you're sure to enjoy a relationship that's as rewarding as it is heartwarming.","candy-5",""
"2020-12-01","Western Sydney (Londonderry)","956000011579308","Cobalt","2025-04-07","MALE","","**Cobalt is currently in a foster home, reach out to the team for info! He has even been friendly with free ranging pet chickens!** Cobalt foster update: He would prefer to have access to inside and outside the house during the day especially when you are not home. He sleeps right throughout the night and snoozes most of the day. He loves going for walks and knows how to communicate it to you by getting your attention and pointing his nose to his leash. His doing well with our chickens provided that they are behind the fence. When we do let the chickens out he is well behaved on his leash. He is a very gentle sweet boy that loves hugs, pats and praises. He is not highly motivated with food more on praises and pats. He loves playing with his squeeky toy and loves playing fetch. He is still yet to learn how to give the ball back though. Cobalt is a super affectionate and cuddly companion who can't wait to begin spending time with his new family and can be suited to a household with full time workers. This cheerful boy has shown to be very polite with other medium/large breed dogs and is open to sharing his new home with another dog friend. A backyard would be amazing so he can have somewhere to run around and play! Whether he's playing in the backyard or just enjoying a lazy afternoon, Cobalt brings joy wherever he goes!","cobalt",""
"2023-02-01","New England","956000015750315","Ted","2025-04-07","MALE","","Ted is a fun-loving and affectionate companion who adores spending time with his humans. Whether it’s a leisurely walk in the park, a game of fetch, or simply lounging on the couch, Ted is always up for some quality time. He has an outgoing nature, making him a great fit for families or singles looking for an adventurous friend. Favorite Activities: Playing Fetch: Ted loves a good game of fetch and will happily chase after his favorite toys. Cuddling: After a fun day of play, Ted enjoys snuggling up for some cozy cuddle time. Exploring: Ted is curious and loves exploring new places, making him a great adventure buddy. Ideal Home: Ted would thrive in a home where he can get plenty of love and attention. He is good with children, other medium size dogs and cats, making him a wonderful addition to any family.","ted-8",""
"2021-06-01","Central West (Bathurst/Dubbo/Coonabarabran)","956000011640384","Aggy","2025-04-07","FEMALE","","Stunning Aggy! Gorgeous blue brindle colour. Aggy is sweet & gentle lady. She has the desire to explore & learn but at slower pace. Aggy needs patience, love & a quieter home to grow into the best version of herself. Aggy would do best in a home with part-time workers or another furry friend around to show her the ropes.","aggy",""
"2021-09-01","Central West (Bathurst/Dubbo/Coonabarabran)","956000007430066","Paddy","2025-04-07","MALE","","Mr Paddy! This gentle giant is such an easy-going, laid-back goof ball! He is always down to clown or just take it easy and rest his feet. He gets on well with smaller breeds of dogs- there's a Yorkie always saying hello :) Paddy interacts positively with new people, even younger children. He would love to have yard where he can run about, chasing toys thrown by his new best friends :)","paddy-2",""
"2021-03-01","Northern Rivers (Grafton, Lismore, Casino)","956000011658165","Skip","2025-04-07","MALE","","Meet Skip, the happy and friendly boy. This loyal and loving dog is always ready to greet you warmly and share a moment, no matter how small. Not only does Skip adore people, but he's also a social butterfly with other dogs, making him an incredible addition to multi-dog households. This charming canine companion will enrich your life with his unwavering loyalty and snuggles. Whether it’s a hike through the woods or a cozy night at home, Skip is just happy to be by your side, providing companionship, laughter, and unconditional love. If you're looking for a furry friend who always wears a smile and offers boundless affection, Skip might just be the perfect companion for your household.","skip-1",""
"2022-01-01","Northern Rivers (Grafton, Lismore, Casino)","956000011658165","Missy","2025-04-07","FEMALE","","Affectionate, sweet and resilient are the first words that come to mind to describe Missy. She is special in more ways then one, with a huge heart and a courageous mentality she is also a tri paw having had a back leg amputation at the thigh but she doesn't let that stop her zooming around the yard or going for walks with the family. Missy plays well with other dogs but dosent appreciate being barked at or jumped on so a respectful friend is welcomed but she is also fine being alone. Missy absolutely adores children, she’s been in foster with an 8 yo girl and loves nothing more than a cuddle from any human! She is crate trained, clean and quite to add to the list of great things about Missy! Get in touch for a meet and greet with Missy to see how fantastic she is for yourself, We hope to meet you soon 😍","missy-20",""
"2022-12-01","Northern Rivers (Grafton, Lismore, Casino)","956000014891442","Tommy","2025-04-07","MALE","","Meet Tommy, a spirited and joyful dog who radiates pure happiness wherever he goes. Tommy has a remarkable ability to make friends easily and loves to be surrounded by company. Tommy's race name is Kaikoa which means Sea Warrior, although he has not been a beach boy to date, he would like to visit and meet his namesake. Tommy is inquisitive by nature and likes other dogs, but would benefit form a proper introduction. Tommy is playful and would like a daily walk and a game of fetch in the back yard.","tommy-17",""
"2021-09-01","Northern Rivers (Grafton, Lismore, Casino)","956000014497117","Scout","2025-04-07","MALE","","Meet Scout, a gentle soul of a dog. Scout is an easy-going companion, ready to fill your days with quiet affection and steadfast loyalty. His presence is soothing and his love is unconditional, offering the perfect balance in a fast-paced world. Scout's relaxed nature makes him the ideal partner for leisurely walks around the neighborhood or peaceful afternoons spent lounging in the backyard. He's more than content to curl up at your feet, providing the kind of quiet companionship that warms the heart. Scout would like a quiet home where is gets lots of love and affection. Scout has met cats and would settle with proper introduction and a calm easy going cat.","scout-2",""
"2020-07-01","Northern Rivers (Grafton, Lismore, Casino)","956000007374662","Bear","2025-04-07","MALE","","Meet Bear, the ultimate embodiment of relaxation and tranquility wrapped up in a big, huggable package. This calm and easygoing canine companion resembles a giant teddy bear. Bear's favourite pastime is napping. Whether it's a lazy afternoon snooze on the patio or stretching out for a long, cozy rest beside you on the couch, Bear knows how to unwind like no other. While he might not be the most active pup on the block, Bear’s delightful charm lies in his serene nature. He's the perfect partner for a quiet afternoon reading session or watching a movie at home. Bear also enjoys a short walk around the block where he can have a sniff and explore Bear would thrive in a home where he can enjoy a relaxed lifestyle. While he may be big in size, his heart and loveable nature are even bigger.","bear-18",""
"2021-08-01","Northern Rivers (Grafton, Lismore, Casino)","956000007424155","King","2025-04-07","MALE","","Introducing King, a regal canine companion who effortlessly lives up to his name with friendliness and charm. This amiable boy is known for his warm demeanor and ability to get along with both humans and his fellow canine friends. King has been crate trained and upholds pristine manners indoors, demonstrating his adaptiveness and intelligence. His crate is a cozy and secure retreat where he feels right at home. King appreciates having a structured, comfortable space that provides him with a sense of stability. King's sociable personality extends to all dogs, and he thrives on the companionship and joy of his furry peers. If you’re seeking a friendly, sociable, and well-mannered dog to be a part of your family or home, King is ready for royal treatment and a happy, loving environment King in the boy for you","king-6",""
"2023-02-01","Northern Rivers (Grafton, Lismore, Casino)","956000014818448","Goldie","2025-04-07","FEMALE","","Meet Goldie, an affectionate and playful canine companion ready to bring sunshine into your life. Goldie thrives in environments where she can interact and play with both people and other pets. Her playful spirit never goes unnoticed, as she's always eager to chase after a ball or tug at her favorite toy. Her warm eyes and wagging tail greet you at the door, welcoming you with endless affection and enthusiasm.","goldie-5",""
"2023-05-01","Northern Rivers (Grafton, Lismore, Casino)","956000014887156","G.G.","2025-04-07","FEMALE","","Meet G.G., a delightful young pup bursting with happiness and eager to find her new family. G.G. has an infectious zest for life that will bring a smile to your face and joy to your home. G.G. is crate trained, offering the convenience of a smooth transition into a new home routine. Her youthful energy means she's always up for an adventure. Inside the house, G.G. enjoys lounging around or playing with her toys, always keeping an eye out for a chance to snuggle up with her favourite humans. If you're looking for a joyful dog who will fill your home with laughs and love, G.G. is waiting to make her pawprints on your home and heart.","g-g",""
"2021-09-01","Northern Rivers (Grafton, Lismore, Casino)","956000014500249","Brinnie","2025-04-07","MALE","","Meet Brinnie, a friendly boy wrapped up in a furry package! This delightful dog is on the hunt for a loving home, and he's ready to bring joy and companionship to your life. Brinnie is the definition of easygoing. He gets along splendidly with other dogs, making him a wonderful addition if you already have a canine companion or you're considering expanding your furry family. Brinnie's laid-back personality means he adapts well to various environments. He's content to enjoy some downtime with you or find a sunny spot for a relaxing nap. Equally, he'll never turn down a walk around the neighbourhood or a play date with furry friends. Whether you're a family looking for a reliable companion or an individual searching for a fuss-free friend, Brinnie's undeniable charm and friendly nature make him the ideal choice.","brinnie-1",""
"2019-10-01","Western Sydney (Londonderry)","956000011143521","Wyatt","2025-04-07","MALE","","Pretty blue boy Wyatt is ready to find his forever home after spending the last few years living as a pet. He’s a calm, gentle soul who, given some time to adjust, will settle in to home life and would make an excellent companion for any family. He’s been around young children and is fantastic with them, making him a great addition to a family environment. He’s also shown to be very social with other medium/large sized dogs, so he’d be happy to share his home with a canine companion. This wonderful boy is even well-behaved on the lead, making daily walks a joy. If you're looking for a calm, loving, and family-friendly dog, Wyatt could be your perfect match. Come meet him today and see just how amazing he truly is!","wyatt-1",""
"2016-11-01","Central West (Bathurst/Dubbo/Coonabarabran)","956000005413287","Dora","2025-04-07","FEMALE","","Pleased to introduce you to the wonderful Dora! Dora is a senior lady looking to share her love with a new family. Dora has spent time living with a young family for approx 12 months & is now ready to find her forever home. She loves young children. Very patient & calm with them. Dora is gentle, kind & affectionate. Engaging in sweet cuddles & kisses. Dora may adapt to living on her own or in an apartment. Confident & content, she might well adapt to full-time workers as well :)","dora-2",""
"2019-08-01","Central West (Bathurst/Dubbo/Coonabarabran)","956000006702904","Millie","2025-04-07","FEMALE","","Looking for a sweetheart that loves children, engaging in fun play & snuggling? Then Millie is the girl for you! Millie is very excitable & playful! Loves to run around being a little silly & cheeky. Quick to jump in a body of water.... even on picture day hehe :)","millie-4",""
"2021-07-01","Western Sydney (Londonderry)","956000007374088","Blue (Western Sydney)","2025-04-07","MALE","","Hey, I’m Blue! A lovable greyhound with a heart as big as my long legs. If you’re looking for a dog who adores butt scratches, enjoys good company, and knows how to chill, I might just be your perfect match. I get along great with other dogs and don’t mind spending time in the yard while you’re out – but I do love having the freedom to go in and out as I please. I’m happiest in a home with a yard where I can stretch my legs and take in the fresh air throughout the day. I love the water – so much so that I even took a dip in the river! I also travel great in the car and enjoy my walks, especially in quiet areas while I continue building my confidence. When I first started walking, I wasn’t sure what to do, but with some patience and encouragement, I’ve learned to keep going and haven’t had any issues in a long time! Now, I just take my time getting used to new environments, and once I do, I’m all in. I also have experience in a pet home, so I already know the routine of a home life. I’m comfortable being left alone for a few hours, especially with a yard to explore and settle in, - but I thrive best in a home where I still get plenty of interaction throughout the day. I love being around my people and enjoy a good balance of companionship and independence. And when the day winds down, you’ll find me cozied up in my crate – it’s my little safe haven where I sleep soundly through the night. So, if you’re hoping for blue sky forecasts for the rest of your life! Come and meet Blue, its sure to cure your blues!","blue-western-sydney",""
"2023-02-01","Central West (Bathurst/Dubbo/Coonabarabran)","956000014911244","Zali","2025-04-07","FEMALE","","Zali is a super sweet, super soft & kind little lady. Zali is a very small female greyhound who would love to find the perfect family. She will benefit from a quieter home, perhaps with another canine pal. She has grown up around young teenage children who adore her. Zali can be a little shy at first but with encouragement, will bring you a toy to play with :)","zali-2",""
"2016-01-01","Central West (Bathurst/Dubbo/Coonabarabran)","956000004274445","Joy","2025-04-07","FEMALE","","Let us introduce JOY! and what a Joy she is! Joy brings out the best in us all. She is full of happiness, kindness & love. Joy is a senior lady but in no way does that slow her down. She is confident, engaging & playful. She loves to explore & is eager to learn. Joy has grown up with smaller breeds of dogs, chickens, ducks & sheep around. If you're searching for two lovely ladies to join your family, Joy's sister Boss, is also available :)","joy-2",""
"2016-01-01","Central West (Bathurst/Dubbo/Coonabarabran)","956000004255194","Boss","2025-04-07","FEMALE","","Miss Boss! Isn't she just a beautiful girl! So happy, care-free & loving. She is affectionate, engaging & patient. Waiting with those big, gorgeous eyes for many many cuddles & kisses. She is an older lady but has a heart full of youth & passion. She will thrive in her new home. Boss has exposure to many different animals, various small breeds, chickens, ducks and sheep. If you're looking for two lovelies to join your home, Boss's sister Joy, is also available :)","boss-1",""
"2020-11-01","Western Sydney (Londonderry)","956000007860345","Vixen","2025-04-07","FEMALE","","Meet Vixen, a spunky and joyful girl who’s ready to find her forever home! With her excitable energy and sweet cuddly nature, Vixen is the type of dog who’ll brighten anyone's day! While she’s got a ton of enthusiasm and excitement to share with her people, she’d be happiest as your one and only pup — so she can enjoy having all the attention to herself! Given the time and patience to adjust to her new routine, Vixen will quickly learn how to be the best companion and show you what an amazing pet she can be! If you’re looking for a loving & gentle girl with lots of personality and a zest for life, Vixen just might be your perfect match.","vixen-1",""
"2020-11-01","Western Sydney (Londonderry)","956000010911482","Sandy (Western Sydney)","2025-04-07","FEMALE","","Weighing in at just 25 kg this teeny tiny girl makes up for her size with her adorable personality! Sweet, happy, confident little girl Sandy would be happy with many home types. She is a confident lady who walks super nicely on the lead. She likes treats and will definitely persuade you with her puppy dog eyes. She has spent time living with other greyhounds before and would suit a multi-dog household. Playful and loving, she absolutely loves people and has never met someone she didn't like - making her suitable for a busy social life or a family with kids. She is available at the Western Sydney adoption centre.","sandy-10",""
"2018-05-01","Western Sydney (Londonderry)","956000009568889","Crumpet","2025-04-07","MALE","","**I'm in a foster care home in a unit apartment in the inner west of Sydney - reach out to GAP for updates!** Hi everyone, I’m as sweet as a honey drizzled crumpet, and ready to accompany you through your your future brunches and breakfasts. I think I’ll definitely be the sweetest part of your day. I like to be patted and get cuddles. I’m gentle, affectionate, cuddly, and kind to everyone I meet. I have been a polite lady with other greyhound friends & small dogs in our backyard at the centre. I am also learning what these so called ""cats"" are - stay tuned for updates! Once I settle in, I think I could cope with longer hours alone as I settle well inside. I really enjoy being indoors, so where ever you live - an apartment or house, that's no problem with me as I live in a foster care home in a unit. Full time hours with a dog pal would also suit me just fine! No wonder I'm named after something so sweet, huh! I’m available to adopt from our Western Sydney adoption centre, apply below to meet me and my foster family.","crumpet-3",""
"2022-03-01","Western Sydney (Londonderry)","95600000","Conrad","2025-04-07","MALE","","**Conrad is currently in a foster home - reach out to the team to meet him!** Conrad is a quiet natured, reserved yet affectionate boy. He is polite meeting other big or small dogs when out and about but would suit a home willing to take things slow while he learns about the world around him. He could happily co exist with another doggie with a similar gentle temperament. He can be a nervous hound when he’s in a new environment and would suit a home with children who are quiet and respectful as he learns to gain his confidence. Conrad is enjoying foster care and can't wait to show you all his new pet skills! Conrad is available from the Western Sydney adoption centre. **Conrad is on daily medication - enquire with GAP for more info**","conrad",""
"2015-06-01","Western Sydney (Londonderry)","956000004347250","Woody","2025-04-07","MALE","","Woody is looking for a home with a canine companion or someone home all the time. He has lived in foster care with 2 other hounds and can be left for full time hours with a doggie pal. --- My foster carers call me smoochy, cuddly, quirky, smart & obedient. I love people, I'm so excited for everyone to pat me! My foster carers tell me I'm a special ""blue fawn"" colour which is apparently quite rare! My foster family go away for full time work & I'm totally blasé about it with my 2 doggie pals next to me. I'm a lazy bones but happy for a daily stroll where I promise to walk perfectly on the lead. I'm ready to share my multi-dog home life experience, tried and tested pet skills & affectionate nature with you! Come meet Woody today and discover the love that only a senior greyhound can offer. **Woody is on daily medication - enquire with GAP for more info** *Woody has spent months in foster care with 2 greyhound buddies, one male one female - contact the Western Sydney team to meet him*","woody-western-sydney-1",""
"2019-12-01","Western Sydney (Londonderry)","956000012225936","Friday","2025-04-07","MALE","","Thank God It's Friday! Friday is super affectionate, apartment suitable, who loves his food & cuddles. Friday has a bright and bubbly personality which we all adore here at the centre. Friday would suit a home with stair access. He enjoys being indoors, sunbaking with a mix of couch naps. Friday shows nice calm behaviours with a mix of playful and silly, making him a perfect addition to many home types. Respectful children would enjoy his gentle energy. He could live with another greyhound, too. Come and meet Friday at the Western Sydney adoption centre!","friday",""
"2017-12-01","Central West (Bathurst/Dubbo/Coonabarabran)","956000009591300","Azzie","2025-04-07","MALE","","Great with young children. Happy go lucky guy. Calm, friendly & sweet natured. Good with smaller breeds of dogs. A quieter lifestyle would be best. If you might consider welcoming two greyhounds into your home, Azi’s brother Arrie is also searching for his forever home :)","azzie",""
"2021-07-01","Central West (Bathurst/Dubbo/Coonabarabran)","956000007467563","Arthur","2025-04-07","MALE","","Relaxed & easy going guy. Very easy on lead. This gentle guy has grown up around young children. Gets on well with large breeds of dogs. A quieter lifestyle preferred, however, I do love my fluffy toys to play around with.","arthur-6",""
"2023-03-01","Northern Rivers (Grafton, Lismore, Casino)","956000007427402","Harley","2025-04-07","MALE","","Meet Harley, a cheerful and easygoing companion. This friendly fella has a personality that's as warm as the summer sun, making him an ideal addition to any family seeking a loyal, loving dog. Harley has a delightful, laid-back nature about him. He is effortlessly sociable, having met small dogs with a friendly yet disinterested attitude, ready to just hang out and enjoy their company without demanding constant interaction. With his infectious happiness and calm, affectionate personality, Harley promises to be a wonderful companion for anyone seeking a peaceful, friendly presence in their life. If you’re ready to welcome an easygoing and friendly buddy into your life, Harley is more than ready to meet you.","harley-4",""
"2020-01-01","Northern Rivers (Grafton, Lismore, Casino)","956000012247333","Bernie","2025-04-07","MALE","","Introducing Bernie, the quintessential chilled canine companion you’ve been looking for! Bernie is the definition of easygoing, and his laid-back demeanor makes him the perfect partner. Bernie's love for food is one of his many endearing traits, and achieving his heart is as simple as offering him his favorite treats. He appreciates the simple things in life and is the type of dog who finds joy in the everyday routine. Whether you’re spending a quiet evening at home or heading out for a casual walk, Bernie is content to be by your side. If you have a penchant for relaxing days and are seeking a loyal, food-motivated friend who's happy and enjoyable to be around, Bernie could be your perfect match.","bernie",""
"2021-05-01","Northern Rivers (Grafton, Lismore, Casino)","956000007430191","Johnny","2025-04-07","MALE","","Meet Johnny, a quiet and friendly companion who's ready to fill your home with love and warmth. Johnnie's easygoing nature ensures that he'll easily fit into your daily routine without much fuss. Johnny gets along well with other dogs, and his amiable attitude makes him a great candidate for multi-pet households. He's particularly suited for a laid-back lifestyle, where he can enjoy peaceful moments by your side or spend time playing friends. Whether it's a leisurely walk around the neighborhood or relaxing at home Johnny is keen to be involved Johnny is the perfect fit for a family or individual seeking a loyal and tranquil companion.","johnny-9",""
"2019-12-01","Northern Rivers (Grafton, Lismore, Casino)","956000012227226","Alice","2025-04-07","FEMALE","","Say hello to Alice, a cheerful and friendly canine companion whose sunny disposition will warm your heart! Her enthusiasm and easygoing nature make every day feel like an adventure. She gets along wonderfully with small dogs, and her friendly attitude extends to cats as well—she's met them and remained perfectly composed. So with the right cat Alice will fit in perfectly. Adopt Alice and watch as every day becomes brighter with her delightful smile and warm, inviting personality.","alice-3",""
"2017-05-01","Central West (Bathurst/Dubbo/Coonabarabran)","956000005708531","Storm","2025-04-07","FEMALE","","Relaxed & very loving older lady. Has spent time around grandchiildren. Storm is a confident girl looking for a life of leisure. She will do well on her own, with full time workers..... or if you might consider welcoming 2 beautiful ladies into your life, Storm’s sister, Chucky is also available :)","storm-4",""
"2021-05-01","Western Sydney (Londonderry)","956000012226694","Turbo (Western Sydney)","2025-04-07","MALE","","Meet Turbo! This sweet boy is ready to race into your heart. He could live with a calm canine friend in his forever home - Pending a Meet & Greet at our Londonderry centre. Turbo is the perfect combination of playful energy and loving companionship, who is quick to learn and takes training in stride, making him a highly trainable and adaptable companion. While he’s eager to be loved, Turbo will need some time to settle into his new home and access to a backyard or small outdoor space where he can stretch his legs and avoid any accidents, would suit him best. Give this playful & happy boy a chance, and you'll gain a friend for life. He's available from the Western Sydney adoption centre.","turbo-7",""
"2017-05-01","Central West (Bathurst/Dubbo/Coonabarabran)","956000009435360","Chucky","2025-04-07","FEMALE","","Sweet & adorable older gal. Independant & confident. Will adpat to full time workers. Has spent time around young grandchildren. Relaxed in new spaces & around new people. Sister to Storm! Would you consider welcoming both into your family?","chucky-2",""
"2023-02-01","Hunter Valley (Maitland/ Muswellbrook/Newcastle/Forster)","956000015750456","Casey","2025-04-07","FEMALE","","Meet Casey, a gentle and quiet presence looking for a loving new family to call her own. This sweet-natured girl might be a bit shy at first, but once she gets to know you, her affectionate spirit shines through. Casey is good with all dogs and children. Her adaptable temperament and polite demeanor make her an ideal addition to any family. Her experience with young ones means she's great with kids, and her patience and gentle nature ensure a seamless fit into a family atmosphere. While she thrives in quieter settings where she can relax and take her time adjusting, Casey will enthusiastically come out of her shell once she feels comfortable. If you're looking for a devoted, mild-mannered, and sweet-hearted canine companion, look no further than Casey. Her loving disposition and peaceful spirit make her the kind of dog who can turn a house into a warm, welcoming home.","casey-1",""
"2017-05-01","Western Sydney (Londonderry)","956000005582145","Rambo","2025-04-07","MALE","","Rambo is enjoying living in a foster home in inner Sydney. In just a few weeks Rambo has come out of his shell and shown himself to be an affectionate, playful, curious and silly boy. His favourite hobbies include napping on the floor, asking for cuddles (and cheese), and of course exploring the neighbourhood on his daily walks. Well-suited for apartment living, Rambo now has his ‘stairs license’ and can confidently climb several floors. Rambo has a lot of love to give, and would therefore thrive in a calm environment. While he’s very obedient and respectful, Rambo is still working on his skills of independence and improving his confidence when being left alone for longer periods of time. He would enjoy a home with a laid back type of life. Known to roach and chill out, Rambo would be an amazing addition for a laid back couple with some hours alone, retirees due to his gentle nature, or a work from home lifestyle, as long as he gets a couple of short toilet walks around the block. He is well versed in being an apartment hound, but of course he would love a backyard if you had one too! Rambo is available from the Western Sydney adoption centre. **Rambo is on daily medication - enquire with GAP for more info**","rambo-2",""
"2018-03-01","Northern Rivers (Grafton, Lismore, Casino)","956000009464574","Garnet","2025-04-07","FEMALE","","**Garnet has lived in a foster home in the city CBD with full time workers, is affectionate and intelligent, and loves long walkies and would enjoy an active family to keep fit and go on daily adventures with** She's been a joy to foster! Here's a glimpse into Garnet's wonderful traits: - Garnet is an early bird who enjoys morning naps after joining you in bed. - A fearless adventurer, she's unbothered by much and walks in loud, busy city streets. - Walks in the rain without hesitation. - Patiently waits outside shops while you run quick errands. - Curious by nature, Garnet follows you around, eager to be part of your activities. - Loves to relax and roach on the couch. - Enjoys chasing Frisbees, balls, and playing with squeaky toys. - An exceptional office companion and assistant. - Incredibly friendly and affectionate, she welcomes pats from everyone she meets. - Gentle with children she meets. - Gets super excited about snacks, especially denta sticks! - Loves to taste a variety of foods, from peanut butter, hot chips, and banana. - Garnet has accompanied professional dog walkers, who have consistently praised how well she walks on the lead. Garnet has been a delight in the home, and I'm sure she'll make an excellent addition to a loving family. We’ll certainly miss her! If you're looking for a dog to fill your home with love and joy then apply to adopt the gorgeous Garnet today!","garnet",""
"2018-07-01","Western Sydney (Londonderry)","956000006662250","Lily","2025-04-07","FEMALE","","Lily has a super sweet and affectionate personality. She is confident meeting new people and will make sure you make lots of friends when you are strutting around town with Lily trotting by your side! She is highly affectionate & will jump up and cuddle into her humans, loves to lean in for more pats and definitely knows the word ""cuddles"". Lily doesn't mind a few hours alone per day, providing she has access to yard or courtyard type environment. Lily has shown polite manners with other greys, so a home with a medium-larger canine companion would be ok with her. A home with respectful children would be more than ok with him as she has plenty of energy to share the love amongst the whole family. She can’t wait to find her forever home! She is available now from our Western Sydney adoption centre.","lily-1",""
"2019-01-01","Western Sydney (Londonderry)","956000005107294","Bindi","2025-04-07","FEMALE","","Bindi is an adorable little girl with a sweet little personality. She is a friendly bundle of love, who has been socialised around children, other dogs and some exposure to family life, helping her step paws into your new world effortlessly! Bindi would enjoy a home with another medium to large hound and a courtyard/backyard to practise those daily zoomies we all know and love. Her entertaining personality would suit respectful children! Bindi is available at the Western Sydney adoption centre.","bindi-6",""
"2022-10-01","Western Sydney (Londonderry)","956000014887980","Terry","2025-04-07","MALE","","Are you looking for a gorgeous young boy to join your family? Terry has been learning about the big wide world and can't wait to show you his pet skills! He has been socialised with staffy and kids, and socialised in backyard and home environments. He will quietly approach strangers and happily receive pats, showing off his resilient and quiet nature. We think a home with a courtyard or backyard would suit Terry perfectly as he grows up along side his new family. As he has been socialised with dogs and children, he would make a wonderful family pet for a home with dogs or children. Terry is available from the Western Sydney adoption centre.","terry-1",""
"2019-01-01","Western Sydney (Londonderry)","956000005105376","Rose","2025-04-07","FEMALE","","Rose will flourish and bloom in a quiet home. Rose would like to grow her roots strong in a backyard or courtyard setting where she can enjoy the breeze and sunshine. She is partial to a crate but not a requirement for her forever home. She's a calm and gentle little petal who is a bit reserved once in the big wide world but is showing to cope well in new situations here! Rose really shines with other dogs around, so a home where she could be picked to join a doggie crew would suit her wonderfully! Rose is available at the Western Sydney adoption centre.","rose-7",""
"2021-03-01","Western Sydney (Londonderry)","956000012226970","Jack (Western Sydney)","2025-04-07","MALE","","Introducing Jack, a gentle hound with a personality as charming as his name. He’s affectionate and playful, and there's nothing he loves more than being an affectionate, curious little guy, sure to win your heart. Jack loves riding in the car, not only that but we've noticed he is gentle and follows direction nicely, showing his ability to learn. He socialises well with kids and could go home with respectful children. All the perfect elements of a wonderful family pet! Offering both companionship and entertainment, Jack is just waiting for someone like you. This is a call to all those who have a love of car rides, and the wonderful curiosities of life; Jack is ready to be your partner in discovery. Let the adventure begin! Jack is available at the Western Sydney adoption centre.","jack-western-sydney",""
"2022-02-01","Western Sydney (Londonderry)","956000011655718","Rissole","2025-04-07","MALE","","Rissole is a handsome blue boy. Described as a happy, cheerful bubbly boy, we think he could live with older kids and would be content with a courtyard or backyard to call his own. He can be shy when you first get to know him, so a home who enjoy bringing a dog out of their shell will be the best fit for this pretty boy. We have noticed he is more confident around other hounds, and would suit a home with another doggie pal, but not a requirement. He is looking for a quiet loving home - could it be you? Rissole is available from the Western Sydney adoption centre.","rissole",""
"2020-12-01","Western Sydney (Londonderry)","956000011781337","Cath","2025-04-07","FEMALE","","Hi, I’m Cath, I’m a sweet and affectionate young lady looking for a family who will love me forever. I am such a delightful, charming little girl with an affectionate, quiet nature. I would enjoy a backyard or townhouse to enjoy indoor/outdoor living. I am full of love and life, but the perfect blend of playful and calm, making me a perfect addition to a home looking for a loving companion. I am a little bit shy but I am an 'eager to please' kinda girl who loves treats - making me easy to train in your home. Like all greyhounds, I do have a little burst of energy and will zoom around and play with my toys, but don’t worry as soon as I’m finished you will find me in bed or laying in the sun. If you think this I could be suited to your home then apply to meet me today at our Londonderry site.","cath-1",""
"2019-05-01","Western Sydney (Londonderry)","956000006810305","Maxie","2025-04-07","MALE","","Gentle boy Maxie is a friendly and affectionate boy who is gentle on the lead, confidently learning about the world around him. Maxie's best home? He says he would love a courtyard, or backyard to enjoy. He could enjoy his new home with another greyhound pal but not a necessity for this cute lad! Maxie's love of treats will help him become the perfect pet for you. He has been sniffing out the perfect home, and he thinks it could be you! If his puppy dog eyes haven't sucked you in, just come on down to meet him! Maxie is available at the Western Sydney adoption centre.","maxie",""
"2020-12-01","Western Sydney (Londonderry)","956000006168641","Mary","2025-04-07","FEMALE","","Truly the Queen of hearts, your Royal Highness Queen Mary requires a new palace in which to rest her crown. Mary will have you charmed from day one. She would love a home where someone will be home more often than not; someone who works part time would be ideal. Mary is also polite and social - having been experienced with kids ranging from 6 years old and up. If Mary had to share her palace, she wouldn’t mind sharing it with another large canine companion but it is not a necessity. If you believe your Majesty Mary will suit your palace, she is currently at our Londonderry facility ready and waiting for adoption (and the red carpet to be rolled out).","mary-6",""
"2020-03-01","Southern NSW/ACT (Bulli, Nowra, Goulburn, Canberra)","956000007460585","Anna","2025-04-07","FEMALE","","Anna is a hound that would suit people with an active lifestyle. She would be ready for an adventure, she is great company and she does enjoy downtime also. She is vibrant and very friendly, she is good company.","anna-5",""
"2015-12-01","Western Sydney (Londonderry)","956000004345963","Hero","2025-04-07","MALE","","Gentle and unbothered, yep Hero is a total catch! Read on for more details... this boy will just melt your heart! Hero is great indoors and could suit apartment living, settling for many hours on his own once he settles in to our office. This gorgeous old man would benefit from a nice relaxed life, life in the slow lane please! He has made good progress at the adoption centre, adjusting to the daily training activities like a champ! He is a friendly boy who enjoys human company and will boop you gently for attention and rub his face on you for some more pats - please - winning over the hearts of everyone at the centre. He walks beautifully on a loose leash with a nice, slow pace. His gentle nature extends to his friendliness with other greyhounds, too, making him a stunning companion for a likeminded, laid back greyhound. Hero is available at the Western Sydney adoption centre!","hero-1",""
"2021-07-01","Western Sydney (Londonderry)","956000013032808","Astro","2025-04-07","MALE","","Yep, Astro is astronomically cute! This gorgeous boy is looking for a quiet backyard, with or without a dog, he's even friendly with small dogs! What a polite and lovely boy....read on to learn more! This sweet boy is currently learning our stairs, to gain his stair licence, one step at a time. He is best suited for shorter hours with or without a doggie pal while he learns to settle in. He's also learning to be friends with cats - watch this space! A backyard with indoor outdoor access and a quiet home who can nurture Astro into the best pet will be the best match for him. Astro is available at the Western Sydney adoption centre.","astro",""
"2020-11-01","Western Sydney (Londonderry)","956000007828604","Buzz","2025-04-07","MALE","","**I'm currently in a foster home, a unit apartment in the city - Reach out to GAP for more info!* Foster Care Update! ""We’ve been able to leave Buzz alone at home while we’ve been out for a few hours without any dramas. He continues to be a very people-loving dog who charms everyone he meets on his walks and loves attention."" ""He is very confident with people, he is very sweet and affectionate and loves greeting new people (and they love him). From the start he was always coming up to us for pets and cuddles. He has been very good at learning how to go down the steps slowly and carefully. He has been very good when we leave the house. And he doesn’t cry at night either, he’s perfectly happy in his bed until we come out to take him on his morning walk. He loves walking, but he can only walk for 10-15 minutes or less before becoming quite tired due to the extra exertion of walking on three legs. Which makes him a very low maintenance dog! He really only needs a short morning and evening walk/toilet break, maybe some exercise in the backyard at lunch (he loves playing fetch with his soft toys). Otherwise he’s very happy to snooze the day away. Another great thing is that he loves his food but has no interest in human food - Buzz is perfectly happy lying down next to us when we eat. He’s very well toilet trained, no accidents inside."" ------ While I am incredibly confident with being out and about and using stairs, a ground floor home is best. I also love small children, however also love licking faces and can have a bit of energy, so older children are preferable to share my home with. I am also A-M-A-Z-I-N-G with training! I know “bed”, my name, “down” and my recall is un-bee-lievable. I would love to bee friends with other dogs of a medium/large size and would happily share my hive with them. So don’t bee a stranger, make a bee-line to the Western Sydney Adoption Centre to meet me today!","buzz-1",""
"2018-01-01","Western Sydney (Londonderry)","956000005421282","Lenny","2025-04-07","MALE","","*I am in a foster care home - reach out to the team to meet me!* Foster Update - ""What a lovely natured pup! He's settled in really well. Loves to play with his toys and loves sitting at the window watching everything that goes on in the neighbourhood. We all love Lenny!"" Hi, I'm Lenny. Western Sydney's newest senior heart throb! I will happily greet any person and lean into you! I am great indoors with no toileting accidents. I actually prefer being indoors and suit apartment living. I like other greyhounds and happy to live with one but I don't need one in my forever home. I seem to do well on my own, enjoying the independence and time to ponder, and could suit longer hours alone with some practice. I don't mind a crate but it's not essential in my forever home. If you've got a comfortable couch for an adorable wise old man like me, please apply! PS...I cross my legs politely when I lie down. I consider myself quite the fancy boy! I'm a super special lad, please meet me at the Western Sydney adoption centre.","lenny-10",""
"2021-10-01","Western Sydney (Londonderry)","956000011552549","Midnight","2025-04-07","MALE","","Midnight has socialised with children 1 year old and up, making him a wonderful addition to a growing family looking for a beloved family member. He loves a beanbag and a couch, and is a friendly boy with new people and places. He would love to learn about pet life with you slowly as he has not yet learnt everything there is to know. He would make a great addition to a home with another dog, and is learning to be friendly with small dogs and cats! Very happy, playful yet calm, Midnight is a perfect blend of everything you want in a greyhound. Midnight is available by appointment at the Western Sydney adoption centre.","midnight-2",""
"2015-05-01","Northern Rivers (Grafton, Lismore, Casino)","956000004256320","Pattie","2025-04-07","FEMALE","","Meet Pattie, a gentle and gracious senior who has spent her life expertly spreading love and warmth. Pattie has been in the company of children and copes well with if they are polite and well mannered. Pattie is a well-mannered lady who carries herself with a polite serenity, she has been socialised with small dogs and although she would prefer a large companion she is polite around small dogs. Pattie has slowed in her senior years, but she would love a foster home where she can settle and would be the perfect companion for someone looking for an older calm companion.","pattie",""
"2022-12-01","Riverina (Wagga, Temora, Gundagai, Griffith)","956000015730249","Honey","2025-04-07","FEMALE","","Honey is the sweetest little girl (24kg) with personality plus! She has been living in a family home, housetrained and gets along with other greys, a pug, poodle, fox terrier and staffy! She ignored the household cat. She especially loves sleeping on the 10-year-old daughter's bed, otherwise on her own bed. Honey still has bursts of energy & a run around morning and night. She also loves car trips and walks (needs a bit of lead practice), not a fan of water and is a toilet paper fiend (close bathroom doors)! Also loves her food so feed separately from other dogs and cats. She is a gorgeous girl for most households, preferably with someone around or a dog friend, loves to be inside and part of household life. 😍","honey-13",""
"2019-05-01","Western Sydney (Londonderry)","956000009590292","Arthur","2025-04-07","MALE","","And I say HEY! What a wonderful kind of day. If you can learn to work and play and get along with Arthur the greyhound! Arthur is a total cutie pie. He is the star of the show, much like the 90's show! Arthur would enjoy a home without another canine companion, and would prefer his family members to be older children or adults only. He is super polite with other hounds but doesn't need their companionship, so being a solo pet is best for this independent boy. He is a shy boy at heart, but loves smooches and cuddles once you get to know him. A backyard or courtyard would be preferred while he learns the ins and outs of pet life. He can even do stairs, walking on a loose lead, as well as learning some training cues like 'on your bed' and 'off your bed'... Talk about talented! It's a simple message and it comes from the heart, Believe in this (and in Arthur the greyhound) for that's the place to start! Arthur is available from the Western Sydney adoption centre.","arthur-5",""
"2022-03-01","Western Sydney (Londonderry)","956000007431082","Nacho","2025-04-07","MALE","","Taco bout cute! We don't want to make it too cheesy, but in between napping and playtime, we think Nacho's got what it takes to salsa into your life like he's always been there. He doesn't mind if you go out for a few hours, making him suitable for those who are out of the house for long periods, as long as he has backyard access. Nacho’s perfect home is one where he gets daily playtime and enrichment as he does enjoy having fun! Opaque fencing in his backyard will help him thrive! He would also love to spend his days with another greyhound or M-L doggie friend. He is affectionate, friendly and snuggly too. He's learnt a bunch of tricks at the centre like how to do stairs, learning to do 'down' and even shake! Older kids with dog experience would be a great match. He’s looking for a family who can appreciate a dog with a zest for life (and cheesy puns...) Nacho is available at the Western Sydney adoption centre. All you have to do is bring the love (and maybe some chips).","nacho",""
"2021-12-01","Hunter Valley (Maitland/ Muswellbrook/Newcastle/Forster)","956000011663455","Missy","2025-04-07","FEMALE","","Meet the one and only Missy. An absolute delight in all aspects of her being, she is extremely playful and still has puppy tendencies, which is why we have said she would suit older children as she doesn't quite know her size. Missy loves to engage for pats and throwing a toy for her but would like to have time to herself and have it respected in her new home. Due to Missy's age she may find adjusting to a new home a little bit hard but she has the confidence to grow and develop if her new parents are interested.","missy-19",""
"2021-05-01","Western Sydney (Londonderry)","956000012226275","Keith","2025-04-07","MALE","","Meet Keith – a sweet, friendly, and gentle boy who's looking for his forever home! He's tiny in size for a male, weighing in the same as our smaller girls! He is an affectionate and cuddly guy who loves his treats and is quick to pick up new things, making him a dream to train! He has already mastered many essential pet skills including laying down on cue, getting off the bed/couch when told, shake and 'leave it'! Keith also does really well with our other greyhounds on site, and would likely thrive in a home where he has a medium/large sized furry friend by his side. As a single dog, this adorable boy would do best in a household where someone is around more often at first to help him settle in. But, if his new home has another doggie pal to keep Keith company he probably wouldn't mind too much if his people are gone during the day! He’s been on his best behaviour while spending time inside, but would still like to have access to a backyard or courtyard while he gets used to his new home. If you’re looking for a loving and affectionate dog, Keith could be the perfect match for you!","keith-2",""
"2021-12-01","Western Sydney (Londonderry)","956000007430009","Cookie","2025-04-07","FEMALE","","Cookie is a friendly & social girl looking for her new home where she will be surrounded by love and attention! She’s very human-focused and loves being around people, always displaying positive consent and gentle affection. Whether it’s playtime or cuddle time, she’s sure to brighten your day! Cookie does very well walking calmly on a lead, making walks a relaxed and enjoyable experience. She’s also shown to be good around our other greyhounds, and could be happy sharing her new home with another medium/large doggie friend - Pending a Meet & Greet at our Western Sydney site. Contact us today to learn more about this lovely girl and discuss booking in an appointment to meet her!","cookie-9",""
"2018-05-01","Western Sydney (Londonderry)","956000006793724","Wynstan","2025-04-07","MALE","","Wynstan with a Y here...let me tell you a bit about myself! I hope you like a happy affectionate boy, if so, read on! I love to lean on my handlers and show off my adorable affectionate nature. Did anyone tell you I'm also polite with big and small dogs? Seriously, I'm a catch! I'm also all about my treats, so if you're looking to teach me tricks, please involve snacks too! This will help me settle in and learn how to be the best pet for you. Everyone says I'm amazing, so I guess they love how I walk so nicely and gently on the lead for walkies, too! I'm available from the Western Sydney adoption centre, see you soon!","wynstan",""
"2019-01-01","Western Sydney (Londonderry)","956000006671448","Millie","2025-04-07","FEMALE","","Hi I'm Millie! I'm a friendly, happy girl who loves to greet you with a big smile. I'm an affectionate girl who promises to walk nicely on the lead for our daily adventures, making me a great fit for families or couples looking for an adventure buddy. I don't mind if you have respectful children or other larger breed dogs at home, as I've shown I'm a friend to greyhounds here. I'm ideally looking for a home with a bit of a townhouse or backyard, but I promise to be by your side for snuggles at night. I'm available at the Western Sydney adoption centre!","millie-3",""
"2019-01-01","Western Sydney (Londonderry)","956000006812015","Matey","2025-04-07","MALE","","Ahoy Matey! Matey is the finest gem of them all! With his pretty blue coat, floppy ears and happy go lucky energy, this Matey is a bounty of charm waiting to be adopted! Matey has spent some time in a foster care home and we have learnt he loves spending time with his family and going for a quiet sniffari around the block! He is a super outgoing boy who just loves everyone he meets, especially if you have some yummy treats or play a game of fetch with him! Matey is an enthusiastic and fun-loving boy making him suitable for those wanting a playful companion and would do best in a home without young kids or other pets. Matey suits part-time or full-time workers provided he lives in a quiet area with opaque fencing so he can just relax and snooze the day away in the backyard. Get ready to meet your new best Matey! This handsome boy is available now from our Western Sydney adoption centre.","matey-2",""
"2021-10-01","Southern NSW/ACT (Bulli, Nowra, Goulburn, Canberra)","956000013018104","Paul","2025-04-07","MALE","","Paul is a stunning boy who is great to play with, can be left alone. He is social and confident with other dogs and a good walker on the lead.","paul-1",""
"2020-08-01","Southern NSW/ACT (Bulli, Nowra, Goulburn, Canberra)","956000007837283","Andy","2025-04-07","MALE","","Andy is a lovely boy, he is very confident and obedient. Knows his name and is good to walk on the lead. Has had exposure to various native animals living in a rural area.","andy-6",""
"2020-09-01","Western Sydney (Londonderry)","956000011712055","Flint","2025-04-07","MALE","","Flint is a polite gentleman when it comes to people & other dogs. He would suit a calm canine friend in his forever home. He’s all about manners and will leave you impressed with how well he interacts with both humans and other greyhounds. Flint is quick to learn and takes training in stride, making him a highly trainable and adaptable companion. While he’d love to be an inside dog, indoor outdoor access to a backyard or small outdoor space (eg courtyard) where he can stretch his legs and avoid any accidents, would suit him best. Flint is a polite young man who can't wait to meet you. He's available from the Western Sydney adoption centre.","flint",""
"2020-10-01","Western Sydney (Londonderry)","956000012255262","Faye","2025-04-07","FEMALE","","*I am in a foster care home in Sydney - reach out to the team to meet me!* This adorable and gentle girl is looking for fun loving home to call her own! Faye is an adorable girl who is friendly with people she meets. Maybe you're retired, work from home or live a chilled life, as she prefers someone around more often than not. Faye wouldn't mind living in a unit apartment & she would enjoy a home where she is going to be a beloved family member. Faye would suit a home with another likeminded greyhound or respectful children. Sweet little Faye is available at the Western Sydney adoption centre.","faye",""
"2021-11-01","Southern NSW/ACT (Bulli, Nowra, Goulburn, Canberra)","956000013017765","Ace","2025-04-07","MALE","","Ace is currently in a foster home with his sister Katie. We have loved getting to know Ace and giving him the opportunity to enjoy his new life as a pet. Affectionally known to us as our ‘Sookie Lala’, Ace just wants to be by your side 24/7. He loves being close and seeing what things you are getting up to throughout your day. He also loves the outdoor (and indoor) couch and will happily settle in there for the day when outside. Ace will bounce happily on his toes when we come home and loves a hug and cuddle. We are teaching him how to play fetch and he really enjoys being included in any play time activities. He is toilet trained and sleeps very well throughout the night. Ace walks wonderfully on a leash as he likes to be right by your side. He doesn’t react negatively to other dogs, big or small and is very friendly to other small dogs and children. If you have love to give and are looking for a dog to soak it all in – Ace is your boy! ______________________________________________________________________________ Ace is a playful and gentle hound. He was very friendly and nice when he met my daughter and was good company with a good balance of being playful and affectionate. Gets along great with other greyhounds. Currently fostered in a suburban home and getting comfy coming inside the house and loving the backyard.","ace-7",""
"2020-09-01","Southern NSW/ACT (Bulli, Nowra, Goulburn, Canberra)","956000007466509","Katie","2025-04-07","FEMALE","","Katie is currently in a foster home with her brother Ace. We have loved getting to know Katie and giving her the opportunity to enjoy her new life as a pet. Being the older sister, she is very independent and settles very easily. She is very happy to sit on her bed whilst you work or go about your day. She is toilet trained and has fallen into her new routine very easily. She gets so excited to see us, as exemplified with her happy, whipping tail (duck for cover!). She tends to jump up on you when she’s very excited, but this is something we are working on and have already seen great improvements on. Katie walks well on a leash and doesn’t react negatively to other dogs, big or small. She has done well approaching small dogs and children and saying hello. Katie would be a great pet for a someone looking for an independent dog that will also shower you will love and affection. __________________________________________________________________________ Katie is a lovely hound. She is happy and confident, very playful. Does appreciate a good lay down also. Has been living in a rural setting is no stranger to native animals and is now in suburban foster care enjoying cuddly toys, living out the back and coming in the home for the evening.","katie-9",""
"2021-04-01","Western Sydney (Londonderry)","956000007467554","Toby (Western Sydney)","2025-04-07","MALE","","*Toby is in a foster care home with a female greyhound and a male Jack Russell - reach out to the team to organise a meet and greet** Update from foster: ""Like all dogs, he needs & loves his routine. Toby is sometimes playful & sometimes he plays with the smaller dog. He definitely needs another dog as his mate, he can be left alone for up to 2 hours with his doggie pal while indoors, but can be left alone all day outdoors with a doggie pal. He needs a reasonably calm, reassuring environment. Loves his walks, and is very good on the leash. (A bit of a sticky beak, so sometimes you have to let him stop and observe for a bit.) Is totally at ease with other dogs and people he has met. He is very observant and ""switched on'. Toby is a very social dog, both with other dogs and people. We've never had an issue with him toileting inside. He sleeps right through the night. Toby is better suited to a forever home with regular companionship, whether it be a human or another doggie pal. Once settled in his forever home, Toby will lie on his mat and sleep/relax for quite some time. Toby loves being with you, but is happy to observe or go off investigate/lie down and relax, keeping out of your way. Toby also loves to go on car rides and ad ventures making travelling a breeze."" If Toby sounds like the adorable, loveable boy you have been searching for contact GAP today! **Toby is on daily medication - enquire with GAP for more info**","toby-6",""
"2020-01-01","Western Sydney (Londonderry)","956000012252567","Flash","2025-04-07","MALE","","**I'm in a foster home** Flash is seeking an empathetic & nurturing owner who can follow a cooperative care plan to help with his daily eye medication. Could you be the perfect owner for our sweet boy? Flash has advanced pannus, which means he needs daily eye medication. But don’t worry—he’s a star pupil when it comes to taking his meds & he’s getting better every day with the right guidance. Flash is currently learning all sorts of new tricks at the adoption centre. He is a fast learner and with a little time and practice, he's shown he can do amazing things. A large yard where Flash can stretch his legs and zoom around is a must! He loves a good run, and a big space is perfect for his energy. No small children or other animals. Flash would prefer a calm environment where he can be the only one getting your attention and affection. Flash is available at the Western Sydney adoption centre. **Flash is on daily medication - enquire with GAP for more info**","flash-8",""
"2021-02-01","Central Coast (Wyee)","956000012258443","Alex","2025-04-07","MALE","","Meet Alex, an incredibly fun and playful greyhound with a heart full of energy and charisma! He loves playing games with toys and is always up for a good fetch session. Alex would thrive in a home with a spacious backyard where he can run and play to his heart’s content. He’s especially fond of older kids who can keep up with his playful nature. If you're looking for a joyful, active companion, Alex might just be the perfect match for you!","alex-1",""
"2014-01-01","Northern Rivers (Grafton, Lismore, Casino)","956000003031937","Spot","2025-04-07","MALE","","Meet Spot, our distinguished older gentleman who is looking for the perfect match. Spot isn't just any dog; he carries himself with the grace and ease that only a seasoned greyhound can. Spot has had the pleasure of living in the serene setting of a granny flat, making him an expert in enjoying the quieter side of life. However, don’t let his age fool you; thanks to a thorough training program, Spot is sharp and responsive. He comes eagerly when his name is called and possesses a well-mannered set of tricks, including ""touch"" and ""paws up,"" that make him a delight to teach and interact with. His training, combined with his naturally loyal temperament, makes Spot an excellent fit for a single person looking for a true companion. He understands the comforting routine of a single household and offers unwavering loyalty in return. Spot embodies the best qualities of an older dog. Devoted and endearing, he is ready to join someone who values thoughtful companionship and has room in their heart for a truly dignified and loving friend.","spot-6",""
"2019-12-01","Southern NSW/ACT (Bulli, Nowra, Goulburn, Canberra)","956000007830369","Derick","2025-04-07","MALE","","Derick is a handsome and lively 5 year-old greyhound with striking colouring inspired by the Tasmanian devil. He’s a playful and affectionate boy who adores attention and thrives on human companionship. While he gets excited during playtime and when he sees his lead—often jumping with joy—he quickly settles down and walks beautifully on a lead. Derick has been socialised around other greyhounds, and would make a fun and loving addition to an active person looking for a loyal companion.","devil-1",""
"2020-11-01","Western Sydney (Londonderry)","956000012189668","Joe","2025-04-07","MALE","","Are you looking for a calm, mega chill, laid back boy to join your world? Maybe you've seen those amazing pet greyhounds out on walkies in the big wide world and thought you'd like your very own amazing boy? Well I'm laid back, confident, walk well with my head held high! I'm ready to meet you and show you how amazing I am! I'm relaxed, quiet, gentle, and laid back. I'm super friendly with other dogs including small dogs. I could totally suit a home with respectful children as I am a total love bug. I am available from the Western Sydney adoption centre.","joe-9",""
"2020-02-01","Northern Rivers (Grafton, Lismore, Casino)","956000007467287","Rose Maree","2025-04-07","FEMALE","","Meet Rose Maree, a truly gorgeous and sweet canine companion ready to steal your heart. Rose Maree enjoys the simple pleasures in life, like lazing in the shade on a sunny day, where she can unwind and watch the world around her. Playtime is something Rose Maree cherishes, and toys are her absolute favourite. This lovely girl thrives on fun and interaction, especially when playing with kids. Her playful energy shines through when she's chasing a ball keeping young ones entertained for hours. . Rose Maree's ideal home is one where she can bask in sunshine and have access to plenty of toys and loving playmates. She loves spending time with her family and taking in the blissful outdoors. If you're looking for a playful companion to add warmth and joy to your family, Rose Maree is ready to join you on a sun-dappled adventure!","rose-maree",""
"2022-07-01","Western Sydney (Londonderry)","956000011646994","Tree","2025-04-07","MALE","","Looking for a dog who’s part rocket, part couch potato, and 100% lovable? Say hello to Tree, a 2.5-year-old Greyhound who’s ready to plant his roots in your heart (and maybe your lap). Tree is a certified people-person in dog form- he thrives on attention, affection, and the occasional belly rub. If you’re home more often than not, Tree will be your shadow, your cuddle buddy, and your biggest fan. He’s got great recall and walks like a dream on the leash, so he’s always up for a stroll, as long as it’s by your side. Playful and full of life, Tree loves to let loose in a yard – he’s got energy to burn would rather zoom than doom-scroll any day. While he’s a big dog with big love to give, he’s still figuring out that not all small dogs appreciate his enthusiasm. Larger canine companions are more his vibe, so he’d prefer a household where the pint-sized pups don’t steal the show. Bonus points: Tree is stair-savvy, lap-approved, and ready to bring a whole lot of fun into your life. If you’re looking for a sweet, affectionate companion who’s as happy sprinting as he is snuggling, Tree might be your perfect match.","tree",""
"2019-02-01","Central West (Bathurst/Dubbo/Coonabarabran)","956000006809611","Chandler","2025-04-07","MALE","","Meet sweet & beautiful Chandler... Chandler is a gentle and polite male greyhound with a calm and relaxed demeanor. He’s a sweetheart who greets everyone warmly and enjoys a good snuggle, especially after a sunbath. Chandler has been around older kids and medium-sized dogs, and he gets along well with both. He’s also a joy to walk on a lead, making him the perfect companion for leisurely strolls. Whether lounging in the sun or curled up for some quiet time, Chandler is sure to bring a sense of calm and affection to any home.","chandler-2",""
"2018-03-01","Western Sydney (Londonderry)","956000009596412","Chino","2025-04-07","MALE","","**Chino has just gone into a foster care home - check back for updates!** Order up! One tall and fluffy Chino, brewed to perfection with a dash of sweetness, is ready to find his forever home! Chino is looking for a cozy spot where he can enjoy a laid-back retirement, sipping on the peaceful moments of life. He's got a smooth, mellow, personality, but every now and then, he perks up for a playful burst – just like that shot of espresso when you need it most. His favorite thing? Leaning into you for the ultimate cuddle, because he's all about getting those extra pats! Chino is a friend to dogs of all sizes and would love to share his home with a canine companion. If he's the only pet in your cup of tea, part-time workers are just the right blend for him, but with a doggy friend, he’s content to chill solo for longer hours. Chino’s chill vibe makes him a great fit for families with kids, as long as he’s got his own little nook to unwind in when he needs a break. If you think Chino would be the perfect addition to your family, apply online today – he’s ready to be your new favourite brew!","chino",""
"2020-05-01","Western Sydney (Londonderry)","956000007467573","Sting","2025-04-07","MALE","","Get ready to feel the Sting of love from this handsome boy! With his confident personality and loving nature, Sting is ready to take on the world, whether it’s playing in the backyard or having a cuddle session. Sting would thrive with an owner who can match his energy and provide plenty of love and attention. He would be open to sharing his new home with another furry friend, pending a meet & greet with the GAP team. He also has the potential to work up to longer hours alone, but would like he family or another furry companion with him to help settle in the early stages. If you’re looking to welcome a dog who’s full of personality and ready to make your life even more exciting, Sting might be the one for you!","sting",""
"2019-03-01","Western Sydney (Londonderry)","956000006671404","Tiger","2025-04-07","FEMALE","","Roaring into your heart, one paw at a time! Tiger is ready to bring excitement and joy to your life. While he may need some time to adjust, once he feels at home, Tiger will become your best companion. Scar would love a courtyard or backyard to laze around and have the occasional play in. He could suit a home with another medium/large breed dog if they can respect his more reserved nature. If you're looking for a sweet and affectionate friend, Tiger is waiting to meet you. Can you be the one to give this sweet boy the home he deserves?","tiger-11",""
"2019-03-01","Western Sydney (Londonderry)","956000006671331","Scar","2025-04-07","MALE","","Don’t let his name fool you, Scar is a softie at heart. Though he may take a little time to warm up, once he feels comfortable, Scar’s friendly and affectionate nature will shine through. Scar would thrive in a calm environment with a family who can work with him to learn how to be the best furry companion he could be. Scar is open to sharing his home with another medium/large furry friend - pending a meet & greet at our Londonderry site. With some patience and training he also has potential to be able to be built up to spending longer periods of time alone. If you’re ready to give him the time and care he needs, Scar will reward you with loyalty and love.","scar-2",""
"2017-11-01","Western Sydney (Londonderry)","956000005577982","Benji","2025-04-07","MALE","","Meet Benji, a sweet and excitable boy who’s looking for his perfect forever home! Despite Benji nearing his senior years, he'll still win your heart over with his playful antics and would love a home with a courtyard or backyard to spend his time playing and sunbaking in. Benji has been around children of all ages in his previous home and could do well in a household with experienced children who can appreciate his enthusiastic nature. If you're ready to welcome a loving, loyal friend into your life, Benji can’t wait to meet you and be a part of your family!","benji-10",""
"2021-05-01","Southern NSW/ACT (Bulli, Nowra, Goulburn, Canberra)","956000007438643","Banjo","2025-04-07","MALE","","Banjo is a sweet boy who is very relaxed and comfortable. He does like to play, go for walks and enjoys a swim. He would suit multiple homes since he is so laid back and relaxed.","banjo-6",""
"2022-06-01","Southern NSW/ACT (Bulli, Nowra, Goulburn, Canberra)","956000011329837","Jax","2025-04-07","MALE","","Jax is a fun young hound who likes to play go for walks and enjoys a good rest afterwards. He lives in a suburban backyard and is conditioned to being left alone during full time work hours. He comes when called and enjoys a walk.","jax-3",""
"2020-03-01","Western Sydney (Londonderry)","956000007467919","Rusty (Western Sydney)","2025-04-07","MALE","","Meet Rusty, a lovable and energetic boy who is ready to find his forever home! Rusty is a friendly companion who has had a brief introduction to pet life in his previous home - spending some time indoors, being taken on public walks and also meeting new people, including children! His warm, golden fur is as soft as his heart, and he’ll quickly become your new best friend and would do well in a home where he can get plenty of attention, exercise, and affection. If you're looking for a dog who will bring joy to your life, Rusty might be the perfect fit. Come meet him today—he can’t wait to share his love with you!","rusty-western-sydney",""
"2021-02-01","Western Sydney (Londonderry)","956000007465951","Midas","2025-04-07","MALE","","Gentle, calm and a lovely walking companion, Midas will add the glitz and gold to your life. Midas is an affectionate and gentle boy, who shines with attention and love. He would prefer his family around more this summer as he settles in, and with further training could be left for longer hours. Everything he touches will turn to gold...he is a friendly and calm boy looking for a family with or without children to love him forever! Midas is available from the Western Sydney adoption centre.","midas",""
"2021-02-01","Western Sydney (Londonderry)","956000007374912","Billson","2025-04-07","MALE","","Bubbly, effervescent and a perfect accompaniment for your life (not only this summer!), Billson is a sweet and joyful hound. He has been around children of all ages and would suit a home with respectful children. A low small dog population is the best fit for Billson as he needs to learn and have more training around them. Upbeat and fun, Billson would suit many home types. He's an energetic lad with some energy to fizz away, so a home with the family members around more often than not would be the best fit for Billson. Grab a slab and join Billson this summer! He is available from the Western Sydney adoption centre.","billson",""
"2017-12-01","Western Sydney (Londonderry)","956000009590141","Jimbo","2025-04-07","MALE","","Jimbo is a polite, happy and laid back boy best described as chilled out and relaxed. As he is entering his senior years he has a wonderful calm energy. Gorgeous inside and out, this boy is so sweet! He has spent time around other greyhounds, and children, and would suit many home types. He's what greyhound people call a ""leaner""! He will lean on you for pats! Jimbo would prefer his family around more often than not while he settles in, and a home with a medium to large doggie friend would see him settle for longer hours. Jimbo is available from the Western Sydney adoption centre.","jimbo-1",""
"2021-05-01","Western Sydney (Londonderry)","956000014514144","Teddy","2025-04-07","MALE","","This adorable boy is the sweetest little guy ever! Teddy is a very friendly and social boy who is calm on the lead, snuggly and friendly with other grey's and even polite with smaller dogs on walkies. Teddy is great with other medium/large sized dogs and would happily join a family who already has one and spend the day with them while his humans are out. As a single dog, Teddy will need someone around more often than not to keep him company. Older, respectful kids are suitable for Teddy and would enjoy his goofy playfulness! So come and cuddle our little Teddy today! He is available from our Western Sydney adoption centre.","teddy-7",""
"2022-11-01","Riverina (Wagga, Temora, Gundagai, Griffith)","956000014915431","Queeny","2025-04-07","FEMALE","","Queeny is a happy, very lovable and friendly young girl who loves life! She would be a great addition for a young couple or family with older kids on her own or with another greyhound or medium to large dog. She just wants to be part of your life, be a sticky beak, play, and have fun! She can also settle down and have a rest when needed, inside or out in a large yard. She has been around a lot of people coming and going in an office environment, noises don't worry her. Queeny loves to wander around the yard and play, then sleep inside with other retired greys during the day or in her own indoor kennel. She is used to walking on lead, loves pats and is well-behaved when given love and attention. She would adore a new home to settle into with her own special people be your loyal companion. 🥰","queeny",""
"2021-08-01","","956000012866851","Raffa","2025-04-07","MALE","","This bundle of joy loves human interaction and adventure. Raffa loves to run around his big yard area and shows you how fast he can be. Raffa gets very excited for the first five minutes you meet him before settling down. After getting his morning energy out and jumping around Raffa settles down and loves to lay in the sun. Raffa is fine around older kids and would make a great pet for a family with a big yard or a young couple who are fit and active.","raffa",""
"2021-01-01","Hunter Valley (Maitland/ Muswellbrook/Newcastle/Forster)","956000013078465","Missy","2025-04-07","FEMALE","","Meet Missy, a stunning female red fawn greyhound with a perfect balance of strength and sweetness. Missy can be strong on the lead, making her walks an exciting experience, but she is also incredibly relaxed and calm, adapting well to new environments and settling into a peaceful routine at home. Missy’s playful side shines through when it’s time for fun! She loves engaging with her humans, whether it’s a lively game or simply hanging out and soaking up attention. Her joyful and affectionate nature makes her a delightful companion for an active family or an individual who enjoys both adventure and relaxation. With her combination of strength, playfulness, and a laid-back attitude, Missy is ready to bring her warmth and energy into a loving home. If you’re looking for a dog who will keep you on your toes while also offering plenty of cuddles, Missy could be your perfect match!","missy-18",""
"2021-06-01","Southern NSW/ACT (Bulli, Nowra, Goulburn, Canberra)","956000007422001","Ringo","2025-04-07","MALE","","Ringo is the handsome fawn boy who is looking for an active person or family to take him on adventures Ringo is fine with fulltime workers and is just excited to go for his daily walk and play. Ringo will sleep and play the day away with some toys or a bone in the backyard whilst you are at work. Ringo has grown up with children as young as 5 years old and loves hanging out with them. Ringo has grown up sharing his yard with his best friends two greyhounds Barber and Penny. Ringo is on the lookout for his perfect match and with some love and care will make the perfect pet","ringo-2",""
"2018-06-01","Western Sydney (Londonderry)","956000009518190","Ronald","2025-04-07","MALE","","Ronald is a cheerful, confident and friendly lad looking to bounce straight into your home. We know Ronald to be a charismatic, charming and affectionate boy. With these qualities in mind, we think he'd suit a family with children and preferably shorter hours alone while he begins to settle in. This beautiful boy is at the magical age of 6 where he has his lazy side but has moments of playfulness, too. A perfect blend for many family types! Did we mention he currently lives with another greyhound? He'd love it if you had another hound for a play mate and nap buddy. Get in touch with the Western Sydney centre to meet Ronald.","ronald",""
"2021-05-01","Western Sydney (Londonderry)","956000011712566","Jagger","2025-04-07","MALE","","He’s got the moves like Jagger! This boy certainly knows how to impress! Jagger is a special boy with a personality that can melt your heart. Jagger has a laid-back and easy-going nature, making him suited a home that has a secure backyard/courtyard type environment. Jagger can adapt to a household where family members work full-time, as long as he receives the love and attention he deserves when they return home. Providing him with a comfortable space and engaging toys during the day can help keep him content. Due to his sweet nature, he is an ideal choice for a home with respectful children seeking a loving companion. He has shown to be polite with other medium to large canine companions. He is a social boy and enjoys the companion of his four-legged friends, if you have other dogs in the home, he will surely enjoy showing them his moves! Be sure to apply online today and mention Jagger’s name in your application, you don’t want to miss out on welcoming this loving, gentle and playful boy to your home.","jagger-1",""
"2021-02-01","Western Sydney (Londonderry)","956000011661850","Onyx","2025-04-07","MALE","","Hey, I’m Onyx! I’m a fun-loving, playful Greyhound who’s all about adventure—especially when it comes to walkies and toys. I get super excited and might even do a little happy dance when I see the leash! After I’ve burned off some energy, though, I’m totally happy to settle down and be the best snuggle buddy ever. I’m great inside the house—no accidents here—and I promise I’m pretty low-maintenance when it comes to relaxing with you. Now, I do have one little request: I’m a one-pet kinda guy. I really prefer being the center of attention and soaking up all your love. Other pets? Not my thing. I just want to be your one and only, and trust me, I’ll make it worth your while! Oh, and about my voice—I’ve got a special talent. When I bark or howl, it sounds like an ambulance siren! It’s my way of letting you know when I’m excited or when I just want some attention. It’s quirky, and I think you’ll find it pretty hilarious once you hear it. If you’re looking for a goofy, affectionate companion who’ll keep you on your toes with zoomies and then curl up for some quality sleep time, I’m your guy. I can’t wait to find my forever home!","onyx-1",""
"2021-08-01","Southern NSW/ACT (Bulli, Nowra, Goulburn, Canberra)","956000014500733","Disco","2025-04-07","FEMALE","","Discos happy and playful energy makes her the perfect companion for a household ready to spend time playing and getting her walkies in. She will very quickly become your new best friend and would enjoy having people around more often in the early stages of being in her new home. Disco could also do well with another small or big dog friend. This happy girl would thrive in a home with less stimulation, she can live with a unit apartment life or a backyard.","disco-4",""
"2020-03-01","Central West (Bathurst/Dubbo/Coonabarabran)","956000012114164","Costa","2025-04-07","MALE","","Meet Cuddle Me Costa, a sweet and affectionate male greyhound who lives up to his name with big, warm cuddles! Costa is a confident, happy boy who loves to shower his family with love. He’s well-socialized with young children and medium-sized dogs, making him a perfect fit for family life. Costa is equally content doing his own thing or hanging out with the family, whether it’s relaxing on the couch or enjoying a quiet moment outdoors. With his loving nature and laid-back attitude, Costa is sure to bring joy and comfort to your home.","costa",""
"2020-09-01","Central West (Bathurst/Dubbo/Coonabarabran)","956000011579791","Rocky","2025-04-07","MALE","","Rocky is a friendly and easy-going male greyhound who loves socializing with young children and other medium-sized dogs. This laid-back fellow is happy to go with the flow, whether it’s enjoying a quiet moment at home or joining in on family activities. Rocky is a calm and adaptable companion, making him an ideal choice for a family looking for a well-mannered dog who’s great with kids and other pets. His gentle nature and relaxed attitude mean he’s content to simply be part of the family and enjoy whatever life brings his way.","rocky-14",""
"2019-09-01","Southern NSW/ACT (Bulli, Nowra, Goulburn, Canberra)","956000006705352","Jay Jay","2025-04-07","FEMALE","","Say g’day to JayJay this beautiful female has had a wonderful life around children as young as 1 year old and also around Medium dogs. Jayjay is 5 years of age and is a perfect mix between puppy playful during the day and settled mature girl of a night. Jay jay is always excited to go for a walk and would be the perfect dog for someone looking at undertaking adventures and longer walks Jayjay travels well in a car and would love a backyard to play the day away in","jay-jay",""
"2019-05-01","Western Sydney (Londonderry)","956000006697978","Dave","2025-04-07","MALE","","Dave is personality plus & ready to spread joy to all who meet him. He's a goofy boy who is energetic, as well as super sweet and affectionate. He could suit apartment living with someone around all the time - he loves being indoors but still learning to be left alone. Dave requires a quiet/low stimulation home life & someone who can keep him active and mentally fit. Older kids who can handle a goofy large breed dog would suit best. Dave has great food drive and responds well to training. Dave would enjoy a home with canine or human company during the day, and would thrive with living with another bouncy vibrant canine companion.","dave-3",""
"2021-10-01","Southern NSW/ACT (Bulli, Nowra, Goulburn, Canberra)","956000013019900","Colin","2025-04-07","MALE","","Colin is an outgoing boy who loves to go on adventures and would love a daily walk around the neighbourhood. Colin can be a little bit cautious at the very start but settles very quickly and becomes your best friend within minutes. Colin jumps with excitement but settles very quickly Colin loves a car trip and is happy to jump up in to the car before laying down and sleeping the trip away. Colin would love a single person or a young couple who are keen to spend some time teaching him about the adventures of the world and what a lounge feels like to sleep on Colin is ready to give a family lots of love","whitey-3",""
"2020-01-01","Western Sydney (Londonderry)","956000007467933","Baby","2025-04-07","FEMALE","","Nobody puts baby in the corner! This little lady is looking to learn all about the world with you! She would suit short hours alone as a solo girl, or longer hours with a canine companion. Polite with dogs big or small, beautiful Baby has so much love to give and is searching for the right place to call home. If this Baby girl sounds like the perfect addition to your family, apply to take her home from the Western Sydney adoption centre.","baby-2",""
"2018-10-01","Hunter Valley (Maitland/ Muswellbrook/Newcastle/Forster)","956000006812644","Bear","2025-04-07","MALE","","Bear is a wonderfully sweet nature and a calm temperament. Bear's calm demeanor makes him an ideal partner for leisurely strolls, as he's quite responsive on a lead. Whether you're taking a walk in the park or simply exploring your local neighborhood, Bear's company will surely make your day brighter. His gentle pace and attentive nature are perfect for anyone seeking a serene and steady walking buddy.","bear-14",""
"2019-12-01","Hunter Valley (Maitland/ Muswellbrook/Newcastle/Forster)","956000007837876","Clyde","2025-04-07","MALE","","Meet Clyde, the charming socialite of the dog world! This happy-go-lucky greyhound is always ready to make new friends and engage with anyone he meets. His confidence shines as he approaches life with a tail wag and a friendly demeanor that wins over hearts immediately. Clyde absolutely adores ear scratches, and you’ll find him happily leaning in for more attention whenever he gets the chance. Whether he's meeting new people or hanging out with his greyhound buddies, Clyde is always the life of the party, making sure everyone feels welcome and included.","clyde-6",""
"2019-05-01","Central West (Bathurst/Dubbo/Coonabarabran)","956000007850926","Ivanka","2025-04-07","FEMALE","","Meet Ivanka, a playful and excited lady with a heart full of affection! This happy female greyhound is ready to bring joy and energy to your home. Playful and affectionate. Loves to give a classic Greyhound lean and cuddle. Social with larger dogs and open to learning to love smaller canine friends. Enjoys active playtime and engaging walks. Thrives in a lively environment where she can express her playful spirit. A loving and active household that can keep up with her playful nature. Suitable for families or individuals who appreciate a happy, energetic companion. If you’re looking for a lively and loving companion, Ivanka would be thrilled to meet you! Reach out for more information or to schedule a visit.","ivanka",""
"2014-12-01","Central West (Bathurst/Dubbo/Coonabarabran)","956000004315004","Moe Joe","2025-04-07","MALE","","Meet Joe, an old sweet and gentle boy looking for a quiet, loving home! This charming male greyhound may be a little slow on his feet, but he has a heart full of affection and is ready to bring warmth to your life. Gentle and loving. Loves a gentle touch and affection. Social with larger dogs and open to learning to love smaller canine family members. Prefers leisurely strolls and relaxed outings. Enjoys a calm environment where he can feel safe and cherished. A peaceful household that appreciates a slower pace. Ideal for individuals or families who can provide plenty of love and companionship. If you’re looking for a sweet companion to share your home with, Joe would love to meet you! Reach out for more information or to schedule a visit.","moe-joe",""
"2014-12-01","Central West (Bathurst/Dubbo/Coonabarabran)","956000004301631","Issac","2025-04-07","MALE","","Meet Issac, an old gentle boy with a heart full of love! This sweet male greyhound is looking for a quiet home where he can enjoy leisurely walks and plenty of cuddles. Gentle and affectionate. Loves a good scratch and is always ready for cuddles. Social with larger dogs and open to learning to love smaller dogs. Prefers leisurely walks at a relaxed pace. Enjoys a calm environment and appreciates quiet time. A peaceful household, perfect for someone who enjoys a slower lifestyle. Ideal for families or individuals who can provide gentle affection and companionship. If you’re looking for a loving companion to share your home with, Issac would be thrilled to meet you! Reach out for more information or to schedule a visit.","issac",""
"2014-12-01","Central West (Bathurst/Dubbo/Coonabarabran)","956000004317813","Zooie","2025-04-07","MALE","","Meet Zooie, an older gentleman with a heartwarming, sweet nature. This charming male is looking for a peaceful home where he can enjoy gentle affection and quiet moments. Affectionate and loving. Enjoys companionship and thrives on gentle interactions. Prefers gentle walks and leisurely outings. Loves a calm environment and appreciates quiet time at home A quiet household, perfect for someone who enjoys a slower pace. Ideal for individuals or families who can provide plenty of gentle affection and care. If you’re looking for a sweet companion to share your life with, Zooie would be thrilled to meet you! Reach out for more information or to schedule a visit.","zooie",""
"2017-08-01","Central West (Bathurst/Dubbo/Coonabarabran)","956000004497031","Banjo","2025-04-07","MALE","","Meet Banjo, an old friendly boy with a heart of gold! This gentle male greyhound is the perfect companion for anyone looking for a loving pet. Banjo has a warm and welcoming personality, making him great for families and individuals alike. Social and friendly with other larger dogs. Eager to learn and could adapt well to smaller canine family members with time and patience. Enjoys leisurely walks and gentle playtime. Prefers a relaxed lifestyle but still has his playful moments.","banjo-5",""
"2020-12-01","","956000007439026","Hunter","2025-04-07","MALE","","Meet Hunter, a gentle soul with a heart full of loyalty and companionship to offer. While he may be a tad shy when you first meet him, it doesn't take long for his affectionate personality to shine through. Hunter is an exemplary walker on a lead, showing politeness and attentiveness on each stroll. He won't pull or rush, making daily walks together a serene and enjoyable experience. He thrives in the presence of someone who understands his need for trust-building and who will cherish the meaningful connection he creates with his human family members. While he is happiest in a quiet home environment, Hunter's devotion is unwavering once he gets to know you. With his poised and loyal spirit, Hunter will be by your side as a faithful friend, ready to share life's simple pleasures. If you are looking for a devoted companion who values walks and quiet time alike, Hunter could be your perfect match, offering companionship and loyalty in the most endearing way.","hunter-8",""
"2021-04-01","Hunter Valley (Maitland/ Muswellbrook/Newcastle/Forster)","956000011652581","Foxy","2025-04-07","FEMALE","","Meet our little Foxy girl, a sweet natured girl who would love a family who is happy to take a slower approach while she learns the ropes of being a pet. Foxy is playful, excitable and engaging. She loves to show you her fluffy toys and will happily entertain herself! Foxy is a happy traveler and will be happy to follow you wherever you're off to. She would benefit from leash training, as she can be quite excited going to new places and meeting new people.","foxy-3",""
"2020-09-01","Hunter Valley (Maitland/ Muswellbrook/Newcastle/Forster)","956000011722890","Irena","2025-04-07","FEMALE","","Are you ready to be laughing with your newest furry friend? Well, Irena will have you cackling. She is a true definition of a little pocket rocket, she will be showing all aspects of her zoomies and how confident she is in doing so. Irena enjoys spending her days showing off and basking in the sunshine. She is loves companionship and will happily follow you anywhere you desire. Irena knows her name well and with a little bit of getting used to your voice she will come (running) straight back.","irena",""
"0022-04-01","Hunter Valley (Maitland/ Muswellbrook/Newcastle/Forster)","956000011366429","Ralph","2025-04-07","MALE","","Are you after a little fire-cracker in your life? Look no further than our boy Ralph! He is all things active/fun-loving and absolutely hilarious; Ralph will have your grinning from ear to ear. Ralph would suit an active family with a backyard who can walk him daily and throw his favourite toy around, Ralph hasn't been exposed to an indoor setting as yet so may take some time adjusting but I think he will happily follow you around. His favourite game is showing his friends how quick his zoomies are so a nice backyard will do the trick so he can show off to you. If you're interested in hearing more about Ralph, please apply now.","ralph-4",""
"2021-01-01","Hunter Valley (Maitland/ Muswellbrook/Newcastle/Forster)","956000007465714","Danny","2025-04-07","MALE","","Meet Danny, an adorable boy with a heart-melting gaze that makes every day brighter. Danny is a big smootcher who will never oppose to having a big cuddle. Danny is a delight to have around the house, both cleanliness and quietness that will make him a great pet. He has excellent manners and prides himself on being a perfectly well-behaved member of the family. This makes everyday activities a joy, whether it's sharing calming moments at home or embarking on relaxing strolls – as he walks like a gentleman on a lead. Being with Danny means you'll always have a cuddle partner, ready to nestle beside you during quiet evenings or busy afternoons. He is a wonderful nature of warmth, kindness, and intelligence, making him the kind of pet who not only fits seamlessly into your lifestyle but enhances it too.","danny-3",""
"2018-09-01","Central Coast (Wyee)","956000009417122","Lou","2025-04-07","MALE","","Friendly, charismatic boy Lou ticks all the boxes! This fun loving goofy guy is going to make an amazing pet! We love spending time with this affectionate, toy loving boy. Here's why we love him: ✅ Full time workers ✅ Active lifestyle ✅ Fun loving older kids ✅ Fully fenced backyard ✅ Another medium to large doggie friend to play with ✅ Quiet neighbourhood Apply now to meet Lou from our Western Sydney program.","lou-5",""
"2020-01-01","Hunter Valley (Maitland/ Muswellbrook/Newcastle/Forster)","956000007835659","Darren","2025-04-07","MALE","","Meet Darren, a super laid-back sort of boy, who is happy just to be around his humans, he doesn't ask for much but a pat here and there would strike a bonus. He's happy to explore alone or go for leisurely strolls, you would rarely even hear him bark. Darren enjoys going to school pick up to collect his human- brother who is 12yo and all the kids love to dote on him. If you're interested in knowing more about Darren, please apply now!","darren-1",""
"2022-01-01","Western Sydney (Londonderry)","956000013022800","Cilantro","2025-04-07","MALE","","Cilantro is a young & sweet boy. His adorable nature & curious enthusiasm makes him a perfect companion for many family types. This bouncy, friendly and wiggly little guy can be curious about the world but his adaptable personality means he'll fit in seamlessly with any loving household. He loves long walkies and playtimes and enjoys having an outlet for his mental stimulation & daily enrichment. He loves treats, toys & loves a little zoomie with a short burst of energy, so would need at least a fully fenced townhouse, or backyard. A few hours alone are no problem with Cilantro as he has shown to cope well in alone time sessions, so if you’re looking for an easy-going & charming boy to complete your family, get in touch with Wester Sydney. Cilantro is available from our Western Sydney adoption centre!","cilantro",""
"2019-09-01","Hunter Valley (Maitland/ Muswellbrook/Newcastle/Forster)","956000007852599","Bruce","2025-04-07","MALE","","Meet our big boy Bruce! He is a true delight to be around. He will make you laugh until you cackle. He will be happy to cruise around with you day in and out. He is a gorgeous character to boasts confidence. Bruce suffered a racing injury and required surgery on his front right leg so an experienced owner who knows when to slow down on the zoomies is ideal.","bruce-2",""
"2021-05-01","Hunter Valley (Maitland/ Muswellbrook/Newcastle/Forster)","956000007837705","Chum","2025-04-07","MALE","","Meet Chum, the epitome of easy-going and affection! This boy has a sweet personality that instantly wins over hearts. Chum is as laid back as they come. He loves nothing more than being close to his human friends. He's a responsive walker on leash, making strolls in the park or through the neighbourhood a pleasant experience for everyone involved. He naturally exudes confidence, thriving in a variety of social environments, especially around younger children. Chum is not just a pet; he's a loving family member, always eager to make new friends and share in the joys of everyday life. With his friendly disposition and ability to seamlessly fit into any family dynamic, Chum is ready to bring his special warmth and companionship to his new home.","chum",""
"2019-12-01","Hunter Valley (Maitland/ Muswellbrook/Newcastle/Forster)","956000012226004","Moses","2025-04-07","MALE","","Are you after a dog to be totally besotted by you? Well meet Moses, a quirky and loveable boy whose after his forever home. Moses boasts confidence and is extremely gentle in his approach. He has been around children 4+ and will request frequent pats. He has been brought up with a jack russel at home, but would benefit from a meet and greet prior to being adopted. Moses will be attending our Adoption Day at Glandore Wines on the 5th of October.","moses",""
"2019-10-01","Northern Rivers (Grafton, Lismore, Casino)","956000007361249","Stumpy","2025-04-07","MALE","","This sociable fellow is a joy to be around and has a knack for bringing smiles to everyone he meets. Stumpy is a social butterfly, especially when it comes to other greyhounds. He thrives in the company of his fellow canines and enjoys the camaraderie of a playful group. If you have other greyhounds or are involved in a greyhound community, Stumpy will fit in seamlessly and form bonds quickly. This gentle dog is well-socialized with children aged nine years and up, making him a wonderful family pet. Whether it's a leisurely stroll in the park or lounging around at home, Stumpy is adaptable and easygoing. Stumpy is not just a pet; he's a loving and loyal friend ready to enrich your life with joy and companionship.","stumpy",""
"2021-08-01","Northern Rivers (Grafton, Lismore, Casino)","956000007423236","Johnie","2025-04-07","MALE","","Meet Johnie, a confident and friendly canine who is sure to brighten your days with his playful nature and infectious energy. Johnie loves to play and is always up for a game of fetch. His exuberance is paired with a love for swimming, making him the perfect partner for summer adventures by the pool, lake, or beach. Despite his playful demeanor, Johnie also showcases an endearing blend of confidence and friendliness. He has no trouble making new friends, whether they are human or fellow canines. Being playful Johnie likes to get to know his new friends prior to a play date. His confident disposition ensures that he approaches new experiences with curiosity and excitement, making every day an adventure.","johnie",""
"2021-01-01","Western Sydney (Londonderry)","956000007447372","Rocky","2025-04-07","MALE","","Rocky is a sweet and sensitive greyhound looking for a loving family to help him settle into his next chapter. With experience around kids 12+ and other greyhounds, he would make a wonderful addition to a home with a calm canine companion. He has shown us some excellent social skills with other greyhounds, both on walks and off-leash. He’s polite and well-mannered, preferring relaxed interactions over rough play. If you have another easy-going medium-large breed dog at home, Rocky could be a great match. Indoors, he has shown that he can be a quiet and well-behaved housemate. He settles easily, enjoys lounging on his bed, and even engages in independent play with his toys. He’s comfortable being left alone for short periods and doesn’t show signs of distress or excessive vocalization during our home simulation assessments. Rocky is currently working on his leash manners—he’s eager to get going on walks, so he’s learning better impulse control at doors and gates. He’s also getting used to stairs, confidently tackling small sets but still working up to longer flights. A family willing to continue this training will help him build even more confidence. When it comes to small animals, Rocky is manageable and engaged with his handler. While he likely wouldn’t be suited to a home with small pets, he has shown he can remain calm in public settings with the right guidance. Rocky can be a little shy when meeting new people, but once he’s comfortable, his affectionate and gentle nature shines through. With patience and kindness, he will become a devoted companion ready to share his life with his forever family. If you’re looking for a loyal, loving, and laid-back friend, Rocky might just be the perfect match. Come meet Rocky and see if he’s the one for you!","rocky-13",""
"2019-02-01","Hunter Valley (Maitland/ Muswellbrook/Newcastle/Forster)","956000008235593","Spot","2025-04-07","FEMALE","","Spot is independent and enjoys spending time roaming around. Spot would suit a family who is after a companion to cruise around the backyard with. At times Spot can be weary and a bit timid in new environments but with the right re-assurance, she recovers really well. If you're interested in meeting our darling Spot, please apply now.","spot-4",""
"2019-11-01","Northern Rivers (Grafton, Lismore, Casino)","956000007851857","Felix","2025-04-07","MALE","","Felix is the card you've been hoping to draw! This interesting lad is definitely personality plus, if not a little odd - in an endearing and adorable way of course! ✅ Absolutely loves people! Both the giving and receiving attention side of it! ✅ Travels very well in the car - so no excuse, he can attend your road trips! ✅ Such a community hero, Felix is a blood donor. ✅ Clever Felix comes to his name - we're not going to lie, he won't come if he doesn't feel like it. But he does know you're calling him 😎 ✅ At only 28.5kg, Felix is quite small for a male greyhound ✅ Felix has been spending time inside his current home - and loving the luxuries of pet life! ✅ Felix is crate trained and could live in an apartment (you'll be pleased to know he is very clean in his crate!) ✅ Loves his toys! So can be easily entertained with some toys he can call his own. ✅ Felix loves the water so get ready for some pool time, beach time, pond time - whatever water time you can offer him! ✅ Felix is happy to either be the only fur baby in your life, or could live with a female dog (he is a bit funny with other males...) - He would still need very slow, gradual introductions to any new dogs. ✅ Felix is good with children. He can get a bit excited so would be suited to kids 10+ years at this stage. If you would like to bask in the comic genius that is funny Felix, enquire or apply to adopt this little fella below!","felix-1",""
"2014-05-01","Northern Rivers (Grafton, Lismore, Casino)","956000003345879","Moi Moi","2025-04-07","MALE","","Meet Moi Moi, a delightful canine who prances through life with an infectious smile. Raised alongside children from the age of five and up. Moi's easygoing nature and affectionate heart make him an ideal companion for families of all shapes and sizes. Moi Moi's endearing ""antenna ears"" are more than just a charming feature; they make him ever-alert to your presence. Moi Moi's sociable demeanor extends to other animals too. He has met small dogs and remained remarkably unfazed, suggesting he's adaptable and friendly when it comes to making new furry friends. Adopt Moi Moi, and you'll invite endless joy and happiness into your life with this lovable, ear-wagging, prancing pup.","moi-moi",""
"2020-12-01","Central West (Bathurst/Dubbo/Coonabarabran)","956000007461234","Axel","2025-04-07","MALE","","Let me introduce Axel! Axel is a gentle and loving soul with a beautifully soft nature. He is friendly and sociable with all dogs when introduced and supervised properly. Axel will adapt well to full-time workers and is comfortable with children. Axel would thrive in a home with access to a yard. Axel would love to find a caring environment where he can enjoy affection, have outdoor space, and interact positively with other dogs and children.","axel-1",""
"2018-12-01","Central West (Bathurst/Dubbo/Coonabarabran)","9560000061113926","Sky","2025-04-07","FEMALE","","This is Sky! Sky is a bit shy initially but warms up quickly with a gentle touch. She is very gentle with young children and enjoy snuggling and being patted. Her ideal home would be a home without other dogs or with larger dogs. Sky will adapt to a household with full-time workers, provided she has access to a yard.","sky-5",""
"2021-09-01","Western Sydney (Londonderry)","956000014690790","Milkshake","2025-04-07","MALE","","Young, laid back, loving, friendly and very handsome, Milkshake is made of all the right ingredients to fit your life. Milkshake is a quiet natured boy who would suit a nurturing home with a gentle touch. He is gentle on the lead, and we would love to see his confidence build in a home. Shy by nature and still young, he is bravely learning the ropes here. Another medium to large canine companion could help support his confidence in a home. Respectful children on the quiet/gentle side would suit him the best. Milkshake is going to grow up to make an amazing addition to your life. Milkshake is available from our Western Sydney adoption centre.","milkshake-1",""
"2019-12-01","","956000007837203","Julian","2025-04-07","MALE","","Julian is best described as a distinguished gentleman. He is calm, friendly and an easy-going boy who just goes about his day without a fuss. He's walked around busy streets, schools, shopping centres as well as farms and paddocks. Nothing much fazes Julian, including other large dogs, small dogs and children. He loves people and pats and loves a walk, rarely pulling. Julian would suit most households and make a very special and loving companion who wants to be with you.","julian",""
"2020-12-01","Broken Hill","956000011761022","Tonto","2025-04-07","MALE","","Tonto is a vibrant and friendly Greyhound with a personality that’s as dynamic as it is affectionate. His playful nature and sociable demeanor make him an ideal companion for an active and engaging home. Tonto is full of energy and loves to have fun. His playful attitude makes him a hit with people and other pets alike. He’s always up for a game and enjoys being the center of attention in social settings. With his outgoing and friendly nature, Tonto quickly makes friends wherever he goes. He’s approachable and eager to interact, making him a great addition to any family or social gathering. Tonto has a zest for life and particularly enjoys running. Whether it’s a sprint in the park or a game of fetch, he thrives on physical activity and loves to stretch his legs. Given his energetic and sociable nature, Tonto is best suited for an active home where he can get plenty of exercise and engagement. He’ll thrive in an environment where he can be part of family activities and enjoy regular playtime. If you’re looking for a Greyhound who is playful, social, and loves to run, Tonto could be the perfect fit for you. His enthusiastic personality and love for activity will bring energy and joy to your home.","tonto",""
"2019-12-01","Broken Hill","95600001224681","Emmie","2025-04-07","FEMALE","","Emmie is a lovely Greyhound with a heart full of affection and a playful spirit. Her endearing personality and love for canine companionship make her a delightful addition to any home. Emmie is a charming girl with a naturally sweet disposition. Her gentle and loving nature makes her a joy to be around. Emmie adores human company and thrives on affection. She’s always eager to share her love and will happily snuggle up for some quality bonding time. With a zest for life, Emmie enjoys playful activities and fun interactions. Whether it's a game of fetch, running around in the yard, or engaging in lively play, she brings energy and enthusiasm to every moment. Emmie has a great fondness for other dogs and enjoys their company. She’s friendly and sociable with canine companions, making her a great fit for a home with other dogs. If you’re looking for a Greyhound who is sweet, affectionate, and full of playful energy, Emmie could be the perfect match. Her love for people and canine friends alike ensures she’ll bring warmth and joy to your home.","emmie-1",""
"2019-08-01","Broken Hill","956000007852282","Shay","2025-04-07","MALE","","Shay is a distinguished male Greyhound with a kind heart and an adventurous spirit. Although he may start off a bit shy, his friendly nature and love for exploration make him a wonderful companion for a patient and understanding home. Shay is naturally warm and friendly but might take some time to come out of his shell. Once he feels comfortable, his affectionate and sociable personality shines through. If you’re looking for a male Greyhound with a gentle disposition, a love for exploration, and a preference for medium to large dog companions, Shay could be the perfect addition to your family. His quiet yet affectionate nature will reward you with a deep and meaningful bond.","shay-2",""
"2021-05-01","Broken Hill","9560000131119553","Disco","2025-04-07","FEMALE","","Disco is a spirited and delightful young Greyhound who is ready to bring boundless energy and joy into your life. Her playful nature and love for zoomies make her a perfect match for an active, young family. Disco is a charming young girl with a vibrant personality. Her enthusiasm and zest for life are truly infectious, making her a joy to be around. One of Disco’s favorite pastimes is having a good run, or “zoomies,” where she can let loose and show off her speedy moves. She’ll keep you entertained with her bursts of playful energy and speedy sprints. Disco’s lively nature and affectionate demeanor make her a fantastic fit for an active family. She’ll thrive in an environment where she can participate in family activities, play with kids, and enjoy regular exercise. If you’re looking for a Greyhound who is both loving and full of energy, Disco could be the perfect addition to your family. Her playful spirit and affectionate nature will bring a lot of joy and excitement to your home.","disco-3",""
"2021-01-01","Broken Hill","956000007406364","Ted","2025-04-07","MALE","","Ted is a sweet and sensitive Greyhound with a tender disposition, making him a wonderful companion for the right home. His gentle nature and unique preferences make him an ideal match for a calm and loving environment. Ted can be a bit reserved around men initially. However, with patience and gentle interaction, he can learn to feel comfortable and secure. He responds best to a slow and understanding approach. Ted has a special affection for children and enjoys their company. His gentle and loving nature makes him a great playmate and companion for kids, adding joy and warmth to family life. If you’re looking for a Greyhound with a gentle heart who enjoys the company of children and would thrive in a calm and understanding home, Ted could be the perfect addition to your family. With the right support and a nurturing environment, Ted is ready to share his love and companionship with you.","ted-6",""
"2022-01-01","Broken Hill","956000014497163","Effy","2025-04-07","FEMALE","","Meet Missy and Effie: The Dynamic Duo Missy and Effie are an inseparable pair of Greyhounds with big personalities and hearts full of love. These two are not just pets; they’re a lively, friendly duo ready to bring boundless joy and energy into a new home. Missy and Effie are full of personality and flair. Their unique quirks and endearing behaviors make them a delightful duo, sure to bring endless fun and laughter to their new family. Both sisters are incredibly friendly and enjoy engaging with people and other pets. Their playful spirits make every day an adventure, whether they’re running around, playing with toys, or simply hanging out with their favorite humans. If you’re looking for a pair of Greyhounds who are not only affectionate and playful but also come as a bonded set of sisters, Missy and Effie are the perfect match. They’re ready to bring their joyful presence and loving companionship into your home—together!","effy-1",""
"2022-01-01","Broken Hill","956000014691395","Missy","2025-04-07","FEMALE","","Meet Missy and Effie: The Perfect Pair of Sisters Missy and Effie are an irresistible bonded pair of Greyhounds who are as charming as they are playful. These sisters are a dynamic duo, ready to bring their vibrant energy and affectionate nature into a loving home. Missy and Effie are full of personality and flair. Their unique quirks and endearing behaviors make them a delightful duo, sure to bring endless fun and laughter to their new family. Both sisters are incredibly friendly and enjoy engaging with people and other pets. Their playful spirits make every day an adventure, whether they’re running around, playing with toys, or simply hanging out with their favorite humans. If you’re looking for a pair of Greyhounds who are not only affectionate and playful but also come as a bonded set of sisters, Missy and Effie are the perfect match. They’re ready to bring their joyful presence and loving companionship into your home—together!","missy-17",""
"2022-05-01","Broken Hill","956000015762930","Potter","2025-04-07","MALE","","Meet Potter: Your Ideal Family Companion Potter is a lovable Greyhound with a friendly, easy-going nature that makes him a perfect fit for any family. His affection for people and his gentle, adaptable demeanor ensure he’s ready to bring joy and companionship into your home. Potter has a big heart for people and enjoys being around them. His warm and engaging personality means he’s always eager to be a part of the action, whether it's a cozy family evening or a lively gathering. With his laid-back attitude, Potter fits seamlessly into various lifestyles. He’s adaptable and goes with the flow, making him an easy and delightful addition to any home. Potter has a charming habit of following you around the house. His loving nature means he likes to be close to his favorite humans, sharing in all of life’s moments. Whether you have kids or other pets, Potter’s gentle and accommodating demeanor makes him a great family companion. He’s patient, friendly, and always ready to participate in family activities. If you’re searching for a Greyhound who is affectionate, easy-going, and enjoys being by your side, Potter is the perfect match. He’s ready to become a cherished member of your family, bringing warmth and happiness wherever he goes.","potter",""
"2020-10-01","Broken Hill","956000013069983","Sandy","2025-04-07","MALE","","Sandy is a strikingly handsome Greyhound with a gentle and adventurous spirit. Though he may start off a bit shy, his love for exploration and quiet nature make him a wonderful companion for the right home. With his stunning looks and graceful presence, Sandy is sure to turn heads wherever he goes. His charm is matched by his graceful demeanor. Sandy may need a little time to warm up, but his shyness is simply a sign of his sensitive nature. Once he feels secure, his true, affectionate personality shines through. Sandy has a curious side and enjoys exploring new environments. Whether it’s a leisurely walk in the park or discovering new trails, his adventurous spirit makes every outing an exciting experience. If you’re looking for a handsome Greyhound with a gentle disposition who loves to explore and is happiest in a quiet, loving environment, Sandy could be the perfect addition to your family. He’s ready to embark on new adventures and bring his quiet charm into your life.","sandy-8",""
"2020-05-01","Broken Hill","956000012195521","Gus","2025-04-07","MALE","","Meet Gus: The Gentle Soul Gus is a serene and soft-natured Greyhound who thrives in a calm and loving environment. His gentle demeanor and shy personality make him a unique and endearing companion for the right home. Gus may be a bit reserved at first, but his gentle nature shines through once he feels comfortable. He’s the kind of dog who appreciates a quiet and patient approach, revealing his sweet personality in a calm and loving setting. Gus thrives in a peaceful environment where he can feel secure and relaxed. He’s not a fan of loud noises or bustling activities, so a tranquil home is ideal for him. Despite his shy nature, Gus is friendly and gets along well with other dogs. He enjoys their company and can be a great addition to a home with existing canine companions. If you’re looking for a sweet, soft-natured Greyhound who will flourish in a calm, loving home, Gus is the perfect match. He’s ready to bring his gentle presence and quiet companionship into your life.","gus-8",""
"2019-12-01","Broken Hill","956000007466644","Cossie","2025-04-07","MALE","","Cossie is a strikingly handsome Greyhound with a bold personality and a heart full of affection. This big, confident boy is not just about looks—he’s also a loving companion who thrives on human connection. Cossie carries himself with a natural confidence and poise that makes him stand out wherever he goes. His robust personality ensures he’s always noticed and appreciated. Cossie’s confidence is matched by his strength. He can be quite the puller on the lead, so he would benefit from a handler who’s comfortable with managing a strong, energetic dog. If you’re looking for a Greyhound who’s both confident and affectionate, and you’re up for the challenge of handling a strong, energetic dog, Cossie might be the perfect match for you. He’s ready to bring his charm and cuddles into your life!","cossie",""
"2021-04-01","Broken Hill","956000007457885","Sparkie","2025-04-07","MALE","","Sparkie is a joyful and spirited greyhound who brings a lot of fun and enthusiasm into any environment. His playful nature ensures there’s never a dull moment when he’s around. While Sparkie enjoys being active and engaging in play, he’s not overly demanding in terms of exercise. He has a balanced energy level that makes him adaptable to a variety of activity levels. Sparkie has a strong inclination towards playtime. He’s always on the lookout for opportunities to engage in games, whether it’s chasing toys, playing fetch, or simply frolicking in the yard. An active family or individual who enjoys playing with their dog and engaging in regular interactive activities would be ideal for Sparkie. He thrives in environments where he can be an active participant in family fun. Sparkie is a happy, playful greyhound looking for a home where his joyful and spirited nature can shine. If you’re ready to embrace his playful antics and provide a balanced lifestyle with plenty of opportunities for fun and engagement, Sparkie is eager to bring his energetic charm into your life.","sparkie",""
"2020-12-01","Broken Hill","956000011711693","Jb","2025-04-07","MALE","","JB is a gentle and reserved greyhound who may initially be a bit timid around new people and situations. His shyness is part of his endearing charm, and he requires a bit of patience to come out of his shell. JB is a serene and low-key companion. He prefers a calm and peaceful environment, and his quiet demeanor means he’s more likely to observe and take things slowly rather than seek constant attention. JB is a shy, independent greyhound looking for a tranquil home where he can enjoy his own company and gradually build trust with his new family. If you’re seeking a serene and self-sufficient companion who appreciates a quiet lifestyle and gentle companionship, JB may be the perfect match for you.","jb",""
"2020-10-01","Broken Hill","956000007399412","Shifty","2025-04-07","MALE","","Shifty is a gentle and affectionate greyhound who loves cuddling and being close to his humans. His soft demeanor makes him a perfect snuggle buddy, always ready to offer comfort and warmth. Shifty has a relaxed and easygoing nature. He’s perfectly content to lounge around the house, enjoying a leisurely day without needing constant stimulation or activity. Shifty adores being around people. His ideal day involves spending time with his human family, whether it’s lounging on the couch, enjoying a gentle stroll, or simply being in their company. Shifty is a sweet, laid-back greyhound looking for a loving home where he can enjoy the quiet comforts of life and be close to his human family. If you’re seeking a gentle, affectionate companion who values cuddles and companionship, Shifty is ready to bring his soft and sooky nature into your life.","shifty",""
"2021-12-01","Broken Hill","956000012903618","Pam","2025-04-07","FEMALE","","Pam is a friendly and well-adjusted greyhound who has had extensive positive interactions with other dogs and people. Her outgoing nature makes her a joy to be around and ensures she fits well into various social settings. Pam gets along exceptionally well with her canine companions. Her easygoing and sociable demeanor makes her a perfect playmate for other dogs, whether they’re big or small. Pam’s gentle and affectionate nature makes her an ideal choice for a young family. She’s patient, loving, and enjoys being part of family activities and playtime. Pam is a sweet, social, and family-oriented greyhound looking for a loving home where she can share her affectionate nature and enjoy being part of a young family’s daily life. If you’re looking for a friendly and well-rounded companion who gets along great with other dogs and is ready to be a cherished member of your family, Pam is the perfect match!","pam-2",""
"2020-12-01","Broken Hill","953010004957285","Cash","2025-04-07","FEMALE","","Cash is a confident and self-assured greyhound who enjoys her own space. She's comfortable doing his own thing and appreciates having time to himself as well as engaging with her family on her terms. Cash has a playful side that shines through in her love for zoomies. She’s always ready to burst into action and show off her impressive speed and agility. Cash has a special fondness for water. Cash is a dynamic and fun-loving greyhound looking for a home where her independence and playful nature can flourish. If you’re ready to provide her with space to run, water to splash in, and plenty of toys to chase, Cash is eager to become a cherished member of your family!","cash-4",""
"2021-06-01","Broken Hill","956000014506260","Sub","2025-04-07","FEMALE","","Sub is a joyful greyhound whose enthusiasm and positive energy are truly contagious. She approaches each day with a wagging tail and a bright smile, spreading happiness wherever she goes. She is a high-energy girl who thrives on regular physical activity. Her zest for life is evident in her love for playtime and her eagerness to engage in various activities. Sub absolutely adores zoomies! She loves to let loose and sprint around her playful bursts of speed are a sight to behold. Sub is a vibrant and spirited greyhound looking for an energetic home where her zest for life can shine. If you’re ready to embrace her joyful nature and provide a dynamic environment, Sub is eager to become your new best friend!","sub-1",""
"2019-12-01","Broken Hill","956000006807059","Corene","2025-04-07","FEMALE","","Corene carries herself with a natural poise and assurance. She navigates new environments and situations with a calm self-assuredness that makes her a standout companion. Corene loves to stay on the move. Whether it’s a brisk walk, a run in the park, or playtime in the backyard, she’s always ready for an adventure. Corene’s curiosity knows no bounds. She’s always exploring her surroundings with an eager eye, making sure she’s aware of all that’s happening around her. Corene gets along well with medium and large dogs. She’s confident and social, but her interactions are best suited for companions of similar size and energy levels. Smaller dogs may find her enthusiasm overwhelming. Corene is a spirited and delightful greyhound ready to bring her energy and enthusiasm into a loving home. If you’re looking for a confident and active companion, Corene might be the perfect match for you!","corene",""
"2021-07-01","Broken Hill","956000014490567","Jasper","2025-04-07","MALE","","Meet Jasper, a dashing greyhound with a heart as big as his gentle eyes! Jasper is the epitome of relaxation and charm, embodying the perfect blend of social butterfly and cuddle enthusiast. His easygoing nature makes him a breeze to be around, whether you're lounging at home or out for a stroll. Jasper thrives on affection and has a remarkable talent for making everyone he meets feel special. He’s a true connoisseur of hugs and pats, always ready to lean in for some extra love. His calm demeanor and friendly attitude make him a wonderful companion for both lively gatherings and quiet evenings. If you’re looking for a loving and relaxed furry friend who will brighten your days with his warm snuggles and cheerful presence, Jasper is your perfect match!","jasper-4",""
"2021-12-01","Broken Hill","956000013129374","Nash","2025-04-07","MALE","","Nash is a happy-go-lucky greyhound with a heart full of love and a spirit that’s impossible not to adore. This sweet and playful boy is the perfect addition to any family looking for a loyal and affectionate companion. With his friendly demeanor and boundless energy, Nash is a social butterfly who gets along with everyone he meets, making him an excellent family pet. Nash's enthusiasm for life is infectious. Whether he's playfully bounding around the yard or snuggling on the couch, his joy is evident and brings smiles to everyone around him. Nash is a true peoples dog, thriving in social settings and getting along splendidly with other pets and children. Nash is not just a pet; he’s a bundle of joy who brings endless happiness to those around him. If you’re looking for a sweet-natured, playful, and well-socialized greyhound to brighten your life, Nash is the perfect match. Come meet him and discover the joy he can bring into your home! Apply today!!","nash-1",""
"2020-10-01","Broken Hill","956000012888828","Crash","2025-04-07","MALE","","Crash Is a spirited and joyful greyhound with a heart as big as his playful energy. True to his name, he loves to dash around with boundless enthusiasm, especially when a toy is involved. Crash's other favourite pastime is a splash in his shell pool! Crash is great with all other doggie friends and enjoys his interactions. He would make an ideal companion to an active family who loves life as much as he does! If Crash sounds like your man apply today!!","crash-1",""
"2019-05-01","Broken Hill","956000006668174","Dig","2025-04-07","MALE","","Dig is a happy, outgoing and social boy who just enjoys being in the company of others! He is very friendly and has a fun and playful side. His playful antics, from spontaneous zoomies to gentle nudges for attention, are sure to bring smiles and laughter to anyone lucky enough to be in his presence. His playful yet relaxed attitude makes him a favorite among both canine and human companions. He has experience living with other greyhounds and also gets on great with small dogs. He is very social with humans and dogs alike. He doesn't take much notice of being in a new environment or meeting new people. He is extremely relaxed and playful! Dig's playful energy and gentle heart make him the perfect companion. If you think you could be the one to give Dig the forever home he deserves, apply online today!","dig-4",""
"2020-08-01","Central West (Bathurst/Dubbo/Coonabarabran)","956000007837815","Cleo","2025-04-07","FEMALE","","Cleo! Cleo is a gentle & sweet natured girl. She is patient, kind & loving. Cleo will stand by your side loyally, enjoying every moment with you. Cleo loves a cuddle & a good scratch behind the ears. She walks well on a lead, taking in the sights & smells around her. With the correct slow introduction, Cleo will more than likely become best buddies with your other canine family member. Cleo can't wait to meet you :)","cleo-2",""
"2022-03-01","New England","956000007430635","Blue","2025-04-07","MALE","","Blue is a charming and energetic greyhound who's ready to bring some fun and excitement into your life! He is a social, outgoing guy who loves to meet new people and is always up for a good time. Whether it's a leisurely stroll around the block or a fun game of fetch in the yard, he is your guy. Blue is also a sweet and affectionate boy with a gentle heart, always excited to shower you with love and companionship. If you're looking for a fun, loving, and sweet greyhound to add joy to your home, he would be thrilled to meet you. Blue likes the company of other medium/ large dogs but is also happy to be your only companion 🐾💙","blue-7",""
"2021-01-01","Hunter Valley (Maitland/ Muswellbrook/Newcastle/Forster)","956000007443454","Turbo","2025-04-07","MALE","","This is our independent boy Turbo. Turbo is happy to keep to himself and cruise around, he will come to you when he's looking for a cuddle and some love. He is happy to do his own thing, he at times can be a big goofball and show off his greyhound mannerisms. Whilst Turbo is a big goofy he can still be a bit skittish at loud noises/sudden movements so someone with experience would be great!","turbo-5",""
"2020-02-01","Hunter Valley (Maitland/ Muswellbrook/Newcastle/Forster)","956000007828567","Bailey","2025-04-07","MALE","","Are you looking for a new furry companion to help bring out of their shell? Bailey would be the ideal companion for you! Bailey is our beautiful nervous nelly, he loves his routine and the people he is around all the time, but new people can make him revert into his greyhound bubble. Bailey is searching for home that is quiet and will allow him the time to really show off his personality. He would suit an avid Knights fan as he enjoys spending his Sunday afternoons by the TV, Bailey enjoys basking in the sunshine and having a splash at the beach. He is currently living inside/outside and is quiet and relaxed, he is okay to be left alone so long as he is in his safe spot. If you're interested in meeting Bailey boy, please reach out :)","bailey-3",""
"2021-03-01","Hunter Valley (Maitland/ Muswellbrook/Newcastle/Forster)","956000011711301","Ginny","2025-04-07","FEMALE","","Meet Ginny! Our sweet and playful girl, who if you were cuddling, couldn't get close enough. Ginny loves to zoom around and show off her puppy energy, she is loads of fun and your days will be filled with laughter from her characteristics. Ginny can be quite excitable and jumps up but something that we can work with during some training.","gin-6",""
"2021-06-01","Hunter Valley (Maitland/ Muswellbrook/Newcastle/Forster)","956000007423115","Sunny","2025-04-07","MALE","","As handsome as they come, a little ray of sunshine has come into the world, a little ray of sunshine in the shape of our beautiful boy Sunny! GAP's very own Sunny is ready to brighten your day and find his forever home. Sunny would enjoy a home with respectful children and a backyard to romp around. Sunny has gotten along well with the other greyhounds he has met and would be suitable to live in a home with another large breed dog with an equally polite nature. Like sunshine on a cloudy day, Sunny is ready to brighten up your world with his adorable, quirky and sweet personality! If you think Sunny sounds like the perfect companion for you then apply today! If you want to brighten your home and life with this radiant boy, enquire or apply to adopt Sunny below!","sunny-5",""
"2018-03-01","Hunter Valley (Maitland/ Muswellbrook/Newcastle/Forster)","956000009596781","Nando","2025-04-07","MALE","","This gorgeous boy is Nando! Nando is one of a kind, he travels well, loves to be social but also boasts independence. He likes to spend his day basking in the sunshine and running amuck with his siblings. Nando is a bigger boy and whilst he has been around children, he may be more suited to a family with older children for this reason. If you're interested in getting to know Nando more, please reach out!","nando",""
"2019-08-01","Hunter Valley (Maitland/ Muswellbrook/Newcastle/Forster)","956000012247543","Bentley","2025-04-07","MALE","","Meet our easy going, fun-loving boy Bentley. He's ought to be the most handsome on the block, with responsive lead manners and some indoor house experience! Bentley approaches softly for a pat and is confident within himself when out and about meeting new people, he's always wanting to say hello. He's eager to please and is so ready to jump straight into pet life.","bentley",""
"2020-03-01","Hunter Valley (Maitland/ Muswellbrook/Newcastle/Forster)","956000012227525","Dixie","2025-04-07","FEMALE","","Meet our playful girl, Dixie. Dixie is a bundle of joy who loves to bound around and play. She is full of quirky characteristics like leaning on you for a pat, bowing to play. Dixie would suit a family that has an active lifestyle to burn some of her built up energy, she isn't a fan of other dogs invading her space. If you are interested in knowing more about Dixie please apply today.","dixie-3",""
"2021-12-01","Hunter Valley (Maitland/ Muswellbrook/Newcastle/Forster)","956000012896105","Sam","2025-04-07","MALE","","Meet Sam! Sam is quite a character; he's always eager to remind you of his presence. He's strong on the leash, so the ideal home for him would be one with an active lifestyle to help him channel his abundant energy. Sam is quite the socialist, so your daily walks will consist of meeting and greeting everyone that strolls past. Sam has not been assessed with small dogs or cats.","sam-9",""
"2021-01-01","Hunter Valley (Maitland/ Muswellbrook/Newcastle/Forster)","956000011580378","Donna","2025-04-07","FEMALE","","This gorgeous girl is Donna. Donna is a sweet, petite girl, who is still quite young and hyper. She would benefit from having a new companion who is able to give her time to open up and become more trusting of others. Donna is always interested in what her human family are doing and following around. She is quite active and would benefit from daily activities to desensitise her, as well as burn her energy. Donna travels well in a car and has been socialised with a dachshund as well as chickens and they do not faze her.","donna",""
"2022-02-01","Central West (Bathurst/Dubbo/Coonabarabran)","956000007423998","Zarva","2025-04-07","MALE","","Meet Zavra! Zarva is a very sweet natured boy. He is very curious & interested in the world. He positively interacts with those around him; children & smaller dogs :) Zarva wants to be involved. He'll be happy doing almost about anything. Whether it's a family movie day or spending a day outside going on adventures :) Enquire now & arrange to meet Zarva!","zarva",""
"2020-01-01","Central West (Bathurst/Dubbo/Coonabarabran)","956000007374897","Cozy","2025-04-07","MALE","","Cozy boy! Handsome, delightful & charming Consentino! This is boy loves to explore, adventure & play. Cozy would love to find an active family. Would love to find some little people to run around with outside after school. He wouldn't mind being the only dog at home or befriending your other canine companions :)","cozy",""
"2019-10-01","Central West (Bathurst/Dubbo/Coonabarabran)","956000007831743","Hazel","2025-04-07","FEMALE","","Please to introduce Hazel! Hazel is a super confident, happy & playful girl. Loves to get out & explore new surroundings. Hazel gets along with all doggies, even the smaller fluff balls. With the correct supervision & introduction, Hazel might even become great friends with your kitty cats! Hazel has grown up around smaller kids, so she'll get along with your little ones as well :)","hazel-3",""
"2021-01-01","Central West (Bathurst/Dubbo/Coonabarabran)","956000014502132","Gloria","2025-04-07","FEMALE","","Charming Gloria! Excitable, social, loving Gloria! She is just a gem! Social butterfly! Gloria loves everyone, especially kids :) Loves to run & jump around, playing chase. She can become very excited whilst playing, sometimes forgetting how big she is :) To sum it up, Gloria is just a glorious girl :)","gloria-1",""
"2022-11-01","Hunter Valley (Maitland/ Muswellbrook/Newcastle/Forster)","956000014886701","Yola","2025-04-07","FEMALE","","Yola thrives on social interaction. She's a dynamo, always up for fun, whether it's dashing about or bursting into a sudden sprint. With her angelic demeanor and captivating eyes, she can charm her way out of any mischief she finds herself in. Yola would suit someone who is after a companion to cruise around with day-to-day but also chill out on the couch with.","yola",""
"2018-12-01","Central West (Bathurst/Dubbo/Coonabarabran)","956000006815825","Tania","2025-04-07","FEMALE","","This is Tania :) Tania is a lady who needs to find the perfect home. Tania can be very shy at first. It takes her a little while to open up & start to feel comfortable. Tania needs a quiet home. A home that will give her the space, patience & love to grow and learn. Once settled & feeling more like herself, Tania is very loyal & playful towards with her person.","tania",""
"2019-05-01","Central West (Bathurst/Dubbo/Coonabarabran)","956000006804513","Hulk","2025-04-07","MALE","","The mighty Hulk! Hulk is stunning man searching for his perfect home. He is a big strong boy who would benefit from having an experienced owner. He can take some time to settle in & start to feel comfortable. Hulk needs someone able to offer endless love, support, warmth & head scratches :)","hulk-1",""
"2020-03-01","Central West (Bathurst/Dubbo/Coonabarabran)","956000007830389","Charlie","2025-04-07","MALE","","This is Charlie Boy! Charlie is a very handsome man... and he knows it! Charlie is eager to explore & learn about the big wide world around him. He is a confident boy who would get along well with medium-larger dogs. With the correct introduction & supervision, Charlie could potentially fall in love with your smaller canine pal as well. He is a fit, playful & energetic boy! Charlie loves to play chase so please have a bundle of toys ready for him :)","charlie-11",""
"2016-07-01","Central West (Bathurst/Dubbo/Coonabarabran)","956000005412613","Maisie","2025-04-07","FEMALE","","Meet Maisie! She might have the age of a senior lady, but definitely doesn't show it! Maisie is sweet curious girl. Eager to explore & learn. She might take a little while to warm up but once she does, she is full of character. Maisie would be best suited to a home with bigger dogs only, or a single dog home. Older kids to play with her preferred. Maisie would become a very loyal part of your home once settled & feeling comfortable :)","maisie",""
"2019-12-01","Central West (Bathurst/Dubbo/Coonabarabran)","956000007828857","Piccolo","2025-04-07","MALE","","Sweet, sweet Piccolo! Piccolo is a gorgeously happy & beautiful girl. She is very affectionate & playful. Absolutely adores a good snuggle! Piccolo loves to show off her moves & speed with a good zoomie outside! Piccolo has grown up around small children that visit her & other breeds of med-large dogs. Piccolo is ready to find her forever home! Make her yours & arrange a meeting :)","piccolo",""
"2020-03-01","Central West (Bathurst/Dubbo/Coonabarabran)","956000007831706","Zuma","2025-04-07","MALE","","Meet Zuma! If your little ones are Paw Patrol crazy, then Zuma is the dog for you! Zuma is a gorgeous boy. Once comfortable, he is really affectionate, sweet & playful. He has grown up around other breeds of dogs & interacts fine with them. He is visited often by small people & loves them! Once feeling at home with his new family, Zuma will adapt quickly to his new lifestyle. Whether that be a house & yard or a unit with smaller courtyard. Arrange a meet & greet and make Zuma yours!","zuma",""
"2019-01-01","Central West (Bathurst/Dubbo/Coonabarabran)","956000006792547","Dutch","2025-04-07","MALE","","This is Dutch! Dutch is a beautiful fawn coloured boy. Dutch needs a specific home & people able to offer him the love & patience he deserves. Dutch needs a quiet home & lifestyle. A place where he is offered love & support to grow and come out of his shell. With time, Dutch will become a very loyal member of your family... He just needs to get there :)","dutch-2",""
"2020-07-01","Central West (Bathurst/Dubbo/Coonabarabran)","956000011712626","Starsky","2025-04-07","MALE","","Starsky! This handsome boy is such a gentleman! He is such a good boy! Very polite, easy going, patient & kind. He loves to cuddle, be with his people, whether they be big or small. He is great around dogs his size or smaller. Nothing seems to worry Starsky! He would adapt to living in a smaller home & yard with the correct introduction to his new life.","starsky",""
"2021-12-01","Central West (Bathurst/Dubbo/Coonabarabran)","956000013041216","Pikachu","2025-04-07","FEMALE","","Pokémon fan?! Then Pikachu is for you! Pikachu is a delightful lady! Once comfortable with her new person, she is incredibly friendly & affectionate. A big love bug! Super sweet temperament. Lives well with other dogs her size & smaller. Has spent time around little people & just loves them! Pikachu, once settled into her new home, will adapt to her new lifestyle well. Whether that be in an apartment, with full-time workers or living with a smaller yard.","pikachu-1",""
"2021-01-01","Northern Rivers (Grafton, Lismore, Casino)","956000011586365","Uzzie","2025-04-07","MALE","","Meet Uzzie, a laid-back and lovable four-legged friend known for his warm personality and love for life. Uzzie's easy-going nature makes him a relaxed companion, an ideal mate to have by your side while you enjoy a quiet cup of coffee or lazy Sunday afternoons. One of Uzzie's favourite pastimes is going for car rides. Just mention the word ""ride"", and he's ready and wagging! Whether going across town for a vet visit or heading into the countryside for an afternoon adventure, Uzzie is the perfect co-pilot. H Uzzie may not be a social butterfly, but he knows how to play well with his peers, especially small dogs. His friendly and calm disposition makes him a dream to have around, not just for humans but also for furry friends. If you already have a small dog in the house looking for a buddy, Uzzie could be the perfect companion. What's more - during quiet times, Uzzie is comfortable being independent and can sit quietly by your side while you sip your drink and carry on a conversation. He enjoys being around people, but he respects your space and knows when to give you your alone time. All in all, Uzzie is an easy-going, sociable, and well-mannered pet who would make a heartwarming addition to any family or individual looking for a calm and steady companion. He is all set for the next chapter of his life, and with just one look at his joyful wag, you'll see that Uzzie's ready to share some great times with you!","uzzie",""
"2018-01-01","Northern Rivers (Grafton, Lismore, Casino)","956000009483201","Toby","2025-04-07","MALE","","Introducing Toby, a powerhouse of love and fun. An exuberant personality wrapped up in a canine exterior, Toby will keep you entertained with his friendly antics. This tough pup is the epitome of strength and vitality, yet his heart yearns for human connection. Toby is a social butterfly and enjoys being the center of attention. Toby has had experience with smaller dogs and though he can be a bit assertive, he would prefer a medium to large breed female companion. His playful demeanor is a joy to everyone he meets. He can have an excitable streak, however, so future pet parents need to be ready for an energetic companion. With a heart as strong as his physical build, Toby forms strong bonds with his human companions. He is always ready for fun and games – his burst of energy can be contagious. In the right home, Toby has the potential to be an active, entertaining companion. His strength and liveliness will do well in a family who loves being outdoors and leading an active lifestyle. His affectionate character and robust personality make Toby a candidate for someone looking to inject fun into their home and life.","toby-5",""
"2019-05-01","Northern Rivers (Grafton, Lismore, Casino)","956000006171268","Ruby","2025-04-07","FEMALE","","Ruby, a lovely female dog, is excitedly waiting to find her new family. Her warm, intelligent eyes seem to tell a story all their own, and her joyful enthusiasm is wonderfully contagious. Ruby is already house-trained and has been living comfortably in a home environment. Ruby is happy to sleep on a bed near her owner. Ruby loves to play with toys so a family who will join in the fun would be ideal. When it comes to getting along with other dogs, Ruby is a social butterfly. Provided her canine companions are friendly and well-mannered. Ruby promises to fill your home with warmth, laughter, and irresistible doggy cuddles. She brings with her a burst of joy that only a cherished pet can bring, making her the perfect addition to your home. Don't miss the chance to meet Ruby; she's quite the gem!","ruby-9",""
"2021-07-01","Hunter Valley (Maitland/ Muswellbrook/Newcastle/Forster)","965000011705133","Max","2025-04-07","MALE","","This is Max - a dog that embodies the perfect blend of relaxation and confidence. With his cool demeanour, this charming chap is already winning hearts, and he's bound to win yours too. Max has been socialised with children and is always gentle and patient around them, making him a wonderful choice for a family with kids. He adores spending time with his loved ones, and it's guaranteed that he will shower you with loyalty and companionship as soon as he settles into your home. Traveling is a breeze with Max. He is comfortable with car rides and handles them like a seasoned veteran. Whether it's a short trip to the nearby dog park or a long weekend getaway, Max is always ready for some adventure. Max's personality is as sundrenched as they come. His great manners shine through in all aspects, making him a joy to be around. He's respectful on lead – walking impeccably without tugging. His perfect day includes a good long walk, a game of fetch, and quality time curled up next to you. If you are looking for a gentle, loving, and calm companion for your home, Max is the perfect candidate. His respectful personality and great manners make him a joy to have around, and he's ready to find his new family. Let Max fill your day with laughter, love, and an endless amount of cuddles!","max-11",""
"2020-09-01","Hunter Valley (Maitland/ Muswellbrook/Newcastle/Forster)","956000011580264","Dolly","2025-04-07","FEMALE","","Introducing Dolly, a precious little gem waiting to shine! Dolly may be a shy girl, but she is overflowing with potential to become the most loving and loyal companion. She's petite and placid, making her a perfect choice for those seeking a calm, low-energy pup. Dolly requires an experienced owner, someone who's willing to work with her on her comfort level and socialisation skills. Slowly but surely, she's building confidence and opening up to a new world of experiences. She's already proven that she can break out of her shell with the right, loving charisma! Don't underestimate this gentle soul; she's more than ready to give and receive love in abundance.","dolly-9",""
"2021-05-01","Northern Rivers (Grafton, Lismore, Casino)","956000011651683","Chickadee","2025-04-07","MALE","","Meet Chickadee, a friendly and playful, loving gentleman who is ready to meet his new family. This delightful dog is known for his fun-loving and amiable personality, and he's eager to share his heart with a compassionate, affectionate family. Chickadee has a wonderful rapport with children, especially those 8 years and older. He's not the sort who will tire out your kids with endless games of fetch, but prefers to spend time in children's company, quietly keeping them company while they do their homework or read stories. He loves leaning into a hearty pat and will choose to cuddle up next to you over toys any day. An interesting fact about Chickadee is that while he is a dog, he prefers the company of humans over other dogs. He's quite selective with his canine friends and might come off as aloof with dogs, particularly the smaller ones, which makes him ideally suited for a home where he can be the only pet. Chickadee is looking to bring his friendly and playful nature into a family who will offer him the same kindness and playfulness that he offers others in spades. He's ready for the next step and hopes to find a loving, forever home with a protective family to cherish him.","chickadee",""
"2021-01-01","Northern Rivers (Grafton, Lismore, Casino)","956000011709614","Berry","2025-04-07","FEMALE","","Meet Berry, one of the most outgoing, happy, and active dogs you'll ever come across! If you're searching for a devoted and heart-warming companion, look no further. This little lady is as sweet as her name suggests and has enough energy to keep up with family activities. Berry gets along well with small dogs and has shown great compatibility when meeting different furries at the dog park. She's not fazed by cats and gives them the space they need to feel comfortable, making her a good fit for multi-pet households. Berry has a curious side to her and loves exploring her surroundings, so she'd be a great match for a family who loves adventure as much as she does. Whether it’s a walk in the park or just wandering around your backyard, you'll always see her wagging tail popping up somewhere in curiosity, making her the perfect little 'sticky beak'! Berry is gentle when it comes to treats, and will happily accept them from your hand. She's always eager to learn new tricks and will quickly master them with some tasty incentive. As energetic and outgoing as she is, Berry adores relaxing and unwinding with her human companions - making her the ideal balance of activity and relaxation. She would make an amazing addition to any family, bringing with her endless smiles and laughter. If a fun-filled, lovable, and vivacious canine companion is what you're seeking, Berry would be excited to meet you! Just imagine the adorable, bubbly presence she'll bring to your home and your life.","berry-3",""
"2015-05-01","Northern Rivers (Grafton, Lismore, Casino)","956000004248651","Alley","2025-04-07","FEMALE","","Meet Alley, our friendly, senior female pup with a heart as golden as her years. Despite her age, Alley still carries a spark of puppyish charm in her eyes, making everyday feel like an adventure. Alley possesses the superb ability to bring life and joy into any room, with her boundless affection and unwavering loyalty. Well-socialised and incredibly friendly, Alley has had a great rapport with other small dogs and her fellow greyhounds. Her gentle and easygoing nature means she can find common ground with just about any dog she meets. She has even been socialised with cats and could probably coexist peacefully with the right feline friend. Alley's age doesn't slow her down. She has the physical agility of a much younger dog and loves playtime and walkies as much as curling up for a nap. Alley enjoys her walks and would be a wonderful companion to explore the neighbourhood parks with. Her ability to make friends so easily would also mean plenty of playdates with other dogs! As Alley's future family, you will be cherished with her loving gaze and affectionate rubs. If you're in search of an older, wiser pup who still knows how to have fun like a youngster, Alley just might be the loving companion you've been waiting for. Come meet her and let her amiable spirit brighten up your life!","alley",""
"2020-09-01","Western Sydney (Londonderry)","956000013091352","Joy","2025-04-07","FEMALE","","Fill your home with Joy! Sweet and little girl Joy is a very lovely girl! She is polite with the other dogs she has met and could be suited to living with another large breed dog. She is calm in the yard and has shown the ability to settle for short hours, possibly being able to build to longer hours. A home with older and respectful children could be suitable for Joy. A bundle of joy, apply to adopt this darling girl today!","joy-1",""
"2020-05-01","Hunter Valley (Maitland/ Muswellbrook/Newcastle/Forster)","956000007851461","Joe","2025-04-07","MALE","","","joe-7",""
"2018-10-01","Western Sydney (Londonderry)","956000006672377","Jessy","2025-04-07","MALE","","Happy and friendly Jessy is ready to find his forever home! Jessy is a beautiful boy who loves to greet with people with a happy wagging tail! He likes to play with toys and would love a backyard where he can throw his toys about and run around. Once he's had a play though he will happily hang out with his new family, getting lots of pats and treats in return for being a good boy. A home with older children could be suitable for Jessy as long as they can be respectful of his space. If Jessy sounds like the right boy for your family then apply to adopt him today.","jessy",""
"2019-12-01","Western Sydney (Londonderry)","956000007465978","Tiny","2025-04-07","FEMALE","","Tiny in name and in stature is this petite blonde beauty! Little miss Tiny is a bundle of joy! She is excited when walking in new environments and could benefit from living in a quieter area without too much stimulus when on walks. Tiny is friendly with people that she knows but can take some time to warm up to new people. A quiet home where she can settle in and thrive would be perfect for Tiny. Tiny would prefer to be the only dog in your home as she loves to be the centre of attention! She wants all of the pats and treats all to herself. Tiny is a sweet little dog who will make an amazing pet once she has settled in. If you think Tiny sounds like the right girl for you then apply to meet her today.","tiny-7",""
"2021-03-01","Hunter Valley (Maitland/ Muswellbrook/Newcastle/Forster)","956000011571452","Chilli","2025-04-07","FEMALE","","Introducing Chilli! Despite her fiery name, she's not the least bit spicy. Chilli is a darling with a charming overbite that's sure to capture hearts. When she's not soaking up the sun and indulging in some self-care, she's darting about, full of energy and fun. Chilli perfectly balances playfulness with politeness. We're eagerly looking forward to Chilli finding her forever home. Apply today to meet Chilli","chilli-4",""
"2019-05-01","Hunter Valley (Maitland/ Muswellbrook/Newcastle/Forster)","956000007854369","Zelda","2025-04-07","FEMALE","","Zelda is ready to dash into your life and steal your heart (and maybe your sandwich if you're not careful). Zelda's ideal home? One filled with laughter, love, and preferably a buddy to match her in wit and wag. Whether it's a human sidekick for cuddles or a medium to large canine companion for zoomies, Zelda is all about that #squadgoals life. Just picture it: morning sunbeams, afternoon naps, and evenings filled with tail wags and belly rubs. With Zelda around, every day is an adventure waiting to happen. So, if you're ready for a whirlwind romance with a greyhound who's equal parts silly and sweetheart, look no further than Zelda. Contact our Western Sydney Londonderry facility today to arrange to meet Zelda.","zelda-1",""
"2019-05-01","Western Sydney (Londonderry)","956000006792942","Meg","2025-04-07","MALE","","Meg is the epitome of gentle charm, with a touch of bashfulness that adds to his irresistible appeal. This shy guy isn't just looking for any home; he's on a quest for his own private sanctuary, where he can be the star of the show without any pesky co-stars stealing his spotlight. Meg's motto? ""One dog, one throne!"" He's not one for sharing his kingdom, but he'll gladly share his love with respectful children who understand the art of giving him space but love when he likes. With Meg around, every day is an adventure filled with quiet moments of contemplation, punctuated by bursts of zoomies when no one's looking. So, if you're ready to welcome a regal greyhound into your castle and bask in the glory of his majestic presence then Meg is the dashing companion you've been searching for. Contact our Western Sydney facility to arrange a meet and greet and get ready to embark on a journey of laughter, love, and endless tail wags with this shy but lovable boy!","meg-1",""
"2020-12-01","Central West (Bathurst/Dubbo/Coonabarabran)","956000007439582","Diesel","2025-04-07","MALE","","Introducing Diesel, a robust and muscular canine who just loves to play. Through his strength and size, Diesel is a impressive sweetheart who promises endless love and loyalty. He's a blend of power and heart, making him the ideal companion for anyone seeking a strong, playful, and affectionate dog. In playtime, Diesel is a true game-chaser. Whether it's a casual fetch game or a competitive game of chase, Diesel is always in for an energizing chase on your backyard lawn. He's especially fond of his toys, engaging with them in playful bouts that are delightful to watch. And when it comes to food, Diesel will show you a side of him that you'll find hard to resist - a dog who knows how to appreciate a good meal! Diesel would thrive best in a home where he's the single dog. He's a dog who prefers his solitude with his humans and as he is such a strong boy, he'll be able to provide all the canine companionship you need without any other dogs around. His need for love and attention is monumental, he wants all the love he can get. Because of his size and strength, he would do best with older children who can appreciate his strong personality and can withstand his powerful play. Diesel's tenacity is an element of his behavior that's impossible to change, but it's the same tenacity that makes him a steadfast, loyal, and brave companion. With a personality as potent as his name, Diesel is an unforgettable friend who will play, protect, and love with all his strength.","diesel-3",""
"2018-11-01","Central West (Bathurst/Dubbo/Coonabarabran)","956000009842074","Sandy","2025-04-07","FEMALE","","Introducing Sandy, a beautiful and gentle girl who is ready to bring a ton of joy into your life! Known for her soft and gentle demeanor, Sandy possesses the ability to fill any room with calmness and love. Sandy is not just a dog; she's a friend and companion. Her kind and loving nature ensures that she gets along beautifully with both children and other dogs. She is known for her soft, soulful eyes that seem to look straight into your heart. What Sandy would love the most is a family that showers her with the same affection that she effortlessly gives to others. In her new home, Sandy would enjoy a cozy corner to curl up in, a safe garden to explore, and a family that she can love and be loved by. Sandy is just waiting to create numerous wonderful memories with a family who adores her. She promises a lifetime of love and dedication to those who welcome her into their heart.","sandy-6",""
"2012-01-01","Central West (Bathurst/Dubbo/Coonabarabran)","956000009499446","Ash","2025-04-07","FEMALE","","Meet Ash, a beautiful and friendly companion. This stunning lady has charisma and charm in spades. Always eager to make connections, Ash is an affectionate and sociable creature, lavishing affection on anyone fortunate enough to catch her eye. She is always ready for a cuddle after a playful romp in the yard. Her soft coat makes for the perfect snuggling companion, inviting you to share a quiet moment or two on the couch. She finds deep satisfaction in routine, and her perfect day involves a dash of play, a smidgen of quiet snoozing time, with a sprinkle of cuddles throughout the day. Ash exhibits excellent manners with her canine peers. This shows her adaptable nature, making her an interesting companion to have around the house. Ash is looking for a forever family who will embrace her affectionate nature and big puppy-dog eyes. She is truly a precious gem waiting to shine in your loving home. We understand that a dog is not just a pet but a member of your family, and Ash is eager to become the loving companion in yours.","ash-2",""
"2019-01-01","Hunter Valley (Maitland/ Muswellbrook/Newcastle/Forster)","956000006671930","Wighton","2025-04-07","MALE","","Hello! My name is Wighton. I was known as Four Five on the racing tracks, but I hung up my racing collar late last year. I'm a courteous fellow, though I may take a little time to open up. Once I'm comfortable, I love to display my energetic zoomies. I've encountered several small dogs and they don't pique my interest much. I'm looking for a home with a backyard where I can have some space to myself from time to time. And, if you could take me on walks, that would be wonderful. I am looking forward to meeting my new human companions, so be sure to hit the 'apply' button when you can.","wighton",""
"2021-10-01","Hunter Valley (Maitland/ Muswellbrook/Newcastle/Forster)","956000011646676","Lara","2025-04-07","FEMALE","","Meet Lara! Lara hails from a sociable household where she has interacted with a Maltese terrier and frequently plays her fellow hound siblings. Initially, Lara may appear somewhat reserved, but with a touch of affection, care, and cuddles, she quickly warms up. She tends to be indifferent towards smaller dogs, often seeking reassurance from humans when they are present. With a lively spirit, Lara would be thrilled if her new human friends could take her on walks to let her energy out. Hit apply today to chat about your possible new addition.","lara-2",""
"2020-09-01","Southern NSW/ACT (Bulli, Nowra, Goulburn, Canberra)","956000007806804","Grace","2025-04-07","FEMALE","","Gorgeous Miss Grace is a spirited three-year-old greyhound with a heart full of love and energy to spare. Grace is on the lookout for a loving home where she can share her boundless energy with others. She would thrive in a household with respectful children who appreciate her playful nature. She could also possibly live with a large doggy friend pending a meet and greet. Grace is happiest when she's surrounded by those she loves. She adores people and is ready to be your loyal sidekick through all of life's adventures. She is always up for an adventure and enjoys everything from brisk walks to energetic play sessions with her favorite toys. If you're searching for a lively companion to add joy and excitement to your life, look no further than Grace!","grace-6",""
"2016-02-01","New England","956000004928447","Fergie","2025-04-07","FEMALE","","Fergie is a gorgeous, friendly and confident older girl looking for her forever home. Fergie is a beautiful dog, inside and out! She is super friendly and outgoing and just makes friends wherever she goes! Fergie is still a pup at heart; she loves her toys, playing in the park, splashing around in water, and just having fun! Fergie is a dog just so full of joy and happiness that you won’t be able to resist cracking a smile in her presence. Fergie is incredibly social with humans and dogs alike. She is great with smaller dogs having met an Italian Greyhound and a Chihuahua, and even has experience living with a Jack Russell. Fergie has also spent time with smaller humans- she is great with kids! Fergie has spent time with children ages 8-18 years and got along with all of them very well- who couldn’t be friends with Fergie?! Fergie is a sweet, happy girl who just wants to have fun. She may be an older lady but she has a young and fresh spirit that you will fall in love with immediately. If you’re looking for a light in your life, Fergie is one of the brightest shining stars there is!","fergie",""
"2017-05-01","Central West (Bathurst/Dubbo/Coonabarabran)","956000009575301","Joseph","2025-04-07","MALE","","Say hello to Joseph, our big, strong, and friendly boy who's eager to share his love with you. With his endearing personality and playful energy, Joseph is certain to light up your life and home. This social butterfly is always ready to meet and greet new people but because of his size and strength, Joseph needs a home where he can get plenty of exercise and mental stimulation. He is well-suited for an active adult or older children household, where he can satisfy his need for engagement and play. Joseph can be quite excitable and has a lot of love to give, so he's more comfortable in a single-dog household where he can be the star of the show. Despite his size, he's a charming boy who's always eager to please his family. In summary, Joseph is a delightful mixed bag of quirkiness, exuberance, and love. If you're ready for a dog who can match your energy and zest for life, Joseph could be your perfect companion. He is waiting to show his new family just what a loving and fun-filled life they can have together.","joseph-1",""
"2020-08-01","Central West (Bathurst/Dubbo/Coonabarabran)","956000011713002","Usyk","2025-04-07","MALE","","Meet Usyk, a loving male dog who is seeking a simple and fulfilling life with a new family. He's a charismatic chap who adores medium-size canine companions and is always eager to make new friends. His kind-hearted nature and great spirit make him a treat to be around. Usyk is ready to embark on an enriching journey with a family that cherishes mutual growth and learning. He truly embodies the spirit of companionship and will surely become an integral part of your family. His intelligent eyes tell a story of love and loyalty that will reassure you in times of solitude and fill you with joy when times are good. Adventurous yet gentle, Usyk is the perfect companion for a family who enjoys a balance of outdoor activities and cozy time indoors. He's not a demanding pet; a simple life filled with love and care is all he aspires to. His only request? A nice, comfortable spot beside you. With a loving heart that is ready to expand and a spirit that is eager to learn, Usyk is the perfect companion for a family looking forward to welcoming a new member. He's surely the sweetheart you've been looking for. Begin a beautiful journey filled with comfort, companionship, and adventure with this wonderful dog. Usyk is excited to meet his new family and is ready to shower them with his unconditional love.","usyk",""
"2020-03-01","Central West (Bathurst/Dubbo/Coonabarabran)","956000007831124","Rusty","2025-04-07","MALE","","Meet our sweet and gentle friend, Rusty. This uniquely quiet personality is looking for a family with whom he can grow, learn, and receive all the encouragement and support he deserves. Rusty is a refined gentlemen who brings calmness wherever he goes. Don't be fooled by his calm demeanor though; Rusty loves to play games and will always be up for any fun activity that involves his family. This sweetheart is gentle and mild-mannered, although he is always ready for an adventure. With his calm, quiet nature, he'd make the perfect companion for afternoons spent lounging in the backyard or taking mindful, leisurely strolls through the park. Rusty is particularly keen on learning. He looks forward to positive reinforcement training sessions and loves the idea of learning new tricks and routines with his new family. Don't be surprised if Rusty quickly becomes the star of your local obedience class, proudly showing off his latest trick. What would Rusty's ideal family look like? Well, they would share his love for learning and growth, offering him all the encouragement he needs to flourish. A family who cherishes the small moments of life, from peaceful mornings together to effortless games of fetch in the backyard. In return, Rusty promises to show endless love, patience, and loyalty to his new family. With his quiet, gentle nature and his willingness to learn, he'll surely bring joy and companionship to any home. So if you're ready to give Rusty the supportive, loving family he's been craving - he just can't wait to meet you!","rusty-7",""
"2018-09-01","Central West (Bathurst/Dubbo/Coonabarabran)","956000005783456","Tim","2025-04-07","MALE","","Meet Tim, an excitable and playful boy who loves nothing more than having a good time. This fun-loving chap is looking for his new family who can keep up with his playful antics and share his joy for life. Tim is outgoing and always ready for an adventure, Tim also loves exploring new environments, sniffing out the mysteries of the world around him. His intelligent mind loves puzzles, so interactive play toys are a great option to keep him entertained. Whether you are an active individual or a highly energetic family with children, Tim would fit right in. His playful, social disposition means he's also excellent around other animals, so he could easily be a part of a multi-pet household. Tim's joy is infectious, his love is boundless, and his energy is limitless. If you're looking for a happy-go-lucky companion who will bring adventure and laughter into your everyday life, look no further. Adopting Tim means lots of love, endless play, and plenty of happy tail wags.","tim-7",""
"2014-03-01","Central West (Bathurst/Dubbo/Coonabarabran)","956000003286706","Bucky","2025-04-07","FEMALE","","Bucky is a lovely lady who despite her older age, has an excitable and happy attitude! Bucky is a very confident girl who walks well on the leash and enjoys exploring new environments. She loves to have a sniff around and munch on any treats she finds along the way! Bucky has been socialised with smaller dog breeds and after an initial assessment, she’ll usually disengage and move along with a bit of extra space- she’s honestly more focused on her human handler! Bucky is very human social and will happily approach in exchange for some pats and rubs. She is a lovely girl who just exudes a happy and positive energy! Bucky would make a wonderful pet in any home where she can have an easy-going lifestyle and get the love and attention that she needs- you’ll receive it back ten-fold!","bucky",""
"2019-01-01","Northern Rivers (Grafton, Lismore, Casino)","956000008235323","Tank","2025-04-07","MALE","","Tank is a gentle, kind doggy soul encased in a robust, athletic body. Don't let his strong, sturdy name fool you, Tank is soft and loving, and his friendly nature is sure to win everyone over in no time. He is exceptionally well-behaved, maintaining cleanliness with a natural knack for it, making him the perfect addition to your household. Although he has an energetic spirit, he always manages to channel his proud doggy energy in the most polite, fun ways. Tank has a special place in his heart for kids. He loves their boundless energy, their playful antics, and the endless tummy rubs they're always willing to share. Their laughter is music to his ears, and seeing them happy makes his tail wag harder! Friendly to his core, Tank gets along well with everyone he meets. He's a four-legged ambassador of goodwill, spreading joy wherever he goes. His ideal day consists of playful frolicking in the yard, a delightful nap in his comfy bed, and of course, lots of tasty treats! Tank's loving spirit and fun-loving nature make him a perfect family pet. He's excited to bring lots of joy, love, and incredible memories to his new family. So, if you're ready to add a sweet, loving, and well-behaved dog to your family, Tank is definitely your guy!","tank-2",""
"2014-07-01","Northern Rivers (Grafton, Lismore, Casino)","956000004096731","Miss Ling","2025-04-07","FEMALE","","Miss Ling is a big snuggle bunny. She is sweet and affectionate and will seek out affection Described as a happy girl she will bring a ray of sunshine to your life and be happy to be by your side through thick and thin. Miss Ling may be on the other side of 9 but she still has a lot of love to share and is looking for the right person to shower her love on","miss-ling",""
"2020-01-01","Central West (Bathurst/Dubbo/Coonabarabran)","956000007461264","Harlow","2025-04-07","FEMALE","","Harlow is on the look for a new place to call her own... could that be you? Harlow would love a home in a suburban setting one that isn't in the hustle and bustle of the big smoke but quiet enough for her to soak up the pet life. Harlow has a sensitive soul so a home that is willing to allow some time to settle in would be ideal. but don't worry it won't take long for her to feel at home. she has been around older kids growing up so a home with older kids would be ok with her. We have found Harlow gain confidence when hanging out with her doggy pal's so a home with a canine companion is more than welcome for her. Fun Fact Blue is my sister, and like all siblings we have our differences but we still love each other, should you have a place in your home for two. Apply online today to arrange a meeting with Harlow or come on down to our Bathurst Adoption day on the 9th of March.","harlow",""
"2020-01-01","Central West (Bathurst/Dubbo/Coonabarabran)","956000007466546","Blue","2025-04-07","FEMALE","","Are you ready to find the perfect grey for you? Then look no further than our gal Blue. This sweet, sensitive girl is full of life and an eagerness to brighten your days. Blue has such a charismatic personality and a cheeky soul. Blue would love her new home to have a backyard to frolic around in as she certainly enjoys her daily zooms and showing off just how fast she can run. Blue has shown polite manners around canine companions and having one in her home would certainly build her confidence and show her the ropes of how to be the best pet possible. This Blue girl enjoys her daily stroll so a home that is happy to go on some walks with her would suit her well. Blue has grown up around kids and would suit living with kids over the age of 5 to ensure she has some quiet time to herself. Apply online today for this sweet girl, she will be sure to wipe your blues away. Blue will also be attending our Bathurst Adoption Day on the 9th of March.","blue-5",""
"2017-12-01","","956000009568225","Luna","2025-04-07","FEMALE","","Say hello to Luna, a sociable and friendly female dog who is sure to win your heart. Luna's radiant persona lights up every room she enters, and her charming nature has a contagious effect that brightens up everyone around her. Luna's love for people is truly one of her fine characteristics. She adores being in the company of humans and is a strong advocate for endless belly rubs, cuddles, and ear scratches. She thrives off attention and relishes in making every moment delightful for you, and herself of course. Interactive playtime is Luna's favorite! She gets immense joy out of chasing toys, whether it's a game of fetch or squeaky toys that catch her attention. This playful activity helps Luna stimulate her mind and use her attentive nature to the best of her abilities. In a dog community, Luna prefers the companionship of medium to large breed dogs. She blends well with her fellow canine mates, her easygoing nature allowing her to adapt quickly to their play style. This adaptability makes her the perfect addition to a family with a medium to large breed dog. In stepping into Luna's life, be prepared for an overflow of love and memorable moments. Luna is ready to love her new family wholeheartedly, and promises to bring with her a bundle of joy, laughter, and playful adventures.","luna-7",""
"2020-02-01","Northern Rivers (Grafton, Lismore, Casino)","956000007839747","Fizzle","2025-04-07","MALE","","Meet Fizzle, the ultimate companion and a true gentle-dog. Fizzle is all about the good life; cuddling on a nice lounge, cuddling in a soft bed, cuddling while you enjoy a meal... did we mention Fizzle loves to cuddle? While Fizzle certainly enjoys a good play and the occasional muck-around, nothing beats leaning in for a snuggle by your side. Apart from his signature cuddles, Fizzle also enjoys the finer things in life. He appreciates good meal times and happily polishes off every bit. Moreover, Fizzle enjoys those little moments of love and affection—he's sensitive, sweet, and captures hearts swiftly with his endearing personality. Fizzle makes for a perfect addition to any family arrangement. Whether you need a goofball to distract the kids, a loyal partner in crime, or just a best friend who's always there to lend an ear (or a paw), Fizzle fits right in. His playful antics will bring joy and laughter, his calm comforting presence will provide warmth and companionship, and his unwavering loyalty will fill your home with love. In a nutshell, Fizzle is more than just a pet; he's a pal, a partner, and a piece of your heart you won't know you were missing until you meet him! Welcome to a world of endless laughter, boundless love, and unforgettable memories, all thanks to Fizzle. Your adventure is waiting!","fizzle",""
"2017-10-01","Central West (Bathurst/Dubbo/Coonabarabran)","956000009593105","Thomas","2025-04-07","MALE","","Meet Thomas, a greyhound with a heart as swift as his strides! Thomas is the epitome of grace on a leash, leading the way with impeccable manners. This charming gentleman is easily handled, making him a dream companion for walks and adventures. Thomas is a social butterfly with a preference for the ladies – his friendly nature shines brightest around female dogs. However, he's not a fan of his fellow gentlemen and prefers a more refined circle. Thomas thrives on the joy of a good run, showcasing his athletic prowess and zest for life. His love for a lively dash and his charming demeanour make him a standout choice for an active and loving home. Embrace the spirited elegance of Thomas and let him add a touch of charisma to your life!","thomas-1",""
"2015-09-01","Central West (Bathurst/Dubbo/Coonabarabran)","956000005385212","Casper","2025-04-07","FEMALE","","Meet Casper, an elegant greyhound with a heart of gold. This graceful explorer walks well on the leash, is easily handled, and enjoys the company of other dogs. Casper's loves a leisurely stroll and slow exploration as her sight is slowly diminishing but her spirit does not! Her adaptability and friendly nature make her the ideal companion for any home. Casper is ready to share a lifetime of love and joy with a family who appreciates her unique charm and gentle soul. Adopt Casper, and let her bring elegance kindness , love and warmth into your home.","casper-3",""
"2013-10-01","Central West (Bathurst/Dubbo/Coonabarabran)","956000002930556","Char","2025-04-07","FEMALE","","Introducing the Enchanting 'Just A Charade' – Your One-of-a-Kind Companion! Meet Char a captivating female greyhound whose age has only added to her charm, making her the perfect addition to your home. This beauty boasts a decade of wisdom, grace, and an abundance of love to share. Char is not just a greyhound; she's a living testament to the extraordinary bond that awaits with her lucky adopter. Her gentle demeanour and friendly nature make her an absolute joy to be around. From the moment you meet her, you'll be enchanted by her warm spirit and undeniable charisma. At 10 years young, Char is the embodiment of grace and tranquillity. Despite her mature age, she exudes an infectious playfulness, especially whenever she is around water whether it be a dip in the pool or a romp through a puddle, Char embraces the simple pleasures of life with pure delight. This remarkable greyhound is a dream to handle – people-friendly and easily led, making every interaction an easy and heartwarming experience. Her calm disposition extends to her interactions with other dogs, showcasing her adaptable and considerate nature. Adopting is a golden opportunity to welcome a once-in-a-lifetime companion into your home. She radiates love, companionship, and a unique charm that will undoubtedly leave an indelible mark on your heart","char-11",""
"2018-01-01","Hunter Valley (Maitland/ Muswellbrook/Newcastle/Forster)","956000009483201","Toby","2025-04-07","MALE","","Nightmare? Bad dream? Don't worry, sometimes names ARE deceiving, because our boy Toby, former Race Name Scary Dream, is anything but scary! ✅ Beautiful nature, a genuinely sweet duffer ✅ Big softie: this boy is your quintessential ""gentle giant."" He does get excited, but is very kind-hearted and means well. ✅ Very friendly and human social. Nothing makes him happier than being with his people. ✅ Loves hopping on the lounge and laying with you. Disclaimer: he's big and likes to hog most of the couch space! ✅ Enjoys playing, having fun, and just living his best life ✅ He can be exuberant and boisterous to start (oh my god life is so exciting!!) - but he does settle and eventually wants to find a lounge. ✅ Has been living inside his current home everyday - and is becoming quite accustomed to the spoils of pet life! ✅ Like most men, Toby LOVES his food! This will help with training as he is very easily influenced when free food is on offer! ✅ This patient boy settles when in the car or trailer ✅ Best suited as the only dog in the household - more attention for Toby 😉 ✅ The only hound Toby wouldn't mind sharing his new forever home with is his sister-from-another-mister: Winnie (Microchip: 956000009482109). - They currently live inside together and don't mind sharing all the love and attention. - Winnie is also available for adoption: https://www.gapnsw.com.au/our-greyhounds/winnie-2 Toby will need a bit of time to settle into his new home - it's a big transition moving to a new house. But with a bit of love and patience, you will be rewarded with a sweet, but funny, but lovable larrikin. Toby hasn't had the chance to interact with children yet. So would need a nice meet and greet to see how everybody goes, if potentially going into a home with kids. He is a big strong boy so likely would be best with older children. This sturdy lad is strong on lead - there's a big world out there and oh so little time, Toby feels like he must concur it stat! He does settle, and with a little training and patience will be a good walking companion or social wing man. Toby will be 6 at the end of January! Nothing bonds a family and new boy better than a birthday party right?!","toby-2",""
"2019-12-01","Hunter Valley (Maitland/ Muswellbrook/Newcastle/Forster)","956000012217180","Marn","2025-04-07","MALE","","Make room!! The Big Marn is here! He may bump around a little bit due to his left eye corneal abnormality, but he does it in style! With the former Race Name ""Son Of Thirty,"" Marn could be your very own Son - and he'll never grow up to talk back to you or sneak out the window! In fact, he is a beautiful boy: ✅ This gorgeous lad is used to his current owner calling him ""Handsome"" and has requested this nickname continue in his new home ;) ✅ Loves people! He will seek out attention so get ready to give some affection (he'll give you ample back don't worry) ✅ Marn has met Geese, ducks and a cat and was well behaved (he did remain on his lead and muzzled for these interactions) ✅ Good with other dogs: - Settled well with a blind West Highland Terrier, but would benefit from a bit more work with small dogs. - Regularly interacts extremely well with other Greyhounds. - He would still need very slow, gradual introductions to any new dogs. ✅ Good with older children: - Marn has only interacted with kids aged 6+ years old. - He hasn't had the chance to interact with younger children yet, so would need a nice meet and greet first to see how everybody goes. ✅ Always a gentleman, Marn is very clean and quiet in his kennel. Poor Ol' Marn does suffer from Pannus, mainly in his left eye, and will require ongoing treatment. This is easily managed and the GAP team will always provide advice and answer any questions or concerns you may have. Marn has lived in a kennel environment, so hopes his new family understand he will need a little time and patience to settle into his new pet-life world. Marn recently celebrated his 4th birthday! It's definitely not too late to welcome him into your home and throw him a combined Housewarming and Belated Birthday party - maybe just blow out the candles for him though!","marn-1",""
"2019-07-01","Hunter Valley (Maitland/ Muswellbrook/Newcastle/Forster)","956000007851472","Lucky","2025-04-07","MALE","","BOO!! Just kidding, it's in Lucky aka Phantom Ghost's nature to be a bit of a mysterious jokester! But don't be spooked by his former Race Name ""Phantom Ghost"" - as he is also Lucky! And you'll be feeling lucky too punk once you have our Lucky in your life: ✅ Very happy chap who somehow looks like he's always smiling! ✅ Loves people! He will give ample affection - but secretly hopes he gets it in return too! ✅ Has interacted with other dogs: - Regularly interacts with other Greyhounds - Has met a little West Highland Terrier and Italian Greyhound. Lucky was a little pushy to start but did settle once the novelty wore off. - He would be suited to other Medium-Large breed dogs - Lucky will need very slow, patient, and gradual introductions when meeting any new dogs ✅ Good with older children: - Lucky has only interacted with older kids - He can excited however (new friends! new friends!) and jump. Once he is told No he will settle. Continued training with this will help him learn. Lucky has lived in a kennel environment all of his life, so hopes his new family understand he will need a little time and patience to settle into his new world. If you think you should be so lucky, enquire about our Lucky aka ""Phantom Ghost"" below!","lucky-1",""
"2019-05-01","Hunter Valley (Maitland/ Muswellbrook/Newcastle/Forster)","956000006793938","Big Boy","2025-04-07","MALE","","Gold On Black may be all the rage fashionably, but our Big Boy, former Race Name ""Gold On Black,"" is even more trendy to have in your possession! This beautiful, sleek and dapper lad will make you the talk of the town! ✅ Big Boy is a nice boy ✅ Very social with people and happy to be handled ✅ Patient Big Boy sits in the car/trailer with no issues and is happy to just chill ✅ Big Boy has interacted with older kids. As long as they don't touch his food - he likes them! Big Boy loves to be king of the castle, so would prefer to be the only hound in the house At 35kg, Big Boy would be suited to an experienced dog owner And being the Big Boy that he is, Big Boy is very strong on lead and would need an adult walking him Like most men, Big Boy loves his food! - and is quite protective of it too. So he will need to be left alone when eating to avoid any resource guarding behaviour. If you would like to ring in the new year in style, enquire about Big Boy aka ""Gold On Black""","big-boy",""
"2017-12-01","Northern Rivers (Grafton, Lismore, Casino)","956000009568225","Luna","2025-04-07","FEMALE","","Check out the pretty girl we have for you! You won't regret meeting the gorgeous Luna (former Race Name: Marion's Regret). We're not sure what Marion was regretting because it certainly wouldn't be this perfect lass: ✅ Socialite Luna looooooves people! She seeks out interaction and attention. But she definitely knows how to make you feel appreciated and loved back. ✅ Helpful Luna jumps in the car herself and travels very well - so get ready for some road trips! ✅ Luna the Lady is a lovely house guest: she is very clean in her kennel, doesn't chew her bed, and doesn't bark. ✅ Loopy Luna does commit zoomies and thoroughly enjoys them! ✅ She also loves to chase toys so get your throwing arm ready! ✅ Ever the investigator, Luna is also more than happy to roam the yard and inspect all the news and smells. ✅ Even Lunas need downtime, and she does love nothing more than sitting on her couch on the veranda, surveying her lands and taking in the fresh air and vitamin D. ✅ Great with kids. Luna frequently interacts and is fine with children aged 5+ years. ✅ Good with other dogs: - Luna was a little shy at first when she met a small Italian Greyhound. She had no issues, just a bit standoffish. However she did soon settle and was fine. - Free-ranges in the yard with a male Greyhound housemate. - Regularly interacts with other Greyhounds. - She didn't like when dogs got in her face (I think we can all appreciate a bit of personal space!) but settled and was able to play and interact. - Luna would need very slow, gradual introductions to any new dogs or potential doggie housemates Yes, she does appear to have a massive tongue! This fair-haired maiden turns 6 years old very soon! How convenient - you can throw both a ""Welcome To Your New Home"" AND ""Birthday"" party for her 😉","luna-6",""
"2020-02-01","Northern Rivers (Grafton, Lismore, Casino)","956000007833930","Ruth","2025-04-07","FEMALE","","Do you need a friend? Did you know the name ""Ruth"" means Friendship or Compassionate Friend? Well our Ruth (former race name Anamaya) certainly lives up to her name!! ✅ Very friendly and loyal ✅ Loves people and receiving their attention ✅ Will only make noise if can see things going on (it's surely exciting stuff happening?!) Ruth was excited when she met a Chihuahua (new friend!!), but did settle. She has the potential to be small dog friendly with more exposure. She would need very slow and gradual introductions to any potential small dog housemate. Ruth is an energetic and enthusiastic lass so would love lots of walks and adventures with her people! If you want the prefect friend in your life - Ruth is looking to find hers too! Why not give this friendship a go?","ruth",""
"2017-12-01","Northern Rivers (Grafton, Lismore, Casino)","956000009416392","Maya","2025-04-07","FEMALE","","Every sunset brings the promise of a new dawn - and we have provided just that!! Maya aka ""Dawn's Dream"" will be the true light of your life! ✅ Lovely and sweet girl ✅ Very placid with a gentle temperament ✅ Loves people - especially if they're giving her pats and cuddles! ✅ Walks well on lead so will make a great walking or adventure companion ✅ Maya loves a nap and will need a cosy, warm bed or lounge to charge up on ✅ Good with small dogs but would still need slow, very gradual introductions to any new dogs: - Maya has met a little West Highland Terrier, gave a nice, polite sniff. Disengaged easily. Didn't care too much after that (was far more interested in her environment!) - Maya was a little pushy at first with the small Italian Greyhound she met. But once she had a sniff she was able to disengage. - Maya also lives with a Whippet Maya might be better suited to an older person who is home more often than not to keep her company Maya does suffer from Pannus and will require ongoing treatment. This is easily managed and the GAP team will always provide advice and answer any questions or concerns you may have. This sweet sunshine will be turning 6 in December. Will you welcome a new dawn into your life and help Maya aka ""Dawn's Dream"" celebrate her impending birthday?","dawn-4",""
"2019-04-01","Hunter Valley (Maitland/ Muswellbrook/Newcastle/Forster)","956000006810672","Tori","2025-04-07","FEMALE","","Looking to spruce up your abode? We have some styling tips: Simply add the stunning Tori aka ""Rattlin' Style"" into your house! You'll be all the fashion and talk of the town! This strikingly elegant and beautiful girl has other lovely qualities too: ✅ Very affectionate little lady who thrives on human companionship. ✅ Good with older children: - Tori currently interacts with children aged 6+years old - She is relaxed and calm around older kids. She recognizes their gentle and caring presence, and her natural instincts guide her to be extra gentle and patient. - Tori is the kind of dog who will offer a warm nuzzle or a gentle paw to her young humans, ensuring an unbreakable bond. ✅ Tori is a good, polite girl in her kennel. ✅ This clever lass has an understanding of appropriate conduct and is respectful of boundaries. ✅ Good with Medium-Large breed dogs: - Regularly interacts with other Greyhounds. - Tori interacts best with male Greyhounds. - She would need very slow, gradual introductions to any new dogs. ✅ Tori loves her toys! Watching her play is a joy in itself. Her evident fun and energy is contagious! - so both Tori and you can have a grand old time! Tori will need a fully fenced yard. Tori can sometimes Resource Guard her food, so it is best if she is fed separately and left alone to eat her dins. If having a devoted dame in your life sounds like a pretty picture, then Enquire or Apply to Adopt Tori (Rattlin' Style) to style up your home 😉 She may just improve your life and happiness too!","tori-4",""
"2018-04-01","Hunter Valley (Maitland/ Muswellbrook/Newcastle/Forster)","956000009589911","Bago","2025-04-07","MALE","","🐾 Meet Bago, the Stylish Black Greyhound in Search of His Perfect Home! 🐾 Hey there, awesome folks! I'm Bago, a fashionable black Greyhound with a heart full of love, on the lookout for my forever family. I'm all about cozying up on a couch to call my own. Just imagine me, the epitome of style, lounging in comfort, and enjoying every moment of relaxation. Having a spot to call mine would be a dream come true! When it comes to making new friends, I'm a social butterfly. Meeting new people brings me so much joy, and I can't wait to shower you with affection. Let's embark on incredible adventures together and create a bond that'll last a lifetime. Now, I'm eagerly waiting to find my forever home, where I can show off my impeccable fashion sense and bring endless love and warmth to your life. Are you ready to welcome Bago, the stylish black Greyhound boy, into your heart? 🐾 Bago is ready to bring love, style, and a whole lot of snuggles to your home sweet home! 🐾","bago",""
"2017-07-01","Central West (Bathurst/Dubbo/Coonabarabran)","956000009591988","Kyron","2025-04-07","MALE","","Introducing Kyron! Pictures say it all! This boy is a gem, he is quiet, gentle and sociable. Kyron gets along well with other dogs, he loves zooming in his yard with his mates and is well socialised with other breeds. Kyron loves being around people so a home where someone is around most of the time or another furry companion would be ideal. Book a meet today, you won't regret it!!","kyron",""
"2017-11-01","Northern Rivers (Grafton, Lismore, Casino)","956000009551915","Mick","2025-04-07","MALE","","Just like his namesake (Mick Dundee) this guy will provide you with lots of adventure, fun and laughs. He is a bit of a larrikin and also a ladies man. He would love to have a huge back yard to play in and if you go travelling don't forget to pack his bag as he would be a great companion on the road. But you will have to pack his toys as he loves to have a game with you and will even bring the toy back for you to throw again. Mick is a stud and he knows it, he is handsome and has just turned 4 years old so is past the puppy stage but still has lots of adventure left in him. If you think you would be the perfect companion for this guy send us a message and we will organise a meet and greet","mick-1",""
"2017-03-01","Central West (Bathurst/Dubbo/Coonabarabran)","956000004499510","Caeden","2025-04-07","MALE","","Hi everyone my name is Caeden. As you can see I'm a beautiful brindle boy looking for my perfect home. I am quite an active boy so my ideal home would be to someone who doesn't mind exercising me and spending a bit of time keeping me occupied. I am an alert boy and I like to know what is happening around me. I love socialising with my current family and am used to children and some other dogs. I am smart, well mannered and would love to join you in the adventures of life! I'd love to meet you and become your best mate.","caeden",""
"2019-08-01","Central West (Bathurst/Dubbo/Coonabarabran)","956000007855822","Marty","2025-04-07","MALE","","Hi I'm Marty, I'm a friendly and playful boy who would love to find my perfect home. I am moderately active and would suit a family with slightly older children who won't mind me chasing them around the yard. I have a few whippet buddies that I currently interact with so other dogs should be ok (depending on the dog). I enjoy pats and will really bond well to anyone willing to give me some attention. When you first meet me I might be a little quiet and tentative to engage with you but once I warm up you will feel the love! Give me a chance and organise a meeting, I'd love to get to know you!","marty",""
"2017-11-01","Central West (Bathurst/Dubbo/Coonabarabran)","956000009461635","Scamp","2025-04-07","MALE","","Hi my name is Scamp! As my name suggests I am a mischievous but likeable boy (a big goof really). I am not naughty but just a bit of a character. I love playing and getting stirred up, I will run around and engage in play with you. I am a big boy with a big roman nose which may not appeal to everyone but I think I'm pretty handsome! I do enjoy a bit of exercise so someone a little active or an active family with older children would be perfect. I enjoy people and getting attention, am happy go lucky and would make a great companion, all I need is a chance! If you are interested in adopting or even fostering me apply and the team at GAP can organise a meet and greet.","scamp",""
"2017-12-01","Central West (Bathurst/Dubbo/Coonabarabran)","956000009591426","Rocky","2025-04-07","MALE","","Just like his namesake in the movies Rocky could be your favorite underdog! Rocky is outgoing and friendly, loves pats and being spoilt by his human companions. He would suit a home that is moderately active as he likes a bit of a run and zoom around the yard. Rocky will really bond with his new owner and become a loyal companion. He has been socialised with his little pug friend but does require a little time when meeting new friends. If you have a bit of time for a new friend and are looking for a diamond in the rough apply to meet Rocky today!","rocky-9",""
