"DATEOFBIRTH","LOCATION","MICROCHIPNUMBER","NAME","RECORDEDDATE","SEX","SPECIFICNEEDS","TEXT","URLNAME","WHATWEHAVENOTICED"
"2021-09-01","Riverina (Wagga, Temora, Gundagai, Griffith)","956000013024094","Rex","2025-07-10","MALE","","Rex is a handsome energetic and confident boy with a playful spirit and a heart full of love. He thrives on human companionship and will be a loyal shadow to his forever family—whether lying by your side, working alongside you, or joining in on daily adventures. Rex is housetrained, loves attention, and soaks up every pat and cuddle you can give. He would prefer to be the only dog in his new home, where its his time to soak up all the love. A large yard or acreage would be ideal for his zoomies, and he’s happiest with regular walks and space to run, then rest outside during the day for workers. Best suited to a home with an active person, couple or family with older kids (7+), someone home for some of the day, Rex is ready to bring joy, companionship and loyalty into your life. He's looking though the back door right now ready to come inside! 😍","rex-5",""
"2021-05-01","Riverina (Wagga, Temora, Gundagai, Griffith)","956000007420601","Macca","2025-07-10","FEMALE","","This is Macca! What a sweetheart; a friendly and happy girl who will steal your heart. Macca is full of fun and playfulness—she loves toys, playtime, walks, pats, cuddles, as well as quiet downtime with her humans. She's good with other dogs (including a labrador buddy) and would thrive with a loving family with older kids or with a couple who can give her the time, attention, and love she deserves. Macca is more than just a pet—she’s a loyal companion who will return your love tenfold. If you're looking for a devoted best friend with a wagging tail, a soft heart and a skip in her step, Macca's your girl!","macca-3",""
"2020-11-01","Riverina (Wagga, Temora, Gundagai, Griffith)","956000007467036","Snip","2025-07-10","FEMALE","","Snip, Snippy, Snipper dog....she's one of a kind. Such a pretty girl with her white nose, chest and socks and even a beautiful little mane of hair down the back of her neck (a whorl of hair that sticks up), making her a very special girl indeed. Snip is a darling; kind and affectionate, and just loves loving you. She is also playful, friendly, and loves her food - she will eat anything you put in front of her! Luckily she loves her walkies to keep her trim, playing in the yard with her toys or throwing/kicking a ball with her. Snip is a good traveller and loves going in the car, off on adventures! Snip would suit an active family with older kids 10+ or a couple with a backyard to play in and time to spend with her. Although Snip is used to the whippets and terriers, she would probably be best as an only dog or with a larger male dog or greyhound. She would suit a full time worker household.","snip-2",""
"2019-06-01","Riverina (Wagga, Temora, Gundagai, Griffith)","956000007842424","Julie","2025-07-10","FEMALE","","Miss Julie is a playful, friendly girl who loves her toys, a run around with the other dogs (retired greyhounds and Jug), a splash in her clam shell pool and just being around people and quiet kids 10+, not too rambunctious. She's a bit of a character, loves to show off but she's not over the top, just a happy girl! At 6 she hasn't lost energy but slows down faster and rests longer, especially as she is learning the comforts of retired life! Julie has grown up on the farm and has come into town life ready for her new home. She has taken to a nice cosy bed on the floor and loves being on the patio as well on the warm nights. She would suit a quiet household, and someone with the time to get to know her, take her for a walk and have a bit of playtime in the morning, especially if you are going off to work. Some toys, an outdoor bed, pool, sandpit or another dog friend will keep her company for the day, plus plenty of rests. Someone home more often than not would be perfect. She's easy going and not worried by pet birds, cats or little fluffy dogs. Just a sweetheart ready to relish retired life. 💗","julie-7",""
"2020-02-01","Central West (Bathurst/Dubbo/Coonabarabran)","956000007373972","Tony","2025-07-10","MALE","","Tony is a barrel full of laughs, love & fun! This big goof ball loves to run, play & chase. He is an active boy with a spirit to match! He would love to find a home with older active children he can run around with in the backyard. Potentially another grey or large breed of dog to play with as well. He is a confident boy who doesn't shy away from much. Tony is ready to find his perfect family! Reach out to meet him today!","tony-6",""
"2024-01-01","Riverina (Wagga, Temora, Gundagai, Griffith)","956000015766386","Sherman","2025-07-10","MALE","","Meet Sherman. Mr. Personality Plus Pup! What a beautiful friendly young lad, still a goofy puppy but has an easy going and laid back nature, a little shy at first but very friendly once he's met you. He loves being out and about, going to the vet and travelling in the car. He just loves the kids 7 and 11 years old, still learning not to jump up when he gets excited seeing them, and loves to go on walks with them. He is very good on the lead. Sherman is respectful of the household cat and is not quite sure what to make of the Maltese but just follows him around anyway! Very curious and inquisitive. Sherman loves playtime, pats, walks and new adventures. He's still learning about life and is best suited to an experienced dog/greyhound owner to continue his education, positive experiences and guidance to continue being the beautiful, loveable companion he is into adulthood. What a journey ad privilege to have the chance to grow with him. 🐾🐾","sherman",""
"2021-10-01","Southern NSW/ACT (Bulli, Nowra, Goulburn, Canberra)","956000012865177","Dotty","2025-07-10","FEMALE","","This lovely girl gets along with all people and all dogs big and small. She is very relaxed and easy going. She is confident and social, great walker on the lead and happy to meet new friends. Laid back is the best way to describe Dotty.","dotty-3",""
"2022-12-01","Western Sydney (Londonderry)","956000015732102","Shay","2025-07-10","FEMALE","","Shay is a cheerful and excitable girl looking for a new place to call her own. She is a very friendly and affectionate girl. Shay lays in your lap and even roaches on you, hoping to get all the cuddles from you! We think it's just adorable! Shay would suit a backyard and an active lifestyle. She is cheeky, playful and can live with another greyhound/medium to large dog. She loves toys and all things fun, so a home with kids who could keep her entertained would be a great match! She doesn't mind spending some time alone so part time/full time workers could be suitable after she settles into pet life. She has a great drive for training when treats are involved so an owner who enjoys training and teaching dogs valuable skills would be a great fit for Shay! Shay is available at Western Sydney's adoption centre.","shay-5",""
"2018-10-01","Western Sydney (Londonderry)","956000006674959","Rooster","2025-07-10","MALE","","COCK-A-DOODLE-DO! Wake up and come and meet your new best friend! We have a very special Rooster looking for a new nest. This handsome chook is happy to rule the roost by himself for longer hours alone, or share a home with another likeminded dog (big or small). Rooster would be more than happy to share his coop with another dog, but would also be a self-sufficient in an apartment on his own, of course a backyard is welcome too! He might not be a young spring chicken anymore, but we think that makes him a perfectly mature, calm, and well mannered man. Whether it's sunbaking or sitting in the office, Rooster has a very special nature you will instantly feel the calm energy of upon first meeting him. This good looking Rooster will be a fantastic addition to your coop! Rooster is having a clucking good time at the Western Sydney adoption centre but is looking forward to meeting you!","rooster-3",""
"2021-08-01","Western Sydney (Londonderry)","956000007419749","Universe","2025-07-10","FEMALE","","Universe is the best girl, well, in the universe! This sweet and gentle girl is a stair-climbing, affectionate, and confident girl. She is absolutely wonderful to be around, but at the same time doesn't mind stints of being left alone. We think she'd suit apartment life, as she has a well-rounded and confident nature. Small dogs, big dogs and even cats are welcome to apply to be her new best friends, too! She is very food and praise motivated, loves to lean into you and is an engaged, smart girl! Universe is available to adopt at the Western Sydney adoption centre.","universe-1",""
"2021-07-01","Western Sydney (Londonderry)","956000011712426","Bozo","2025-07-10","MALE","","Bozo is a tall, shy, and gentle boy. He might be big and tall but he has a quiet, soft and wise personality. If you're looking for a very gentle giant, who loves to lean on you and look up at you with puppy dog eyes, Bozo is the perfect match. Bozo is such a gentleman, especially around other dogs. He is a calm, reserved boy who would suit a home who can build up his confidence. A quiet, understanding owner who is interested in helping shy dogs become the best confident version of themselves, would be the perfect fit for our gentle giant, Bozo. Come and meet him at the Western Sydney adoption centre.","bozo-2",""
"2022-02-01","Western Sydney (Londonderry)","956000014693020","Linda","2025-07-10","FEMALE","","Linda's my name and being cute is my game! I'm a gentle, friendly and happy girl, and I'm so ready to meet you! I have spent time around small dogs and greyhounds in my time, and would happily slot right into a multi-dog household. I'm walked everyday around the streets that I live on, and love getting pats from the neighbours, families and children. I might even stop for a coffee on the main drag! Honestly, I think you're going to just LOVE me, like everyone else does! Come and meet me at the Western Sydney adoption centre!","linda",""
"2023-02-01","Western Sydney (Londonderry)","956000015618165","Skinney","2025-07-10","MALE","","Hi, I'm Skinney, I'm a cute young boy with cute markings! I walk nicely on the lead and can be shy when I first meet you. I promise I'll be your new best friend once we get to know eachother! As for what my perfect forever home looks like, I'd love a kind and gentle home, just like me. Maybe some older kids to throw ball, and a small yard to call my own? I could also live with a gentle likeminded doggie friend the same size as me. I'm a really sweet gentle boy, come and meet me at the Western Sydney adoption centre!","skinney",""
"2016-09-01","New England","956000004294063","Liv","2025-07-10","FEMALE","","Liv is a beautiful senior greyhound, she is a quiet, gentle soul who radiates calm and kindness, and she’s looking for a peaceful home where she can spend her golden years surrounded by love. Liv still has a sparkle in her eye and plenty of energy for playtime. She adores gentle pats, slow strolls, and curling up beside her humans for quiet companionship. Liv is the kind of dog who will rest her head on your lap and make you feel like the most important person in the world.","liv-1",""
"2017-08-01","New England","956000009573776","Banjo","2025-07-10","MALE","","Banjo is a beautiful older gentleman with a sprinkle of grey wisdom on his cute face. At nearly 8 years old, Banjo may be entering his golden years, but don’t let that fool you—he’s still full of life, love, and the occasional burst of playful energy. He’s a sweet, affectionate boy who adores human company and thrives on gentle attention. Banjo is happiest when he’s curled up beside you, soaking in the quiet moments, or going on a leisurely walk. Banjo is calm, well-mannered and is looking for a loving home where he can enjoy the simple pleasures: a soft bed, a warm lap, and a family to call his own.","banjo-7",""
"2021-04-01","Western Sydney (Londonderry)","956000011703980","Owen","2025-07-10","MALE","","Ohh - it's OWEN! Owen is a calm and sweet boy, gentle and confident boy. He is soft and loving around other dogs including small dogs and would be happy to join a multi-dog household. This lovely gentle lad is all things laid back - non jumpy, calm and soft natured. Owen would prefer a townhouse/courtyard to call his own and would suit many home types due to his absolutely lovely personality! Available at Western Sydney Londonderry adoption centre!","owen",""
"2021-02-01","Northern Rivers (Grafton, Lismore, Casino)","956000007438036","Stories","2025-07-10","FEMALE","","Meet Stories 🐾 💕 Say hello to Stories, a sweet and affectionate girl who's ready to begin her next chapter—with you! This friendly lady is a total social butterfly who gets along beautifully with both dogs and cats. She’s always happy to make new friends and brings a gentle, joyful energy wherever she goes. Stories loves her toys 🎾, adores her treats 🍖, and soaks up affection like sunshine ☀️. Whether she’s having a play session or just leaning in for cuddles, she’s happiest when she’s close to her humans. If you’re looking for a loving companion who’s good with all creatures and full of fun and affection, Stories could be the perfect addition to your family. Let her bring some love—and a few tail wags—into your life!","stories",""
"2021-01-01","Northern Rivers (Grafton, Lismore, Casino)","956000007358607","Daisy","2025-07-10","FEMALE","","Meet Daisy 🌸🐾 She is a gentle and loving girl who’s ready to find her forever home. With her soft nature and kind eyes, Daisy will quickly win your heart. This lovely girl gets along beautifully with dogs of all sizes, and she’s a great little traveller—calm and content on car rides. She also walks beautifully on the lead, making strolls with her a breeze. Daisy can be a bit nervous in new environments, so she’s looking for a quiet, calm home 🏡 where she can feel safe and settle in at her own pace. Once she’s comfortable, she truly shines—especially when there are pats and cuddles on offer. She's a sweetheart who just needs a little time and a lot of love. 🌼","daisy-21",""
"2019-05-01","Northern Rivers (Grafton, Lismore, Casino)","956000006805067","Sam","2025-07-10","MALE","","Say Hello to Sam 🐶 Meet Sam, a sweet and easy-going boy with a playful heart and a gentle soul. This chilled-out pup is looking for a loving home where he can share his big heart—and maybe a few treats! Sam is fantastic with children and gets along well with other dogs, making him a great fit for a family home. Whether he's lounging around or engaging in a game, Sam is happiest when he's with his humans—no matter their size! He’s got a playful side and loves to be involved in the fun, but he also enjoys a nap in a sunny spot. Treats are a big motivator for this handsome guy, and his friendly, happy nature makes him a joy to have around. If you're looking for a relaxed but playful companion who gets along with everyone and loves being part of the family, Sam might be the perfect addition to your home.","sam-11",""
"2022-03-01","Northern Rivers (Grafton, Lismore, Casino)","956000011646777","Zane","2025-07-10","MALE","","Say hello to Zane! 🐾 Say hi to Zane, a lovable boy with a bright personality and a constantly wagging tail! Zane is the kind of dog who takes life in stride—always happy, always friendly, and ready to make new friends wherever he goes. Zane gets along beautifully with dogs of all shapes and sizes. Whether he’s meeting other Greyhounds or mingling with different breeds, he’s calm, polite, and loves being part of the action. Busy environments? No problem for Zane! He takes everything in with a relaxed attitude and copes well with new places, people, and experiences. He’s curious, confident, and always up for a new adventure—especially if there are treats involved (his favourite!). Zane would thrive in a home where he gets to be part of the fun and share his joy with others. If you’re after a gentle, friendly companion who brings sunshine wherever he goes, Zane might just be your perfect match.","zane",""
"2019-01-01","Northern Rivers (Grafton, Lismore, Casino)","956000005105705","Sambo","2025-07-10","MALE","","Meet Sambo!! Say hello to Sambo, a handsome boy with a heart as big as his stride. This lovely boy is looking for his forever home, ideally somewhere with pet-savvy people who understand his unique charm. Sambo travels like a pro and is always up for a road trip, settling in quickly whether it’s a short drive or a longer journey. He can be a bit strong on the lead when he first sets off (he's just excited!), but he settles down nicely once he gets going. Friendly and affectionate, Sambo enjoys meeting people and absolutely loves pats. He’ll happily lean in for attention and affection. He's great with medium to large dogs and enjoys the solo life with his humans. If you’re looking for a gentle soul who’s ready to settle into pet life, Sambo might just be your perfect match.","sambo",""
"2023-01-01","Western Sydney (Londonderry)","956000014503637","Nettie","2025-07-10","FEMALE","","Little Nettie is a SUPER playful and goofy girl, who loves toys, doing zoomies, and loves bouncing around the adoption centre, known to play bow at people and be an entertaining little thing! She would be the perfect fit for a family looking for a greyhound with an energetic, playful side! Nettie is a complete cuddle bug, super friendly to all, and loves to jump on our couch and request a cuddle. She could suit longer hours alone, in a unit apartment or a house with yard, as she's happy where ever she goes as long as she's entertained! She would suit a home with a dog of any size, big or small, pending they're ready for robust play sessions and who wants a greyhound to entertain their current dog. She has boundless energy, making her a super fun addition to a home with kids or an active dog at home. Being young, Nettie would thrive with a good routine and an active lifestyle. Nettie is available at the Western Sydney adoption centre.","nettie",""
"2021-05-01","Northern Rivers (Grafton, Lismore, Casino)","956000007420571","Kenny","2025-07-10","MALE","","Meet Kenny 🐾🎾 Kenny is a sweet, happy-go-lucky Greyhound who’s always up for fun and affection. He adores children, gets along great with other dogs, and has a playful side—especially when toys are involved! This laid-back boy is also a big fan of pats and gentle attention from his humans. While Kenny can take a little time to settle into new environments, once he feels at home, his loving and easy-going personality truly shines. He travels well in the car and is happy to go with the flow, whether that means playtime, walk time, or just hanging out by your side. If you're looking for a gentle companion who brings joy, fun, and a whole lot of love, Kenny could be your perfect match. He cannot wait to be your new best mate💙","kenny-7",""
"2021-05-01","Northern Rivers (Grafton, Lismore, Casino)","956000011663662","Elvi","2025-07-10","FEMALE","","Meet Elvi – Graceful, Gentle, and Full of Love 🐾💕 Elvi is a lovely lady with a peaceful presence and a heart made for companionship. She walks beautifully on the lead, making her the perfect partner for a quiet stroll, and she settles in well once she’s familiar with her surroundings. Elvi adores children and gets along well with other dogs, making her a wonderful addition to a family home. While she’s not fussed about toys, what she truly loves is being close to her humans—whether it’s gentle pats, quiet company, or just being nearby, Elvi thrives on connection. If you're looking for a calm, sweet-natured companion who will quietly make your house feel more like home, Elvi might be the perfect fit. 💗","elvi-4",""
"2021-05-01","Northern Rivers (Grafton, Lismore, Casino)","956000007430495","Bell","2025-07-10","FEMALE","","Meet Bell 🐶 Bell is a beautiful girl with a gentle soul and a heart full of love. She may be a little timid when she first meets you, but give her a little time and patience, and you'll see her blossom into a warm, affectionate companion who loves her pats and cuddles. Bell is wonderful with children and gets along well with other dogs, making her a lovely addition to a family home or a multi-dog household. She travels like a pro and walks beautifully on the lead, always happy to trot along by your side on gentle adventures. Bell’s quiet charm and sweet nature are sure to steal your heart. 💖","bell-19",""
"2015-12-01","Western Sydney (Londonderry)","95600000","Nina","2025-07-10","FEMALE","","Nina is a beautiful girl in her golden years. This golden lady is ready to snooze on your couch, receive treats for being a princess, and accompany you on trots around the block. Nina is a sweet and gentle girl who can't wait to meet you. Despite not yet having been a pet, Nina has all the love to give, and is eager to learn along side you all the spoils of pet life! Golden girl Nina is available at Western Sydney.","nina-2",""
"2023-02-01","Southern NSW/ACT (Bulli, Nowra, Goulburn, Canberra)","956000014945074","Kyle","2025-07-10","MALE","","Kyle is a beautiful affectionate and social boy. He is great company and very friendly. This young boy knows his name, comes when he is called in open spaces and gets along with everyone.","kyle",""
"2020-02-01","Western Sydney (Londonderry)","956000012226132","Silas","2025-07-10","MALE","","*Silas is in a foster care home - reach out to the team to meet him if you think he's perfect for you!* Silas is a gentle, loving boy, who spends his days wrapped up in blankets with a pillow under his head on the couch in his foster home! He is quiet and reserved however is showing snippets of his brave personality every day. He loves cuddles and sniffing around the backyard, and going on walks with his carers. He's gentle, non jumpy, affectionate and calm. Silas would prefer a laid back life in suburbia, with patient and laid back owners. A calm dog friend or calm children would also suit Silas, as he learns to be confident in new places/new experiences. He is an absolutely charming, gentle, albeit nosey fellow who will follow you around making every moment special. Silas is available at Western Sydney's adoption centre.","silas-1",""
"2019-12-01","Northern Rivers (Grafton, Lismore, Casino)","956000012252969","Max","2025-07-10","MALE","","Introducing Max 🐾 Max is a handsome, independent greyhound with a calm and loving nature. He absolutely adores children and lives happily in a family home—he’s patient, gentle, and always up for a cuddle or a quiet companion by his side. Max gets along wonderfully with other dogs, making him a great fit for homes with canine companions. He's also a dream travel buddy, settling down comfortably during car rides, whether it's a quick trip to the park or a weekend getaway. While Max enjoys affection and time with his humans, he’s also perfectly content to have some quiet time alone, making him a great match for those looking for a balanced, low-maintenance friend. If you're looking for a loyal, kid-friendly, and easy going dog with a heart full of love, Max might just be your perfect match. 💙","max-16",""
"2017-11-01","Western Sydney (Londonderry)","956000005417174","Helmet","2025-07-10","MALE","","Put your Helmets on and come meet our snuggly, adorable guy, Helmet! Helmet's favourite past times are sleeping on the couch, being the bestest behaved boy, conquering stairs, being a low maintenance guy, no matter where he is. He's confident with new people, enjoys being out and about, happy for an active life, and enjoys spending time with other dogs here but doesn't rely on them or need them, making him a perfect solo pet for a family, or a home with another medium/large doggie pal! Helmet could easily thrive living solely indoors in a unit/apartment as he settles well indoors for periods of time, and can even walk up and down stairs so could suit a unit with lift or stair access. Helmet could possibly be most affectionate dog you'll ever encounter! With a heart full of love and a wagging tail that never stops, Helmet is on a mission to spread joy wherever he goes. Get ready to be smothered in love by this cuddly canine. Helmet's ready to meet you in Western Sydney!","helmet",""
"2023-04-01","Hunter Valley Mid Coast (Maitland/ Muswellbrook/Newcastle/Forster)","956000015862757","Rebba","2025-07-10","FEMALE","","Say hello to Rebba — your next best friend!🐾❤️ Rebba is a sweet and sociable greyhound who would thrive in a loving family home — especially one with part-time workers where she can enjoy both her own space and plenty of human company. She loves being around people and is always ready for cuddles, head scratches, and a friendly chat (greyhound-style, of course!). 👨‍👩‍👧‍👦💕 With her curious nature, Rebba enjoys exploring her surroundings and taking in the world around her. She’s great with other dogs and would be delighted to have a canine friend to share her days with. 🐶🐾 Whether it’s a walk around the block or a lazy afternoon in the garden, Rebba’s happy as long as she’s with her pack. If you’re looking for a gentle, affectionate, and people-loving girl who’ll slot right into family life, Rebba is ready to bring joy, snuggles, and a little curiosity to your home!","rebba",""
"2016-05-01","Hunter Valley Mid Coast (Maitland/ Muswellbrook/Newcastle/Forster)","956000005383219","Bee","2025-07-10","FEMALE","","Meet Bee — the perfect mix of couch potato and playful spirit! 🐾🛋️ Bee is a lovely older lady with a young soul who’s ready to settle into her forever home and claim the couch as her kingdom. 🐶💤 She’s a big ol’ cuddle bug who’ll happily snooze the day away… but don’t be surprised if she suddenly breaks into a sneaky zoomie or two! ⚡🏃‍♀️ Bee is VERY cat workable, meaning she’s fab with feline friends — she’d love a home with cats to chill with. 🐱💕 She also adores other dogs and enjoys their company, making her a true social butterfly despite her relaxed vibe. 🐕💖 One of Bee’s cutest quirks? She LOVES playing in a shell pool — splash and fun guaranteed! 💦🐾 If you’re after a sweet, easy-going companion who’s equal parts laid-back and playful, Bee is the one to welcome home.","bee-2",""
"2021-07-01","Hunter Valley Mid Coast (Maitland/ Muswellbrook/Newcastle/Forster)","956000007828643","Bridie","2025-07-10","FEMALE","","Meet Bridie!!🐾❤️ Bridie is a friendly and curious greyhound who adores both cats and dogs — she’s truly a social butterfly when it comes to furry friends! 🐱🐶 She’s big on exploring her surroundings, always eager to sniff out new sights and smells on her adventures. 🌿👃 Bridie has a little scar from a past injury, but she’s fully recovered and as lively and loving as ever. Her resilient spirit shines through in everything she does. ✨She would fit in perfectly to any household, including full-time workers. If you’re looking for a loving, friendly explorer who’s ready to share her heart and her nose for adventure, Bridie is the one!","bridie-2",""
"2022-04-01","Hunter Valley Mid Coast (Maitland/ Muswellbrook/Newcastle/Forster)","956000011647482","Chloe","2025-07-10","FEMALE","","Meet Chloe — the confident, friendly tail-wagger who loves her doggy pals! 🐾💖 Chloe is a happy-go-lucky greyhound with a big heart and an even bigger tail — because she just can’t stop wagging when she’s around other dogs! 🐕💨 She already lives with a small dog and absolutely loves having furry friends to share her days with. With her confident and friendly personality, Chloe is always ready to say hello, make new friends, and spread good vibes wherever she goes. Whether she’s meeting new pups on a walk or chilling at home with her canine buddy, she’s a true social butterfly. 🦋🐶 If you’re looking for a cheerful, outgoing greyhound who adores company and knows how to make friends easily, Chloe is the perfect match!","chloe-12",""
"2020-03-01","New England","956000007829662","Tiny","2025-07-10","MALE","","This goofy, fun-loving greyhound is always ready to brighten your day with his wagging tail and silly antics. Whether he’s zooming around the yard in a burst of joy or curling up for a cuddle on the couch, Tiny knows how to make every moment special. He’s a social butterfly who adores people and gets along well with other dogs. Tiny is also a bit of a comedian with his long legs and expressive face. Tiny would thrive in a home where he can stretch his legs with regular walks or playtime, then relax in a cozy spot with his humans. He’s gentle and sweet, making him a great companion for any family.","tiny-10",""
"2021-02-01","Hunter Valley Mid Coast (Maitland/ Muswellbrook/Newcastle/Forster)","956000011647354","Maizie","2025-07-10","FEMALE","","Meet Maizie — the ultimate chill and friendly companion! 🐾💖 Maizie is a super sweet greyhound who gets along famously with both cats and dogs. 🐶🐱 She’s the kind of easy going girl who’s totally chilled out and happy to just hang at home, soaking up all the love and good vibes. 🛋️✨ Maizie absolutely adores human company and thrives on gentle pats, belly rubs, and quiet snuggles. Whether you’re busy working from home or just relaxing on the couch, she’s right there by your side, happy as can be. 💕👩‍👧‍👦 She’s a true homebody who would fit perfectly into just about any household — whether it’s a bustling family or a calm, cozy setup. If you’re after a gentle, friendly companion who brings calm and warmth wherever she goes, Maizie is your girl!","maizie-1",""
"2020-01-01","Hunter Valley Mid Coast (Maitland/ Muswellbrook/Newcastle/Forster)","956000007357256","Garth","2025-07-10","MALE","","Introducing Garth… 🐾✨ Garth is a clever, confident greyhound who is happy to sniff out the world around him. 🌍👃 Whether it’s a leafy park, a busy street, or a quiet trail, Garth’s nose is always on a mission. He’s got a serious sniff game going on, taking in all in. But don’t let his independent streak fool you — when it’s time to wind down, Garth transforms into a total cuddle champ. 🥰 He’s a pro at snuggling up close, giving the best warm, cozy vibes after a long day of exploring. 🐕❤️ On walks, Garth is the perfect gentleman: calm, focused, and walking nicely on the lead. 🐕‍🦺 He’s happy to take the lead on where to sniff next, but always by your side. If you’re after a smart, easy-going companion who loves his independence but knows how to share the love, Garth is your guy and he can’t wait to meet you! 💙","garth",""
"2022-01-01","Northern Rivers (Grafton, Lismore, Casino)","956000012865246","Lola","2025-07-10","FEMALE","","🐾 Say hello to Lola! 🐾 Lola is a sweet, super chill greyhound who’s basically the queen of good vibes! She LOVES making new friends—whether they’re cats 🐱, dogs 🐶, or humans 🧑‍🤝‍🧑—she’s all about spreading the love and tail wags everywhere she goes. When it’s time to chill, Lola’s your girl. She’s perfectly happy snuggling up in her crate 🛏️or just enjoying some peaceful “me time.” No drama here, just pure calm and quiet vibes. ✨ And don’t even get us started on her lead manners! Lola walks like a total pro—no fuss, just smooth strolls like she’s born to be a runway model. 💃🦮 If you want a loving, easy-going bestie who’s down for cuddles, chill hangs, and making every walk feel like a breeze, Lola is your perfect match! ❤️","lola-5",""
"2020-09-01","Western Sydney (Londonderry)","956000007840940","Button","2025-07-10","FEMALE","","Cute as a button! Button is a playful, relaxed girl, known to roach and do an awkward greyhound sit! This cute quirky girl likes to sit in an open crate, happy to go with the flow, and is totally unbothered around her fellow greyhounds, making her a lovely laid back companion for anyone looking to add a greyhound friend to their life! She is a friendly girl who would suit older children with big dog experience, as she has some exciteable moments and loves to do a little zoomie! A home in a quiet area, with a yard for her to retreat to would be best suited. Button is a charming girl who would thrive with her humans around a bit more often, however settles well once she knows routine, as seen here at the centre. Button can be adopted from the Western Sydney adoption centre.","button-2",""
"2017-08-01","Western Sydney (Londonderry)","956000004495166","Xavier","2025-07-10","MALE","","Sweet gentleman Xavier is a placid, laid-back guy. Here at the adoption centre he is very friendly, gentle and loving. He will lean on you and show you lots of love. He loves a neck scratch and would enjoy a moderately active lifestyle, as he still has a pep in his step despite being middle-aged! He is laid back but still loves a little adventure out and about! He would enjoy a home with another M-L dog and shows off his laid back nature around other dogs. Xavier's best home would be a house/townhouse with a yard. He can walk up and down stairs and enjoys settling indoors with staff in the office. Xavier is at the Western Sydney adoption centre!","xavier-1",""
"2022-02-01","Southern NSW/ACT (Bulli, Nowra, Goulburn, Canberra)","956000007433557","Prince","2025-07-10","MALE","","This charming boy goes by the name of Prince! He will have no shame in coming to say hello to you when you meet him or walk in the door from work. After saying hello, he will settle down with you and bed in for the evening. He is a calm and relaxed boy that loves nothing more than a treat and some cuddles. Prince would fit right in to your household. He would suit a family with children, full time workers or a house that already has a M/L canine friend for him. He would prefer to have a backyard to get all of his zoomies out. He has not been tested around smaller pups and cats. If you think this cool, calm and collected pup could be your soulmate, do not hesitate to come and meet him 🥰","prince-10",""
"2019-11-01","Hunter Valley Mid Coast (Maitland/ Muswellbrook/Newcastle/Forster)","956000012226361","Lennox","2025-07-10","FEMALE","","Meet Lennox – The Ultimate Chill Buddy! 🐾 Say hello to Lennox, a super relaxed female greyhound who’s all about good vibes and great company. This lovely girl loves cats and is friendly with all dogs - making her the perfect furry friend for any pet-loving home. Lennox is the definition of a couch potato — she’d be happiest curled up beside you, soaking up all the love and quiet time. She’s calm, easy going, and totally chilled out, ready to bring some peace and comfort to your daily routine. This sweet soul also would adore little people and walks beautifully on the lead, making her a fantastic companion for family life. Lennox’s dream home: ✔️ Relaxed, loving family environment ✔️ Good with cats, dogs, and kids ✔️ Enjoys comfy couch time and gentle walks ✔️ Laid-back and easy to live with If you want a gentle, affectionate buddy who’s up for cuddles and calm, Lennox is your girl! 💖","lennox",""
"2020-10-01","Hunter Valley Mid Coast (Maitland/ Muswellbrook/Newcastle/Forster)","956000007450383","Maddie","2025-07-10","FEMALE","","Meet Maddie – Your New Couch Companion! 🐾🛋️ Say hello to Maddie, a sweet and soulful greyhound with a heart as big as her love for naps! 😴 With her calm, relaxed nature, Maddie is the ultimate couch potato who dreams of a cozy home where she can hang out with her favourite humans. 🧡 Maddie is incredibly affectionate and thrives on human company — she’ll happily curl up beside you while you read, watch TV, or just enjoy some quiet time. She’s great with other dogs 🐶 and has a gentle, friendly attitude toward cats too 🐱, making her a perfect fit for a multi-pet home. This laid-back girl is looking for a peaceful lifestyle with a family that appreciates the simple joys of cuddles, quiet walks 🚶‍♀️, and lots of lounging. If you’re after a loving companion who will bring calm and comfort to your days, Maddie might just be the one. 💕 Maddie’s ideal home: ✔️ Relaxed environment ✔️ Human snuggles always welcome ✔️ Good with cats and dogs ✔️ Happy to chill most of the day Let Maddie steal your heart — and your sofa! ❤️","maddie-4",""
"2021-06-01","Western Sydney (Londonderry)","956000007427277","Dee","2025-07-10","FEMALE","","Dee is a sweet calm girl. Dee's racing name was ""She's Glorious"" and we can see why! Dee walks nicely on lead, and has soft gentle interactions with other dogs. Dee travels nicely in cars, and has an overall quiet, gentle nature about her which we love! Dee is suitable to live with another Medium to Large dog friend, and due to her quiet nature, older children would be a perfect fit. Dee is available at Western Sydney.","dee-3",""
"2021-08-01","Western Sydney (Londonderry)","956000012970324","Bud","2025-07-10","MALE","","Bud is a handsome, confident guy, who walks well on the lead, and has a calm presence about him. He is a social butterfly who will definitely charm you! Bud is a playful, lovely boy. He cuddled the GAP team within moments of meeting them! Bud is relaxed around other dogs. Bud would be happy to live with dogs, big or small, and due to his lovely personality, we think he would suit a home with children. Bud is available at the Western Sydney adoption centre.","bud-15",""
"2021-08-01","Western Sydney (Londonderry)","956000013074882","Poppet","2025-07-10","FEMALE","","Hi, It's me, Poppet! I'm a sweet, pretty and happy go lucky girl. I'm happy during car travel, don't mind a crate, walk nicely on the lead, and happy to mingle with my greyhound friends. I am partial to a good zoomie, so I'd love a backyard to call my own. Yes, I will cuddle you and maybe lick your face, I just love people so much! I think you'll love spending time with me, as the GAP team have here! Did I mention I currently live with other greyhounds, too? Meet me at the Western Sydney adoption centre.","poppet",""
"2021-03-01","Western Sydney (Londonderry)","956000012863981","Canya","2025-07-10","MALE","","Canya is a cute guy, happy to settle where ever and go with the flow. He walks nice on lead, happy around new people and happy wagging tail where ever he goes. Canya would enjoy an outdoor area to call his home whether that's a courtyard or backyard. Super friendly and easy going, Canya would happily join a family with children or other dogs. He will lean on you and be forever grateful and love you forever for the adventures and treats that come his way! Canya is available at the Western Sydney adoption centre.","canya",""
"2019-12-01","Western Sydney (Londonderry)","956000012226848","Benny","2025-07-10","MALE","","B-B-B-B-Benny and the Pets! Benny is calm around other dogs and would be happy to live with a big or small dog pal. He travels well in the car, and happy to sniff and explore new places with you. He's laid back and happy to go with the flow. A backyard/townhouse would be best suited so he has some outdoor space to call his own. He’s a sucker for the occasional Elton John ballad playing in the background while he naps. Adopt Benny and get front row seats to unconditional love. Benny is available at Western Sydney.","benny-9",""
"2021-08-01","Western Sydney (Londonderry)","956000013069761","Belle","2025-07-10","FEMALE","","Hello, I'm Belle! I hope I caught your eye with my impressive ""sit"" that I can do. Did you know it can be tricky for greyhounds to ""sit""? Aren't I so smart. I am super affectionate and sweet, and pretty confident overall. I would be happy to live with another greyhound as I currently live with my brother greyhound! I can have moments of high energy and playfulness, so a family who can keep up with me when I'm having my fun moments would be best, that goes for little kids, too! Come and meet me at Western Sydney!","belle-3",""
"2021-08-01","Western Sydney (Londonderry)","956000013071218","Parker","2025-07-10","MALE","","Grab your Parker, step outside and come meet me down at Western Sydney! It might be chilly weather, but I promise we can jump through the puddles together, then cuddle up! I'm super confident and happy around anyone and everyone, so I could join a family with kids! I am great during car travel, happy go lucky, and have a case of the Helicopter Tail, where it goes round and round when i see you! I love other greyhounds and would be happy to slot into a home with another dog. I think I'll make a family very happy, enquire with Western Sydney to meet me!","parker-3",""
"2022-02-01","Western Sydney (Londonderry)","956000011656307","Rosko","2025-07-10","MALE","","Sniff sniff sniff....you seem like the perfect person for me! I'm Rosko, a calm, laid back boy. I'm friendly, happy go lucky and would love to be by your side for adventures to come! I'm described as really lovely, and i hopr you agree! I don't mind if I have another dog pal in my home, or even those little people you call children. I am a delight to have around and I hope you pick me to adopt! I can be adopted from the Western Sydney adoption centre. See you soon!","rosko",""
"2017-08-01","Hunter Valley Mid Coast (Maitland/ Muswellbrook/Newcastle/Forster)","956000009462053","Sadie","2025-07-10","FEMALE","","Say hello to Sadie! 🌸 Sadie is a cool, calm, and confident greyhound who knows exactly what she wants out of life — and that includes plenty of chill time 😌. She’s an independent lady who’s perfectly happy entertaining herself with a comfy bed 🛏️, a toy or two 🎾, and a quiet corner to call her own. She would suit a household with full time workers or with another chilled out dog. Relaxed and self-assured, Sadie takes new experiences in her stride. If you're looking for a low-maintenance companion who brings a calm presence and quiet charm into your home, Sadie could be the perfect fit 🐾💕","sadie-5",""
"2020-12-01","Hunter Valley Mid Coast (Maitland/ Muswellbrook/Newcastle/Forster)","956000007449362","Shakey","2025-07-10","FEMALE","","Meet Shakey! 🐾 Shakey is a lovable greyhound with a heart full of affection for humans and fellow dogs alike❤️. Always the initiator of cuddles and belly rubs, Shakey thrives on connection and companionship. Curious and adventurous, he loves exploring new surroundings and enjoys every walk — especially because he’s such a pro on the lead! 🚶‍♂️ He’d be happiest in a busy, lively home where there’s plenty going on and would be more than happy with another furry friend to share the fun 🐕🎉. If you’re looking for a gentle, sociable, and well-mannered greyhound to brighten your days, Shakey might just shake her way into being your perfect match!","shakey",""
"2020-04-01","Western Sydney (Londonderry)","956000012160999","Murphy","2025-07-10","MALE","","Murphy would love a backyard to perfect the greyhound zoomies in! He has a love for treats and fun times, and would fit in well with a family who enjoy an active, outgoing boy to spoil like the king he is! Murphy is still learning lots about the world and would suit an experienced owner who can help Murphy learn about the world around him. Available at Western Sydney!","murphy-1",""
"2021-10-01","Southern NSW/ACT (Bulli, Nowra, Goulburn, Canberra)","956000007423772","Max","2025-07-10","MALE","","Max is a beautiful dog who enjoys his days lazing around the backyard with his two older female greyhound friends. Max is smaller sized for a male weighing only 29kg Max is a great companion and would be perfect for a family with another large dog for him to be friends with. Max has been socialised around younger school age children and happily plays in the backyard with them. Max would make a great addition to your home and is perfect for full-time workers with a companion to hang with during the day","max-15",""
"2021-08-01","Western Sydney (Londonderry)","956000013070352","Hulk","2025-07-10","MALE","","Hulk is a gentle and loving boy, who will wander into your home like he's always been there! He has a confident, laid back personality, but don't you worry, he loves a zoomie when the squeaky toys come out! He is light on the lead, trotting happily beside you, and has a friendly, confident nature about him. Hulk is a very friendly, waggy tailed boy, He enjoys mingling with other greys, so a home with another greyhound buddy would be well suited! Hulk is available at Western Sydney!","hulk-2",""
"2021-08-01","Western Sydney (Londonderry)","956000013071454","Daisy (Western Sydney)","2025-07-10","FEMALE","","Pretty girl Daisy is excitable, confident, happy and outgoing. She is a delightful little girl who has a resilient and vibrant personality. Daisy would enjoy a townhouse, or backyard to romp around. Daisy hasn't been around those little people called children but we can tell her that she's so eager to please, that she will fit in anywhere! She likes mingling with other greyhounds and walks nicely on lead with other dogs. Daisy is available at Western Sydney!","daisy-20",""
"2023-03-01","Western Sydney (Londonderry)","956000015028544","Jenny","2025-07-10","FEMALE","","Jenny is a happy, confident girl with a bounce in her step, looking for her perfect forever home. Jenny dreams of a backyard, kids to romp around with, and maybe even a doggie pal! Jenny has a zest for life and would love an active, fun life with you. Her confident personality will see her thrive in a domestic setting, we think she will make a wonderful companion for many home types! Jenny is available at the Western Sydney adoption centre!","jenny-8",""
"2022-12-01","Southern NSW/ACT (Bulli, Nowra, Goulburn, Canberra)","956000015749699","Floyd","2025-07-10","MALE","","Floyd is a strapping boy who is super friendly and charming. He will come to you when called and loves to engage and be social. Floyd has lived with other greyhounds before and loves to play in the yard with them. He is also very affectionate and good with people of all ages. He has been around a semi rural setting and has seen various creatures, native and domestic, in his young life. He would be very good on his own, suiting full time workers or a busy family. Floyd loves to play with his toys and would fit right in to any household.","floyd-1",""
"2023-01-01","Southern NSW/ACT (Bulli, Nowra, Goulburn, Canberra)","956000014884903","Penny","2025-07-10","FEMALE","","Penny is a gorgeous young girl. She is a gorgeous pup looking to make the best memories with her forever family. With a very affectionate streak and social personality, she would be happy living with children and other dogs. Penny is good left on her own. She will love to greet her family at the end of the day with some snuggles and a treat.","penny-12",""
"2021-11-01","Northern Rivers (Grafton, Lismore, Casino)","956000013019922","Chris","2025-07-10","MALE","","Meet Chris 🐾 Chris is a laid-back, gentle soul with a heart of gold. This quiet and cruisy greyhound loves the company of other dogs and fits right in with calm canine companions. He’s the kind of dog who enjoys a good pat and some quiet time just as much as he enjoys stretching his legs on a leisurely walk—yes, he walks beautifully on lead! Chris is an independent boy who’s happy doing his own thing, but he’s always nearby if you’ve got some affection to give. He travels well, making him a great buddy for adventures or road trips, and his calm presence makes him an easy addition to just about any home. If you’re looking for a sweet, easy going companion who’s happy just being by your side (or snoozing somewhere nearby), Chris might just be your perfect match.","chris-4",""
"2021-06-01","Southern NSW/ACT (Bulli, Nowra, Goulburn, Canberra)","956000012956411","Jacob","2025-07-10","MALE","","Jacob is a sweet boy who is very confident and calm. He has lived in the house and has been living around small fluffy Maltese terriers. He likes everyone he meets and is great company. He loves kids and walks great on the lead in public. He would be well suited for a house with full-time workers and a backyard.","jacob",""
"2022-12-01","Northern Rivers (Grafton, Lismore, Casino)","956000015748571","Jeffrey","2025-07-10","MALE","","🖤 Meet Jeffrey – The Cool, Calm & Collected Companion 🐾 Introducing Jeffrey, a laid-back and independent greyhound who knows how to go with the flow. With his chilled-out nature and gentle confidence, Jeffrey is the kind of dog who settles quickly into new environments and takes life in stride 🛋️. He’s a dream to walk – no pulling here! 🚶‍♂️ Whether you're strolling through the neighbourhood or heading out for a day trip, Jeffrey makes every outing a breeze. He’s also fantastic in the crate and travels like a pro 🚗, making him a great choice for anyone who enjoys adventures or just an easy-going co-pilot. Jeffrey gets along wonderfully with other dogs 🐶 and enjoys their company without being overly needy. While he enjoys affection, he’s also quite content doing his own thing – the perfect balance of friendly and independent. 🐾","jeffrey",""
"2021-04-01","Western Sydney (Londonderry)","956000012970504","Cody","2025-07-10","MALE","","Cody is a vibrant, confident boy. Cody would suit a backyard or townhouse for his daily zoomies! Cody is happy to live with another dog big or small and has experience with little kids, too. Cody will happily show off his skills like being able to jump in and out of cars unassisted, and of course his puppy dog eyes...! Cody is available at the Western Sydney adoption centre.","cody-1",""
"2020-08-01","Western Sydney (Londonderry)","956000013071493","Stryder","2025-07-10","MALE","","Calm, happy, confident and gentle boy Stryder is looking for his perfect forever home. Stryder is a handsome blue boy, happy to go with the flow with you. Stryder enjoys life on the calm side but also happy to play with toys and go on walks if that's what his family are doing! A backyard or townhouse would be best suited to Stryder as he steps paws into his forever home for the first time. Available at Western Sydney!","stryder",""
"2022-05-01","Northern Rivers (Grafton, Lismore, Casino)","956000011705195","Ash","2025-07-10","FEMALE","","Say hello to Ash, a beautiful greyhound 💖 with a heart as soft as her sleek silver coat. Ash is a gentle soul who thrives in calm environments and loves the simple pleasures in life—like a good walk, a cozy nap, and the occasional burst of joyful zoomies around the garden! 🌀 Ash is a dream on the lead, walking gracefully by your side with perfect manners. She gets along wonderfully with other dogs 🐶 and enjoys their company, though she's equally happy to relax and recharge in a quiet corner. Her clean and tidy nature makes her an easy companion in the home. Whether she’s trotting beside you on a walk or chilling peacefully on the sofa, Ash brings a calm, loving presence wherever she goes 💕. If you're looking for a loyal friend with just the right mix of playful energy and peaceful vibes, Ash might just be your perfect match. ✨","ash-3",""
"2020-12-01","Northern Rivers (Grafton, Lismore, Casino)","956000007443590","Cedar","2025-07-10","MALE","","Introducing Cedar 🚗 🐾 Cedar is a calm and affectionate greyhound 💕 with a heart as soft as his beautiful coat. With a quiet, gentle nature, Cedar is a joy to have around the home – content to snooze peacefully by your side or go for a leisurely walk on the lead 🦮, where he shows excellent manners. He’s great with children and enjoys the company of other dogs 🐶, making him a wonderful companion for families or homes with existing pets. Cedar also travels well in the car 🚙, so he’s the perfect buddy for road trips, weekend getaways, or simply popping out for an adventure. If you're looking for a loving dog with a kind soul 💖, Cedar could be the one to steal your heart.","cedar",""
"2021-07-01","Western Sydney (Londonderry)","956000012863994","Charlie (Western Sydney)","2025-07-10","FEMALE","","Photogenic Charlie is known for her expressive faces, her pointy ears and her super friendly personality. Charlie enjoys spending time with other greyhounds here and would happily slot into a multi-dog home, or would be happy as a solo doggie. She has an amazing ability to settle and relax anywhere she goes, and is always seen laying down where ever she goes! Her love for down time sees her fit perfectly into our apartment testing, so we think she'd love to live indoors with you! She is a little snuggle bug but also does well during her solo times...making her a fantastic addition to many home types. Charlie is available at Western Sydney.","charlie-16",""
"2020-10-01","Northern Rivers (Grafton, Lismore, Casino)","956000007840359","Snorky","2025-07-10","MALE","","Meet Snorky! 🌍🐾 Snorky is a gentle soul with a heart full of adventure! This sweet greyhound loves to travel—whether it's a car ride to the countryside or a weekend getaway, he’s always up for the journey (as long as he's by your side). Snorky gets along beautifully with other dogs and children, making him a wonderful companion for families or multi-pet homes. Though a little shy at first, Snorky just needs a bit of time to settle in. Once he knows his person, his loving and happy personality shines through. He walks beautifully on the lead, taking in the world at a calm, steady pace, and enjoys exploring new places at your side. If you're looking for a loyal, travel-loving friend with a gentle heart and quiet charm, Snorky might just be your perfect co-pilot. ✨🐶🚗","snorky",""
"2023-01-01","Northern Rivers (Grafton, Lismore, Casino)","956000014960215","Tiger","2025-07-10","MALE","","Meet Tiger! 🐾 Tiger is a sleek, affectionate greyhound with a heart as big as his zoomies! Don’t let the name fool you—this gentle boy is all love and no roar. Tiger absolutely adores water, whether it’s splashing in a kiddie pool or enjoying a walk by the lake. His playful, outgoing nature makes him a hit with other dogs, and his excitement around children is infectious—he's always ready to make a new little friend! Tiger thrives in social settings and is happiest when he's part of the action. He loves cuddles just as much as he loves exploring, and his sweet, affectionate personality shines through in everything he does. If you’re looking for a loyal companion who brings joy wherever he goes, Tiger might just be your perfect match. 🐶💦❤️","tiger-12",""
"2022-08-01","Hunter Valley Mid Coast (Maitland/ Muswellbrook/Newcastle/Forster)","956000015731404","Tommy","2025-07-10","MALE","","Meet Tommy – The Tail-Wagging Bundle of Joy! 🐾🎉 Tommy is a happy greyhound whose tail never stops wagging! He’s a lovable guy who thrives on cuddles, pats, and playtime—always ready to share his infectious enthusiasm with everyone he meets. Tommy loves exploring new places and sniffing out adventures, making every walk an exciting journey. His joyful spirit and affectionate nature make him the perfect companion for anyone looking for a fun-loving, loving friend. If you want a happy, playful pal who’s always up for a cuddle and a romp, Tommy’s your guy!","tommy-18",""
"2021-11-01","Hunter Valley Mid Coast (Maitland/ Muswellbrook/Newcastle/Forster)","956000011663782","Horse","2025-07-10","MALE","","Say hello to Horse! 🐾💙 Horse is a wonderfully affectionate greyhound who absolutely loves children and thrives in a family environment. Having lived happily with other dogs, he’s super social and gets along great with his canine friends. With a curious and inquisitive nature, Horse loves exploring his surroundings and is always intrigued by new sights and sounds. His friendly, outgoing personality means he’s always ready to make new friends—both human and canine alike! If you’re looking for a loving, playful companion who’s great with kids and loves a bit of adventure, Horse is eager to join your family and share all the fun.","horse-1",""
"2021-09-01","Hunter Valley Mid Coast (Maitland/ Muswellbrook/Newcastle/Forster)","956000007433308","Spook","2025-07-10","MALE","","Meet Spook – Your Loyal, Cuddly Companion 🖤🐾 Spook is a gentle greyhound with a loving heart and a soft spot for cuddles. He gets along beautifully with both cats and dogs, making him a great addition to a multi-pet home. Spook would be perfectly suited to a retired person or someone who works from home—he loves having company and will happily curl up beside you while you go about your day. Calm, affectionate, and easy to please, Spook’s happiest moments are spent close to the people he loves. If you're after a quiet, cuddly companion who’ll be your shadow in the best way, Spook is ready to find his forever home with you.","spook",""
"2022-07-01","Hunter Valley Mid Coast (Maitland/ Muswellbrook/Newcastle/Forster)","956000007468067","Pam","2025-07-10","FEMALE","","Meet Pam – A Gentle Heart Looking for a Quiet Home 💗🐾 Pam is a soft-natured and gentle greyhound with a truly loving soul. She adores affection and will melt into you for cuddles, often leaning in for pats and staying close to soak up every bit of love. Calm and sensitive, Pam would thrive in a quiet household where she can feel settled. She’s the kind of companion who will quietly be by your side, offering comfort and warmth with her gentle presence. A perfect pup for someone looking for a new bestie. Pam will make a great companion inside and outside the house. She walks beautifully on the lead during adventures. If you’re looking for a sweet, affectionate girl who just wants a peaceful place to call home, Pam is ready to give you her heart.","pam-3",""
"2017-04-01","Hunter Valley Mid Coast (Maitland/ Muswellbrook/Newcastle/Forster)","956000004329221","Duchess","2025-07-10","FEMALE","","Introducing Duchess – A Gentle Soul with a Royal Heart 👑🐾 Duchess is a sweet and quiet greyhound with a calm, gentle nature. She’s lived peacefully alongside cats, chickens, and other dogs, and takes it all in her stride with grace and patience. While she may take a little time to settle into new surroundings, once she feels at home, her affectionate side shines through—especially when it comes to cuddles from children, which she absolutely adores. Duchess is a quiet companion who finds comfort in calm environments and the company of kind hearts. If you’re looking for a loving, low-key addition to your family who’s already used to life with a mix of animals, Duchess is ready to rule your heart (and your couch) with quiet charm.","duchess-1",""
"2021-10-01","Hunter Valley Mid Coast (Maitland/ Muswellbrook/Newcastle/Forster)","956000012867722","Rossi","2025-07-10","MALE","","Meet Rossi – The Laid-Back Legend! 🐾😌 Rossi is a super chilled greyhound with a relaxed nature and a heart full of calm. Nothing seems to bother this easy going guy—not even loud noises—making him a great match for busy households or city life. He gets along wonderfully with dogs of all shapes and sizes, always happy to say hello with a wag and a sniff. Rossi walks beautifully on the lead, taking everything in stride with quiet confidence and a mellow attitude. If you’re looking for a steady, sweet companion who’s as cool as they come, Rossi is ready to trot right into your heart!","rossi-1",""
"2022-11-01","Hunter Valley Mid Coast (Maitland/ Muswellbrook/Newcastle/Forster)","956000014811033","Snow","2025-07-10","MALE","","Meet Snow – A Cool Customer with a Warm Heart! ❄️🐾 Snow is a calm and confident greyhound who just needs a little time to warm up – but once he does, his friendly and happy nature truly shines. With a relaxed personality and an easygoing charm, Snow is the perfect companion for anyone looking for a laid-back friend with a steady heart. He walks beautifully on the lead and takes the world in his stride, showing quiet confidence wherever he goes. Whether he’s lounging in the sun or enjoying a gentle stroll, Snow brings a peaceful, positive presence to every moment. If you're after a loyal, chilled-out pal who’ll reward your patience with love and companionship, Snow is ready to melt your heart.","snow-4",""
"2021-11-01","Hunter Valley Mid Coast (Maitland/ Muswellbrook/Newcastle/Forster)","956000011657586","Duke","2025-07-10","MALE","","Meet Duke 🐾👑 Duke is a confident, affectionate greyhound who’s ready to win hearts and make himself part of your family! This social butterfly loves everyone he meets—he’s great with children, other dogs, and cats. His friendly nature and gentle confidence make him a joy to have around. Duke is full of curiosity and always up for a game or a cuddle. He’s eager to learn, loves to play, and thrives on interaction and new experiences. Whether he’s joining in family fun, making new furry friends, or soaking up affection on the couch, Duke does it all with a happy heart and wagging tail. If you’re looking for a loyal, loving companion who fits right in with the whole household, Duke is ready to be your new best friend!","duke-12",""
"2022-01-01","Hunter Valley Mid Coast (Maitland/ Muswellbrook/Newcastle/Forster)","956000007428319","Duke","2025-07-10","MALE","","Meet Duke – Your New Best Mate! 🐾👑 Duke is a bright and curious greyhound who’s always ready for his next adventure! With his engaging personality and zest for life, Duke makes friends wherever he goes. He absolutely lights up around new people—his tail wags, his ears perk up, and he can’t wait to say hello! Duke is also a smart cookie with impressive recall, making him a joy to take on adventures. He can be strong on the lead at times, especially when he's excited to explore, so he'll do best with someone confident and steady on walks. Whether he's exploring new places or snuggling up for a quiet moment, Duke brings a perfect mix of excitement and affection. If you’re after a fun, friendly, and loyal companion who’s always up for a meet-and-greet, Duke’s your guy!","duke-11",""
"2021-11-01","Hunter Valley Mid Coast (Maitland/ Muswellbrook/Newcastle/Forster)","956000011646996","Ollie","2025-07-10","MALE","","Say Hello to Ollie! 🐶💛 Ollie is a charming greyhound with a cute, chilled-out personality and a constantly wagging tail that shows just how happy he is to be around you! He’s grown up around pocket pets and knows how to be gentle with the little ones, making him a great fit for a home with pocket size animals. While Ollie is laid-back and affectionate, he does have a bit of strength when out and about—so he’ll need someone confident on the lead to match his enthusiasm for walks. Whether he's lounging around the house or exploring the great outdoors, Ollie brings a calm, happy energy wherever he goes. If you're looking for a sweet-natured, tail-wagging companion, Ollie could be your perfect match!","ollie-3",""
"2020-10-01","Hunter Valley Mid Coast (Maitland/ Muswellbrook/Newcastle/Forster)","956000011574978","Alfie","2025-07-10","MALE","","Meet Alfie! 🐾 Alfie is a handsome greyhound with a heart as big as his paws! This sociable guy adores the company of humans and loves making new friends—especially the big dog kind! With his bubbly personality and relaxed nature, Alfie is the perfect companion for a family looking for a gentle, easy-going friend. He’s fantastic with children, walks beautifully on the lead, and brings a calm, happy presence wherever he goes. Whether he's lounging in the sun or trotting alongside you on a stroll, Alfie is just happy to be part of the fun. If you're looking for a sweet, social pup with a heart of gold, Alfie’s your guy! 💛","alfie-8",""
"2021-06-01","Western Sydney (Londonderry)","956000007420393","Trip","2025-07-10","MALE","","Trip is sure to bring so much fun into his new home! 🏠 This guy is very confident and friendly, and he's been wonderful with all the new people he has met on his journey so far. He loves to play and have a run around, but also wouldn't mind a good scratch and a snooze. He knows his name well and loves treats, making him the perfect trainee for some new tricks! He has shown to be very polite with other dogs of all sizes, so he wouldn't mind meeting a canine friend to potentially go home with. Trip also walks great on lead and loves his walks, so he'd love to join you on outtings and adventrures. Trip is available at Western Sydney 🐾","trip",""
"2023-04-01","Western Sydney (Londonderry)","956000014886874","Dave","2025-07-10","MALE","","Hi, I'm Dave 😄 I'm looking for my new family and a place to call home! I'm super friendly and enjoy meeting new people when I'm out and about. I'm happy, confident and pretty easy going so I look forward to bringing lots of love and fun to the lives of my new family. I get along well with other dogs, and I don't discriminate! Big or small, I'd be happy to share my new home with another doggo of any size, pending a meet and greet. I'd be great with kids too! I'm lots of fun and enjoy playing and learning (I'll do anything for a treat!). Come and meet me at Western Sydney, I think I could be your guy!","dave-5",""
"2020-10-01","Western Sydney (Londonderry)","956000012247522","Ray","2025-07-10","MALE","","This handsome boy is a Ray of Sunshine🌤️ Ray is the total package! Social, sweet and confident. He absolutely loves meeting new people and greets everyone like an old friend! Ray walks well on lead and loves to explore, so he wouldn't mind joining you for an adventure. He gets along well with other dogs of all sizes too! So he would'nt mind sharing his new home with a friend or two, pending a meet and greet. If you're looking for a loving companion who will brighten your days, Ray is ready to light up your life! Meet him at Western Sydney.","ray-2",""
"2020-03-01","Hunter Valley Mid Coast (Maitland/ Muswellbrook/Newcastle/Forster)","956000007853074","Falcone","2025-07-10","MALE","","Meet Falcone 🐾!! Falcone is a striking greyhound with an independent streak and a relaxed outlook on life. He’s the kind of dog who’s happy in his own company but still enjoys a good walk and the occasional scratch behind the ears. This low-maintenance lad walks beautifully on the lead and loves a calm stroll where he can stretch his legs and take in the world at his own pace. Falcone gets along well with other large dogs and would be a great match for a home with a laid-back canine companion. Thanks to his independent nature, Falcone is well-suited to full-time workers – he’s content to chill out during the day and will greet you with quiet affection when you return home. If you’re looking for a relaxed and reliable mate to share your life with, Falcone might just be the one for you.","falcone",""
"2020-03-01","Hunter Valley Mid Coast (Maitland/ Muswellbrook/Newcastle/Forster)","956000007837935","Donald","2025-07-10","MALE","","Meet Donald – The Laid-Back Explorer 🐾🌿 If you're after a cool, calm, and collected companion, look no further than Donald. This distinguished greyhound has a relaxed nature and prefers to take life at a steady pace, one sniff at a time. Donald walks beautifully on the lead and enjoys leisurely strolls where he can take in all the sights and smells around him. He’s got a curious nose and an independent spirit, perfectly content doing his own thing while staying close to his trusted humans. He gets along well with larger dogs and would be happy sharing space with a chilled-out canine friend. Donald isn’t overly needy – he enjoys affection but also appreciates his alone time and would thrive in a calm, low-key home. If you’re looking for a gentle soul with a quiet confidence and a love for life’s simple pleasures, Donald might just be your perfect match.","donald-2",""
"2020-02-01","Hunter Valley Mid Coast (Maitland/ Muswellbrook/Newcastle/Forster)","956000007837824","Bruiser","2025-07-10","MALE","","Meet Bruiser – Big Heart, Bigger Tail Wags! 🐶💕 Don’t let the name fool you – Bruiser is a total softie! This happy-go-lucky boy is bursting with love and has a tail that never stops wagging. He’s always ready to greet you with a smile and a nuzzle, and he thrives on affection from his human friends. Bruiser is full of energy and enjoys his playtime, walks, and any chance to explore the world by your side. He’s been around children aged 8 and up and would do well in a home where he can continue building those bonds – he loves being part of the action! Whether it’s zoomies in the yard or cuddles on the couch, Bruiser brings a joyful spark to every moment. He’d be a wonderful match for an active family or anyone looking for a loyal, loving companion. Ready to meet your new best friend? Bruiser can’t wait to wag his way into your heart!","bruiser-4",""
"2018-10-01","Hunter Valley Mid Coast (Maitland/ Muswellbrook/Newcastle/Forster)","956000005106467","Maggie","2025-07-10","FEMALE","","Meet Maggie – Your Future Snuggle Buddy! 🐾 Say hello to Maggie, a sweet and gentle greyhound with a heart full of love and legs made for graceful strolls. This lovely girl is as affectionate as they come – she absolutely adores pats, cuddles, and being close to her people. Maggie is a dream on the lead and makes every walk a pleasure. She gets along well with other dogs and would happily share her space with a canine friend. Whether it’s a walk around the block or a cozy nap on the couch, Maggie is content just being near those she loves. While Maggie can be redirected around cats, she still needs a bit more work and supervision in that area, so a cat-free home would be best. If you're looking for a calm, cuddly companion who will melt into your side and brighten your days, Maggie might just be the perfect match!","maggie-17",""
"2021-11-01","Southern NSW/ACT (Bulli, Nowra, Goulburn, Canberra)","956000014799821","Suzy","2025-07-10","FEMALE","","Suzie is a beautiful quiet girl, she will come across a bit shy at first but will warm up quickly as she gets to know you. She has a lovely sweet nature and would do well living in something as small as a unit as long as she gets out for a walk. She is a delight to walk with and will grow with sweetness and affection the longer she is with you.","suzy-1",""
"2023-11-01","Northern Rivers (Grafton, Lismore, Casino)","956000017130786","Tuppy","2025-07-10","FEMALE","","Say hello to Tuppy! 🐾 Tuppy is a loving and gentle greyhound with a big heart and an even bigger love for cuddles. She gets along wonderfully with other dogs and absolutely adores children — always ready to share affection and enjoy their company.With a little patience, Tuppy is friendly with cats and has done well after a slow introduction. She’s a calm and adaptable girl who just wants to be part of the family. Tuppy travels well in the car and is happy to tag along wherever you go, whether it’s a day out or a cozy ride to the park. She’s affectionate, sweet-nature, and ready to find a forever home where she can share all the love she has to give. 💕","tuppy",""
"2020-08-01","Northern Rivers (Grafton, Lismore, Casino)","956000011711005","Ocean","2025-07-10","MALE","","Meet Ocean! 🌊 Ocean is a calm and cheerful greyhound with a heart as big as his name. He has an easy-going personality that makes him a joy to be around — relaxed, friendly, and always up for some gentle fun. Ocean adores the company of other dogs and gets along beautifully with his canine companions. He enjoys playtime just as much as a quiet nap, striking a lovely balance between fun and chill. He walks beautifully on the lead, making strolls a breeze, and he’s a dream in the car — happy to settle down and enjoy the ride. Whether you’re heading out on an adventure or just relaxing at home, Ocean is the perfect companion. He’s ready to flow right into your heart and home! 💙","ocean-1",""
"2020-08-01","Northern Rivers (Grafton, Lismore, Casino)","956000011780487","Opal","2025-07-10","FEMALE","","Meet Opal! 🌟 Opal is a sweet and spirited greyhound with a heart full of joy and a tail that never stops wagging. She’s a social butterfly who absolutely loves playing with other dogs — big or small, young or old, Opal makes fast friends with everyone she meets. She’s wonderful with children and has a gentle, easygoing nature that makes her a perfect companion for families. Opal has spent some time living indoors, so she's already familiar with home life and enjoys the comforts of a cozy bed and a sunny window spot. Happy, affectionate, and always up for some fun, Opal is ready to bring love, laughter, and a little extra zoom to her forever home. 💕","opal-6",""
"2021-03-01","Western Sydney (Londonderry)","956000012258079","Apollo","2025-07-10","MALE","","Apollo is looking for a nurturing owner who he can trust, so he can build a bond and thrive. Despite being initially reserved, he is a very gentle boy. He really wants to bond with you, we've learnt this takes time and patience, and is very rewarding! If you are an understanding and gentle person, Apollo would love to be guided by you into the big wide world. Apollo really opens up around other greyhounds, and suits a fun loving dog by his side. It makes our hearts so full to see him having fun with another greyhound! If you have a home with an understanding canine companion, Apollo would love to meet them. A home without children is best suited, and a house with a yard to retreat to is best suited. He shows he's comfortable inside on the couch, so indoor/outdoor access throughout the day would be best. If you have a calm lifestyle, looking for a companion to help guide into the big wide world, consider adopting Apollo. Available at Western Sydney!","apollo-2",""
"2021-09-01","Western Sydney (Londonderry)","956000007431191","Pie","2025-07-10","MALE","","Pie (or ""Party Pie"" as he's affectionately known as he spends time in our GAP office) is a happy go lucky boy who has absolutely nailed the art of living on three legs. He doesn't see himself as different - just more streamlined. Pie is confident, endlessly friendly, and happiest when he's got a full belly and a Kong to work on. He's wonderfully easy going at home and totally fine being left alone - he'll just snooze, snack, and repeat until you're back. Pie has a soft spot for food, a gentle way with people, and a surprising ability to make everyone laugh without really trying. He walks with a bit of a swagger (earned, not borrowed), and slots right into family life with ease. He's a really good boy indoors and would suit longer hours alone in a unit apartment. If you're looking for a sweet, silly, low-maintenance companion who's already perfected the one-paw-up lounge pose, Pie is ready to hop into your heart - and your home. He is available now from our Western Sydney centre.","pie-2",""
"2020-03-01","Northern Rivers (Grafton, Lismore, Casino)","956000013079774","Job","2025-07-10","MALE","","Meet Job 🐾 He is a lovable greyhound with a heart full of affection ❤️. He adores children 👧🧒 and gets along wonderfully with other dogs 🐶, making him a true family favourite. With his very easy-going personality, Job loves nothing more than cuddles and relaxing moments with his people. If you’re looking for a gentle, loving companion who’s great with kids and furry friends alike, Job is the perfect match! 🐕✨","job",""
"2022-03-01","Western Sydney (Londonderry)","956000011353485","Lana","2025-07-10","FEMALE","","Lana is looking for a new home! This sweet girl is full of life and will be sure to bring lots of love and fun into the lives of her new family. She's a playful girl and has enjoyed spending time playing with children up to 12 years old so she'd love a new family to run around with and entertain. Lana is polite and respectful of other dogs big and small whilst out and about but would prefer a new home all to herself! She has done excellent with her crate training and has shown to settle well when left alone inside. Lana is available at the Western Sydney adoption centre 🐾","lana-1",""
"2021-11-01","Northern Rivers (Grafton, Lismore, Casino)","956000012869556","Kelly","2025-07-10","FEMALE","","Meet Kelly 🐾, A sweet and gentle greyhound with a heart as big as her love for life! 💖 She’s a true social butterfly who adores all dogs 🐶 and even has a special fondness for cats 🐱. Kelly is a pro at walking nicely on the lead, making every stroll a breeze. When she’s not out exploring, you’ll find her happily playing with her favorite toys or eagerly waiting for tasty treats. Kelly is the perfect companion for anyone looking for a friendly and loving furry friend!","kelly-10",""
"2020-12-01","Western Sydney (Londonderry)","956000012142608","Tess","2025-07-10","FEMALE","","*Tess is in a foster care home - enquire with the team for more info* Tess is a very affectionate and loving girl who loves to ask for lots of pats then settle herself nice and comfy in her bed next to you. She is loving her foster care! She is playful, polite, and dorky when she plays with toys! Tess had previously not had much experience with pet life and can get a little overwhelmed by the hustle and bustle sometimes. She would best suit a quiet home and lifestyle and humans who are willing to take new things slowly with her. She is happy spending the day alone and would suit longer stints of hours alone, but currently has company during the day in her foster home. Older, respectful kids/teens are suitable provided they are able to give her space when she needs it, and who respect her bouncy playful side. When Tess was our beloved office dog, she was known to enjoy spending quiet time indoors snuggled up on her bed, for almost all day, sometimes you'd forget she was there! Enrichment activities such Licky-Mats and Kongs are a hit with Tess and are a great way to bond with her! Tess is a stunning girl looking for a supportive family - could it be you? *Note: Tess is currently on daily medication. Ask staff for more info*","tess-3",""
"2015-01-01","Western Sydney (Londonderry)","956000004016445","Everest","2025-07-10","MALE","","With a salt and pepper face and a gentle demeanour, Everest is the kind of greyhound you will so easily fall in love with. Everest has all your quintessential greyhound quirks whether that's a moment of zoomies, a biiiiig lean on your leg for cuddles, and not forgetting the sweetest eyes which will melt your heart. Everest is an easy going old chap, with an adaptable, gentle and understanding nature. He just wants to curl up beside you and go out for a trot around the block when you're ready, waiting patiently by your side during the day. He is super sweet and calm. Apply to adopt Everest and have him by your side this Winter. Available at Western Sydney.","everest-1",""
"2021-04-01","Central West (Bathurst/Dubbo/Coonabarabran)","956000011704148","Fraser","2025-07-10","MALE","","Fraser is a confident and curious boy with a cheeky streak and a heart full of affection. He’s fun, engaging, and loves being around people—especially kids! With a slow introduction, he may do well with smaller dogs and cats. Fraser is ready to bring joy, laughs, and love to his forever home.","fraser",""
"2020-08-01","Central West (Bathurst/Dubbo/Coonabarabran)","956000011574597","Sonny","2025-07-10","MALE","","Sonny is a gentle, easy-going boy with a calm and placid nature. He loves a good snuggle but is just as happy doing his own thing or spending time with his people. With a slow introduction, he may get along well with smaller dogs and cats. Sonny is a relaxed companion ready to bring quiet joy to a loving home.","sonny-5",""
"2019-05-01","Western Sydney (Londonderry)","956000007850926","Jelly Bean","2025-07-10","FEMALE","","Jelly-Bean is a sweet little thing, hence the name! Jelly-Bean would suit a house, yard, or an apartment. She's pretty happy where ever she is, and loves a game of fetch/play. She walks so nicely on the lead and would be a lovely match for someone looking for a gentle dog. She has been known to be a little shy at first, but once we got to know Jelly-Bean she actually ended up requesting cuddles by pushing her head into you gently! As she can be a little shy at the start, older/quiet kids would be best suited. Jelly-Bean doesn't mind being some solo time, making her suitable for longer hours alone once she's settled in. Did we mention she's also a lovely match for someone with a fellow Medium-Large doggie? Jelly-Bean is a little sweetheart, we can't wait to see her thrive in a home! Available at Western Sydney!","jelly-bean",""
"2022-04-01","Central West (Bathurst/Dubbo/Coonabarabran)","956000011359911","Connery","2025-07-10","MALE","","Connery is a happy, playful, and confident boy who loves to be social and stay engaged with his surroundings. He’s full of energy and would enjoy playing with children and having a backyard to explore. With a slow introduction, he may do well with smaller dogs and cats. Connery is ready to bring fun and joy to his future family!","connery",""
"2023-04-01","Central West (Bathurst/Dubbo/Coonabarabran)","956000015746819","Jonas","2025-07-10","FEMALE","","Jonas is a sweet and affectionate female with a curious heart. She enjoys spending time with people—perfect for part-time workers or anyone home often—and does well with children. Jonas would thrive in a supportive, patient home that gives her the space and encouragement to grow. She gets along with medium-sized dogs and may do well with cats given a slow, gentle introduction. With time and love, Jonas will blossom into a loyal and joyful companion.","jonas",""
"2022-03-01","Western Sydney (Londonderry)","956000014847820","Tiffany","2025-07-10","FEMALE","","Little miss Tiffany is a gorgeous girl who is ready for a forever home as glamorous as she is. Named after the Tiffany & Co this stunning lady is the greyhound equivalent of a little blue box: refined, beloved, and simply unforgettable. Tiffany is polite with dogs big and small, making her a wonderful fit for a multi-dog household. Kids will enjoy her laid back nature. Submit your application today and mention her name in your application because a girl this fabulous won’t be waiting long. Meet this pretty girl at the Western Sydney adoption centre.","tiffany",""
"2022-04-01","Western Sydney (Londonderry)","956000011365718","Tander","2025-07-10","MALE","","Meet Tander! *I've been in foster care for 2 months* While in foster care, Tander has been getting along well with a whippet and 2 kids, 9 and under. He's settled in well and is doing great with toilet training - overall he's a certified good boy! Tander wouldn't mind going home with another canine buddy of any size, pending a meet and greet. He's confident, charming and will be sure to bring lots of joy to your home with his big smile and bubbly personality plus he's great on lead and enjoys a stroll! If you’re looking for a loyal companion with good looks and an even better personality, Tander is ready to be your best mate🐾 Available at Western Sydney!","tander",""
"2020-11-01","Western Sydney (Londonderry)","956000007860345","Vixen","2025-07-10","FEMALE","","With her sweet cuddly nature, Vixen is the type of dog who’ll brighten anyone's day! She's a happy girl who has a ton of enthusiasm and excitement to share with her people. Vixen will quickly learn how to be the best companion and show you what an amazing pet she can be. She loves training and is learning all sorts of tricks here, while she awaits her home. Vixen is a happy girl who would suit a house with yard or even an apartment as she enjoys spending time inside the GAP office. If you’re looking for a loving & gentle girl with lots of personality and a zest for life, Vixen just might be your perfect match. Available at Western Sydney!","vixen-1",""
"2021-12-01","Western Sydney (Londonderry)","956000007421912","Angus","2025-07-10","MALE","","Angus is a super smart, well trained boy who will continue to learn! Described as a 'super star' by his GAP trainers, he is great with small dogs, off leash and on leash. Overall, Angus is as smart as he is gentle and well behaved. He is learning all sorts of tricks while waiting for his perfect forever home, including bow, spin, shake, stairs, and even a nail scratching board! Angus has some in-home experience and would suit a home with a backyard/townhouse with a place to snooze, he is an independent boy and is happy to spend the day alone while you're gone, as long as he gets regular walks, and some playtime he will be very happy. If you're looking for an independent well trained dog, Angus is available and our Western Sydney adoption centre, pop in an application and we'll be in touch asap.","angus-1",""
"2020-04-01","Northern Rivers (Grafton, Lismore, Casino)","956000013088849","Inex","2025-07-10","FEMALE","","Say hello to Inex! 🐶 Inex is a playful and independent greyhound who loves nothing more than a good romp around the yard. Whether she's chasing toys or just stretching her legs, outdoor time is her favourite time! She gets along brilliantly with other dogs and is very well-mannered on the lead, making walks with her an absolute pleasure. Inex also has a wonderfully independent streak—she’s happy doing her own thing but still enjoys the company of her people and furry friends. If you’re looking for a confident, fun-loving greyhound who’s easy to walk and great with other dogs, Inex could be your perfect match!","inex",""
"2025-06-01","Northern Rivers (Grafton, Lismore, Casino)","956000014878826","Tina","2025-07-10","FEMALE","","Meet Tina, a sweet and gentle soul who is quietly searching for a loving and understanding new family. Although shy at first, Tina blossoms in a calm and serene environment where she can feel safe and secure. She's perfect for a household looking for a quieter canine companion who will gently match their pace and lifestyle. Tina gets along well with other dogs, making her a great addition if you already have canine family members. Tina has been socialised with children and actually likes little people who are polite and dog savvy. While Tina may initially be more reserved, she is eager to find a foster home to help her ease into her new life. This gradual adjustment allows her to grow in confidence and fully show off her lovely personality and sweet demeanor. If you can offer Tina a foster home so she can settle into pet life please contact us, we would love to find her someone to celebrate her 3rd birthday with.","tina-9",""
"2020-10-01","Northern Rivers (Grafton, Lismore, Casino)","956000011711102","Victor","2025-07-10","MALE","","Meet Victor! 🐾 Victor is a quiet and calm greyhound who loves the simple pleasures in life. He has a soft spot for chickens and gets along wonderfully with other dogs, making him a peaceful and friendly companion. Victor adores affection and enjoys gentle cuddles and quiet moments with his favourite humans. If you’re looking for a loving, easy going dog who brings calm and warmth to your home, Victor is the perfect match.","victor-2",""
"2021-05-01","Northern Rivers (Grafton, Lismore, Casino)","956000007430419","Charlie","2025-07-10","MALE","","Meet Charlie! 🐾 Charlie is a social butterfly who loves spending time with people and gets along great with other dogs. He’s full of energy and can be a bit strong on the lead at first, but he quickly settles into a calm and well-mannered walker once he gets going. Charlie is also a pro traveller—he enjoys van rides and is comfortable on the road, making him a great adventure buddy. If you’re looking for a friendly, outgoing greyhound who’s ready to join you on walks and trips, Charlie is your guy!","charlie-15",""
"2021-12-01","Western Sydney (Londonderry)","956000012918244","Trevor","2025-07-10","MALE","","Born just two days after Christmas, Trevor's prescence really is a gift! He is a beloved around the adoption centre for being super affectionate, happy to meet anyone who comes to the adoption centre, rubbing his head on you for more attention, not to mention adorable and playful! What we've noticed about Trevor is he is polite with Medium to Large size dogs, and would fit in well with a doggy friend. Trevor seems to be happy entertaining himself while you're gone so families with a busy working schedule would suit Trevor while he sunbakes, throws toys around and waits for you to come back home. Trevor is sweet guy and we think respectful kids with big dog experience would be thrilled to chuck toys around with him in the yard or have him walk to school with them. He can also do stairs and would suit a townhouse. Playtime is his favourite time, so don't forget to bring the toys along! Trevor is available at the Western Sydney adoption centre.","trevor-3",""
"2022-08-01","Northern Rivers (Grafton, Lismore, Casino)","956000011659651","Mocha","2025-07-10","MALE","","Meet Mocha! 🌞 Mocha is a lovable, easy going greyhound with a heart full of sunshine! This good, quiet boy gets along beautifully with other dogs and cats—making him the perfect companion for a peaceful, pet-friendly home. A true sunbaking enthusiast, Mocha can often be found stretched out in the warmest spot he can find, living his best relaxed life. He’s also a big fan of water, whether it’s paddling, splashing, or just cooling off on a hot day. Mocha has a slightly dopey charm that only makes him more endearing—he’s sweet, gentle, and full of personality. If you're looking for a calm, affectionate friend who brings both laughter and love, Mocha might just be your perfect match.","mocha-1",""
"2020-11-01","Northern Rivers (Grafton, Lismore, Casino)","956000013091691","Miesha","2025-07-10","FEMALE","","Say hello to Miesha! 💕 Miesha is a stunning greyhound girl with a heart full of joy and a love for life! She's a star in the kennels—calm, clean, and easy to care for. This beautiful girl loves swimming and will happily splash around at any opportunity. She’s clever too, and comes running when you call her name, especially if there’s a toy involved! Miesha is a playful soul who adores her toys and often carries one proudly wherever she goes. She gets along brilliantly with other dogs and is a dream to walk—calm, polite, and great on the lead. With her gentle nature and happy energy, Socks is sure to brighten every day.","miesha",""
"2020-12-01","Northern Rivers (Grafton, Lismore, Casino)","956000011721790","Socks","2025-07-10","MALE","","Meet Socks! 🐾 Socks is a gentle and affectionate greyhound with a heart as big as his appetite! This food-loving boy is as patient as he is sweet, always waiting his turn with a calm and easy going nature. Whether he’s lounging quietly or greeting new friends, Socks is a total sweetheart who gets along wonderfully with other dogs. His friendly personality makes him a joy to have around, and he’s sure to steal your heart (and maybe a treat or two!).","socks-2",""
"2021-04-01","Western Sydney (Londonderry)","956000014496493","Cassie","2025-07-10","FEMALE","","*Cassie has just gone to a foster care home - check in soon for updates!* Cassie has a sweet and affectionate personality, always wagging her tail and being polite and friendly to everyone here at the centre. She is laid back at the centre, happy to go with the flow and be guided by her trainers through training and socialisation with a happy pep in her step! This 4 year old girl is confident and affectionate with new people and would be suitable around respectful children. She would suit a home with other medium to large dogs in the home, and a backyard to enjoy exploring and sniffing, not to mention the odd crazy zoomie! If she doesn't have a backyard, she would suit apartment living with an outlet for fun times, don't worry she walks perfectly on the lead, too! She can also do stairs - what a wonder-dog! Having never yet stepped paws into a forever home yet we are sure she will do well due to her laid back nature! Cassie is dog friendly, affectionate, stair-climbing, apartment-snoozing confident girl! Cassie is available at the Western Sydney adoption centre.","cassie-4",""
"2022-10-01","Northern Rivers (Grafton, Lismore, Casino)","956000011349543","Jack","2025-07-10","MALE","","Meet Jack – The Polite Gentleman with a Heart of Gold 💛🐾 Jack is a calm, easygoing greyhound who’s as lovely on the inside as he is on the outside. With his gentle nature and relaxed attitude, he settles into new environments quickly and takes everything in his stride. Jack is fantastic with children and other dogs, making him a wonderful family companion. He’s always polite, friendly, and happy to be part of the group – whether it’s a quiet day at home or a walk around the neighbourhood. He walks beautifully on the lead, never pulling or fussing, and is more than happy to stroll along at your side. Jack’s chilled-out personality and kind soul make him a joy to have around.","jack-32",""
"2020-08-01","Northern Rivers (Grafton, Lismore, Casino)","956000011711862","Billy","2025-07-10","MALE","","Meet Billy – The Quiet Charmer with a Playful Side 🎾🐾 Billy is a gentle, independent greyhound with a lovely calm nature and just the right amount of playfulness. He’s not one to demand constant attention, but he’s always nearby with a quiet presence and a soft heart. Billy gets along beautifully with small dogs and is respectful and friendly in their company. He also enjoys a bit of solo playtime with his toys – give him a squeaky or something to toss around, and he’s one happy hound. This laid-back boy values his own space and is content to relax on his own, making him a great companion for someone who appreciates a more independent pet. He’s the kind of dog who slots effortlessly into your routine without any fuss.","billy-20",""
"2020-08-01","Northern Rivers (Grafton, Lismore, Casino)","956000011586829","Pheonix","2025-07-10","MALE","","Meet Phoenix – The Laid-Back Legend with a Love for Pats 🚐🐾 Phoenix is a cool, confident greyhound who takes life in his stride – quite literally! He walks beautifully on the lead and enjoys a good stroll by your side, always calm and well-mannered. This clever boy is also super practical – he can hop in and out of a van all by himself, making outings and adventures a breeze. Whether it’s a trip to the park or a drive to somewhere new, Phoenix is always up for the ride. Phoenix is a big fan of affection and never says no to a pat or a gentle scratch – he’ll happily lean in for more! He’s also friendly with other dogs and enjoys their company, making him a great fit for homes with existing pets.","pheonix",""
"2019-06-01","Northern Rivers (Grafton, Lismore, Casino)","956000007829359","Greg","2025-07-10","MALE","","Meet Greg – A Gentle Soul Ready to Bloom 🌟🐾 Greg is a sweet and sensitive greyhound with a quietly charming personality. He can be a little shy at first, but it doesn’t take long for him to warm up – and once he does, you’ll see a loving and loyal companion who enjoys being part of the action in his own gentle way. Greg gets along well with other dogs and enjoys their company. He walks beautifully on the lead and is a dream to take out and about, always calm and well-mannered. He also travels well in the car, making adventures easy and stress-free. With a little patience and a lot of love, Greg will continue to come out of his shell and show you just how affectionate and easy going he really is. He’s a quiet star who’s just waiting for the right person or family to help him shine.","greg-1",""
"2019-06-01","Northern Rivers (Grafton, Lismore, Casino)","956000007857162","Sheila","2025-07-10","FEMALE","","Meet Sheila – A Sweet Soul with a Playful Heart 🐾💖 Sheila is a beautiful greyhound with a gentle nature and a heart full of love. She can be a little shy when meeting new people or exploring new places, but give her a bit of time and patience, and you’ll see her blossom into a joyful, playful girl with the happiest little tail wags. Once Sheila feels safe and settled, her playful side shines through. She loves to run, bounce around, and enjoy the company of her doggy friends – she gets along wonderfully with other dogs and thrives in their company. Sheila would do best in a calm and supportive home where she’s given the space to build her confidence. In return, she’ll reward you with sweet affection, gentle playfulness, and a loyal heart.","sheila-2",""
"2019-06-01","Northern Rivers (Grafton, Lismore, Casino)","956000007853681","Penny","2025-07-10","FEMALE","","Meet Penny – The Playful Ball-Chasing Queen! 🎾🐾 Penny is a bright, bubbly greyhound with a zest for life and a serious love for fetch! Toss a ball and watch her light up with joy – she could play all day if you let her. Her playful spirit and happy nature make her an absolute delight to be around. Always cheerful and full of personality, Penny brings positive energy wherever she goes. She travels well in the car, making her a great companion for outings and adventures, and she’s perfectly content relaxing in her crate when it’s time to wind down. Penny is the perfect mix of fun and easy going. Whether she’s chasing a ball, enjoying a ride, or snoozing in her crate after a busy day, she does it all with a wagging tail and a happy heart.","penny-11",""
"2019-06-01","Northern Rivers (Grafton, Lismore, Casino)","956000007856122","Glen","2025-07-10","MALE","","Meet Glen – The Ultimate Companion with a Heart of Gold 💛🐾 Glen is a handsome greyhound with a big heart and an even bigger love for life. Friendly, affectionate, and full of charm, Glen adores people and never misses an opportunity for a cuddle or a kind word. His tail is always wagging, especially when he's surrounded by his favourite humans. Glen gets along wonderfully with other dogs and is a real social butterfly. Whether he's playing with his pals or just chilling nearby, he brings calm, friendly energy wherever he goes. A big fan of toys, Glen loves a bit of playtime and will happily keep himself entertained with a squeaky or two. He also travels like a dream in the car, making him the perfect buddy for road trips, weekend getaways, or even just a quick drive to the park.","glen-2",""
"2019-06-01","Northern Rivers (Grafton, Lismore, Casino)","956000007855335","Donnie","2025-07-10","MALE","","Meet Donnie – The Social Butterfly with a Love for Fun! 🐶🎾 Donnie is a happy-go-lucky greyhound who’s always up for a good time! Whether he’s heading out on a road trip or making new doggy friends at the park, Donnie takes it all in stride. He travels like a pro – calm, relaxed, and ready for the next stop on the journey. This playful boy has a soft spot for toys and will happily entertain himself with a squeaky or a tug toy, bringing a smile to everyone around him. He gets along wonderfully with other dogs and thrives in social settings, making him a great fit for families with existing canine companions. Donnie walks beautifully on the lead and loves exploring the world at a comfortable pace by your side. His friendly nature, confidence, and zest for life make him a joy to have around.","donnie",""
"2019-06-01","Northern Rivers (Grafton, Lismore, Casino)","956000007853642","Dougall","2025-07-10","MALE","","Meet Dougall – Your Future Travel Buddy! 🚗🐾 Dougall is a charming greyhound with a heart as big as his love for car rides. This gentle soul is always ready to hop in the car and join you on your next adventure – whether it’s a weekend getaway or just a trip to the shops, Dougall’s happy place is right by your side. With excellent leash manners, Dougall walks beautifully on the lead, making strolls a breeze. He’s polite and friendly around other dogs, and his calm nature makes him a wonderful companion in a variety of settings. Dougall also has a soft spot for affection. He’ll happily lean in for a cuddle or nuzzle up for some ear scratches – he may be sleek and speedy, but he’s really just a big softie at heart.","dougall",""
"2021-02-01","Western Sydney (Londonderry)","956000011661850","Obi Wan Kenobi","2025-07-10","MALE","","This is Obi-Wan Kenobi, a brave Jedi knight. He harnesses the use of the force to steal hearts across the adoption centre. What do we love about Obi? Read on... Obi-Wan Kenobi gets super excited and might even do a little happy dance when he sees his lead as he loves walkies and adventures, making him a great fit for an adventurous family who enjoy long walks through the galaxy. He is perfect indoors with no accidents here at the GAP adoption centre. His preferred home would be a house with some yard space as he enjoys the freedom to do as he pleases! If you're looking for a cutie to binge some Star Wars eps with, Obi-Wan Kenobi might be the perfect fit. He is gentle, affectionate and loves lazing on the couch and has the quintessential greyhound personality of lazy bones mixed with moments of playfulness. Obi-Wan Kenobi seeks a family who will respect his Jedi calmness but also embrace his playful side. He’s suited for homes with a peaceful vibe and a little space to run free like a Rebel. Meet Obi at the Western Sydney adoption centre and ""May the paws be with you""!","obi-wan-kenobi",""
"2022-06-01","Western Sydney (Londonderry)","956000011346138","Opal (Western Sydney)","2025-07-10","MALE","","This sparkling 3-year-old Opal is a cute little guy looking for a new place to call home. Opal has zest for life that can be paralleled by none! The perfect low maintenance dog, Opal doesn’t ask for much except for a nice cozy bed to nap in, some quality ear scratches and a little walk when you get home from work! He is hoping his new home is in a quieter area, maybe some respectful children to play with, and a yard big enough for some sniffing around. Opal doesn't mind digging into a crate, but not required! He can walk up and down stairs too, so townhouse living or adventures out and about are fine by him! Excavate this precious and valuable Opal today! Submit an application to take him home. He is available at the Western Sydney adoption centre.","opal-4",""
"2023-03-01","Western Sydney (Londonderry)","956000014888281","Frankie","2025-07-10","MALE","","This gorgeous boy is looking for his new home! Meet Frankie 🐾 Frankie is a sweet boy, that can be a little shy at first, but is very friendly and affectionate once he's given some time and a chance to warm up! Frankie is friendly with other medium to large dogs, so pending a meet and greet, could suit a home with another dog of a similar size. A family that can guide Frankie through his new life with lots of love is just what he needs! Meet Frankie at Western Sydney 😊","frankie-12",""
"2022-06-01","Western Sydney (Londonderry)","956000011325843","Rocky (Western Sydney)","2025-07-10","MALE","","Rocky, the underdog coming through to take the spotlight of a home! This boy has no trouble leading his way through our kennels to find his next victory. Rocky is a very handsome lad that doesn’t mind spending time with children and frolicking in a backyard/townhouse as he has experience around kids. Rocky would walk best on a harness as he is excited to get going. Rocky is available to adopt from the Western Sydney adoption centre.","rocky-15",""
"2021-11-01","Western Sydney (Londonderry)","956000007430231","Zingy","2025-07-10","FEMALE","","Hello, I'm Zingy! I'm a happy, vibrant, fun loving girl. I like playing with toys and would be fun for a family with respectful children to entertain! I would enjoy a backyard or townhouse to bounce around. I don't mind settling down in a crate but I don't need one to be happy. I would love to thrive in a supportive home who enjoys my fun loving side but also happy to take it easy with me as I love to snooze for my 18 hours of beauty sleep! You can meet me at the Western Sydney adoption centre.","zingy",""
"2022-08-01","Western Sydney (Londonderry)","956000011646994","Fig","2025-07-10","MALE","","Say hello to our adorable Fig! Fig is a certified people-person in dog form who thrives on attention, affection, and the occasional belly rub. If you’re home more often than not, Fig will be your best friend, your cuddle buddy, and your biggest fan. He’s got great recall and walks like a dream on the leash, so he’s always up for a stroll, as long as it’s by your side. Figgy is hoping his new owner has a backyard for him for zoomies & to take a nap on the grass in the sunshine. Playful and full of life, Figgy boy loves to let loose in a yard. He gets on well with other medium/large dogs and older kids are also fine by him. Dress ups, fun and games are all his cup of tea. He will have the kids entertained all day. If you’re looking for a sweet, affectionate companion who’s as happy sprinting as he is snuggling, Figgy might be your perfect match. If Fig sounds just simply delicious to you, apply to adopt online today!","fig-1",""
"2021-06-01","Western Sydney (Londonderry)","956000011723070","Lucy (Western Sydney)","2025-07-10","FEMALE","","If you're looking for a little lap dog in the shape of a greyhound this winter, look no further than Lucy. Her photos say it all, she will literally sit in your lap if you let her! She is completely content around new people, and thrives on attention and fun. Don't be fooled, she's still a lazy greyhound at heart and will sunbake the day away once you've had some play and cuddles. She is super friendly, excitable and affectionate. She would thrive in a busy, active home who can give her snuggles and play time. She has lovely human focus, so will be easy to train, as she has a very eager to please personality. We'd recommend older/experience kids for Lucy as she is quite the bouncy girl! Lucy is available at the Western Sydney adoption centre.","lucy-western-sydney",""
"2020-09-01","Western Sydney (Londonderry)","956000011780801","Elle","2025-07-10","FEMALE","","Confident and affectionate girl Elle will slot into your life like she's always been there. She is an easy going girl who is happy, bright and spirited. Her experience with kids and her easy going nature around other M-L dogs will see her fit effortlessly into a family home. Elle would prefer a backyard to romp around and would enjoy a bustling family life! Elle is available at the Western Sydney adoption centre.","elle-2",""
"2021-09-01","Western Sydney (Londonderry)","956000012866119","Irene","2025-07-10","FEMALE","","Irene is a sweet and polite girl who is eager to please, she has shown she loves food and responding well to training. She doesn't mind some hours alone on her own and shows to cope well in quiet situations where she can get her beauty sleep. She likes to play with other dogs when put with her fellow greyhound buddies, so if you're looking for a play mate for your dog Irene would be a great fit. Due to her gentle nature, she would suit respectful kiddos. Irene is available at the Western Sydney adoption centre.","irene-1",""
"2021-10-01","Southern NSW/ACT (Bulli, Nowra, Goulburn, Canberra)","956000011656898","Horsey","2025-07-10","MALE","","Horsey is an incredible work of art. He is a sculpted magnificent looking retired athlete. He does enjoy a play and a run. He does wipe out pretty quick like most sprinters once he has moved and will relax nicely. He is a gentle boy who loves everyone, he is a social and confident boy. He is currently in foster care in a suburban area.","horsey",""
"2021-01-01","Southern NSW/ACT (Bulli, Nowra, Goulburn, Canberra)","956000011579149","Chester","2025-07-10","MALE","","Chester is a strapping boy, he is calm and confident. He is comfortable in the yard on his own and can be left alone. He knows his name and comes when called. He is very trainable and compliant. He is very patient and comfortable on the lead and is comfortable being walked in busy areas/noisy roads etc.","chester-2",""
"2018-01-01","Western Sydney (Londonderry)","956000009589600","Fab","2025-07-10","FEMALE","","*Fab is in a foster care home with another female greyhound* Foster Care Update: Fab has settled in well and loving life with her new greyhound foster sister. She has really gained confidence, has mastered the doggy door and going up stairs of up to 8 with confidence. She is still working on descending larger stairs. She hasn't had any accidents in the house in over a week now, as she is now using the doggy door when she needs to go outside. She loves a cuddle and a pat and will happily snuggle up with us on the bed (but only if we pick her up to put her on there, she won't jump up herself). ------ Fab is a gentle, calm and laid back girl. She settles well indoors, and would be happy to live along side you in an apartment. She is polite and gentle around smaller breeds of dogs as well as greyhounds and would suit a home with another dog due to her wonderful manners. This little lady might be middle aged but she loves to have a little play. Fab walks nicely on the lead but won't ask for long walkies, shorter trots around the block are enough for her. Fab is available at the Western Sydney adoption centre.","fab-2",""
"2022-08-01","Western Sydney (Londonderry)","956000014813741","Stavros","2025-07-10","MALE","","Stavros is a beautiful boy that’s full of love and life! He has spent the last few months in a foster care home with 6 other dogs of all shapes and sizes. This makes him the perfect addition to a new home that may already have a dog at home. Stavros would be best suited to a home with 1 other doggie friend. 6 was fun, but he's about quality, not quantity! If Stavros lives as your only dog, shorter hours alone are preferred. With a doggie pal to keep him company, you can go off to work during the day and he'll be happy with the canine company he has. Stavros is fond of a run around and play time but also loves giving and receiving lots of affection. An adults only home is the best fit for this gentle giant. He has a playful side and loves to have fun! Stavros would be a great addition to an apartment home with an active lifestyle, or a house with a yard. He's got a great food drive which has seen him learn many tricks including walking up and down stairs! Stavros is available at the Western Sydney adoption centre!","stavros",""
"2021-11-01","Western Sydney (Londonderry)","956000013018042","Nina","2025-07-10","FEMALE","","Meet Nina! Nina currently lives with other Greyhounds so she wouldn't mind sharing her new home with another medium to large canine. She has also shown some positive interactions with small dogs, so pending a meet and greet, she could potentially enjoy sharing her space with a canine friend on the smaller side. Nina is confident, friendly and loves to engage with all the humans she meets! She can't wait to bring lots of fun and affection into the lives of her new family. Come and meet Nina down at Western Sydney!","nina-1",""
"2021-02-01","New England","956000011722472","Skipper","2025-07-10","MALE","","🐾 Meet Skipper! 🐾 Skipper is a lovable goofball with a huge heart. His silly antics and gentle soul truly win people over. Whether he’s prancing around the yard with a toy in his mouth, flopping onto his bed for a nap, or leaning in for a cuddle, Skipper brings joy and laughter to every moment. He’s the kind of dog who makes you smile just by being himself. Skipper would be a great family dog, he adores kids and is great with other dogs big and small. He would be lucky addition to any dog loving household!","skipper",""
"2021-09-01","Western Sydney (Londonderry)","956000015674612","Darth","2025-07-10","MALE","","Darth has been mingling with his sight hound cousins, whippets, and is ready to join your crew! Darth is a confident, social and bubbly boy, who loves treats and all things fun. Darth could easily fit into a multi-dog household due to growing up with whippets. He has moments of high energy so older kids and a backyard are best suited to Darth. This cutie is available at the Western Sydney adoption centre!","darth",""
"2021-12-01","Western Sydney (Londonderry)","956000011647405","Candy","2025-07-10","FEMALE","","Do you have a sweet tooth? Candy might be just what you need! This gorgeous girl is a little shy but with some time and patience to warm up to her new family, she'll show you just how sweet she is. Candy gets along well with other dogs, big and small, so pending a meet and greet, she wouldn't mind going home with another dog of any size! In fact, a new canine bestie might be just the thing to help Candy settle well into her new home. Come down to Western Sydney to meet Candy, she may just make your life a whole lot sweeter 🐾🍭","candy-6",""
"2021-11-01","Western Sydney (Londonderry)","956000011361570","Buddy","2025-07-10","MALE","","Hi, I'm Buddy🐾 I'm a beautiful blue boy, looking for a place to call home and can't wait to be a part of your life! Confidence is key with me, I like to show how friendly I am when I engage with the new humans I meet along the way. I'm a pretty easy going guy, toys and treats are definitely the way to my heart! I get along well with other medium to large dogs, so I wouldn't mind meeting another canine friend to possibly share my new home with. If you think I might be the guy for you, come and meet me at Western Sydney!","buddy-14",""
"2022-02-01","Western Sydney (Londonderry)","956000007426871","Lylah","2025-07-10","FEMALE","","Meet Lylah! This sweet girl is ready to be the next new addition to your family! Lylah is super friendly and oozes confidence with all the new humans she meets when she's out and about. Pending a meet a greet, Lylah wouldn't mind sharing her new home with a canine friend as she currently lives with another Greyhound and has shown to get along well with other dogs, big and small! Lylah enjoys her walks and loves to engage in some affection with her human friends, showing she's ready to bring lots of fun and love into your life. Meet Lylah down at Western Sydney!","lylah",""
"2020-01-01","Central West (Bathurst/Dubbo/Coonabarabran)","956000007467365","Uno","2025-07-10","FEMALE","","Uno is a sweet-natured, gentle girl with a calm and placid demeanor. She may be a little shy at first, but with patience and a supportive home, she’ll blossom beautifully. Uno does well with kind, understanding children and gets along with smaller dogs. With a slow and careful introduction, she may also do well with cats. Uno is looking for a calm, nurturing environment where she can continue to grow in confidence and love.","uno-1",""
"2020-08-01","Central West (Bathurst/Dubbo/Coonabarabran)","956000011711207","Champ","2025-07-10","MALE","","Champ is a bright, playful boy with a big heart and an even bigger personality. He’s incredibly smart, curious, and always ready to engage with the world around him. Sweet and affectionate, Champ loves spending time with people and is great with children. He gets along well with small dogs and enjoys active playtime. Champ does have some special requirements, so he’s looking for a loving home that can meet his unique needs and help him thrive.","champ-3",""
"2023-04-01","Central West (Bathurst/Dubbo/Coonabarabran)","956000015746819","Winnie","2025-07-10","FEMALE","","Winnie is a gentle, sweet-natured girl with a heart full of love. She can be a little shy at first, but once she feels safe, her affectionate and loving personality shines through. Winnie thrives with a companion—whether human or another friendly dog—and would do best in a home where she’s not alone too often. She’s great with children, friendly with small dogs, and with a slow, patient introduction, she can get along well with cats too. Winnie is ready to find her forever family who will give her the love and reassurance she deserves.","winnie-4",""
"2021-10-01","Southern NSW/ACT (Bulli, Nowra, Goulburn, Canberra)","956000012862291","Simone","2025-07-10","FEMALE","","This pretty girl may come across a bit shy at first, however she warms up pretty quick and is a sucker for cuddles and affection. She would suit most environments, she plays well with dogs of all sizes and can relax on her own while your not home. She is a nice walker on the lead and good company.","simone",""
"2015-04-01","Western Sydney (Londonderry)","956000004252752","Ester","2025-07-10","FEMALE","","Ester may have just celebrated her 10th birthday, but this sweet, gentle lady still has so much love to give! Ester has spent some time in a unit apartment foster care home. A well-mannered, affectionate soul, she adores the company of other greyhounds and is open to meeting new friends with a proper introduction—especially other medium or large breeds. Ester’s ideal day includes lounging on a comfy pillow, taking a leisurely walk, and enjoying quiet moments with her humans. Though she’s an “older” gal, Ester still has plenty of spunk and would love a calm, loving home to call her own. She’s the perfect companion for someone looking for a loyal, relaxed dog to share their home, maybe couch, and life’s simple pleasures. Ester is ready to fill your heart with the kind of love only a senior dog can bring—gentle, kind, and full of gratitude. Could you be the one to offer Ester the forever home she deserves? If you’re ready to make her golden years the best yet, come meet this sweet lady today. She’s waiting to shower you with love! 🐾💕","ester",""
"2024-01-01","Riverina (Wagga, Temora, Gundagai, Griffith)","956000017210794","Roman","2025-07-10","MALE","","Roman is a striking young pup with a truly unique feature – his regal Roman nose! This handsome boy is still full of puppy charm: goofy, curious, and loves his cuddles. While he may be a little shy when meeting new people, he warms up quickly and is eager to make friends. Roman loves going on walks, especially with the 7- and 11-year-old kids he’s been spending time with – he's learning not to jump up in excitement, but he's already very good on the lead. He’s also a big fan of car rides, hydrobaths, and outdoor adventures, and he loves romping around with his brothers. He’s has sniffed the household cat and Maltese but ignores them, making him a great candidate for growing up in a multi-pet home with gradual introductions. He is good with other greyhounds. Roman is best suited to an experienced dog or greyhound owner, while still learning the ropes of the world. With patience, guidance, and plenty of positive experiences, he’s sure to blossom into the loyal, loving companion you’ve been dreaming of.","roman",""
"2021-05-01","Hunter Valley Mid Coast (Maitland/ Muswellbrook/Newcastle/Forster)","956000007430616","Jill","2025-07-10","FEMALE","","Jill is a sweet and gentle soul who’s looking for a calm, loving home where she can settle in at her own pace. She can be a little shy to start, but with patience and kindness, she’ll begin to show you just how affectionate and loving she truly is. Jill would be best suited to a quieter lifestyle, where she can feel safe, secure, and take things one step at a time. With slow and careful introductions, she could potentially be okay around smaller dogs, especially those who are calm and respectful. If you’re looking for a soft-natured companion who will quietly steal your heart, Jill might be the perfect match.","jill-6",""
"2021-11-01","Western Sydney (Londonderry)","956000012861091","Carly (Western Sydney)","2025-07-10","FEMALE","","This is Carly! If you're looking for a sweet, gorgeous girl that will bring lots of love and fun into your home, Carly might very well be the girl for you! Carly's confident and loves to play and engage with all the humans she meets. Although she's respectful of smaller dogs during her encounters with them on lead, she would suit living in a home with another medium to large canine buddy. Carly is not just a pretty face, she's super confident and has learnt her name, so she comes when called. Come down to Western Sydney to meet Carly 🐾","carly-6",""
"2021-11-01","Western Sydney (Londonderry)","956000011658485","Shelby","2025-07-10","FEMALE","","Say hey to Shelby! This happy go lucky girl is looking for her forever home..could she be the one for you? Shelby is full of fun, loves to play with her toys and shows off her confidence when interacting with the new humans she meets. Shelby loves other dogs, showing her excitement for play and making friends when she meets other 4 legged friends. She even currently lives with a Jack Russell, so pending a meet and greet, could very well go home with a smaller (or larger) canine bestie. Come down to Western Sydney to meet Shelby! She just might be exactly what you're looking for 🐾","shelby-1",""
"2018-02-01","Hunter Valley Mid Coast (Maitland/ Muswellbrook/Newcastle/Forster)","956000009590570","Maddy","2025-07-10","FEMALE","","At 7 years young, Maddy is proof that age is just a number! She’s still full of life and energy, especially when it comes to her favourite pastime – zoomies! Whether it's a playful burst in the yard or a calm stroll around the block, Maddy brings a lovely balance of fun and companionship. Here’s what makes Maddy special: 🐾 Still loves a good zoomie session – full of personality and spark 🚶‍♀️ Walks beautifully on lead 🏠 Fully house trained and used to living in a family home 🐱 Hasn’t had much experience with cats or small dogs, but has shown she can be gently redirected from our meta cat Maddy would thrive in a loving home that gives her space to run and enjoy life, but also values the calmer moments too. She's the perfect mix of playful and settled – a true gem for someone looking for a mature dog with a zest for life.","maddy",""
"2021-11-01","Western Sydney (Londonderry)","956000011658048","Charlee","2025-07-10","FEMALE","","Charlee is a beautiful girl who walks beautifully on the lead, and has even met the family cat and Jack Russell! She has experience around kids 3+ and would fit in well with a family looking to add a furry friend to their home. She is playful with the kids so kids who enjoy a fun pet would be best suited to Charlee. She loves visiting the river, travels well in cars, OK in crates, and even fine at the vets. She's a super friendly, happy girl who is also great with other greyhounds, making her a lovely fit for many homes! Charlee is used to having a backyard so a home with a townhouse/backyard would be a great fit. She is available to adopt from the Western Sydney adoption centre.","charlee",""
"2021-01-01","Western Sydney (Londonderry)","956000007466731","Raj","2025-07-10","MALE","","Raj is a vibrant, confident and friendly boy who would do well with a townhouse/backyard to enjoy. He does very well with other greyhounds so would happily join a multi-dog household. Raj may not be a king but he certainly has a confident personality to match his name. He has bursts of energy so would do best with children with some big dog experience. Raj has not seen much of the big wide world and would benefit from an owner who enjoys some dog training and seeing their new dog thrive under their guidance. Raj is available at the Western Sydney adoption centre.","raj",""
"2021-08-01","Western Sydney (Londonderry)","956000007424877","Eddy","2025-07-10","MALE","","Eddy is a shy and quiet boy looking for a nurturing home to thrive in. He warms up with those he's confident with and would do best with a backyard for his zoomies when the mood strikes. Eddy hasn't seen a lot of the world yet and would thrive with a home who is looking to take it slow with him to build his confidence. Eddy can't wait to meet you and become a beloved family pet! Eddy is available at the Western Sydney adoption centre.","eddy-6",""
"2019-12-01","Hunter Valley Mid Coast (Maitland/ Muswellbrook/Newcastle/Forster)","956000007844608","Pete","2025-07-10","MALE","","Looking for a dog with personality, charm, and a whole lot of love to give? Pete is your guy! This happy, playful greyhound is full of cheeky energy and is always up for fun, whether it's zoomies in the yard or curling up for cuddles. Why Pete could be your perfect match: 🐶 Playful and full of joy – never a dull moment with this guy 👨‍👩‍👧‍👦 Great with kids, especially older ones (he’s still working on not jumping up in excitement!) 😄 Cheeky and affectionate – he loves to initiate cuddles and gives the happiest chitters when you snuggle him 🐱 Can be redirected from chasing the resident meta cat – with some guidance, he’s learning fast 🐕 Would likely thrive with another playful dog to keep him company Pete is a big-hearted goofball who’s ready to bring fun, affection, and a few giggles to a family who will love him back. If you’re after a companion who’s equal parts playful and cuddly, Pete might just be the perfect fit.","peter-2",""
"2019-12-01","Hunter Valley Mid Coast (Maitland/ Muswellbrook/Newcastle/Forster)","956000012247442","Knocka","2025-07-10","MALE","","Knocka is a sweet and sensitive soul looking for a calm and patient forever home where he can truly shine. This beautiful boy is still learning to come out of his shell, but with the right people, he’ll blossom into the loving companion we know he can be. Here’s what Knocka needs to thrive: 🏡 A quiet, low-traffic home to help him feel safe and secure 🐱 Cat-workable – with proper introductions and guidance 🌿 A backyard for gentle exploration and zoomies when confidence grows 🕒 A home with someone who works part-time or has a flexible schedule – he’d benefit from company while he adjusts Knocka may need a little extra time and understanding, but the reward is a loyal, gentle friend for life. If you’re patient, kind, and ready to help this special boy find his confidence, he might just be your perfect match.","knocka",""
"2022-01-01","","956000011646731","Beau","2025-07-10","MALE","","Beau is a confident, happy-go-lucky boy bursting with puppy-like energy and a love for life! Playful and engaging, he’s always up for a game or some quality time with his people—and he’s never short on tail wags. Beau would thrive in a home with another medium to large dog who can match his energy and playful nature. He’s full of enthusiasm on walks and can be strong on the lead, so a family with older kids who can keep up with his strength and spirit would be ideal. If you're after a fun-loving, social companion who brings joy wherever he goes, Beau is ready to be your new best mate!","beau-6",""
"2022-05-01","Hunter Valley Mid Coast (Maitland/ Muswellbrook/Newcastle/Forster)","956000011334010","Jimmy","2025-07-10","MALE","","Jimmy is a happy, confident boy with a playful heart and a relaxed outlook on life. He’s the kind of dog who’s just as content having a romp around the yard as he is chilling out by your side, soaking up cuddles and pats (his favourite!). Jimmy walks with enthusiasm and might be a bit strong on the lead at times, but with a bit of practice, he’ll settle into a great walking buddy. He could potentially get along with smaller dogs too, given slow and careful introductions—he’s a sociable guy who just likes to take his time getting to know new friends. If you're after a cheerful, affectionate companion with a lovely balance of energy and calm, Jimmy could be the perfect fit!","jimmy-9",""
"2020-09-01","Hunter Valley Mid Coast (Maitland/ Muswellbrook/Newcastle/Forster)","956000012963543","Cooper","2025-07-10","MALE","","Cooper is a confident, cheeky boy with a playful spark and a big personality! He’s always up for fun, whether it’s a run around the yard, a good game with a doggy mate, or heading out on an adventure. He’d thrive in an active home, especially one with another dog around his size to keep him company and match his energy. Cooper’s zest for life is infectious — he’s the kind of dog who’ll keep you laughing and moving, then happily crash for a nap once the fun’s over. If you’re looking for a playful, social, and slightly cheeky companion, Cooper could be your perfect adventure buddy!","cooper-8",""
"2022-05-01","Hunter Valley Mid Coast (Maitland/ Muswellbrook/Newcastle/Forster)","956000011335576","Reggie","2025-07-10","MALE","","Reggie is a relaxed and independent boy who’s all about the quiet life. He enjoys a bit of company and is happy to hang out with you, but he’s equally content doing his own thing — the perfect companion for someone who appreciates a low-key, easy-going dog. He does pull a little on the lead (there’s just so much to sniff!), so he’ll need a bit of guidance when it comes to walks. But with a patient and gentle hand, Reggie will soon settle into a lovely routine. If you’re looking for a calm, undemanding friend to share peaceful days with, Reggie might be your perfect match.","reggie-8",""
"2022-05-01","Hunter Valley Mid Coast (Maitland/ Muswellbrook/Newcastle/Forster)","956000011332727","Jj","2025-07-10","MALE","","JJ is a sweet, happy-go-lucky boy with the playful energy of a puppy and a heart full of love. Confident and full of charm, he’s always ready for fun — whether that’s a zoom around the garden or a goofy game with his canine pals. He’s still working on his lead manners (he’s just so excited to explore!), but with a bit of guidance, he’ll be strutting like a pro in no time. JJ might be cat-workable, but he’s definitely more in his element around other greyhounds or larger dogs. In fact, he’d thrive in a home with a doggy friend to play with and help show him the ropes. If you’re looking for a cheerful, fun-loving companion with a heart of gold, JJ is your guy!","jj-3",""
"2021-04-01","Hunter Valley Mid Coast (Maitland/ Muswellbrook/Newcastle/Forster)","956000012865653","Angel","2025-07-10","FEMALE","","Angel is a confident, people-loving girl who can’t resist a good cuddle session — she’s basically a professional snuggle expert. When she’s excited, she does a happy little prance that’s guaranteed to brighten your day. She walks beautifully on lead and is always ready to be your loyal companion, whether you’re a busy family or flying solo. Now, here’s the deal: Angel isn’t a fan of small dogs or cats. Think of her as the diva of the dog world who politely requests no tiny four-legged frenemies crashing her party. So, if you don’t have any pint-sized pooches or sneaky cats, Angel is all in for a lifetime of love and fun!","angel-7",""
"2021-12-01","Hunter Valley Mid Coast (Maitland/ Muswellbrook/Newcastle/Forster)","956000007425762","Jj","2025-07-10","MALE","","JJ is a sweet and gentle boy with a heart full of love and just the right amount of playful mischief. He’s a bit of a slow burner—once he warms up, you’ll discover his fun-loving, zoomie-ready side that’s always up for a quick burst of excitement. JJ walks nicely on lead and enjoys a good balance between lively adventures and laid-back chill time. While he’s not a big fan of cats, his charming personality more than makes up for it! If you’re after a gentle companion with a dash of goofy energy and plenty of love to give, JJ is the perfect match.","jj-2",""
"2021-12-01","Hunter Valley Mid Coast (Maitland/ Muswellbrook/Newcastle/Forster)","956000007429724","Thor","2025-07-10","MALE","","Introducing Thor!! He is one handsome boy, with the sweetest nature, who knows how to keep things cool. This relaxed gentleman is as happy to kick back and chill as he is to join you on an adventure—he’s got the perfect balance of laid-back charm and eager enthusiasm. Thor walks like a dream on lead and absolutely adores pats and cuddles (honestly, who wouldn’t?). He’s fantastic with kids, super low maintenance, and ready to be your loyal sidekick through all of life’s ups and downs. He is more than happy to have play dates with fellow 4-legged canine friends too. Nothing makes this boy happier than being around the people he loves. If you want a handsome, easy-going companion who’s all about good vibes and great company, Thor’s your guy!","thor-4",""
"2021-04-01","Western Sydney (Londonderry)","956000007434408","Carter","2025-07-10","MALE","","Carter is gentle, walks on a loose leash, and would be the kind of greyhound who could live with respectful kids, or older/elderly folks, due to his laid back nature. He is lovely around other dogs around his size at the centre and would be happy to live with them. Carter would enjoy a small backyard/townhouse to call his own. He can have bursts of quirky excitement like other greyhounds but overall he is a relaxed greyhound. He is great with people in general, loves pats and will snuggle into you (to sneak in a face lick). He loves treats and attention and would do well with a family who are looking for a placid greyhound to add to the family. He is available at the Western Sydney adoption centre.","carter",""
"2019-11-01","Southern NSW/ACT (Bulli, Nowra, Goulburn, Canberra)","956000009501096","Barba","2025-07-10","MALE","","Barba is a beautiful boy who loves adventure. Barba would be ideal for the young professional couple or single person looking to give a dog a structured life. Barba whilst growing up in a residential street has limited house exposure. Barba is very good to take on longer walks and is a very good learner. Barba with the correct introduction would be good with medium to large dogs","barba-1",""
"2021-08-01","Southern NSW/ACT (Bulli, Nowra, Goulburn, Canberra)","956000007466142","Poppy","2025-07-10","FEMALE","","Poppy Is a beautiful Brindle female that loves to play. Whether it be at the local oval or having a run around your backyard this girl loves to zoom. Poppy is good with older kids and is the perfect first pet for a family. Poppy settles well and walks very well on lead Poppy has grown up in a backyard where she enjoys sunning herself after a quick play. Poppy is currently undertaking some house training and is progressing very well. enquire today to find out more about Poppy","poppy-8",""
"2022-12-01","","956000011658476","Pop Tart","2025-07-10","FEMALE","","Pop Tart is a stunning lady with a heart as sweet as her name. She might be a little shy at first—think of her as a delicate flower that needs some gentle nurturing and patience to truly bloom. With the right person to give her space and time, she’ll slowly come out of her shell and reveal the delightful, goofy, and affectionate friend she’s been hiding all along. Once Pop Tart trusts you, she transforms into the ultimate cuddle buddy and loyal sidekick, ready to fill your days with warmth, laughter, and a touch of silly charm. If you’re ready to invest in a special friendship that grows beautifully at its own pace, Pop Tart can’t wait to meet you!","pop-tart",""
"2020-10-01","New England","956000006115451","Neon","2025-07-10","FEMALE","","🖤 Meet Neon – The Belly Rub Queen! 🖤 Neon is a gentle 4-year-old black greyhound with a heart of gold and a love for human company. She’s the kind of dog who will quietly follow you from room to room, just happy to be near her people. Her soulful eyes and calm presence make her an instant favorite with everyone she meets. She adores belly rubs and will happily roll over to show you her soft side – literally! She’s affectionate, easygoing, and would thrive in a home where she can be part of the family and soak up all the love and attention she deserves. Whether you’re relaxing on the couch or enjoying a quiet walk, she will be right by your side, making every moment a little brighter.","neon",""
"2021-02-01","Southern NSW/ACT (Bulli, Nowra, Goulburn, Canberra)","956000013034147","Roy","2025-07-10","MALE","","Roy is a 4-year-old greyhound who has grown up in a rural environment and is now looking for his forever home. He is a clean and well-mannered dog who never messes in his kennel, showing great potential for transitioning into a home environment with a little support for house training. He’s an excitable boy who enjoys a good run around but doesn’t jump up or show signs of destructive behaviour. Roy gets along well with other greyhounds and would thrive either as a solo dog or with a calm canine companion. Roy is well-suited to homes where the owners work full-time, as he is independent and relaxed when left alone. He would do best with a secure yard and regular opportunities to stretch his legs, ideally in a quiet, calm setting similar to his upbringing. Roy is a gentle, happy dog who just needs a little time and patience to adjust to home life. With the right guidance, he will make a loving and loyal companion.","roy-5",""
"2021-02-01","Southern NSW/ACT (Bulli, Nowra, Goulburn, Canberra)","956000012864576","Dixie","2025-07-10","FEMALE","","Dixie is a 4-year-old brindle greyhound and the sister of Roy. She’s a smaller girl with a big personality, full of charm and playful energy. Dixie is a good kennel dog who keeps her space clean and enjoys a structured routine. She’s an excited little lady who absolutely loves to show off her zoomies in the yard. Despite her bursts of energy, she settles down quickly and is happy to relax once she’s had a chance to stretch her legs. Dixie would suit a family environment and is good with children aged 5 and up. She’s gentle, affectionate, and thrives on attention. With her easy-going nature and love of fun, Dixie would make a delightful addition to a home that can offer her both playtime and plenty of cuddles.","dixie-4",""
"2020-10-01","Riverina (Wagga, Temora, Gundagai, Griffith)","956000007827661","Buddy","2025-07-10","MALE","","Meet Buddy! A happy, friendly dog who loves meeting people, is easy going and loves life. Basking in the sun is one of his favourites past-times, as is playing in the yard with his greymates and attention from his humans. He loves it when he comes inside and lies on the rug but would love a couch all to himself (currently occupied by the 'boss' girls). He's also happy spending time on his own during the day, hanging out in the garden, sun-snoozing on the grass or in a sheltered spot in cooler times (veranda, gazebo). Buddy is an easy maintenance lad who just wants some love and attention and a cruisy, simple life. He will making a loving companion for anyone wanting an affectionate friend to hang out with. 💙","buddy-13",""
"2021-11-01","Western Sydney (Londonderry)","956000013022194","Kirby","2025-07-10","MALE","","Oh hey there! My name's Kirby and I would love to tell you all about how I would be your perfect pet! I've had some experience living as a pet and I was an excellent house guest however we discovered I really love my food. The amazing trainers here at GAP have been working on my sharing, so my new home can continue this training with their help. Fun games like ""leave it"" (which I'm getting really good at by the way!) are doing wonders in my progress! Running around and playing in the sun is the best thing ever, and I would love my new fur-ever home to have a backyard to call my own. With my love for sunbaking and zoomies I am more than happy being a predominantly outside dog with supervised or restricted access to the house. Full-time workers are a-ok with me, though I am still a big snuggle bug who will shower you with love and affection when you get home. I love exploring new places and my friends at GAP say I walk very well on lead, so if you're looking for a walking partner for your quiet morning/evening stroll I'm your guy. Not to brag, but I really am a true genius, mastering many cues including ""down"", ""stay"", ""shake"", ""touch"", ""crate"", ""leave it"", ""heel"", and—drumroll, please—the legendary greyhound sit! I find daily training sessions and enrichment activities super fun and a great way to keep my super smart brain occupied and stimulated. I can't wait to meet my forever family! So come on down to GAP Western Sydney to meet (and fall in love with) me!","kirby",""
"2021-05-01","Western Sydney (Londonderry)","956000007466974","Harry","2025-07-10","MALE","","Harry is a total catch! He is friendly, confident, good with humans and dogs, and a happy bubbly boy. He likes to play, has a good food drive, showing to be very trainable, he also walks lovely on the leash. He is confident on lead and in new environments as well as super polite with our greyhounds and small dogs here at the centre. Harry is a gentle, yet playful, lovely mix of all the perfect greyhound quirks! If he's not smooching up to you, he's sniffing out the treats in your pocket or finding a toy to entertain himself with. This goofy love bug is available at the Western Sydney adoption centre.","harry-13",""
"2019-04-01","Western Sydney (Londonderry)","956000006677803","Henry","2025-07-10","MALE","","Henry has lived his life surrounded by children, and would suit a home with a family of children who are eager to give him lots of love. Henry is a social butterfly who loves a bit of attention! He would suit a home with another medium to large dog who is on the chill side like him. His previous owners have summed him up as a big goof ball, who is placid, even a little bit clumsy! He settles well on his bed and is happy to watch the world go by with you by his side. Henry is available at the Western Sydney adoption centre.","henry-9",""
"2020-10-01","Western Sydney (Londonderry)","956000011576024","Meri","2025-07-10","FEMALE","","Little 23kg Meri has been around children 1+ to 14 years old, she loves a bit of attention and loves to run off with toys and have a bit of fun. She is a friendly, confident, yet relaxed girl. Meri would enjoy a backyard/townhouse with or without a greyhound pal to spend her days with, she would also be suitable around children due to her history of exposure with kids! Meri is available at the Western Sydney adoption centre.","meri-1",""
"2021-08-01","Western Sydney (Londonderry)","956000007429011","Popeye","2025-07-10","MALE","","Popeye is a handsome, goofy boy who's bursting with personality. He lives for playtime, whether it's a good game of fetch, tug with his favourite rope toy, or zoomies in the yard. He's social and enjoys the company of other medium to large dogs, especially those who can keep up with his playful energy. Popeye would thrive in an active household or with someone who has a secure backyard where he can stretch those long legs and get his daily dose of fun. He's also happy just hanging out once he's had his play, he knows how to chill when the time is right. When it comes to walks, Popeye has been doing really well with his training. He's learning to stay focused and calm, especially when small dogs are around. He does best when you bring his favourite toy along, it helps redirect his attention and keeps him happily engaged with you. Ongoing positive training and consistent management have helped him progress beautifully. With the right guidance, Popeye's a total gem. He's smart, responsive, and full of love to give. In return, you'll gain a loyal sidekick who's always ready for fun and fiercely devoted to his people.","popeye-1",""
"2020-03-01","Southern NSW/ACT (Bulli, Nowra, Goulburn, Canberra)","956000007854250","Ox","2025-07-10","MALE","","Ox is the big softie that makes your heart melt. Ox is currently living inside a home learning to love the relaxed life. Ox still enjoys his walk and is a delight to walk on lead. This big guy is a kind hearted boy who loves sleeping the day away. Ox enjoys human company but is also happy to be left alone for full time working hours. Ox enjoys a car ride and lazing on his bed in your home","ox-1",""
"2021-03-01","Southern NSW/ACT (Bulli, Nowra, Goulburn, Canberra)","956000012221634","Max","2025-07-10","MALE","","if you are looking for a boy who is very laid back and affectionate at the same time then you must meet Max Max is a beautiful and soft black boy who is looking for his perfect backyard Max enjoys a daily walk and has grown up around small children. Max enjoys lazing the day away in the sun and is a very care free boy. Max was raised around small sausage dogs and has lived with other greyhounds. Max is the final piece to a families perfect puzzle","max-14",""
"2019-05-01","Hunter Valley Mid Coast (Maitland/ Muswellbrook/Newcastle/Forster)","956000006794630","Carly","2025-07-10","FEMALE","","Carly may take a little time to fully warm up but once she does, you'll find a wonderfully affectionate pup. Patience will reveal Carly's true nature: a loyal and cuddly grey. Carly can be apprehensive and may shy away when approached from above, but if you crouch down to her level, you'll soon discover her gentle heart and spark of curiosity. Her ideal home would be a calm environment where she can enjoy plenty of affection and cozy snuggles without feeling rushed or overwhelmed. A home with a part-time worker would be an excellent fit for Carly, as she'd benefit from having company during the day. With time, patience, and love, Carly will become an irreplaceable member of your household, full of love and ready to receive it in return.","carly-5",""
"2023-01-01","Southern NSW/ACT (Bulli, Nowra, Goulburn, Canberra)","956000014911818","Alf","2025-07-10","MALE","","Alf is a handsome young male. He is destined for pet life as he is a relaxed, playful, affectionate confident boy. He loves diving into the water when he can - a true water baby! He enjoys lounging around the yard, basking in the sun and creating life long memories playing with little humans. Alf would be suited to a household with full time workers with a backyard or a family with younger children.","alf-7",""
"2023-01-01","Western Sydney (Londonderry)","956000014915380","Diesel (Western Sydney)","2025-07-10","MALE","","Hi, I'm Diesel 🐾 I'm a gorgeous confident boy, ready to bring some fun to the life of my new family. I adore all humans and even grew up around children myself, making me the perfect addition to your family! I would love my new home all to myself as I thrive when I'm the only star of the show⭐ Oh and I also love to play and chase after my toys so a backyard would be great for me! If you think I could be the guy for you, come and meet me at Western Sydney!","diesel-5",""
"2019-04-01","Western Sydney (Londonderry)","956000006660153","Kane","2025-07-10","MALE","","Kane is a social and confident lad with a charming personality. Kane is a good traveller, enjoys spending time with other hounds and has been described as playful, fun, and very lazy! He is a wonderful blend of calm, with that perky playful side! Kane would enjoy a townhouse/backyard, and a home with or without respectful children. A family with another M-L canine companion would also be well suited to this sweet gentleman. Kane is available at the Western Sydney adoption centre.","kane-1",""
"2021-01-01","Western Sydney (Londonderry)","956000011576018","Cuddles","2025-07-10","FEMALE","","Hi, I'm Cuddles! Not only do I know how to cuddle, I also know how to ""sit"" which is apparently a big deal for greyhounds - who knew?! I can also do staircases! I've been socialised around a few types of dogs, so I'm ready to join a multi-dog household or one who would like their dog to head down to the cafe and catch up with the local dogs. I have been around a mini foxy X chihuahua and a kelpie, and of course greyhounds too, whom I love. PS...I can also be rehomed with my sister, Siri and Lulu. Enquire with the Western Sydney team to meet me.","cuddles-1",""
"2017-12-01","Western Sydney (Londonderry)","956000009593092","Reba","2025-07-10","FEMALE","","*Reba is in a foster care home - enquire with the team for more info* Reba is our 7-year-old girl with a soft heart and an even softer spot for cuddles. She’s incredibly affectionate, calm, and friendly. The kind of dog who wants nothing more than to be by your side, whether that’s curling up on the couch or quietly following you through the house. Her gentle nature makes her a great fit for families, including those with children. Reba is also wonderfully independent. She’s perfectly suited to full-time workers, as she’s happy to relax during the day and will greet you with the warmest welcome when you return. She gets along well with other medium to large dogs and could happily share her home with a canine companion of similar size. Reba would love a home with a secure backyard where she can enjoy her own little adventures, zoomies, sunbathing, and taking in the breeze. She doesn’t need daily walks, and in fact, would be happiest in a home where walks are optional. She’s a great pet for a low-key lifestyle with plenty of love, a routine, and the freedom to just be herself. Reba is ready to be someone’s heart dog, a loyal, loving companion who asks for very little but gives so much in return.","reba",""
"2020-10-01","Western Sydney (Londonderry)","956000007464026","Meraki","2025-07-10","FEMALE","","Hi, I'm Meraki, I'm a super sweet girl, who cant wait to find my new home! I can be a little shy at first, but with a bit of time and a chance to warm up to you, I'll be ready to give and take lots of love 💖 I wouldn't mind sharing my new home with another canine buddy, big or small! In fact, I think a new friend is exactly what I'll need in my new home. I can also walk up and down stair cases! PS...I can also be rehomed with my sister, Cuddles! I can't wait to meet you at Western Sydney!","meraki",""
"2021-01-01","Western Sydney (Londonderry)","956000011576736","Lulu","2025-07-10","FEMALE","","This is Lulu 🐾 This confident girl is full of life and is ready to bring lots of love and fun into your home! Lulu shows lots of training potential as a few treats are the way to this girls heart. Lulu loves to give affection just as much as she loves to give it and cant wait to find her new family. Her new family might even already have a another dog, which Lulu wouldn't mind! Are you ready for lovely Lulu to become apart of your family? Meet her at Western Sydney 😄","lulu-4",""
"2021-01-01","Western Sydney (Londonderry)","956000012806108","Siri","2025-07-10","FEMALE","","Say Hey Siri, to Siri 👋 This gorgeous girl knows it all and is ready to teach you a thing or two about bringing fun to your life! Any questions you have, Siri has the answer for! What to do on a beautiful sunny day? Throw her toys around in the backyard of course! What about when the weather isn't so great? Movies in bed ALL day she reckons! Do greyhounds get along with other dogs? She sure does! How do I win my new greyhound over? Treats, treats and more treats is always her answer! Is Siri everything you've been looking for? Her answer is YES! Come down and meet her at Western Sydney 🐾","siri-1",""
"2020-10-01","Western Sydney (Londonderry)","956000007437964","Evie","2025-07-10","FEMALE","","Hi, I'm Evie! I'm a sweet, gentle girl looking for a place to call home! I love my walks and have shown to be quite well mannered whilst I'm out and about. I may be a little shy at first but once I warm up to you, I love lots of pats and ear scratches. I love my greyhound buddies, and pending a meet and greet, I wouldn't mind going home with canine companion! I cant wait to meet my new family 🏠 If you think I might be the girl for you, come meet me at Western Sydney 🐾","evie-7",""
"2020-11-01","Western Sydney (Londonderry)","956000010911482","Sandy (Western Sydney)","2025-07-10","FEMALE","","*Sandy is in a foster home with 2 greyhounds - check in for more updates soon!* Weighing in at just 24 kg this teeny tiny girl makes up for her size with her adorable personality! Sweet, happy, confident little girl Sandy requires a home with human, or preferably canine companionship. She is a social butterfly who thrives around other dogs so we would love to see her forever home be much like her foster home, where she has dog companionship. She is a confident lady who walks super nicely on the lead. She likes treats and will definitely persuade you with her puppy dog eyes. She has spent time living with other greyhounds in foster and before her GAP days, and would be a fabulous fit for a multi-dog household. Playful and loving, she absolutely loves people and has never met someone she didn't like - making her suitable for a busy social life or a family with active kids. She is available by appointment at the Western Sydney adoption centre.","sandy-10",""
"2020-12-01","Western Sydney (Londonderry)","956000011579308","Cobalt","2025-07-10","MALE","","**Cobalt is currently in a foster home, reach out to the team for info! He has even been friendly with free ranging pet chickens!** Cobalt foster update: He would prefer to have access to inside and outside the house during the day especially when you are not home. He sleeps right throughout the night and snoozes most of the day. He loves going for walks and knows how to communicate it to you by getting your attention and pointing his nose to his leash. His doing well with our chickens provided that they are behind the fence. When we do let the chickens out he is well behaved on his leash. He is a very gentle sweet boy that loves hugs, pats and praises. He is not highly motivated with food more on praises and pats. He loves playing with his squeeky toy and loves playing fetch. He is still yet to learn how to give the ball back though. Cobalt is a super affectionate and cuddly companion who can't wait to begin spending time with his new family and can be suited to a household with full time workers. This cheerful boy has shown to be very polite with other medium/large breed dogs and is open to sharing his new home with another dog friend. A backyard would be amazing so he can have somewhere to run around and play! Whether he's playing in the backyard or just enjoying a lazy afternoon, Cobalt brings joy wherever he goes!","cobalt",""
"2023-02-01","Central West (Bathurst/Dubbo/Coonabarabran)","956000014943213","Emi","2025-07-10","FEMALE","","Emi is a very sweet little lady who shines once she feels comfortable. She loves jumping up for snuggles and cuddles, and enjoys chasing toys during playtime. Emi has grown up around children and would do well with the company of medium to large dogs. Gentle, playful, and full of heart, she’s ready to find a loving home to call her own.","emi-1",""
"2022-10-01","Central West (Bathurst/Dubbo/Coonabarabran)","956000014889861","Prince","2025-07-10","MALE","","Prince is a very handsome boy with a playful heart and a love for life! He’s affectionate, engaging, and always up for a game of chase with his favorite toys. Prince gets along well with smaller dogs and would be thrilled to have a yard where he can run and play to his heart’s content.","prince-9",""
"2022-01-01","Southern NSW/ACT (Bulli, Nowra, Goulburn, Canberra)","956000007374120","Dolly","2025-07-10","FEMALE","","Dolly is a charming girl, she likes meeting new people. She is very cuddly and affectionate. She comes when called and plays with toys. She is a good mixture of a hound that wants to go for a walk and be social with also wanting to lounge around doing nothing.","dolly-12",""
"2019-01-01","Western Sydney (Londonderry)","956000006812015","Matey","2025-07-10","MALE","","*I'm currently in a foster home* Ahoy Matey! Matey is the finest gem of them all! With his pretty blue coat, floppy ears and happy go lucky energy, this Matey is a bounty of charm waiting to be adopted! Matey is in a foster care home and we have learnt he loves spending time with his family and going for a quiet sniffari around the block! He is a super outgoing boy who just loves everyone he meets, especially if you have some yummy treats or play a game of fetch with him! Matey is an enthusiastic, gentle, smart and fun-loving boy making him suitable for those wanting a laid back yet playful friend. Matey suits part-time or full-time workers, and would enjoy a small yard to call his own. Get ready to meet your new best Matey! This handsome boy is available now from our Western Sydney adoption centre.","matey-2",""
"2019-03-01","Western Sydney (Londonderry)","956000003709266","Oakley","2025-07-10","MALE","","Oakley is an energetic and fun loving greyhound, he thrives when given structured activities. His ideal owner will love all of his drive, energy and passion for all things fun. His best fit would be an owner who is eager to actively train and work with him. He is a driven hound driven who loves physical and mental stimulation. His perfect match will be someone looking for a highly trainable and driven dog who enjoys training as much as he does. He has a strong need for physical and mental stimulation. His recall is excellent, he performs 'down' on cue, and he has the ability to walk nicely in heel position after exercise. He loves the outdoors and would do best as an outside dog. He is available now from our Western Sydney centre.","oakley-1",""
"2021-08-01","Western Sydney (Londonderry)","956000007374088","Sully","2025-07-10","MALE","","Hi, I'm Sully, a gentle, quiet natured blue boy looking for my new home. I get along great with other dogs and don’t mind spending time in the yard while you’re out – but I do love having the freedom to go in and out as I please. I’m happiest in a home with a yard where I can stretch my legs and take in the fresh air throughout the day. I love the water – so much so that I even took a dip in the river (see photos)! I also travel great in the car and enjoy my walks, especially in quiet areas while I continue building my confidence. When I first started going on walks, I wasn’t sure what to do, but with some patience and encouragement, I’ve learned to keep going and haven’t had any issues in a long time! Now, I just take my time getting used to new environments, and once I do, I’m all in. I have even learnt to walk up and down stairs! I also have experience in a pet home, so I already know the routine of a home life. I’m comfortable being left alone for a few hours, especially with a yard to explore and settle in, but I thrive best in a home where I still get plenty of interaction throughout the day. I love being around my people and enjoy a good balance of companionship and independence. And when the day winds down, you’ll find me cozied up in my crate – it’s my little safe haven where I sleep soundly through the night. I'm available at the Western Sydney adoption centre!","sully-2",""
"2017-12-01","Southern NSW/ACT (Bulli, Nowra, Goulburn, Canberra)","956000009593162","Lemon","2025-07-10","FEMALE","","Whether it's her adorable overbite smile, or cheeky playful nature, Lemon is a sweet and gentle soul with a heart full of love to give. She is super affectionate and adorable and suits indoor unit/apartment living or a backyard. Read on to see what she's learnt during her time at GAP, proving you can teach an older dog new tricks! Lemon has conquered the following exciting milestones: - Walking up and down stairs - Hanging out with other greyhounds - Learning to toilet on cue - The 'touch' cue Lemon would suit a home with respectful children and a house with a backyard or unit/apartment, and would enjoy living with another likeminded greyhound too! Lemon doesn’t ask for much—just a short daily walk and some love and TLC. If Lemon sounds like she will bring the zest into your life, enquire to meet her today!","lemon-1",""
"2020-01-01","Western Sydney (Londonderry)","956000007835150","Phantom","2025-07-10","MALE","","*Phantom is in a foster care home with cats* Meet Phantom! He is suitable in a house or unit, and with or without dogs/cats in the home. Hours alone are fine by him as he entertains himself by snoozing the day away. A lover of the indoors, and a conqueror of the stairs, he is fine for apartment life, too. He's a friend to canines and felines and would happily share his space, unphased by other four legged friends. Phantom loves to lean in for pats and ear scratches, and is ready to soak up the love from his new family just as much as he's ready to give it! Come down and meet Phantom at Western Sydney!","phantom-1",""
"2022-02-01","Central West (Bathurst/Dubbo/Coonabarabran)","956000011658657","Peanut","2025-07-10","FEMALE","","Peanut is a super sweet and cuddly girl 🐶 who’s full of love and ready to share it. She’s looking for a supportive home where she can continue to grow, learn, and feel safe. Peanut would do especially well with a canine companion to keep her company, as she doesn’t like being left alone. She gets along wonderfully with smaller dog breeds and is gentle and loving with children ❤️","peanut-2",""
"2023-02-01","Central West (Bathurst/Dubbo/Coonabarabran)","956000015726835","Hawke","2025-07-10","MALE","","Hawke is a playful and happy boy 🐶, full of energy and confidence. He loves toys, gets excited easily, and brings joy wherever he goes! With a safe and slow introduction, Hawke has the potential to become best friends with your smaller dogs and even cats. He’s also great around young children, making him a fun and loving addition to a lively family. ❤️","hawke-1",""
"2022-02-01","Central West (Bathurst/Dubbo/Coonabarabran)","956000011659317","Amber","2025-07-10","FEMALE","","Amber is a gentle soul who may be a little shy at first 🐶, but with a warm and comforting home, she begins to shine. She blossoms with patience, support, and love ❤️, and would thrive best in a calm, peaceful environment. Older, understanding children would be a great match for her, helping her feel safe and supported as she builds confidence and truly comes into her own.","amber-4",""
"2022-04-01","Central West (Bathurst/Dubbo/Coonabarabran)","956000011349565","Jed","2025-07-10","MALE","","Jed is a very handsome boy 🐶 with a playful spirit and a heart full of charm. He’s interactive and social, always ready to make new friends and spread good vibes. Confident yet a little goofy, Jed is easygoing and happy-go-lucky — the kind of companion who makes every moment more fun and lighthearted. ❤️","jed-4",""
"2023-03-01","Central West (Bathurst/Dubbo/Coonabarabran)","956000015734818","Queenie","2025-07-10","FEMALE","","Queenie is a confident and loving soul 💖, radiating warmth wherever she goes. Her friendly, outgoing nature 🐾 makes her a joy to be around, and she thrives in social settings. Playful and engaging, Queenie brings happiness to every room she enters, leaving a lasting impression with her vibrant personality and boundless affection 🥰.","queenie-1",""
"2022-10-01","Western Sydney (Londonderry)","956000014799638","Gem","2025-07-10","FEMALE","","Young blue girl Gem is a gentle soul with a world of love to give – she’s just looking for the right person to help her shine. Gem loves children! This beautiful girl may be a little shy at first, but with time, patience, and a calm environment, she blossoms into a loyal and affectionate companion. Gem is the kind of dog who forms deep bonds with her people and rewards kindness with quiet devotion. She feels most at ease in the company of other greyhounds and would likely thrive in a home with a calm canine friend to show her the ropes. Gem is seeking a peaceful household without children, where she can settle into a predictable routine and feel safe. With the right support, Gem has so much potential – all she needs is a gentle heart and a soft place to land. If you are interested, please reach out the Western Sydney team.","gem-7",""
"2020-09-01","Western Sydney (Londonderry)","956000007466793","Ryan","2025-07-10","MALE","","Ryan has spent time in a foster home - keep reading to find out why his foster dad loves him! ""Ryan is a sweet, gentle soul with the calmest nature you’ll ever meet. He loves lounging near you quietly, always happy to just be in your presence. He walks beautifully on the lead, gets along well with people, and has such expressive eyes that tell you exactly how he’s feeling. He’s low-maintenance, clean, and well-behaved around the house. He enjoys short walks and long naps, and has a soft spot for comfy bedding and gentle pats. While I’ve come to care for him deeply, I’ve realised I’m not quite ready for a dog at this stage. Ryan deserves a home where he can be someone’s forever companion. He’ll make an incredible addition to any calm, loving household."" Ryan would suit a full-time working family, with a backyard. He is outgoing and friendly with people, loves treats and would also suit a home with another medium-large canine companion. Ryan has conquered the Richmond main drag (pictured!). Did we mention he's super smart, too? He knows 'on your bed', down & shake among many other – he loves training so an owner who likes to engage in training would be a perfect match! Ryan is waiting here for you at the Western Sydney adoption centre.","ryan",""
"2022-09-01","Western Sydney (Londonderry)","956000012964018","Axel","2025-07-10","MALE","","Axel is a sweet and sensitive greyhound who’s looking for a home where he can continue to build his confidence and thrive with a little guidance. While he’s not overly timid, he does best in a home that offers clear structure, routine, and patient support as he navigates the world. Axel is affectionate and eager to please, and once he settles in, he becomes a calm and loyal companion. He enjoys the company of other greyhounds and could do well with a confident dog buddy to help him feel at ease. Axel is best suited to a quieter household without young kids, where he can relax and grow at his own pace. With a supportive environment and consistent routine, Axel has all the right ingredients to become a happy, well-adjusted family member.","axel-2",""
"2023-02-01","Western Sydney (Londonderry)","956000014914658","Romeo","2025-07-10","MALE","","Romeo, Romeo, wherefore art thou Romeo? Why I’m right here at Western Sydney! If you’ve been searching for your soul mate then look no further than gorgeous Romeo. Romeo is a gentle soul who loves love! Romeo has a goofy and charming personality! A gentleman by nature, he’s as graceful as he is affectionate. Whether it’s cuddling up for a quiet evening or running through the fields, Romeo is ready to share his world with you. We can guarantee this love story won’t end in tragedy...come down for a chance at love at first sight (hound)!","romeo-1",""
"2023-10-01","Western Sydney (Londonderry)","956000016775570","Pixel","2025-07-10","FEMALE","","*Pixel is in a foster care home - reach out to the team for info!* If you're looking for a fun-loving greyhound who brings excitement and affection in equal measure, 1 year old little Miss Pixel could be the perfect fit for your family. Pixel is living in a foster care home where she is excelling with toilet training and learning how to become the best pet! Pixel is a bright and bubbly young greyhound who’s full of personality and always ready for fun! With her puppy-like energy and love for play, she’s the perfect match for an active family with kids. She has spent time with a staffy and gets along beautifully with other dogs, showing a mix of playful and respectful behaviours. Pixel would do well in a home that embraces her energy and provides structure, enrichment, and plenty of love. She is loved by her foster carer but we can't wait to see her in her forever home! Pixel is available at the Western Sydney adoption centre.","pixel-1",""
"2020-02-01","Riverina (Wagga, Temora, Gundagai, Griffith)","956000007839957","Goose","2025-07-10","MALE","","Goose is, well, just a big goose! Only 32 kg, gentle and loves attention. He likes to wander around the sheds with his owner and visits the farm border collie who he loves to play with. He's a good traveller, no house experience, but was walked in town as a puppy. He's used to pottering about, but dreams of finding that comfy couch or spot in the garden, patio or verandah. He's friendly and happy to meet new people with a wag of his tail, loves a swim in the dam and loves his toys. He has been around kids 10+, and when you're not around to follow about, he is happy to amuse himself throwing his toys up in the air, especially his beloved soccer ball. Goose is a gentle, happy-go-lucky boy who would make a wonderful, loyal and easy going companion. Goose doesn't bark, except occasionally as a reminder for a bit of attention if you've stopped patting or when its dinner time! He lost 2 toes on his back left foot due to an injury as a puppy, which doesn't bother him, otherwise a healthy lad who has so much love to give. 💙","goose-3",""
"2022-11-01","Western Sydney (Londonderry)","956000014887185","Dylan","2025-07-10","MALE","","Meet Dylan—a true pocket rocket bursting with energy and enthusiasm for life! This fun-loving boy is always on the go, whether it’s heading out for a walk, sprinting around the yard in full zoomie mode, or playing endlessly with his favourite toys. Dylan thrives in a home that can match his pace and give him the physical and mental stimulation he craves. He’ll need an active household with a good-sized yard and experienced children who are confident around large, energetic dogs. While Dylan doesn’t show strong prey drive, he can be a bit too much for small breeds, so he’s best suited to homes with a robust, playful canine companion of similar size—pending a successful meet and greet. He’s a whirlwind of joy, curiosity, and excitement, and would make a wonderful addition to a family that embraces his zest for life and is ready for all the fun he brings","dylan-1",""
"2021-05-01","Western Sydney (Londonderry)","956000007464883","Pocket","2025-07-10","FEMALE","","*Pocket is living in a unit/apartment foster care home* Foster Notes: ""She is really lovely, very affectionate and loves meeting new people. She hasn’t shown any signs of resource guarding or sleep startle, and she is very happy to snooze most of the day away."" Pocket is a bouncy, fun little thing! She is very playful, hilarious and goofy, and will definitely make you laugh with her antics! Known for her cuddles, we love her here at the centre as she will snuggle right into you for a cuddle when you crouch down. She is very outgoing and affectionate, and we know someone will just love her for her silly cute personality. Due to her wiggly, bouncy nature we'd recommend older children in the home. This adorable, affectionate girl is known for her love of toys and fun loving personality. Pocket is available at the Western Sydney adoption centre.","pocket-1",""
"2020-08-01","Western Sydney (Londonderry)","956000012227840","Shadow","2025-07-10","MALE","","Lurking in the shadows is this beautiful boy! Shadow is learning 'pet prep' in his current home, which includes spending time indoors, spending time with children, and small dogs! Having been around kids 10 years old and over, as well as 3 small dogs - Jack Russel, Pomeranian and Dachshund, he has perfected the art of the top 2 greyhound past times - playing and sleeping together. Shadow would be a wonderful addition to a family with dogs, children, and a townhouse/backyard for Shadow to enjoy spending time in. Shadow would enjoy being a member of the family and being included on walks, adventures, and cuddling watching TV at night. Shadow is available at the Western Sydney adoption centre.","shadow-5",""
"2020-10-01","Western Sydney (Londonderry)","956000012965006","Naomi","2025-07-10","FEMALE","","Naomi is a sweet & shy girl. She is suitable to live with other dogs including small dogs! Although initially shy, she is a brave girl who warms up well with consistent, gentle handling. Naomi would enjoy a quiet home with a grassy courtyard/backyard. She likes to keep to herself but travels well and is working on her confidence every day. If you're looking for a sweet and gentle hound who you can watch thrive with your nurturing personality, consider adopting Naomi. Naomi is available at the Western Sydney adoption centre.","naomi",""
"2020-04-01","Central West (Bathurst/Dubbo/Coonabarabran)","956000012114782","Chief","2025-07-10","MALE","","Meet Chief – a handsome, easy-going boy with a heart of gold. This laid-back fella is happy entertaining himself or just chillin' solo 😎. Patient and gentle, Chief is great with small children and gets along well with other animals. He grew up around a cattle dog and has been exposed to goats, so farm life is nothing new to him. Whether he's playing or relaxing in the sun, Chief brings a calm, loyal energy to any home 🐾.","chief-6",""
"2020-09-01","New England","956000007840211","Pepper","2025-07-10","FEMALE","","Pepper has a kind and gentle nature that instantly wins over everyone she meets. She’s easygoing, affectionate, and loves being part of the action, whether it’s with her human family or her fellow dog friends. Pepper’s playful yet calm demeanor makes her a joy to be around, and she’s ready to share her love with the lucky family who takes her home!","pepper-4",""
"2020-06-01","New England","956000012804931","Alvie","2025-07-10","MALE","","Alvie is a delightful and sweet greyhound. He’s a shy boy who needs a loyal and loving friend to do life with. Once he has settled in, Alvies's personality shines through in everything he does, making him a delightful and loyal friend who is always ready to share his love. Alvies perfect home would be an experienced doggy handler who has the time to win his trust and help him to adjust to a new life 💕","alvie",""
"2021-09-01","Western Sydney (Londonderry)","956000011641008","Pete","2025-07-10","MALE","","For Pete's sake, look at this handsome boy! Pete is a shy and reseved boy looking for a calm, low stimulus home to enjoy his retirement. Pete would do best without children and would love a backyard to retreat to when things get too busy for him. Pete is a delight around other greyhounds and gains confidence around them. A nurturing and relaxed owner would suit him the best. We think he would love to either live with another greyhound and/or continue socialisation around other dogs. Pete is available at the Western Sydney adoption centre.","pete-6",""
"2019-03-01","Western Sydney (Londonderry)","956000006678514","Tom","2025-07-10","MALE","","Tom is a sweet, goofy boy. He loves throwing toys around, is known to be ultra-affectionate, and will turn into a wiggly worm when he's excited! Did we mention he's sooo cute, too? The super friendly and polite dog who brings a smile to everyone he meets! Tom has a special knack for making friends wherever he goes with his gentle nature and waggy tail. He adores humans and is always ready to lend a listening ear or a comforting paw. Tom can conquer stairs, and enjoys a small outdoor area to stretch his legs. Whether you're going for a walk or just hanging out at home, Tom will be your loyal companion and best friend, spreading joy and kindness with every wag. Tom enjoys a slow exposure to busy areas however we know he can build confidence! Tom gets along great with other medium to large dogs and could potentially make a small dog friend, pending a meet and greet. Get ready to fall in love with this delightful pup! Available at Western Sydney 😄","tom-19",""
"2022-05-01","Central West (Bathurst/Dubbo/Coonabarabran)","956000011340679","Lloyd","2025-07-10","MALE","","🐾 Meet Lloyd! 💙 Lloyd may be a little shy when meeting new people, but with a supportive and understanding family, he quickly blossoms into a confident, happy, and loving boy. 🐶 Smart and full of potential, Lloyd is just waiting for the right people to help him shine. If you're looking for a sweet companion who’ll grow into your best buddy, Lloyd is ready to meet you! 💫","lyold",""
"2021-08-01","Central West (Bathurst/Dubbo/Coonabarabran)","956000012863585","Flow","2025-07-10","FEMALE","","🐾 Meet Flow! 🌸 Flow is a very sweet girl with a heart full of potential. 💕 She's ready to learn, grow, and succeed with the help of a loving, supportive home. With a little training and plenty of encouragement, she’ll blossom into an amazing companion. She’d do best with older, understanding children and could be a great match for a calm, medium-large dog friend. If you're looking for a kind soul to grow with, Flow is ready to start her journey with you! 🐶💫","flow-1",""
"2021-11-01","Central West (Bathurst/Dubbo/Coonabarabran)","956000012861144","Jasper","2025-07-10","MALE","","🐾 Meet Jasper! 💙 Jasper is an affectionate, sweet, and kind-hearted boy who just wants to be loved. 🐶 He’s playful and gentle, with so much potential to shine in the right home. He’s still learning and will need a supportive family to continue his training and help build his confidence. Jasper would do best with older, understanding children and could get along well with a compatible medium-large dog. If you're ready to open your heart to a truly lovable companion, Jasper is waiting for you! 💕","jasper-5",""
"2022-03-01","Central West (Bathurst/Dubbo/Coonabarabran)","956000012917914","Reggie","2025-07-10","MALE","","🐾 Meet Reggie! 🐶 Reggie is an active, playful, and seriously handsome boy! 😍 He's full of energy and would love a yard where he can run, play, and burn off that puppy spirit. Still working on his manners, Reggie needs a patient, understanding family ready to guide him with love and consistency. He’d do best with older kids and could be a great match for a friendly medium-large dog buddy. If you’re looking for a fun-loving companion to grow with, Reggie’s your guy! 💙","reggie-7",""
"2021-11-01","Central West (Bathurst/Dubbo/Coonabarabran)","956000013022670","Emma","2025-07-10","FEMALE","","🐾 Meet Emma! 💖 Emma is a gentle soul with so much love to give. She may be a little shy at first, but with patience and kindness, her sweet personality shines through. 💕 She’s looking for a calm, supportive family to help her grow in confidence with continued training and socialisation. Emma enjoys the company of well-mannered dogs (especially larger ones!) and would do best with older, understanding children. A secure yard to play and explore would be the cherry on top for this lovely girl. 🐶🌿","emma-3",""
"2021-08-01","Central West (Bathurst/Dubbo/Coonabarabran)","956000011658052","Jodie","2025-07-10","FEMALE","","🐾 Meet Jodie! 💕 Jodie is a sweet, goofy girl with a big heart and an even bigger personality! 💖 She’s bursting with playful energy and would love a yard where she can zoom around and enjoy all her favorite games. Jodie is still learning the ropes, so she’ll need a patient, loving home committed to helping her grow with consistent training and gentle guidance. 🐶 She’d thrive with older, understanding kids and could do well with a medium-large dog friend who matches her vibe. If you’re ready to laugh, play, and love a little extra every day—Jodie’s your girl! 💕","jodie",""
"2021-11-01","Central West (Bathurst/Dubbo/Coonabarabran)","956000013018726","Benson","2025-07-10","MALE","","Meet Benson – A Gentle Giant with a Heart Full of Love 💙🐾 Benson is a sweet, kind-hearted boy who’s still finding his way in the world. This gentle giant is looking for a calm, supportive home where he can grow in confidence, surrounded by patience, understanding, and lots of love. He’ll need ongoing training and encouragement, but with the right guidance, Benson will blossom into the most loyal companion. He’s suitable to live with medium to large dogs who are calm and respectful, and would do best with older, understanding children who can give him the space and gentleness he needs. If you have a little extra room in your home—and your heart—Benson might just be the perfect fit. 💛","benson",""
"2015-09-01","Central West (Bathurst/Dubbo/Coonabarabran)","956000004888574","Ducky","2025-07-10","FEMALE","","Meet Ducky – A Sweet, Gentle Soul Ready for Her Cozy Forever Home 🐾💗 Ducky is a loving, affectionate older girl who’s all about the cuddles and calm vibes. She’s looking for a slower-paced home where she can enjoy the quiet life with people who appreciate the beauty of a relaxed routine. Ducky would love a family with older, understanding children, and she’s suitable to live with medium to large dogs who are respectful and calm like her. If you're after a sweet companion who just wants to be loved and lounge by your side, Ducky might be your perfect match 🐾💗","ducky-2",""
"2021-11-01","Central West (Bathurst/Dubbo/Coonabarabran)","956000012861951","Goofy","2025-07-10","MALE","","Meet Goofy – A Special Boy Looking for His Special Home 🐶💛 Goofy is a sweet male with a quirky charm and a heart ready to bond. He’s looking for a quiet, patient home where he can take things at his own pace. Goofy needs someone who understands that dogs like him need time, gentle guidance, and a whole lot of love to build trust. He’s still learning about the world, so training and socialization will be key to helping him grow into his best self. Goofy would do best as the only dog in the home, with older, understanding children who can respect his boundaries. With the right people, Goofy will shine – could that be you?","goofy",""
"2021-02-01","Central West (Bathurst/Dubbo/Coonabarabran)","956000013017722","Sofia","2025-07-10","FEMALE","","Meet Sofia – A Loving Blue Beauty Looking for Her Forever Home 💙🐾 Sofia is a beautiful blue female with a gentle soul and a heart full of potential. She's looking for a home that can offer her support, understanding, and time—someone patient and committed to helping her grow with continued training and care. Sofia has an old injury to her front leg, so she’ll need a family that understands her physical needs and can help her feel safe and comfortable. She thrives best as a single dog in the household and would be happiest with older, dog-savvy children who can respect her space and needs. If you’re ready to offer a calm, loving home where Sofia can continue her journey, she’s ready to meet you. 💙","sofia",""
"2018-01-01","Western Sydney (Londonderry)","956000009589858","Royal","2025-07-10","MALE","","Meet Royal! The King of Cuddles and Playtime! 🐾 If you're looking for a loyal companion who’s both noble and a bit goofy, Royal is ready to bring you love, fun and lots of personality. This charming greyhound enjoys his toys and loves to play! Royal walks beautifully on lead and adores his daily walks. He's polite around smaller dogs but would prefer to share his kingdom with a medium or large canine companion. Ready to give Royal his happily ever after? Come and meet this beautiful boy at Western Sydney...he’s been waiting for his crowning moment! 👑","royal-1",""
"2019-08-01","Western Sydney (Londonderry)","956000007846228","Hank (Western Sydney)","2025-07-10","MALE","","Hank has spent some time in a foster care home, living within a retirement village with his foster carer. He is wonderfully laid back and gentle. He is a dream to walk on the lead and would enjoy a similarly calm forever home. His foster carer has described him as 'beautiful', 'divine', and has noted that he is great with kids and other people he's met out on strolls around the complex. He's especially taken to the grandkids who are 12+ years old. He loves to play and collect items. He's so friendly and everyone loves him. The foster carer notes he doesn't need a lot of space (as they have a small villa yard), loves his walks, is great with the mobility walker, and is a lovely, friendly, playful and perfect first foster greyhound for their living situation. Hank has a goofy playful side and loves to toss his toys around. He doesn't mind spending time entertaining himself or napping in a quiet backyard while you're out at work. If you are retired, living a laid back life, use a walker, or just looking for a calm companion, do not hesitate to reach out to the adoption team to discuss adopting Hank. Hank is available at the Western Sydney adoption centre.","hank-7",""
"2019-10-01","Northern Rivers (Grafton, Lismore, Casino)","956000007851244","Felix","2025-07-10","MALE","","Felix is a chilled-out charmer who’s just happy to be part of the fun. He’s quiet, calm, and has a super relaxed nature—nothing really bothers him! Whether it's hanging out with other dogs or being around kids, Felix fits right in. He’s friendly, gentle, and goes with the flow. This sweet boy doesn’t have a care in the world—he’s just looking for a comfy spot, some love, and maybe a snack or two. Felix is the kind of dog who brings a little bit of sunshine into every day without ever asking for much in return. If you’re after a gentle, low-fuss companion who gets along with everyone, Felix might just be your perfect match. 🐾💙","felix-2",""
"2017-11-01","Northern Rivers (Grafton, Lismore, Casino)","956000009463034","Tylah","2025-07-10","FEMALE","","Tylah is a beautiful, gentle soul who’s mastered the art of relaxing. She’s a laid-back lady who loves her naps and cozy spots, but don’t let that fool you—she still has her zoomie moments! Short bursts of energy are her specialty, followed by lots of lounging and cuddles. She’s happiest when she’s with her people, always close by and ready to share her calm, loving presence. Loyal, sweet, and full of quiet charm, Tylah is the kind of companion who makes every day feel a little more peaceful. If you're looking for a loyal, low-maintenance best friend who will love being by your side (especially on the couch), Tylah might just be the perfect match. 💕","tylah",""
"2019-12-01","Central West (Bathurst/Dubbo/Coonabarabran)","956000007831473","Digger","2025-07-10","MALE","","Digger is a curious, affectionate boy who loves to learn and be involved in whatever you're doing. He’s attentive, enjoys playing with his toys, and thrives on interaction. Digger would do best as the only dog in the home and would love having older children to play and bond with.","digger-4",""
"2018-12-01","Central West (Bathurst/Dubbo/Coonabarabran)","956000006812686","Brad","2025-07-10","MALE","","Brad is a lively, energetic boy once he feels at home. He enjoys playtime, especially in a backyard where he can stretch his legs and have fun. Brad is good with smaller dogs and would do well in a home with older children. A sweet, active companion ready for his next adventure!","brad-3",""
"2022-12-01","Central West (Bathurst/Dubbo/Coonabarabran)","956000011346970","Rafiki","2025-07-10","MALE","","Rafiki is a lively, energetic boy with an incredible love for toys! He’s a one-dog fetch machine—happily tossing his own toys just to chase them down again. Social, interactive, and full of fun, Rafiki brings playful energy and joy wherever he goes.","rafiki",""
"2022-11-01","Central West (Bathurst/Dubbo/Coonabarabran)","956000011345375","Dempsey","2025-07-10","MALE","","Dempsey is a fun-loving, affectionate boy with a big personality and an even bigger love for his toys. He's interactive, silly, and always ready to make you laugh with his goofy antics. Dempsey does well with smaller dogs and cats after a slow, safe introduction. A joyful companion who’s all about play, cuddles, and good vibes!","dempsey",""
"2022-12-01","Central West (Bathurst/Dubbo/Coonabarabran)","956000011349605","Zazu","2025-07-10","MALE","","Zazu is a gentle male who takes a little time to settle in, but once he's comfortable, his playful and funny personality shines through. He absolutely loves his toys and enjoys exploring his surroundings with curiosity. Zazu gets along well with smaller dogs and cats after a slow, safe introduction. A sweet soul with a goofy side, he’s sure to bring joy and laughter to a patient and loving home.","zazu",""
"2020-09-01","Southern NSW/ACT (Bulli, Nowra, Goulburn, Canberra)","956000007467851","Daisy","2025-07-10","FEMALE","","Daisy is a lovely hound, she is very social, confident and friendly. She is great around everybody and will make an excellent addition to your life. She is good on the lead and great company. She is also happy to live with full-time workers.","daisy-18",""
"2021-04-01","Southern NSW/ACT (Bulli, Nowra, Goulburn, Canberra)","956000007433917","Garry","2025-07-10","MALE","","Garry is a true companion and ready to become anyone’s best friend. Garry is 4 years of age and has grown up in a residential home whilst also living with other greyhounds. Garry enjoys his daily walk around town and makes friends with the neighbourhood children and dogs on his walk. With the correct introduction Garry could he suited to younger children and would be amazing in a townhouse or apartment with a walk everyday.","garry-2",""
"2020-01-01","Northern Rivers (Grafton, Lismore, Casino)","956000007834462","Rockstar","2025-07-10","MALE","","Rockstar is the coolest, most laid-back guy around! Just like his name, he’s a chilled-out rockstar who loves attention and enjoys hanging out with people—especially kids. He’s great with all dogs and loves to play, making him the perfect companion for a fun-loving household. Rockstar is as friendly as they come and always ready to be part of the action. If you’re looking for a relaxed, happy, and playful buddy who’s always ready for some fun, Rockstar is your guy!","rockstar",""
"2021-10-01","Northern Rivers (Grafton, Lismore, Casino)","956000012864402","Bruce","2025-07-10","MALE","","Meet Bruce! 🖤 Bruce is a sweet, laid-back boy with a charming personality. He gets along well with small dogs and is always happy to spend time with his human friends. Bruce does have pannus, a condition that affects his eyes. While it's not curable, it’s easily managed with treatment to keep him comfortable. If you’re looking for a friendly, easy-going companion with a big heart, Bruce is ready to bring his charm into your life!","bruce-4",""
"2022-04-01","Northern Rivers (Grafton, Lismore, Casino)","956000013064396","Sonny","2025-07-10","MALE","","Sonny is a strong, happy, and fun-loving boy who adores people and loves to play! He’s always up for some fun with his favorite toys—he absolutely loves them and could play all day. Sonny gets along great with medium to large breed dogs and would be happiest with a female dog friend. He’d also love to have a yard where he can run and play to his heart’s content. If you’re looking for an energetic and toy-obsessed companion with a heart full of love, Sonny might just be the perfect match for you!","sonny-4",""
"2017-06-01","Hunter Valley Mid Coast (Maitland/ Muswellbrook/Newcastle/Forster)","956000006210837","Venus","2025-07-10","FEMALE","","Venus is a beautiful, independent lady who is an absolute delight to have around. She’s perfectly happy relaxing on her own but still enjoys some attention and pats when you're nearby. She’s been socialised with small dogs and, while she’s not overly interested in them, she’s calm and well-behaved in their company. If you're looking for a sweet, low-maintenance companion who enjoys both quiet time and a little love, Venus could be the one for you! She may be nearly 8 years old but she still has lots of love to share.","venus-4",""
"2021-09-01","Northern Rivers (Grafton, Lismore, Casino)","956000013020623","Matty","2025-07-10","MALE","","Matty is a relaxed and happy boy who loves nothing more than a pat and a tasty treat! He’s very friendly and has been socialised with small dogs, making him a lovely companion for a variety of homes. With his calm nature and sweet personality, Matty is the kind of dog who just wants to hang out, enjoy your company, and maybe sneak an extra snack or two! If you’re looking for an easy-going buddy with a big heart, Matty’s your guy.","matty-1",""
"2017-05-01","Northern Rivers (Grafton, Lismore, Casino)","956000009573549","Cia","2025-07-10","FEMALE","","Meet Cia! 💙 Cia may be nearly 8, but she’s young at heart and full of love! She’s a happy, friendly girl who enjoys the simple things in life—like a short walk, a comfy bed, and a ride in the car (one of her favourite things!). Cia is social with other dogs and gets along best with large breeds or calm small dogs. She’s easy-going and loves being part of the action, but also knows how to relax and take it easy. Cia thinks an apartment would be fine as long as she does not have to walk up and down stairs. If you’re after a sweet and gentle companion who still has a spring in her step, Cia could be the perfect match!","cia-1",""
"2020-08-01","Northern Rivers (Grafton, Lismore, Casino)","956000011584894","Bob","2025-07-10","MALE","","Bob is a handsome, happy, and playful boy who’s full of personality! He loves life and enjoys being around people and other dogs—especially other greyhounds. Bob is strong and can get a little overexcited around small dogs, so he’d do best in a home without them. He would love to live with a medium to large female dog, or he’d be just as happy as the only dog in the home. If you’re looking for a fun-loving companion with a big heart and a beautiful brindle coat, Bob could be your perfect match!","bob-14",""
"2016-11-01","New England","956000004481400","Wolfie","2025-07-10","MALE","","Wolfie is the sweetest older gentleman you will ever meet! At 8 years old, he still has plenty of life and love to give. With his soft demeanor and loving nature, Wolfie is the perfect companion for anyone seeking a loyal and affectionate friend. He has a calm and soothing presence, making him an ideal pet for a any household. His loving and affectionate nature means he enjoys cuddles and spending quality time with his human family. Wolfie is a delight to be around, always ready to offer a comforting nuzzle. He has been living with a Cavoodle and is good with other dogs both big and small.","wolfie-1",""
"2021-12-01","Western Sydney (Londonderry)","956000014800665","Rowdy","2025-07-10","MALE","","Meet Rowdy! The handsome social butterfly with a heart full of love and a nose for treats! This confident and friendly guy absolutely adores people and will charm his way into your heart (and maybe your snack stash) in no time. Rowdy is super trainable and eager to learn, especially if food or toys are involved – a home that is interested in furthering his training and development is ideal Rowdy is still learning the ropes when it comes to other animals, so he’s best suited as a solo dog or with another greyhound friend who can help him find his groove. He’d thrive in a home with a yard to explore and a family who can support him through his transition to pet life. With a little guidance and a lot of love, Rowdy will be the ultimate loyal companion – cheeky, charming, and full of fun. Rowdy is available through our Western Sydney Adoption Centre.","rowdy",""
"2019-08-01","Central West (Bathurst/Dubbo/Coonabarabran)","956000009589667","Blaze","2025-07-10","MALE","","Meet this laid-back, placid boy—our sweet male Blaze! He's the definition of a ""dopey"" cuddle bug who loves nothing more than a good snuggle. As a single dog household pup, he's very content with his quiet life in the backyard, and he's happy to share his space with older children who understand his calm nature. Experienced owners will appreciate his lazy demeanor and gentle temperament. He’s all about relaxing and enjoying the simple things in life!","blaze-7",""
"2020-10-01","Northern Rivers (Grafton, Lismore, Casino)","956000011578748","Jack","2025-07-10","MALE","","Jack is a friendly, happy-go-lucky greyhound who’s always up for an adventure! He’s 4 1/2 years old and loves going for walks around the neighborhood, especially in suburban areas where there’s lots to sniff and explore. 🌳 This guy is also a big fan of the beach, with a special love for small shell pools—he’s happiest splashing around and enjoying the water! 🌊 Jack is great with other dogs and always ready to make new friends. His sweet, friendly nature makes him a joy to be around. Whether he’s on a walk or just chilling, Jack is sure to bring a smile to anyone he meets! 😊 If you’re looking for a fun, friendly companion who loves the outdoors, Jack is the perfect buddy for you! 🐕💖","jack-29",""
"2020-11-01","Southern NSW/ACT (Bulli, Nowra, Goulburn, Canberra)","956000007467734","Santa","2025-07-10","MALE","","Santa Clause is coming to your lounge! Santa is a handsome 4 year old boy who is looking to be your perfect companion. Santa takes a little bit to warm up to new people but when he is comfortable he's the perfect mix of cuddly and playful. He loves toys! During the day Santa is perfect for full-time workers as he spends his day sleeping and playing in the backyard. By night time You'll find Santa dreaming whilst curled up on the lounge or your bed with family or your other large fluffy companion.","santa",""
"2020-08-01","Western Sydney (Londonderry)","956000007835326","Pepper","2025-07-10","FEMALE","","Looking for a spicy, high-energy pup to add some heat to your life? With her bold confidence and zest for adventure, Pepper will keep you on your toes and bring endless fun to your days. Whether it’s a brisk walk in the park, a game of fetch, or a playful romp with her doggy friends, Pepper’s always up for action and excitement. Her enthusiasm is contagious, and there’s never a dull moment with this fiery girl around! Pepper is confident, sociable, and loves to have a good time, especially with medium to large dogs who can match her energy. If you're looking for a fun-loving, playful companion to join in your outdoor adventures and keep the excitement rolling, Pepper’s the one for you! She’s the perfect addition to an active home where she can burn off some of that spicy energy and steal your heart with her fiery personality. Ready for a hot new addition to your family? Pepper can’t wait to meet you at the Western Sydney Facility!","pepper-3",""
"2021-04-01","Western Sydney (Londonderry)","956000007433454","Maximo","2025-07-10","MALE","","Maximo is a sporty and fun-loving greyhound with a passion for water and a heart full of love. Whether he’s splashing around in the pool or running around with his greyhound buddies, he’s always up for an active, fun time. Maximo is also fantastic with kids, having spent time with young ones and showing nothing but patience and gentleness. His easy-going nature and friendly demeanor make him a perfect fit for a family looking for a loving, playful companion. Maximo is also open to living with other dogs, especially fellow greyhounds, and has the potential to coexist with small dogs and cats with the right training and introductions, and pending a meet and greet. His calm and cooperative attitude will make him a great addition to your home. If you’re looking for a sporty, fun, and affectionate dog who’s ready to join your team, Maximo could be the perfect match! Come meet him and see why he’s ready to take your home to the next level!","maximo-1",""
"2021-09-01","Western Sydney (Londonderry)","956000011552295","Sam (Western Sydney)","2025-07-10","MALE","","Looking for a fun-loving, people-obsessed companion? Sam the greyhound is your guy! 🐾 With his playful personality and endless enthusiasm, he’s ready to steal your heart and bring joy to every adventure. Sam is a total people pleaser, always eager for his human's attention and affection. He’s incredibly social and loves to be around his people, making him the perfect companion for anyone looking for a friendly, outgoing dog. Sam is also pro when it comes to car rides—he loves hopping in for a fun adventure and travels like a champ. Whether it’s exploring new environments or playing with his favorite toys, Sam is always up for the next exciting thing! He’s also a big fan of walks, where his playful, excitable personality shines. Sam is suitbale for living with other dogs around his size and would also be happy to share his home with older kids. If you’re looking for a fun, loving, and energetic pup to share your life with, Sam is your guy! 🐕💙 Contact the Western Sydney team to meet Sam today!","sam-10",""
"2021-04-01","Central West (Bathurst/Dubbo/Coonabarabran)","956000012917728","Bertha","2025-07-10","FEMALE","","Bertha is a playful, cheeky, and energetic female greyhound who loves people and is very social. She’s curious and full of fun, always ready for an adventure. With the right introduction, she might get along with smaller dogs, making her a great addition to an active and engaging home.","bertha-1",""
"2017-01-01","Central West (Bathurst/Dubbo/Coonabarabran)","956000004889171","Collie","2025-07-10","FEMALE","","Collie is a sweet older female with a calm, relaxed, and easy-going nature. She’s happy to please and would thrive in a slower-paced home. Older children are best for her, and she’s fine with smaller dogs and cats, making her a wonderful companion for a peaceful and loving household.","collie",""
"2023-06-01","Central West (Bathurst/Dubbo/Coonabarabran)","956000015745332","Billy","2025-07-10","MALE","","Billy is a sweet, affectionate, and kind natured boy. He’s loving and enjoys playing with toys, often collecting them on his bed. Billy is interactive and gets along well with smaller breeds of dogs, making him a fun and friendly companion.","billy-19",""
"2020-12-01","Central West (Bathurst/Dubbo/Coonabarabran)","956000012805049","Dare","2025-07-10","MALE","","Dare is a big, gentle giant with a very sweet and playful nature. He’s fun-loving yet shows a patient and calm side when needed. Confident and happy, Dare is the perfect mix of energy and tranquility, making him an affectionate companion for any home.","dare-1",""
"2022-05-01","Central West (Bathurst/Dubbo/Coonabarabran)","956000011351882","Windy","2025-07-10","MALE","","Windy is a very sweet-natured male dog who can be a little shy at first but quickly comes out of his shell, especially when playing with toys. Confident on his own, he gets along well with smaller breeds of dogs and is sure to bring joy and warmth once he settles in.","windy-1",""
"2020-12-01","Central West (Bathurst/Dubbo/Coonabarabran)","956000011710299","Hank","2025-07-10","MALE","","Hank is a calm, easy-going, and very friendly dog with an affectionate and interactive nature. He loves to connect with others and is great with smaller breeds of dogs. Hank’s gentle personality makes him a wonderful companion for any home looking for a sweet and sociable pet.","hank-6",""
"2021-04-01","Central West (Bathurst/Dubbo/Coonabarabran)","956000012861460","Tom","2025-07-10","MALE","","Tom is a happy boy who thrives on his own in a single-dog household. He needs a supportive home where he can grow and learn. With patience and encouragement, Tom will blossom into a loving and confident companion.","tom-18",""
"2020-12-01","Central West (Bathurst/Dubbo/Coonabarabran)","956000011711067","Scotch","2025-07-10","MALE","","🐾 Meet Scotch! 🖤 Scotch is a happy, confident greyhound with a heart full of joy. Due to a past leg injury, he enjoys a slower-paced home and shorter walks—but don’t worry, he can still move around and play just fine! 🐾 Engaging, affectionate, and full of love, Scotch thrives in a calm environment where he can relax and enjoy life at his own pace. If you're looking for a gentle, loyal companion, Scotch is ready to win your heart. 💕","scotch",""
"2018-01-01","Central West (Bathurst/Dubbo/Coonabarabran)","956000009589973","Uno","2025-07-10","FEMALE","","🐾 Meet Uno! 🌟 Uno is a lovely older lady with a confident, engaging personality and a heart full of love. 💕 She’s sweet, kind, and always happy—bringing a warm, joyful presence wherever she goes. With her calm nature and affectionate spirit, Uno makes the perfect companion for a caring, loving family ready to share their home with a gentle soul. 🐶💫 If you’re looking for a steady, loving friend, Uno is ready to make your heart her home.","uno",""
"2020-12-01","Central West (Bathurst/Dubbo/Coonabarabran)","956000007436627","Dozer","2025-07-10","MALE","","Dozer, or ""Little D,"" is a sweet boy who needs time and patience to learn and grow. He’ll thrive in a quiet home where he can feel safe and supported as he blossoms into his best self. With the right care, he’s sure to become a loving companion.","dozer-2",""
"2020-11-01","Central West (Bathurst/Dubbo/Coonabarabran)","956000011710186","Milo","2025-07-10","MALE","","Milo is a fun-loving male greyhound with a playful and confident personality. He’s happy, sweet-natured, and kind, making him a loving companion for any home. Milo’s cheerful attitude and affectionate nature are sure to bring joy to those around him.","milo-9",""
"2020-03-01","Central West (Bathurst/Dubbo/Coonabarabran)","956000007827233","Lexi","2025-07-10","FEMALE","","Lexi is a sweet and placid female greyhound with a calm demeanor. Eager to learn, she needs room to grow and thrive, along with patience and understanding. A single-dog household would be ideal, providing her with the space and care she needs to flourish.","lexi-7",""
"2019-12-01","Central West (Bathurst/Dubbo/Coonabarabran)","956000012179623","Aggi","2025-07-10","FEMALE","","Aggi is a pretty female greyhound who can be a little shy at first. She needs encouragement, support, love, and time to grow. A single-dog household would be ideal, where she can feel secure and receive the attention she needs. Aggi is eager to learn and thrive with the right care and patience.","aggi-2",""
"2021-12-01","Central West (Bathurst/Dubbo/Coonabarabran)","956000007431437","Micha","2025-07-10","FEMALE","","🐾 Meet Micha! 💖 Micha is a sweet and sensitive female greyhound looking for a calm, loving home to help her blossom. With the right support and encouragement, she’s eager to learn and grow into a confident companion. She’ll thrive in a quiet environment where she feels safe and secure. Micha would do best as the only dog to start with, giving her the space and attention she needs to adjust and build trust. If you have a gentle heart and a peaceful home, Micha is ready to find comfort by your side. 🐶💕","micha-1",""
"2021-06-01","Central West (Bathurst/Dubbo/Coonabarabran)","956000007424531","Tubby","2025-07-10","FEMALE","","🐾 Meet Tubby! 💗 Tubby is a sweet girl who just needs a little time and patience to truly shine. 🌸 She can be a bit unsure at times, but with the right support and encouragement, she’ll blossom into a loving, confident companion. She’d do best in a calm, single-dog household where she can feel safe and truly be herself. With your love and guidance, Tubby is sure to thrive. 🐶💕","tubby",""
"2021-06-01","Central West (Bathurst/Dubbo/Coonabarabran)","956000011552057","Sassy","2025-07-10","FEMALE","","Sassy is a female greyhound looking for a quiet, supportive, and loving home. She needs room to grow, learn, and thrive, along with the encouragement and patience to help her blossom. A single-dog household would be ideal, where she can receive all the attention and care she deserves.","sassy-1",""
"2021-06-01","Central West (Bathurst/Dubbo/Coonabarabran)","956000007428296","Molly","2025-07-10","FEMALE","","Molly is a sweet female greyhound who can be a little shy and unsure at first, but she’ll open up with time and patience. She needs space, encouragement, and room to grow in a supportive environment. Molly thrives in a single-dog household where she can receive the love and attention she needs to feel comfortable and secure.","molly-11",""
"2016-02-01","Central West (Bathurst/Dubbo/Coonabarabran)","956000004489012","Minni","2025-07-10","FEMALE","","Minni is a laid-back, easy-going older gal with a calm and confident demeanor. She’s curious and independent, but also affectionate and loves a good snuggle. Minni is the perfect companion for someone looking for a relaxed and loving pet.","minni-6",""
"2018-05-01","Central West (Bathurst/Dubbo/Coonabarabran)","956000006810145","Lucy","2025-07-10","FEMALE","","Lucy is a very friendly and affectionate older girl who loves to give and receive cuddles. She can be relaxed and easy-going, but also has a cheeky, playful side that adds fun to her personality. Good with smaller breeds of dogs, Lucy makes a sweet and loving companion for any home.","lucy-21",""
"2016-05-01","Central West (Bathurst/Dubbo/Coonabarabran)","956000004257033","Banj","2025-07-10","FEMALE","","Banj is a sweet, older female greyhound, ready to enjoy a relaxing retirement. She’s calm, easy-going, and laid-back, thriving in a peaceful home. Banj gets along well with smaller breeds of dogs and is comfortable around older children, making her the perfect companion for a quiet, loving household.","banj-7",""
"2020-06-01","Central West (Bathurst/Dubbo/Coonabarabran)","956000007467697","Snoz","2025-07-10","MALE","","Snoz is a male greyhound with a calm and quiet demeanor. He’s patient, easy-going, and always happy, enjoying a laid-back lifestyle. With his gentle nature, he’s the perfect companion for anyone seeking a relaxed and peaceful pet. Snoz is happy to make any M/L four-legged canine his best play and can't wait to have some cuddles with his new forever family. He would suit a household with full time workers, children to play with and would be very happy to live in an apartment.","snoz-3",""
"2018-10-01","Central West (Bathurst/Dubbo/Coonabarabran)","956000009460515","Bella","2025-07-10","FEMALE","","Meet Bella, a sweet, kind, and patient female greyhound who remains calm in new environments. She’s excited to play and learn, always eager for new experiences. Bella is affectionate and loves to spend time with her humans, and she gets along well with smaller breeds of dogs. She’s ready to bring her gentle spirit and enthusiasm for life to a loving home!","bella-17",""
"2020-12-01","Central West (Bathurst/Dubbo/Coonabarabran)","956000011781124","Nova","2025-07-10","FEMALE","","Meet Nova, a beautiful and sweet female greyhound who will melt your heart once she settles into her new home. She’s affectionate and loves cuddles, and she has a playful side when it comes to toys! Nova is patient and eager to learn, making her a wonderful companion for a family who can help her continue to grow. She’s ready to share her love and brighten your life!","nova-2",""
"2019-09-01","Central West (Bathurst/Dubbo/Coonabarabran)","956000006660531","Bec","2025-07-10","FEMALE","","Meet Bec, a playful and affectionate female greyhound who absolutely loves toys! She enjoys collecting and playing with them, and there's nothing better than a cuddle and some quality time with her humans. Bec thrives in a home with an experienced owner who can provide her with the care and attention she needs, including a backyard to run and explore. She’s grown up around children, but older kids are best for her. She’s ready to bring love and joy into a forever home!","bec-7",""
"2021-07-01","Central West (Bathurst/Dubbo/Coonabarabran)","956000007424357","Zac","2025-07-10","MALE","","Meet this gentle and shy male greyhound, looking for a loving, supportive family to help him continue to grow and thrive. With a quiet nature, he enjoys the simple pleasures of life, like collecting little toys, and he responds beautifully to a gentle touch. Having grown up around small children, he’s well-suited for a family environment. An experienced dog owner would be ideal, as he’s looking for someone who can provide the patience and care he needs to flourish.","zac-3",""
"2020-02-01","Central West (Bathurst/Dubbo/Coonabarabran)","956000007373972","Tony","2025-07-10","MALE","","Tony is a barrel full of laughs, love & fun! This big goof ball loves to run, play & chase. He is an active boy with a spirit to match! He would love to find a home with older active children he can run around with in the backyard. Potentially another grey or large breed of dog to play with as well. He is a confident boy who doesn't shy away from much. Tony is ready to find his perfect family! Reach out to meet him today!","tony-6",""
"2021-10-01","Central West (Bathurst/Dubbo/Coonabarabran)","956000013039547","Lucy","2025-07-10","FEMALE","","Beautiful Lucy is lady who needs to find a supportive, patient & kind family. Lucy shows interest in wanting to be a part of a family, grow, learn how to be confident & playful, she just needs that support & encouragement to do so. A quiet home at first would be ideal. Lucy has spent time indoors, around children & a smaller breed of dog. With the correct introduction & supervision, Lucy may become best friends with your smaller fluff's, even your feline family members. Please reach out if you would like to meet Lucy :)","lucy-20",""
"2022-06-01","Central West (Bathurst/Dubbo/Coonabarabran)","956000011334285","Missy","2025-07-10","FEMALE","","Sweet Missy is a darling girl looking for her perfect family. Missy is looking for love & support from her new family in order for her shine and grow into the best version of herself. A quiet & patient home would be best. With growth, she will shine in personality & playfulness. Missy responds well to young children. She has spent time living indoors with a smaller breed of dog. With the correct introduction, Missy might become best friends with your small pups or feline family members. Please reach out if you would like to meet her :)","missy-21",""
"2019-06-01","Western Sydney (Londonderry)","956000007839524","Alf (Western Sydney)","2025-07-10","MALE","","*Alf has just spent 2 months being a foster care super star - he's now back at the adoption centre ready to meet you!* If you're looking for a perfectly behaved boy, read on! His foster carer says ""Alf is a beautiful dog not only in looks but in his temperament with humans, and is so very loveable. I have been lucky to have the pleasure of his company for two months. He is intelligent and has calmly learned a lot in his time with me. "" Foster Updates: ✅Walks well on a loose lead & harness ✅Climbs stairs very well (15 stairs) ✅Travels in elevators and cars well (Car travel is more for sleeping!) ✅House trained for toileting. Impeccable manners indoors! ✅Obeys commands, come, stay, wait, yes, no, down, off. ✅Answers to name ✅Doesn't take from the bin, or destroy things ✅Trusts and loves all humans ✅Enjoys his toys ✅Can be left alone without fuss ✅Scared of thunder and lightning. Alf finds a quiet, dark room to be in for the duration. He only needs to be close – no hiding, just a little panting for this big boy. ✅Loves rolling on lawn then doing zoomies ✅Enjoys the beach ✅He knows not to be on couches or beds but given licence to do so he would love to accept ✅Visited dog parks and made friends with other dogs once he gets to know them ✅ Accepts praise and pats where ever he goes, loves all people, big, small, male, female ✅ Affectionate, gentle, a true gentleman Alf is available from our Londonderry adoption centre.","alf-6",""
"2022-09-01","Northern Rivers (Grafton, Lismore, Casino)","956000015732159","Spot","2025-07-10","MALE","","Spot is a 2 1/2-year-old male greyhound with a heart as big as his gentle nature. He’s the quietest and most easy-going dog you’ll meet, perfect for a laid-back home or family. His friendly demeanor makes him the ideal companion for anyone looking for a calm, affectionate pet. Spot loves to lounge around and soak up all the love you can give, but he also has a playful side when the mood strikes! Why You'll Love Spot: Quiet & calm: Spot enjoys peaceful moments and doesn’t bark much, making him an ideal dog for a quieter household. Friendly & Lovable: He’s affectionate and easy to get along with, always up for cuddles and attention. Good with Small Dogs: Spot has a friendly nature and is great with smaller dogs, making him a great addition to a multi-dog home. Easy-Going Personality: Whether it’s a short walk or a cozy nap, Spot is happy to go with the flow. If you’re looking for a sweet, loving greyhound to brighten your days, Spot might just be the perfect match for you! 💕","spot-7",""
"2015-04-01","Western Sydney (Londonderry)","956000004249045","Harvey","2025-07-10","MALE","","Meet the sweetest senior boy, Harvey! There’s no love sweeter than the love of a senior greyhound. I'm a special greyhound that requires extra care “I must wear my booties when walking on hard or abrasive surfaces (they’ll be provided). I still enjoy my (slow) walkies, as I’m not allowed to jump or run.” Harvey's laid-back nature and medical condition make him the perfect companion for those who enjoy slow, serene walks and cosy time at home. Whether his new family are full-time workers or home more often, this low-maintenance guy will be happy either way! Harvey is a gentle 10-year-old greyhound who prefers to spend his days lounging in the sun or curled up on a soft bed, soaking in the peace and comfort of his home. He’s enjoys the company of other medium to large dogs and could be suited to a home with mature kids. Ideally, he's wishing for a home with a small yard or courtyard, where he can snooze in the warmth of the sun. (Could also be suited to a sunny apartment with lift access). Harvey is ready to find a special foster carer Angel to love him—and is waiting ever so patiently at our Londonderry Adoption Centre.","harvey-2",""
"2018-06-01","Hunter Valley Mid Coast (Maitland/ Muswellbrook/Newcastle/Forster)","956000009589443","Red","2025-07-10","MALE","","This is our boy Red. Say hello to this charming boy who is looking for his forever home. Red is relaxed on lead, great to handle, making your daily walks very enjoyable. He has had frequent exposure to leisurely strolls in town and enjoys the slow paced lifestyle. He is very friendly and will stop for pats or to say hello. At times Red can be apprehensive in new environments. Once he has found his feet, he takes the world in his stride and settles into a happy pace of life. He would suit a quieter home with any humans, big or small, that are willing to give him all of the love in the world.","red-8",""
"2020-04-01","Western Sydney (Londonderry)","956000007374982","Summer","2025-07-10","FEMALE","","*I am in a foster care home in Newtown in the inner west - reach out to the team to find out how I'm going!* The sun is shining - Summer is finally here! Well, Summer the greyhound that is! Summer is affectionate yet independent. She doesn’t mind spending time alone, making her a great fit for a variety of lifestyles. She has also spent time around children aged 3+ making her a great fit for families. Summer is a super social and friendly girl, making her perfect for those wanting an affectionate companion. She absolutely loves people, enjoys playtime, and settles beautifully inside. Summer is learning about the world and other dogs here at the centre and is doing so well! She would benefit from ongoing training for her dog sociability but is doing well at the centre. With the right family, Summer will thrive and make a wonderful companion. So grab your hat and sunnies and get ready to enjoy this ray of sunshine, available from the Western Sydney adoption centre.","summer-4",""
"2022-02-01","Hunter Valley Mid Coast (Maitland/ Muswellbrook/Newcastle/Forster)","956000011358684","Stacey","2025-07-10","FEMALE","","Meet our sweet girl Stacey. Stacey warms up after a little bit of attention but initially she could be weary of her surroundings. She has spent time around children and is gentle around them. Stacey is responsive on lead but will like to sniff around as well.","stacey",""
"2020-04-01","Southern NSW/ACT (Bulli, Nowra, Goulburn, Canberra)","956000007827688","Jimmy","2025-07-10","MALE","","Jimmy is a gentle, lazy boy who’s mastered the art of relaxation. Living in a townhouse, he’s perfectly content with a quiet lifestyle and short daily strolls — he walks beautifully on lead and doesn’t ask for much more. He’s a sweet, old soul who spends most of his day snoozing, making him a fantastic companion for full-time workers. Jimmy thrives in calm environments and is best suited as the only dog in the home where he can enjoy all the love and attention to himself. If you’re after a low-maintenance mate who loves a cuddle and a nap more than a run in the park, Jimmy’s your guy.","jimmy-8",""
"2022-05-01","Hunter Valley Mid Coast (Maitland/ Muswellbrook/Newcastle/Forster)","956000011341912","Benji","2025-07-10","MALE","","Are you after a playful and cheeky friend? Benji is after his forever home! He is all things cheeky, confident and cunning. Benji is responsive on lead but some extra training wouldn't go astray. He loves a pat and to bound around a yard big or small, he would be suitable to live in a townhouse or villa and would in time be able to conquer stairs. Benji had an injury in 2023 which he has now recovered from but has a plate in his hock. If you're interested in learning more about Benji, please apply now.","benji-11",""
"2021-06-01","Southern NSW/ACT (Bulli, Nowra, Goulburn, Canberra)","956000007464786","Prince","2025-07-10","MALE","","Prince is a friendly and well-mannered greyhound looking for his forever home. He’s fantastic around kids and settles well after initial excitement. He walks beautifully on a lead and has experience being around other dogs, including a small sausage dog for a short amount of time and a Labrador. Prince is an intelligent boy who will let you know when he needs something—whether it’s food or a toilet break—with a few attention barks. With a loving family and a little routine, he’ll make a wonderful companion. If you’re looking for a loyal and affectionate addition to your home, Prince might just be the perfect fit!","prince-8",""
"2020-02-01","Western Sydney (Londonderry)","956000012189109","Gazza","2025-07-10","MALE","","Confident, social and happy, are all great ways to describe Gazza. Gazza is social with other M-L breeds of dogs. Maaaate, he'd love to join Shazza, Bazza and Dazza on daily adventures! Gazza doesn't mind if those ankle-biters are in the home, either, more good old fun for him! Gazza would love to do his daily burn outs in the yard but will nap away on the porch once his few moments of fun are over. He's a sweet guy at heart who can't wait to find his crew! Grab a stubby and a meet Gazza at the local watering hole because this fair dinkum fella has a few yarns to tell! He can be adopted from the Western Sydney adoption centre.","gazza",""
"2021-09-01","Western Sydney (Londonderry)","956000011640070","Jax (Western Sydney)","2025-07-10","MALE","","Meet Jax! This handsome boy is ready to find his forever home - Greeting you with a happy wagging tail and affectionate energy, Jax is sure to win over your heart in no time! Jax has had the pleasure of spending time with whippets, kids, and has been in a loving house setting, so he's already on his way to being well-versed in being a great family companion. Jax is looking for a forever family where he can offer endless affection and share his happy, friendly demeanour. If you're looking for a sweet companion to join your family, Jax might be the perfect match for you!","jax-4",""
"2015-11-01","Western Sydney (Londonderry)","956000003332239","Mo","2025-07-10","MALE","","Gentle natured and affectionate, this senior boy will surely charm you with his adorable salt and pepper face. Mo has a lot of love to give and will share his affection with you from the moment you meet him. He has been around kids aged 1+ and would suit a home with kids who can respect his grandpa naps. Mo has shown wonderful manners with dogs big and small and is even learning about those so called ""cats"", too! We are hoping his forever home is full of soft beds, sunshine naps and treats...Maybe that could be you! Mo is available at the Western Sydney adoption centre.","mo-11",""
"2020-04-01","Northern Rivers (Grafton, Lismore, Casino)","956000007837271","Jimmy","2025-07-10","MALE","","Meet Jimmy, a laid-back and easygoing dog with a heart full of love to give. Jimmy is the perfect companion for those who appreciate a relaxed and unflustered canine friend. Jimmy is dog who adores the simple pleasures in life, from leisurely strolls in the park to quiet evenings lounging at home. He's not one to rush through life but rather takes his time to soak in his surroundings, making every moment feel special and serene. His chilled-out nature also makes him an excellent companion for other medium to large breed dogs. If you're in search of a dog who can seamlessly integrate into a tranquil lifestyle, whether you're single, a couple, or a family, Jimmy is ready to settle in and share his companionship with you. Get ready for leisurely adventures and cozy evenings with this loving and relaxed furry friend.","jimmy-7",""
"2021-09-01","Central West (Bathurst/Dubbo/Coonabarabran)","956000007430066","Paddy","2025-07-10","MALE","","Mr Paddy! This gentle giant is such an easy-going, laid-back goof ball! He is always down to clown or just take it easy and rest his feet. He gets on well with smaller breeds of dogs- there's a Yorkie always saying hello :) Paddy interacts positively with new people, even younger children. He would love to have yard where he can run about, chasing toys thrown by his new best friends :)","paddy-2",""
"2021-03-01","Northern Rivers (Grafton, Lismore, Casino)","956000014513477","Skip","2025-07-10","MALE","","Meet Skip, the happy and friendly boy. This loyal and loving dog is always ready to greet you warmly and share a moment, no matter how small. Not only does Skip adore people, but he's also a social butterfly with other dogs, making him an incredible addition to multi-dog households. This charming canine companion will enrich your life with his unwavering loyalty and snuggles. Whether it’s a hike through the woods or a cozy night at home, Skip is just happy to be by your side, providing companionship, laughter, and unconditional love. If you're looking for a furry friend who always wears a smile and offers boundless affection, Skip might just be the perfect companion for your household.","skip-1",""
"2021-09-01","Northern Rivers (Grafton, Lismore, Casino)","956000014497117","Scout","2025-07-10","MALE","","Meet Scout, a gentle soul of a dog. Scout is an easy-going companion, ready to fill your days with quiet affection and steadfast loyalty. His presence is soothing and his love is unconditional, offering the perfect balance in a fast-paced world. Scout's relaxed nature makes him the ideal partner for leisurely walks around the neighborhood or peaceful afternoons spent lounging in the backyard. He's more than content to curl up at your feet, providing the kind of quiet companionship that warms the heart. Scout would like a quiet home where is gets lots of love and affection. Scout has met cats and would settle with proper introduction and a calm easy going cat.","scout-2",""
"2020-07-01","Northern Rivers (Grafton, Lismore, Casino)","956000007374662","Bear","2025-07-10","MALE","","Meet Bear, the ultimate embodiment of relaxation and tranquility wrapped up in a big, huggable package. This calm and easygoing canine companion resembles a giant teddy bear. Bear's favourite pastime is napping. Whether it's a lazy afternoon snooze on the patio or stretching out for a long, cozy rest beside you on the couch, Bear knows how to unwind like no other. While he might not be the most active pup on the block, Bear’s delightful charm lies in his serene nature. He's the perfect partner for a quiet afternoon reading session or watching a movie at home. Bear also enjoys a short walk around the block where he can have a sniff and explore Bear would thrive in a home where he can enjoy a relaxed lifestyle. While he may be big in size, his heart and loveable nature are even bigger.","bear-18",""
"2016-11-01","Central West (Bathurst/Dubbo/Coonabarabran)","956000005413287","Dora","2025-07-10","FEMALE","","Pleased to introduce you to the wonderful Dora! Dora is a senior lady looking to share her love with a new family. Dora has spent time living with a young family for approx 12 months & is now ready to find her forever home. She loves young children. Very patient & calm with them. Dora is gentle, kind & affectionate. Engaging in sweet cuddles & kisses. Dora may adapt to living on her own or in an apartment. Confident & content, she might well adapt to full-time workers as well :)","dora-2",""
"2019-08-01","Central West (Bathurst/Dubbo/Coonabarabran)","956000006702904","Millie","2025-07-10","FEMALE","","Looking for a sweetheart that loves children, engaging in fun play & snuggling? Then Millie is the girl for you! Millie is very excitable & playful! Loves to run around being a little silly & cheeky. Quick to jump in a body of water.... even on picture day hehe :)","millie-4",""
"2023-03-01","Northern Rivers (Grafton, Lismore, Casino)","956000007427402","Harley","2025-07-10","MALE","","Meet Harley, a cheerful and easygoing companion. This friendly fella has a personality that's as warm as the summer sun, making him an ideal addition to any family seeking a loyal, loving dog. Harley has a delightful, laid-back nature about him. He is effortlessly sociable, having met small dogs with a friendly yet disinterested attitude, ready to just hang out and enjoy their company without demanding constant interaction. With his infectious happiness and calm, affectionate personality, Harley promises to be a wonderful companion for anyone seeking a peaceful, friendly presence in their life. If you’re ready to welcome an easygoing and friendly buddy into your life, Harley is more than ready to meet you. Harley has now been introduced to cats and would be suitable for a home with a confident indoor cat who likes dogs.","harley-4",""
"2017-04-01","Central West (Bathurst/Dubbo/Coonabarabran)","956000005708531","Storm","2025-07-10","FEMALE","","Relaxed & very loving older lady. Has spent time around grandchiildren. Storm is a confident girl looking for a life of leisure. She will do well on her own, with full time workers..... or if you might consider welcoming 2 beautiful ladies into your life, Storm’s sister, Chucky is also available :)","storm-4",""
"2017-04-01","Central West (Bathurst/Dubbo/Coonabarabran)","956000009435360","Chucky","2025-07-10","FEMALE","","Sweet & adorable older gal. Independant & confident. Will adpat to full time workers. Has spent time around young grandchildren. Relaxed in new spaces & around new people. Sister to Storm! Would you consider welcoming both into your family?","chucky-2",""
"2018-03-01","Northern Rivers (Grafton, Lismore, Casino)","956000009464574","Garnet","2025-07-10","FEMALE","","**Garnet has lived in a foster home in the city CBD with full time workers, is affectionate and intelligent, and loves long walkies and would enjoy an active family to keep fit and go on daily adventures with** She's been a joy to foster! Here's a glimpse into Garnet's wonderful traits: - Garnet is an early bird who enjoys morning naps after joining you in bed. - A fearless adventurer, she's unbothered by much and walks in loud, busy city streets. - Walks in the rain without hesitation. - Patiently waits outside shops while you run quick errands. - Curious by nature, Garnet follows you around, eager to be part of your activities. - Loves to relax and roach on the couch. - Enjoys chasing Frisbees, balls, and playing with squeaky toys. - An exceptional office companion and assistant. - Incredibly friendly and affectionate, she welcomes pats from everyone she meets. - Gentle with children she meets. - Gets super excited about snacks, especially denta sticks! - Loves to taste a variety of foods, from peanut butter, hot chips, and banana. - Garnet has accompanied professional dog walkers, who have consistently praised how well she walks on the lead. Garnet has been a delight in the home, and I'm sure she'll make an excellent addition to a loving family. We’ll certainly miss her! If you're looking for a dog to fill your home with love and joy then apply to adopt the gorgeous Garnet today!","garnet",""
"2022-02-01","Western Sydney (Londonderry)","956000011655718","Rissole","2025-07-10","MALE","","Rissole is a handsome blue boy. Described as a happy, cheerful bubbly boy, we think he could live with older kids and would be content with a courtyard or backyard to call his own. He can be shy when you first get to know him, so a home who enjoy bringing a dog out of their shell will be the best fit for this pretty boy. We have noticed he is more confident around other hounds, and would suit a home with another doggie pal, but not a requirement. He is looking for a quiet loving home - could it be you? Rissole is available from the Western Sydney adoption centre.","rissole",""
"2015-04-01","Northern Rivers (Grafton, Lismore, Casino)","956000004256320","Pattie","2025-07-10","FEMALE","","Meet Pattie, a gentle and gracious senior who has spent her life expertly spreading love and warmth. Pattie has been in the company of children and copes well with if they are polite and well mannered. Pattie is a well-mannered lady who carries herself with a polite serenity, she has been socialised with small dogs and although she would prefer a large companion she is polite around small dogs. Pattie has slowed in her senior years, but she would love a foster home where she can settle and would be the perfect companion for someone looking for an older calm companion.","pattie",""
"2015-05-01","Northern Rivers (Grafton, Lismore, Casino)","956000004273766","Eve","2025-07-10","FEMALE","","Meet Eve, a gentle and calm senior lady who's ready to grace your home with her presence. With her quiet and serene nature, Eve is the epitome of tranquility, and she effortlessly brings a sense of peace wherever she roams. Eve has a friendly disposition and a soulful gaze that speaks volumes. She's an observant girl who appreciates the simpler things in life, making her a suitable match for a loving individual or family seeking a mellow furry friend. As a senior dog, Eve would thrive in a foster home where she can enjoy her golden years in comfort. Her dream environment would be one filled with love, where she can relax while being treasured as the devoted companion she is. By welcoming Eve into your life, you'll not only be providing her with a secure and loving home, but you'll also be rewarded with the companionship of a truly special and lovable friend.","eve-1",""
"2019-05-01","Western Sydney (Londonderry)","956000009590292","Arthur (Western Sydney)","2025-07-10","MALE","","*I'm currently in a foster home* And I say HEY! What a wonderful kind of day. If you can learn to work and play and get along with Arthur the greyhound! Arthur is a total cutie pie. He is the star of the show, much like the 90's show! Arthur would enjoy a home with a big or small dog. He is a shy boy at heart, but loves smooches and cuddles once you get to know him. A backyard or courtyard would be suitable but he can also live in an apartment home as he enjoys settling quietly indoors and can do stair cases. He walks on a loose lead, as well as learning some training cues like 'on your bed' and 'off your bed'... Talk about talented! It's a simple message and it comes from the heart, Believe in this (and in Arthur the greyhound) for that's the place to start! Arthur is available from the Western Sydney adoption centre.","arthur-5",""
"2021-12-01","Western Sydney (Londonderry)","956000007430009","Cookie (Western Sydney)","2025-07-10","FEMALE","","Cookie is a friendly & social girl looking for her new home where she will be surrounded by love and attention! She’s very human-focused and loves being around people, always displaying positive consent and gentle affection. Whether it’s playtime or cuddle time, she’s sure to brighten your day! Cookie does very well walking calmly on a lead, making walks a relaxed and enjoyable experience. She’s also shown to be good around our other greyhounds, and could be happy sharing her new home with another medium/large doggie friend - Pending a Meet & Greet at our Western Sydney site. Contact us today to learn more about this lovely girl and discuss booking in an appointment to meet her!","cookie-9",""
"2018-04-01","Western Sydney (Londonderry)","956000006793724","Wynstan","2025-07-10","MALE","","Wynstan with a Y here...let me tell you a bit about myself! I hope you like a happy affectionate boy, if so, read on! I love to lean on my handlers and show off my adorable affectionate nature. Did anyone tell you I'm also polite with big and small dogs? Seriously, I'm a catch! I'm also all about my treats, so if you're looking to teach me tricks, please involve snacks too! This will help me settle in and learn how to be the best pet for you. Everyone says I'm amazing, so I guess they love how I walk so nicely and gently on the lead for walkies, too! I'm available from the Western Sydney adoption centre, see you soon!","wynstan",""
"2021-10-01","Southern NSW/ACT (Bulli, Nowra, Goulburn, Canberra)","956000013018104","Paul","2025-07-10","MALE","","Paul is a stunning boy who is great to play with, can be left alone. He is social and confident with other dogs and a good walker on the lead. He enjoys a coffee date and a trip to Bunning's on the weekends! Paul would suit a household with children or any age, full-time workers, a backyard or with other pups to play with.","paul-1",""
"2021-11-01","Southern NSW/ACT (Bulli, Nowra, Goulburn, Canberra)","956000013017765","Ace","2025-07-10","MALE","","Ace is currently in a foster home with his sister Katie. We have loved getting to know Ace and giving him the opportunity to enjoy his new life as a pet. Affectionally known to us as our ‘Sookie Lala’, Ace just wants to be by your side 24/7. He loves being close and seeing what things you are getting up to throughout your day. He also loves the outdoor (and indoor) couch and will happily settle in there for the day when outside. Ace will bounce happily on his toes when we come home and loves a hug and cuddle. We are teaching him how to play fetch and he really enjoys being included in any play time activities. He is toilet trained and sleeps very well throughout the night. Ace walks wonderfully on a leash as he likes to be right by your side. He doesn’t react negatively to other dogs, big or small and is very friendly to other small dogs and children. If you have love to give and are looking for a dog to soak it all in – Ace is your boy! ______________________________________________________________________________ Ace is a playful and gentle hound. He was very friendly and nice when he met my daughter and was good company with a good balance of being playful and affectionate. Gets along great with other greyhounds. Currently fostered in a suburban home and getting comfy coming inside the house and loving the backyard.","ace-7",""
"2020-09-01","Southern NSW/ACT (Bulli, Nowra, Goulburn, Canberra)","956000007466509","Katie","2025-07-10","FEMALE","","Katie is currently in a foster home with her brother Ace. We have loved getting to know Katie and giving her the opportunity to enjoy her new life as a pet. Being the older sister, she is very independent and settles very easily. She is very happy to sit on her bed whilst you work or go about your day. She is toilet trained and has fallen into her new routine very easily. She gets so excited to see us, as exemplified with her happy, whipping tail (duck for cover!). She tends to jump up on you when she’s very excited, but this is something we are working on and have already seen great improvements on. Katie walks well on a leash and doesn’t react negatively to other dogs, big or small. She has done well approaching small dogs and children and saying hello. Katie would be a great pet for a someone looking for an independent dog that will also shower you will love and affection. __________________________________________________________________________ Katie is a lovely hound. She is happy and confident, very playful. Does appreciate a good lay down also. Has been living in a rural setting is no stranger to native animals and is now in suburban foster care enjoying cuddly toys, living out the back and coming in the home for the evening.","katie-9",""
"2020-01-01","Western Sydney (Londonderry)","956000012252567","Flash","2025-07-10","MALE","","**I'm in a foster home** Flash is seeking an empathetic & nurturing owner who can follow a cooperative care plan to help with his daily eye medication. Could you be the perfect owner for our sweet boy? Flash has advanced pannus, which means he needs daily eye medication. But don’t worry—he’s a star pupil when it comes to taking his meds & he’s getting better every day with the right guidance. Flash is currently learning all sorts of new tricks at the adoption centre. He is a fast learner and with a little time and practice, he's shown he can do amazing things. A large yard where Flash can stretch his legs and zoom around is a must! He loves a good run, and a big space is perfect for his energy. No small children or other animals. Flash would prefer a calm environment where he can be the only one getting your attention and affection. Flash is available at the Western Sydney adoption centre. **Flash is on daily medication - enquire with GAP for more info**","flash-8",""
"2014-01-01","Northern Rivers (Grafton, Lismore, Casino)","956000003031937","Spot","2025-07-10","MALE","","Meet Spot, our distinguished older gentleman who is looking for the perfect match. Spot isn't just any dog; he carries himself with the grace and ease that only a seasoned greyhound can. Spot has had the pleasure of living in the serene setting of a granny flat, making him an expert in enjoying the quieter side of life. However, don’t let his age fool you; thanks to a thorough training program, Spot is sharp and responsive. He comes eagerly when his name is called and possesses a well-mannered set of tricks, including ""touch"" and ""paws up,"" that make him a delight to teach and interact with. His training, combined with his naturally loyal temperament, makes Spot an excellent fit for a single person looking for a true companion. He understands the comforting routine of a single household and offers unwavering loyalty in return. Spot embodies the best qualities of an older dog. Devoted and endearing, he is ready to join someone who values thoughtful companionship and has room in their heart for a truly dignified and loving friend.","spot-6",""
"2019-02-01","Central West (Bathurst/Dubbo/Coonabarabran)","956000006809611","Chandler","2025-07-10","MALE","","Meet sweet & beautiful Chandler... Chandler is a gentle and polite male greyhound with a calm and relaxed demeanor. He’s a sweetheart who greets everyone warmly and enjoys a good snuggle, especially after a sunbath. Chandler has been around older kids and medium-sized dogs, and he gets along well with both. He’s also a joy to walk on a lead, making him the perfect companion for leisurely strolls. Whether lounging in the sun or curled up for some quiet time, Chandler is sure to bring a sense of calm and affection to any home.","chandler-2",""
"2020-04-01","Western Sydney (Londonderry)","956000007467573","Sting","2025-07-10","MALE","","Get ready to feel the Sting of love from this handsome boy! With his confident personality and loving nature, Sting is ready to take on the world, whether it’s playing in the backyard or having a cuddle session. Sting would thrive with an owner who can match his energy and provide plenty of love and attention. He would be open to sharing his new home with another furry friend, pending a meet & greet with the GAP team. He also has the potential to work up to longer hours alone, but would like he family or another furry companion with him to help settle in the early stages. If you’re looking to welcome a dog who’s full of personality and ready to make your life even more exciting, Sting might be the one for you!","sting",""
"2017-11-01","Western Sydney (Londonderry)","956000005577982","Benji","2025-07-10","MALE","","Benji is currently in a foster home with another senior, medium-sized dog and being the best boy! 🐾 If you think you could give this sweet soul his forever home, apply to meet him at our Western Sydney Adoption Centre! Meet Benji – the sweet, playful gentleman with a heart full of love. While Benji may be nearing his senior years, don’t let that fool you — he’s still full of fun and charm! He’d thrive in a home with a courtyard or backyard, where he can spend his days sunbaking and playing to his heart’s content. Benji has lived with children of all ages and could happily join a home with mature kids who can appreciate his enthusiastic nature. If you’re looking for a loyal companion to fill your days with happiness, Benji is ready to meet you and join your family.","benji-10",""
"2022-06-01","Southern NSW/ACT (Bulli, Nowra, Goulburn, Canberra)","956000011329837","Jax","2025-07-10","MALE","","Jax is a fun young hound who likes to play go for walks and enjoys a good rest afterwards. He lives in a suburban backyard and is conditioned to being left alone during full time work hours. He comes when called and enjoys a walk. Jax would suit living with full time workers with a backyard or a busy family.","jax-3",""
"2021-02-01","Western Sydney (Londonderry)","956000007465951","Midas","2025-07-10","MALE","","Gentle, calm and a lovely walking companion, Midas will add the glitz and gold to your life. Midas is an affectionate and gentle boy, who shines with attention and love. He would prefer his family around more this summer as he settles in, and with further training could be left for longer hours. Everything he touches will turn to gold...he is a friendly and calm boy looking for a family with or without children to love him forever! Midas is available from the Western Sydney adoption centre.","midas",""
"2021-02-01","Western Sydney (Londonderry)","956000007374912","Billson","2025-07-10","MALE","","Bubbly, effervescent and a perfect accompaniment for your life (not only this summer!), Billson is a sweet and joyful hound. He has been around children of all ages and would suit a home with respectful children. A low small dog population is the best fit for Billson as he needs to learn and have more training around them. Upbeat and fun, Billson would suit many home types. He's an energetic lad with some energy to fizz away, so a home with the family members around more often than not would be the best fit for Billson. Grab a slab and join Billson this summer! He is available from the Western Sydney adoption centre.","billson",""
"2021-05-01","Western Sydney (Londonderry)","956000014514144","Teddy","2025-07-10","MALE","","This adorable boy is the sweetest little guy ever! Teddy is great with other medium/large sized dogs and would happily join a family who already has one and spend the day with them while his humans are out. As a single dog, Teddy has shown to cope well on his own. Older, respectful kids are suitable for Teddy and would enjoy his goofy playfulness! So come and cuddle our little Teddy today! He is available from our Western Sydney adoption centre.","teddy-7",""
"2021-08-01","","956000012866851","Raffa","2025-07-10","MALE","","This bundle of joy loves human interaction and adventure. Raffa loves to run around his big yard area and shows you how fast he can be. Raffa gets very excited for the first five minutes you meet him before settling down. After getting his morning energy out and jumping around Raffa settles down and loves to lay in the sun. Raffa is fine around older kids and would make a great pet for a family with a big yard or a young couple who are fit and active.","raffa",""
"2018-06-01","Western Sydney (Londonderry)","956000009518190","Ronald","2025-07-10","MALE","","Ronald is a cheerful, confident and friendly lad looking to bounce straight into your home. We know Ronald to be a charismatic, charming and affectionate boy. With these qualities in mind, we think he'd suit a family with children and preferably shorter hours alone while he begins to settle in. This beautiful boy is at the magical age of 6 where he has his lazy side but has moments of playfulness, too. A perfect blend for many family types! Did we mention he currently lives with another greyhound? He'd love it if you had another hound for a play mate and nap buddy. Get in touch with the Western Sydney centre to meet Ronald.","ronald",""
"2021-04-01","Western Sydney (Londonderry)","956000011712566","Jagger","2025-07-10","MALE","","He’s got the moves like Jagger! This boy certainly knows how to impress! Jagger is a special boy with a personality that can melt your heart. Jagger has a laid-back and easy-going nature, making him suited a home that has a secure backyard/courtyard type environment. Jagger can adapt to a household where family members work full-time, as long as he receives the love and attention he deserves when they return home. Providing him with a comfortable space and engaging toys during the day can help keep him content. Due to his sweet nature, he is an ideal choice for a home with respectful children seeking a loving companion. He has shown to be polite with other medium to large canine companions. He is a social boy and enjoys the companion of his four-legged friends, if you have other dogs in the home, he will surely enjoy showing them his moves! Be sure to apply online today and mention Jagger’s name in your application, you don’t want to miss out on welcoming this loving, gentle and playful boy to your home.","jagger-1",""
"2020-03-01","Central West (Bathurst/Dubbo/Coonabarabran)","956000012114164","Costa","2025-07-10","MALE","","Meet Cuddle Me Costa, a sweet and affectionate male greyhound who lives up to his name with big, warm cuddles! Costa is a confident, happy boy who loves to shower his family with love. He’s well-socialized with young children and medium-sized dogs, making him a perfect fit for family life. Costa is equally content doing his own thing or hanging out with the family, whether it’s relaxing on the couch or enjoying a quiet moment outdoors. With his loving nature and laid-back attitude, Costa is sure to bring joy and comfort to your home.","costa",""
"2020-09-01","Central West (Bathurst/Dubbo/Coonabarabran)","956000011579791","Rocky","2025-07-10","MALE","","Rocky is a friendly and easy-going male greyhound who loves socializing with young children and other medium-sized dogs. This laid-back fellow is happy to go with the flow, whether it’s enjoying a quiet moment at home or joining in on family activities. Rocky is a calm and adaptable companion, making him an ideal choice for a family looking for a well-mannered dog who’s great with kids and other pets. His gentle nature and relaxed attitude mean he’s content to simply be part of the family and enjoy whatever life brings his way.","rocky-14",""
"2019-09-01","Southern NSW/ACT (Bulli, Nowra, Goulburn, Canberra)","956000006705352","Jay Jay","2025-07-10","FEMALE","","Say g’day to JayJay this beautiful female has had a wonderful life around children as young as 1 year old and also around Medium dogs. Jayjay is 5 years of age and is a perfect mix between puppy playful during the day and settled mature girl of a night. Jay jay is always excited to go for a walk and would be the perfect dog for someone looking at undertaking adventures and longer walks Jayjay travels well in a car and would love a backyard to play the day away in","jay-jay",""
"2020-01-01","Western Sydney (Londonderry)","956000007467933","Baby","2025-07-10","FEMALE","","Nobody puts baby in the corner! This little lady is looking to learn all about the world with you! She would suit short hours alone as a solo girl, or longer hours with a canine companion. Polite with dogs big or small, beautiful Baby has so much love to give and is searching for the right place to call home. If this Baby girl sounds like the perfect addition to your family, apply to take her home from the Western Sydney adoption centre.","baby-2",""
"2018-10-01","Hunter Valley Mid Coast (Maitland/ Muswellbrook/Newcastle/Forster)","956000006812644","Bear","2025-07-10","MALE","","Bear is a wonderfully sweet nature and a calm temperament. Bear's calm demeanor makes him an ideal partner for leisurely strolls, as he's quite responsive on a lead. Whether you're taking a walk in the park or simply exploring your local neighborhood, Bear's company will surely make your day brighter. His gentle pace and attentive nature are perfect for anyone seeking a serene and steady walking buddy.","bear-14",""
"2019-12-01","Hunter Valley Mid Coast (Maitland/ Muswellbrook/Newcastle/Forster)","956000007837876","Clyde","2025-07-10","MALE","","Meet Clyde, the charming socialite of the dog world! This happy-go-lucky greyhound is always ready to make new friends and engage with anyone he meets. His confidence shines as he approaches life with a tail wag and a friendly demeanor that wins over hearts immediately. Clyde absolutely adores ear scratches, and you’ll find him happily leaning in for more attention whenever he gets the chance. Whether he's meeting new people or hanging out with his greyhound buddies, Clyde is always the life of the party, making sure everyone feels welcome and included.","clyde-6",""
"2019-05-01","Central West (Bathurst/Dubbo/Coonabarabran)","956000007850926","Ivanka","2025-07-10","FEMALE","","Meet Ivanka, a playful and excited lady with a heart full of affection! This happy female greyhound is ready to bring joy and energy to your home. Playful and affectionate. Loves to give a classic Greyhound lean and cuddle. Social with larger dogs and open to learning to love smaller canine friends. Enjoys active playtime and engaging walks. Thrives in a lively environment where she can express her playful spirit. A loving and active household that can keep up with her playful nature. Suitable for families or individuals who appreciate a happy, energetic companion. If you’re looking for a lively and loving companion, Ivanka would be thrilled to meet you! Reach out for more information or to schedule a visit.","ivanka",""
"2020-12-01","","956000007439026","Hunter","2025-07-10","MALE","","Meet Hunter, a gentle soul with a heart full of loyalty and companionship to offer. While he may be a tad shy when you first meet him, it doesn't take long for his affectionate personality to shine through. Hunter is an exemplary walker on a lead, showing politeness and attentiveness on each stroll. He won't pull or rush, making daily walks together a serene and enjoyable experience. He thrives in the presence of someone who understands his need for trust-building and who will cherish the meaningful connection he creates with his human family members. While he is happiest in a quiet home environment, Hunter's devotion is unwavering once he gets to know you. With his poised and loyal spirit, Hunter will be by your side as a faithful friend, ready to share life's simple pleasures. If you are looking for a devoted companion who values walks and quiet time alike, Hunter could be your perfect match, offering companionship and loyalty in the most endearing way.","hunter-8",""
"2021-04-01","Hunter Valley Mid Coast (Maitland/ Muswellbrook/Newcastle/Forster)","956000011652581","Foxy","2025-07-10","FEMALE","","Meet our little Foxy girl, a sweet natured girl who would love a family who is happy to take a slower approach while she learns the ropes of being a pet. Foxy is playful, excitable and engaging. She loves to show you her fluffy toys and will happily entertain herself! Foxy is a happy traveler and will be happy to follow you wherever you're off to. She would benefit from leash training, as she can be quite excited going to new places and meeting new people.","foxy-3",""
"2020-09-01","Hunter Valley Mid Coast (Maitland/ Muswellbrook/Newcastle/Forster)","956000011722890","Irena","2025-07-10","FEMALE","","Are you ready to be laughing with your newest furry friend? Well, Irena will have you cackling. She is a true definition of a little pocket rocket, she will be showing all aspects of her zoomies and how confident she is in doing so. Irena enjoys spending her days showing off and basking in the sunshine. She is loves companionship and will happily follow you anywhere you desire. Irena knows her name well and with a little bit of getting used to your voice she will come (running) straight back.","irena",""
"2022-04-01","Hunter Valley Mid Coast (Maitland/ Muswellbrook/Newcastle/Forster)","956000011366429","Ralph","2025-07-10","MALE","","Are you after a little fire-cracker in your life? Look no further than our boy Ralph! He is all things active/fun-loving and absolutely hilarious; Ralph will have your grinning from ear to ear. Ralph would suit an active family with a backyard who can walk him daily and throw his favourite toy around, Ralph hasn't been exposed to an indoor setting as yet so may take some time adjusting but I think he will happily follow you around. His favourite game is showing his friends how quick his zoomies are so a nice backyard will do the trick so he can show off to you. If you're interested in hearing more about Ralph, please apply now.","ralph-4",""
"2018-09-01","Western Sydney (Londonderry)","956000009417122","Lou","2025-07-10","MALE","","*Lou has just stepped paws into a foster care home in a unit/apartment - check in soon for updates!* Friendly, charismatic boy Lou ticks all the boxes! This fun loving goofy guy is going to make an amazing pet! We love spending time with this affectionate, toy loving boy. Here's why we love him: ✅ Full time workers ✅ Apartment living ✅ Respectful kids ✅ Medium to large doggie friends ✅ Affectionate boy with a playful side Apply now to meet Lou from our Western Sydney program!","lou-5",""
"2020-01-01","Hunter Valley Mid Coast (Maitland/ Muswellbrook/Newcastle/Forster)","956000007835659","Darren","2025-07-10","MALE","","Meet Darren, a super laid-back sort of boy, who is happy just to be around his humans, he doesn't ask for much but a pat here and there would strike a bonus. He's happy to explore alone or go for leisurely strolls, you would rarely even hear him bark. Darren enjoys going to school pick up to collect his human- brother who is 12yo and all the kids love to dote on him. If you're interested in knowing more about Darren, please apply now!","darren-1",""
"2019-09-01","Hunter Valley Mid Coast (Maitland/ Muswellbrook/Newcastle/Forster)","956000007852599","Bruce","2025-07-10","MALE","","Meet our big boy Bruce! He is a true delight to be around. He will make you laugh until you cackle. He will be happy to cruise around with you day in and out. He is a gorgeous character to boasts confidence. Bruce suffered a racing injury and required surgery on his front right leg so an experienced owner who knows when to slow down on the zoomies is ideal.","bruce-2",""
"2021-05-01","Hunter Valley Mid Coast (Maitland/ Muswellbrook/Newcastle/Forster)","956000007837705","Chum","2025-07-10","MALE","","Meet Chum, the epitome of easy-going and affection! This boy has a sweet personality that instantly wins over hearts. Chum is as laid back as they come. He loves nothing more than being close to his human friends. He's a responsive walker on leash, making strolls in the park or through the neighbourhood a pleasant experience for everyone involved. He naturally exudes confidence, thriving in a variety of social environments, especially around younger children. Chum is not just a pet; he's a loving family member, always eager to make new friends and share in the joys of everyday life. With his friendly disposition and ability to seamlessly fit into any family dynamic, Chum is ready to bring his special warmth and companionship to his new home.","chum",""
"2019-12-01","Hunter Valley Mid Coast (Maitland/ Muswellbrook/Newcastle/Forster)","956000012226004","Moses","2025-07-10","MALE","","Are you after a dog to be totally besotted by you? Well meet Moses, a quirky and loveable boy whose after his forever home. Moses boasts confidence and is extremely gentle in his approach. He has been around children 4+ and will request frequent pats. He has been brought up with a jack russel at home, but would benefit from a meet and greet prior to being adopted. Moses will be attending our Adoption Day at Glandore Wines on the 5th of October.","moses",""
"2019-10-01","Northern Rivers (Grafton, Lismore, Casino)","956000007361249","Stumpy","2025-07-10","MALE","","This sociable fellow is a joy to be around and has a knack for bringing smiles to everyone he meets. Stumpy is a social butterfly, especially when it comes to other greyhounds. He thrives in the company of his fellow canines and enjoys the camaraderie of a playful group. If you have other greyhounds or are involved in a greyhound community, Stumpy will fit in seamlessly and form bonds quickly. This gentle dog is well-socialized with children aged nine years and up, making him a wonderful family pet. Whether it's a leisurely stroll in the park or lounging around at home, Stumpy is adaptable and easygoing. Stumpy is not just a pet; he's a loving and loyal friend ready to enrich your life with joy and companionship.","stumpy",""
"2019-02-01","Hunter Valley Mid Coast (Maitland/ Muswellbrook/Newcastle/Forster)","956000008235593","Spot","2025-07-10","FEMALE","","Spot is independent and enjoys spending time roaming around. Spot would suit a family who is after a companion to cruise around the backyard with. At times Spot can be weary and a bit timid in new environments but with the right re-assurance, she recovers really well. If you're interested in meeting our darling Spot, please apply now.","spot-4",""
"2019-11-01","Northern Rivers (Grafton, Lismore, Casino)","956000007851857","Felix","2025-07-10","MALE","","Felix is the card you've been hoping to draw! This interesting lad is definitely personality plus, if not a little odd - in an endearing and adorable way of course! ✅ Absolutely loves people! Both the giving and receiving attention side of it! ✅ Travels very well in the car - so no excuse, he can attend your road trips! ✅ Such a community hero, Felix is a blood donor. ✅ Clever Felix comes to his name - we're not going to lie, he won't come if he doesn't feel like it. But he does know you're calling him 😎 ✅ At only 28.5kg, Felix is quite small for a male greyhound ✅ Felix has been spending time inside his current home - and loving the luxuries of pet life! ✅ Felix is crate trained and could live in an apartment (you'll be pleased to know he is very clean in his crate!) ✅ Loves his toys! So can be easily entertained with some toys he can call his own. ✅ Felix loves the water so get ready for some pool time, beach time, pond time - whatever water time you can offer him! ✅ Felix is happy to either be the only fur baby in your life, or could live with a female dog (he is a bit funny with other males...) - He would still need very slow, gradual introductions to any new dogs. ✅ Felix is good with children. He can get a bit excited so would be suited to kids 10+ years at this stage. If you would like to bask in the comic genius that is funny Felix, enquire or apply to adopt this little fella below!","felix-1",""
"2020-12-01","Central West (Bathurst/Dubbo/Coonabarabran)","956000007461234","Axel","2025-07-10","MALE","","Let me introduce Axel! Axel is a gentle and loving soul with a beautifully soft nature. He is friendly and sociable with all dogs when introduced and supervised properly. Axel will adapt well to full-time workers and is comfortable with children. Axel would thrive in a home with access to a yard. Axel would love to find a caring environment where he can enjoy affection, have outdoor space, and interact positively with other dogs and children.","axel-1",""
"2018-12-01","Central West (Bathurst/Dubbo/Coonabarabran)","956000006113926","Sky","2025-07-10","FEMALE","","This is Sky! Sky is a bit shy initially but warms up quickly with a gentle touch. She is very gentle with young children and enjoy snuggling and being patted. Her ideal home would be a home without other dogs or with larger dogs. Sky will adapt to a household with full-time workers, provided she has access to a yard.","sky-5",""
"2019-12-01","","956000007837203","Julian","2025-07-10","MALE","","Julian is best described as a distinguished gentleman. He is calm, friendly and an easy-going boy who just goes about his day without a fuss. He's walked around busy streets, schools, shopping centres as well as farms and paddocks. Nothing much fazes Julian, including other large dogs, small dogs and children. He loves people and pats and loves a walk, rarely pulling. Julian would suit most households and make a very special and loving companion who wants to be with you.","julian",""
"2019-12-01","Broken Hill","95600001224681","Emmie","2025-07-10","FEMALE","","Emmie is a lovely Greyhound with a heart full of affection and a playful spirit. Her endearing personality and love for canine companionship make her a delightful addition to any home. Emmie is a charming girl with a naturally sweet disposition. Her gentle and loving nature makes her a joy to be around. Emmie adores human company and thrives on affection. She’s always eager to share her love and will happily snuggle up for some quality bonding time. With a zest for life, Emmie enjoys playful activities and fun interactions. Whether it's a game of fetch, running around in the yard, or engaging in lively play, she brings energy and enthusiasm to every moment. Emmie has a great fondness for other dogs and enjoys their company. She’s friendly and sociable with canine companions, making her a great fit for a home with other dogs. If you’re looking for a Greyhound who is sweet, affectionate, and full of playful energy, Emmie could be the perfect match. Her love for people and canine friends alike ensures she’ll bring warmth and joy to your home.","emmie-1",""
"2021-05-01","Broken Hill","956000013119553","Disco","2025-07-10","FEMALE","","Disco is a spirited and delightful young Greyhound who is ready to bring boundless energy and joy into your life. Her playful nature and love for zoomies make her a perfect match for an active, young family. Disco is a charming young girl with a vibrant personality. Her enthusiasm and zest for life are truly infectious, making her a joy to be around. One of Disco’s favorite pastimes is having a good run, or “zoomies,” where she can let loose and show off her speedy moves. She’ll keep you entertained with her bursts of playful energy and speedy sprints. Disco’s lively nature and affectionate demeanor make her a fantastic fit for an active family. She’ll thrive in an environment where she can participate in family activities, play with kids, and enjoy regular exercise. If you’re looking for a Greyhound who is both loving and full of energy, Disco could be the perfect addition to your family. Her playful spirit and affectionate nature will bring a lot of joy and excitement to your home.","disco-3",""
"2020-10-01","Broken Hill","956000013069983","Sandy","2025-07-10","MALE","","Sandy is a strikingly handsome Greyhound with a gentle and adventurous spirit. Though he may start off a bit shy, his love for exploration and quiet nature make him a wonderful companion for the right home. With his stunning looks and graceful presence, Sandy is sure to turn heads wherever he goes. His charm is matched by his graceful demeanor. Sandy may need a little time to warm up, but his shyness is simply a sign of his sensitive nature. Once he feels secure, his true, affectionate personality shines through. Sandy has a curious side and enjoys exploring new environments. Whether it’s a leisurely walk in the park or discovering new trails, his adventurous spirit makes every outing an exciting experience. If you’re looking for a handsome Greyhound with a gentle disposition who loves to explore and is happiest in a quiet, loving environment, Sandy could be the perfect addition to your family. He’s ready to embark on new adventures and bring his quiet charm into your life.","sandy-8",""
"2020-05-01","Broken Hill","956000012195521","Gus","2025-07-10","MALE","","Meet Gus: The Gentle Soul Gus is a serene and soft-natured Greyhound who thrives in a calm and loving environment. His gentle demeanor and shy personality make him a unique and endearing companion for the right home. Gus may be a bit reserved at first, but his gentle nature shines through once he feels comfortable. He’s the kind of dog who appreciates a quiet and patient approach, revealing his sweet personality in a calm and loving setting. Gus thrives in a peaceful environment where he can feel secure and relaxed. He’s not a fan of loud noises or bustling activities, so a tranquil home is ideal for him. Despite his shy nature, Gus is friendly and gets along well with other dogs. He enjoys their company and can be a great addition to a home with existing canine companions. If you’re looking for a sweet, soft-natured Greyhound who will flourish in a calm, loving home, Gus is the perfect match. He’s ready to bring his gentle presence and quiet companionship into your life.","gus-8",""
"2021-12-01","Broken Hill","956000012903018","Pam","2025-07-10","FEMALE","","Pam is a friendly and well-adjusted greyhound who has had extensive positive interactions with other dogs and people. Her outgoing nature makes her a joy to be around and ensures she fits well into various social settings. Pam gets along exceptionally well with her canine companions. Her easygoing and sociable demeanor makes her a perfect playmate for other dogs, whether they’re big or small. Pam’s gentle and affectionate nature makes her an ideal choice for a young family. She’s patient, loving, and enjoys being part of family activities and playtime. Pam is a sweet, social, and family-oriented greyhound looking for a loving home where she can share her affectionate nature and enjoy being part of a young family’s daily life. If you’re looking for a friendly and well-rounded companion who gets along great with other dogs and is ready to be a cherished member of your family, Pam is the perfect match!","pam-2",""
"2021-06-01","Broken Hill","956000014506260","Sub","2025-07-10","FEMALE","","Sub is a joyful greyhound whose enthusiasm and positive energy are truly contagious. She approaches each day with a wagging tail and a bright smile, spreading happiness wherever she goes. She is a high-energy girl who thrives on regular physical activity. Her zest for life is evident in her love for playtime and her eagerness to engage in various activities. Sub absolutely adores zoomies! She loves to let loose and sprint around her playful bursts of speed are a sight to behold. Sub is a vibrant and spirited greyhound looking for an energetic home where her zest for life can shine. If you’re ready to embrace her joyful nature and provide a dynamic environment, Sub is eager to become your new best friend!","sub-1",""
"2019-12-01","Broken Hill","956000006807059","Corene","2025-07-10","FEMALE","","Corene carries herself with a natural poise and assurance. She navigates new environments and situations with a calm self-assuredness that makes her a standout companion. Corene loves to stay on the move. Whether it’s a brisk walk, a run in the park, or playtime in the backyard, she’s always ready for an adventure. Corene’s curiosity knows no bounds. She’s always exploring her surroundings with an eager eye, making sure she’s aware of all that’s happening around her. Corene gets along well with medium and large dogs. She’s confident and social, but her interactions are best suited for companions of similar size and energy levels. Smaller dogs may find her enthusiasm overwhelming. Corene is a spirited and delightful greyhound ready to bring her energy and enthusiasm into a loving home. If you’re looking for a confident and active companion, Corene might be the perfect match for you!","corene",""
"2021-07-01","Broken Hill","956000014490567","Jasper","2025-07-10","MALE","","Meet Jasper, a dashing greyhound with a heart as big as his gentle eyes! Jasper is the epitome of relaxation and charm, embodying the perfect blend of social butterfly and cuddle enthusiast. His easygoing nature makes him a breeze to be around, whether you're lounging at home or out for a stroll. Jasper thrives on affection and has a remarkable talent for making everyone he meets feel special. He’s a true connoisseur of hugs and pats, always ready to lean in for some extra love. His calm demeanor and friendly attitude make him a wonderful companion for both lively gatherings and quiet evenings. If you’re looking for a loving and relaxed furry friend who will brighten your days with his warm snuggles and cheerful presence, Jasper is your perfect match!","jasper-4",""
"2021-12-01","Broken Hill","956000013129374","Nash","2025-07-10","MALE","","Nash is a happy-go-lucky greyhound with a heart full of love and a spirit that’s impossible not to adore. This sweet and playful boy is the perfect addition to any family looking for a loyal and affectionate companion. With his friendly demeanor and boundless energy, Nash is a social butterfly who gets along with everyone he meets, making him an excellent family pet. Nash's enthusiasm for life is infectious. Whether he's playfully bounding around the yard or snuggling on the couch, his joy is evident and brings smiles to everyone around him. Nash is a true peoples dog, thriving in social settings and getting along splendidly with other pets and children. Nash is not just a pet; he’s a bundle of joy who brings endless happiness to those around him. If you’re looking for a sweet-natured, playful, and well-socialized greyhound to brighten your life, Nash is the perfect match. Come meet him and discover the joy he can bring into your home! Apply today!!","nash-1",""
"2020-10-01","Broken Hill","956000012888828","Crash","2025-07-10","MALE","","Crash Is a spirited and joyful greyhound with a heart as big as his playful energy. True to his name, he loves to dash around with boundless enthusiasm, especially when a toy is involved. Crash's other favourite pastime is a splash in his shell pool! Crash is great with all other doggie friends and enjoys his interactions. He would make an ideal companion to an active family who loves life as much as he does! If Crash sounds like your man apply today!!","crash-1",""
"2020-02-01","Hunter Valley Mid Coast (Maitland/ Muswellbrook/Newcastle/Forster)","956000007828567","Bailey","2025-07-10","MALE","","Are you looking for a new furry companion to help bring out of their shell? Bailey would be the ideal companion for you! Bailey is our beautiful nervous nelly, he loves his routine and the people he is around all the time, but new people can make him revert into his greyhound bubble. Bailey is searching for home that is quiet and will allow him the time to really show off his personality. He would suit an avid Knights fan as he enjoys spending his Sunday afternoons by the TV, Bailey enjoys basking in the sunshine and having a splash at the beach. He is currently living inside/outside and is quiet and relaxed, he is okay to be left alone so long as he is in his safe spot.","bailey-3",""
"2019-08-01","Hunter Valley Mid Coast (Maitland/ Muswellbrook/Newcastle/Forster)","956000012247543","Bentley","2025-07-10","MALE","","Meet our easy going, fun-loving boy Bentley. He ought to be the most handsome boy on the block, with responsive lead manners and some indoor house experience! Bentley approaches softly for lots of pats and loves to cuddle. He is a social butterfly when out and about meeting new people, he's always wants to say hello! He's eager to please and is so ready to jump straight into pet life.","bentley",""
"2020-03-01","Hunter Valley Mid Coast (Maitland/ Muswellbrook/Newcastle/Forster)","956000012227525","Dixie","2025-07-10","FEMALE","","Meet our playful girl, Dixie. Dixie is a bundle of joy who loves to bound around and play. She is full of quirky characteristics like leaning on you for a pat, bowing to play. Dixie would suit a family that has an active lifestyle to burn some of her built up energy, she isn't a fan of other dogs invading her space. If you are interested in knowing more about Dixie please apply today.","dixie-3",""
"2021-12-01","Hunter Valley Mid Coast (Maitland/ Muswellbrook/Newcastle/Forster)","956000012896105","Sam","2025-07-10","MALE","","Meet Sam! Sam is quite a character and cannot wait to be the newest member of your family. He is always eager to get in on the action and be part of all the fun. Sam isn't shy and will say to everyone he passes. He is quite the socialist, so your daily walks will consist of meeting and greeting everyone that strolls past. He is relatively strong on the lead but will settle into his stride when he gets going. The ideal home for this charming boy would be one with an active lifestyle to help him channel his abundant energy.","sam-9",""
"2022-02-01","Central West (Bathurst/Dubbo/Coonabarabran)","956000007423998","Zarva","2025-07-10","MALE","","Meet Zavra! Zarva is a very sweet natured boy. He is very curious & interested in the world. He positively interacts with those around him; children & smaller dogs :) Zarva wants to be involved. He'll be happy doing almost about anything. Whether it's a family movie day or spending a day outside going on adventures :) Enquire now & arrange to meet Zarva!","zarva",""
"2020-01-01","Central West (Bathurst/Dubbo/Coonabarabran)","956000007374897","Cozy","2025-07-10","MALE","","Cozy boy! Handsome, delightful & charming Consentino! This is boy loves to explore, adventure & play. Cozy would love to find an active family. Would love to find some little people to run around with outside after school. He wouldn't mind being the only dog at home or befriending your other canine companions :)","cozy",""
"2018-12-01","Central West (Bathurst/Dubbo/Coonabarabran)","956000006815825","Tania","2025-07-10","FEMALE","","This is Tania :) Tania is a lady who needs to find the perfect home. Tania can be very shy at first. It takes her a little while to open up & start to feel comfortable. Tania needs a quiet home. A home that will give her the space, patience & love to grow and learn. Once settled & feeling more like herself, Tania is very loyal & playful towards with her person.","tania",""
"2016-08-01","Central West (Bathurst/Dubbo/Coonabarabran)","956000005412613","Maisie","2025-07-10","FEMALE","","Meet Maisie! She might have the age of a senior lady, but definitely doesn't show it! Maisie is sweet curious girl. Eager to explore & learn. She might take a little while to warm up but once she does, she is full of character. Maisie would be best suited to a home with bigger dogs only, or a single dog home. Older kids to play with her preferred. Maisie would become a very loyal part of your home once settled & feeling comfortable :)","maisie",""
"2019-01-01","Southern NSW/ACT (Bulli, Nowra, Goulburn, Canberra)","956000006792547","Dutch","2025-07-10","MALE","","Say hello to Dutch! Dutch is a beautiful, gentle boy. He needs a quiet home and lifestyle. He may take some time to warm up, but once he knows his people, he can't wait to share all of his love and affection. With time, Dutch will become a very loyal member of your family. He is a very laid back lad that is happy to curl up and relax on his own. Dutch plays well with a local border collie and has free range chickens around the property he lives on. He happily lives with greyhounds at the moment too! He would suit a quieter household either with children or full time workers.","dutch-2",""
"2020-07-01","Central West (Bathurst/Dubbo/Coonabarabran)","956000011712626","Starsky","2025-07-10","MALE","","Starsky! This handsome boy is such a gentleman! He is such a good boy! Very polite, easy going, patient & kind. He loves to cuddle, be with his people, whether they be big or small. He is great around dogs his size or smaller. Nothing seems to worry Starsky! He would adapt to living in a smaller home & yard with the correct introduction to his new life.","starsky",""
"2021-01-01","Northern Rivers (Grafton, Lismore, Casino)","956000011586365","Uzzie","2025-07-10","MALE","","Meet Uzzie, a laid-back and lovable four-legged friend known for his warm personality and love for life. Uzzie's easy-going nature makes him a relaxed companion, an ideal mate to have by your side while you enjoy a quiet cup of coffee or lazy Sunday afternoons. One of Uzzie's favourite pastimes is going for car rides. Just mention the word ""ride"", and he's ready and wagging! Whether going across town for a vet visit or heading into the countryside for an afternoon adventure, Uzzie is the perfect co-pilot. H Uzzie may not be a social butterfly, but he knows how to play well with his peers, especially small dogs. His friendly and calm disposition makes him a dream to have around, not just for humans but also for furry friends. If you already have a small dog in the house looking for a buddy, Uzzie could be the perfect companion. What's more - during quiet times, Uzzie is comfortable being independent and can sit quietly by your side while you sip your drink and carry on a conversation. He enjoys being around people, but he respects your space and knows when to give you your alone time. All in all, Uzzie is an easy-going, sociable, and well-mannered pet who would make a heartwarming addition to any family or individual looking for a calm and steady companion. He is all set for the next chapter of his life, and with just one look at his joyful wag, you'll see that Uzzie's ready to share some great times with you!","uzzie",""
"2021-04-01","Northern Rivers (Grafton, Lismore, Casino)","956000011651683","Chickadee","2025-07-10","MALE","","Meet Chickadee, a friendly and playful, loving gentleman who is ready to meet his new family. This delightful dog is known for his fun-loving and amiable personality, and he's eager to share his heart with a compassionate, affectionate family. Chickadee has a wonderful rapport with children, especially those 8 years and older. He's not the sort who will tire out your kids with endless games of fetch, but prefers to spend time in children's company, quietly keeping them company while they do their homework or read stories. He loves leaning into a hearty pat and will choose to cuddle up next to you over toys any day. An interesting fact about Chickadee is that while he is a dog, he prefers the company of humans over other dogs. He's quite selective with his canine friends and might come off as aloof with dogs, particularly the smaller ones, which makes him ideally suited for a home where he can be the only pet. Chickadee is looking to bring his friendly and playful nature into a family who will offer him the same kindness and playfulness that he offers others in spades. He's ready for the next step and hopes to find a loving, forever home with a protective family to cherish him.","chickadee",""
"2015-04-01","Hunter Valley Mid Coast (Maitland/ Muswellbrook/Newcastle/Forster)","956000004248651","Alley","2025-07-10","FEMALE","","Meet Alley, our friendly, senior female pup with a heart as golden as her years. Despite her age, Alley still carries a spark of puppyish charm in her eyes, making everyday feel like an adventure. Alley possesses the superb ability to bring life and joy into any room, with her boundless affection and unwavering loyalty. Well-socialised and incredibly friendly, Alley has had a great rapport with other small dogs and her fellow greyhounds. Her gentle and easygoing nature means she can find common ground with just about any dog she meets. She has even been socialised with cats and could probably coexist peacefully with the right feline friend. Alley's age doesn't slow her down. She has the physical agility of a much younger dog and loves playtime and walkies as much as curling up for a nap. Alley enjoys her walks and would be a wonderful companion to explore the neighbourhood parks with. Her ability to make friends so easily would also mean plenty of playdates with other dogs! As Alley's future family, you will be cherished with her loving gaze and affectionate rubs. If you're in search of an older, wiser pup who still knows how to have fun like a youngster, Alley just might be the loving companion you've been waiting for. Come meet her and let her amiable spirit brighten up your life!","alley",""
"2020-09-01","Western Sydney (Londonderry)","956000013091352","Joy","2025-07-10","FEMALE","","Fill your home with Joy! Sweet and little girl Joy is a very lovely girl! She is polite with the other dogs she has met and could be suited to living with another large breed dog. She is calm in the yard and has shown the ability to settle for short hours, possibly being able to build to longer hours. A home with older and respectful children could be suitable for Joy. A bundle of joy, apply to adopt this darling girl today!","joy-1",""
"2020-04-01","Hunter Valley Mid Coast (Maitland/ Muswellbrook/Newcastle/Forster)","956000007851461","Joe","2025-07-10","MALE","","","joe-7",""
"2019-05-01","Hunter Valley Mid Coast (Maitland/ Muswellbrook/Newcastle/Forster)","956000006792942","Meg","2025-07-10","MALE","","Meg is the epitome of gentle charm, with a touch of bashfulness that adds to his irresistible appeal. This shy guy isn't just looking for any home; he's on a quest for his own private sanctuary, where he can be the star of the show without any pesky co-stars stealing his spotlight. Meg's motto? ""One dog, one throne!"" He's not one for sharing his kingdom, but he'll gladly share his love with respectful children who understand the art of giving him space but love when he likes. With Meg around, every day is an adventure filled with quiet moments of contemplation, punctuated by bursts of zoomies when no one's looking. So, if you're ready to welcome a regal greyhound into your castle and bask in the glory of his majestic presence then Meg is the dashing companion you've been searching for. Contact our Western Sydney facility to arrange a meet and greet and get ready to embark on a journey of laughter, love, and endless tail wags with this shy but lovable boy!","meg-1",""
"2018-11-01","Central West (Bathurst/Dubbo/Coonabarabran)","956000009482074","Sandy","2025-07-10","FEMALE","","Introducing Sandy, a beautiful and gentle girl who is ready to bring a ton of joy into your life! Known for her soft and gentle demeanor, Sandy possesses the ability to fill any room with calmness and love. Sandy is not just a dog; she's a friend and companion. Her kind and loving nature ensures that she gets along beautifully with both children and other dogs. She is known for her soft, soulful eyes that seem to look straight into your heart. What Sandy would love the most is a family that showers her with the same affection that she effortlessly gives to others. In her new home, Sandy would enjoy a cozy corner to curl up in, a safe garden to explore, and a family that she can love and be loved by. Sandy is just waiting to create numerous wonderful memories with a family who adores her. She promises a lifetime of love and dedication to those who welcome her into their heart.","sandy-6",""
"2021-01-01","Central West (Bathurst/Dubbo/Coonabarabran)","956000009499446","Ash","2025-07-10","FEMALE","","Meet Ash, a beautiful and friendly companion. This stunning lady has charisma and charm in spades. Always eager to make connections, Ash is an affectionate and sociable creature, lavishing affection on anyone fortunate enough to catch her eye. She is always ready for a cuddle after a playful romp in the yard. Her soft coat makes for the perfect snuggling companion, inviting you to share a quiet moment or two on the couch. She finds deep satisfaction in routine, and her perfect day involves a dash of play, a smidgen of quiet snoozing time, with a sprinkle of cuddles throughout the day. Ash exhibits excellent manners with her canine peers. This shows her adaptable nature, making her an interesting companion to have around the house. Ash is looking for a forever family who will embrace her affectionate nature and big puppy-dog eyes. She is truly a precious gem waiting to shine in your loving home. We understand that a dog is not just a pet but a member of your family, and Ash is eager to become the loving companion in yours.","ash-2",""
"2019-01-01","Hunter Valley Mid Coast (Maitland/ Muswellbrook/Newcastle/Forster)","956000006671930","Wighton","2025-07-10","MALE","","Hello! My name is Wighton. I was known as Four Five on the racing tracks, but I hung up my racing collar late last year. I'm a courteous fellow, though I may take a little time to open up. Once I'm comfortable, I love to display my energetic zoomies. I've encountered several small dogs and they don't pique my interest much. I'm looking for a home with a backyard where I can have some space to myself from time to time. And, if you could take me on walks, that would be wonderful. I am looking forward to meeting my new human companions, so be sure to hit the 'apply' button when you can.","wighton",""
"2021-10-01","Hunter Valley Mid Coast (Maitland/ Muswellbrook/Newcastle/Forster)","956000011646676","Lara","2025-07-10","FEMALE","","Meet Lara! Lara hails from a sociable household where she has interacted with a Maltese terrier and frequently plays her fellow hound siblings. Initially, Lara may appear somewhat reserved, but with a touch of affection, care, and cuddles, she quickly warms up. She tends to be indifferent towards smaller dogs, often seeking reassurance from humans when they are present. With a lively spirit, Lara would be thrilled if her new human friends could take her on walks to let her energy out. Hit apply today to chat about your possible new addition.","lara-2",""
"2017-04-01","Central West (Bathurst/Dubbo/Coonabarabran)","956000009575301","Joseph","2025-07-10","MALE","","Say hello to Joseph, our big, strong, and friendly boy who's eager to share his love with you. With his endearing personality and playful energy, Joseph is certain to light up your life and home. This social butterfly is always ready to meet and greet new people but because of his size and strength, Joseph needs a home where he can get plenty of exercise and mental stimulation. He is well-suited for an active adult or older children household, where he can satisfy his need for engagement and play. Joseph can be quite excitable and has a lot of love to give, so he's more comfortable in a single-dog household where he can be the star of the show. Despite his size, he's a charming boy who's always eager to please his family. In summary, Joseph is a delightful mixed bag of quirkiness, exuberance, and love. If you're ready for a dog who can match your energy and zest for life, Joseph could be your perfect companion. He is waiting to show his new family just what a loving and fun-filled life they can have together.","joseph-1",""
"2020-08-01","Central West (Bathurst/Dubbo/Coonabarabran)","956000011713002","Usyk","2025-07-10","MALE","","Meet Usyk, a loving male dog who is seeking a simple and fulfilling life with a new family. He's a charismatic chap who adores medium-size canine companions and is always eager to make new friends. His kind-hearted nature and great spirit make him a treat to be around. Usyk is ready to embark on an enriching journey with a family that cherishes mutual growth and learning. He truly embodies the spirit of companionship and will surely become an integral part of your family. His intelligent eyes tell a story of love and loyalty that will reassure you in times of solitude and fill you with joy when times are good. Adventurous yet gentle, Usyk is the perfect companion for a family who enjoys a balance of outdoor activities and cozy time indoors. He's not a demanding pet; a simple life filled with love and care is all he aspires to. His only request? A nice, comfortable spot beside you. With a loving heart that is ready to expand and a spirit that is eager to learn, Usyk is the perfect companion for a family looking forward to welcoming a new member. He's surely the sweetheart you've been looking for. Begin a beautiful journey filled with comfort, companionship, and adventure with this wonderful dog. Usyk is excited to meet his new family and is ready to shower them with his unconditional love.","usyk",""
"2020-03-01","Central West (Bathurst/Dubbo/Coonabarabran)","956000007831124","Rusty","2025-07-10","MALE","","Meet our sweet and gentle friend, Rusty. This uniquely quiet personality is looking for a family with whom he can grow, learn, and receive all the encouragement and support he deserves. Rusty is a refined gentlemen who brings calmness wherever he goes. Don't be fooled by his calm demeanor though; Rusty loves to play games and will always be up for any fun activity that involves his family. This sweetheart is gentle and mild-mannered, although he is always ready for an adventure. With his calm, quiet nature, he'd make the perfect companion for afternoons spent lounging in the backyard or taking mindful, leisurely strolls through the park. Rusty is particularly keen on learning. He looks forward to positive reinforcement training sessions and loves the idea of learning new tricks and routines with his new family. Don't be surprised if Rusty quickly becomes the star of your local obedience class, proudly showing off his latest trick. What would Rusty's ideal family look like? Well, they would share his love for learning and growth, offering him all the encouragement he needs to flourish. A family who cherishes the small moments of life, from peaceful mornings together to effortless games of fetch in the backyard. In return, Rusty promises to show endless love, patience, and loyalty to his new family. With his quiet, gentle nature and his willingness to learn, he'll surely bring joy and companionship to any home. So if you're ready to give Rusty the supportive, loving family he's been craving - he just can't wait to meet you!","rusty-7",""
"2018-09-01","Central West (Bathurst/Dubbo/Coonabarabran)","956000005783456","Tim","2025-07-10","MALE","","Meet Tim, an excitable and playful boy who loves nothing more than having a good time. This fun-loving chap is looking for his new family who can keep up with his playful antics and share his joy for life. Tim is outgoing and always ready for an adventure, Tim also loves exploring new environments, sniffing out the mysteries of the world around him. His intelligent mind loves puzzles, so interactive play toys are a great option to keep him entertained. Whether you are an active individual or a highly energetic family with children, Tim would fit right in. His playful, social disposition means he's also excellent around other animals, so he could easily be a part of a multi-pet household. Tim's joy is infectious, his love is boundless, and his energy is limitless. If you're looking for a happy-go-lucky companion who will bring adventure and laughter into your everyday life, look no further. Adopting Tim means lots of love, endless play, and plenty of happy tail wags.","tim-7",""
"2019-01-01","Hunter Valley Mid Coast (Maitland/ Muswellbrook/Newcastle/Forster)","956000008235323","Tank","2025-07-10","MALE","","Tank is a gentle, kind doggy soul encased in a robust, athletic body. Don't let his strong, sturdy name fool you, Tank is soft and loving, and his friendly nature is sure to win everyone over in no time. He is exceptionally well-behaved, maintaining cleanliness with a natural knack for it, making him the perfect addition to your household. Although he has an energetic spirit, he always manages to channel his proud doggy energy in the most polite, fun ways. Tank has a special place in his heart for kids. He loves their boundless energy, their playful antics, and the endless tummy rubs they're always willing to share. Their laughter is music to his ears, and seeing them happy makes his tail wag harder! Friendly to his core, Tank gets along well with everyone he meets. He's a four-legged ambassador of goodwill, spreading joy wherever he goes. His ideal day consists of playful frolicking in the yard, a delightful nap in his comfy bed, and of course, lots of tasty treats! Tank's loving spirit and fun-loving nature make him a perfect family pet. He's excited to bring lots of joy, love, and incredible memories to his new family. So, if you're ready to add a sweet, loving, and well-behaved dog to your family, Tank is definitely your guy!","tank-2",""
"2014-07-01","Northern Rivers (Grafton, Lismore, Casino)","956000004096731","Miss Ling","2025-07-10","FEMALE","","Miss Ling is a big snuggle bunny. She is sweet and affectionate and will seek out affection Described as a happy girl she will bring a ray of sunshine to your life and be happy to be by your side through thick and thin. Miss Ling may be on the other side of 9 but she still has a lot of love to share and is looking for the right person to shower her love on","miss-ling",""
"2020-01-01","Central West (Bathurst/Dubbo/Coonabarabran)","956000007461264","Harlow","2025-07-10","FEMALE","","Harlow is on the look for a new place to call her own... could that be you? Harlow would love a home in a suburban setting one that isn't in the hustle and bustle of the big smoke but quiet enough for her to soak up the pet life. Harlow has a sensitive soul so a home that is willing to allow some time to settle in would be ideal. but don't worry it won't take long for her to feel at home. she has been around older kids growing up so a home with older kids would be ok with her. We have found Harlow gain confidence when hanging out with her doggy pal's so a home with a canine companion is more than welcome for her. Fun Fact Blue is my sister, and like all siblings we have our differences but we still love each other, should you have a place in your home for two. Apply online today to arrange a meeting with Harlow or come on down to our Bathurst Adoption day on the 9th of March.","harlow",""
"2020-01-01","Central West (Bathurst/Dubbo/Coonabarabran)","956000007466546","Blue","2025-07-10","FEMALE","","Blue is a very sweet-natured and sensitive girl with a playful spirit and a loyal heart. She’s curious, confident, and enjoys exploring the world around her. Blue is great with children and, with a slow introduction, gets along well with smaller dog breeds. She may also do well with cats given a gentle, gradual introduction. Blue is looking for a loving home that will appreciate her gentle nature and playful charm.","blue-5",""
"2017-12-01","","956000009568225","Luna","2025-07-10","FEMALE","","Say hello to Luna, a sociable and friendly female dog who is sure to win your heart. Luna's radiant persona lights up every room she enters, and her charming nature has a contagious effect that brightens up everyone around her. Luna's love for people is truly one of her fine characteristics. She adores being in the company of humans and is a strong advocate for endless belly rubs, cuddles, and ear scratches. She thrives off attention and relishes in making every moment delightful for you, and herself of course. Interactive playtime is Luna's favorite! She gets immense joy out of chasing toys, whether it's a game of fetch or squeaky toys that catch her attention. This playful activity helps Luna stimulate her mind and use her attentive nature to the best of her abilities. In a dog community, Luna prefers the companionship of medium to large breed dogs. She blends well with her fellow canine mates, her easygoing nature allowing her to adapt quickly to their play style. This adaptability makes her the perfect addition to a family with a medium to large breed dog. In stepping into Luna's life, be prepared for an overflow of love and memorable moments. Luna is ready to love her new family wholeheartedly, and promises to bring with her a bundle of joy, laughter, and playful adventures.","luna-7",""
"2018-01-01","Hunter Valley Mid Coast (Maitland/ Muswellbrook/Newcastle/Forster)","956000009483201","Toby","2025-07-10","MALE","","Nightmare? Bad dream? Don't worry, sometimes names ARE deceiving, because our boy Toby, former Race Name Scary Dream, is anything but scary! ✅ Beautiful nature, a genuinely sweet duffer ✅ Big softie: this boy is your quintessential ""gentle giant."" He does get excited, but is very kind-hearted and means well. ✅ Very friendly and human social. Nothing makes him happier than being with his people. ✅ Loves hopping on the lounge and laying with you. Disclaimer: he's big and likes to hog most of the couch space! ✅ Enjoys playing, having fun, and just living his best life ✅ He can be exuberant and boisterous to start (oh my god life is so exciting!!) - but he does settle and eventually wants to find a lounge. ✅ Has been living inside his current home everyday - and is becoming quite accustomed to the spoils of pet life! ✅ Like most men, Toby LOVES his food! This will help with training as he is very easily influenced when free food is on offer! ✅ This patient boy settles when in the car or trailer ✅ Best suited as the only dog in the household - more attention for Toby 😉 ✅ The only hound Toby wouldn't mind sharing his new forever home with is his sister-from-another-mister: Winnie (Microchip: 956000009482109). - They currently live inside together and don't mind sharing all the love and attention. - Winnie is also available for adoption: https://www.gapnsw.com.au/our-greyhounds/winnie-2 Toby will need a bit of time to settle into his new home - it's a big transition moving to a new house. But with a bit of love and patience, you will be rewarded with a sweet, but funny, but lovable larrikin. Toby hasn't had the chance to interact with children yet. So would need a nice meet and greet to see how everybody goes, if potentially going into a home with kids. He is a big strong boy so likely would be best with older children. This sturdy lad is strong on lead - there's a big world out there and oh so little time, Toby feels like he must concur it stat! He does settle, and with a little training and patience will be a good walking companion or social wing man. Toby will be 6 at the end of January! Nothing bonds a family and new boy better than a birthday party right?!","toby-2",""
"2019-08-01","Hunter Valley Mid Coast (Maitland/ Muswellbrook/Newcastle/Forster)","956000007851472","Lucky","2025-07-10","MALE","","BOO!! Just kidding, it's in Lucky aka Phantom Ghost's nature to be a bit of a mysterious jokester! But don't be spooked by his former Race Name ""Phantom Ghost"" - as he is also Lucky! And you'll be feeling lucky too punk once you have our Lucky in your life: ✅ Very happy chap who somehow looks like he's always smiling! ✅ Loves people! He will give ample affection - but secretly hopes he gets it in return too! ✅ Has interacted with other dogs: - Regularly interacts with other Greyhounds - Has met a little West Highland Terrier and Italian Greyhound. Lucky was a little pushy to start but did settle once the novelty wore off. - He would be suited to other Medium-Large breed dogs - Lucky will need very slow, patient, and gradual introductions when meeting any new dogs ✅ Good with older children: - Lucky has only interacted with older kids - He can excited however (new friends! new friends!) and jump. Once he is told No he will settle. Continued training with this will help him learn. Lucky has lived in a kennel environment all of his life, so hopes his new family understand he will need a little time and patience to settle into his new world. If you think you should be so lucky, enquire about our Lucky aka ""Phantom Ghost"" below!","lucky-1",""
"2019-04-01","Hunter Valley Mid Coast (Maitland/ Muswellbrook/Newcastle/Forster)","956000006810672","Tori","2025-07-10","FEMALE","","Looking to spruce up your abode? We have some styling tips: Simply add the stunning Tori aka ""Rattlin' Style"" into your house! You'll be all the fashion and talk of the town! This strikingly elegant and beautiful girl has other lovely qualities too: ✅ Very affectionate little lady who thrives on human companionship. ✅ Good with older children: - Tori currently interacts with children aged 6+years old - She is relaxed and calm around older kids. She recognizes their gentle and caring presence, and her natural instincts guide her to be extra gentle and patient. - Tori is the kind of dog who will offer a warm nuzzle or a gentle paw to her young humans, ensuring an unbreakable bond. ✅ Tori is a good, polite girl in her kennel. ✅ This clever lass has an understanding of appropriate conduct and is respectful of boundaries. ✅ Good with Medium-Large breed dogs: - Regularly interacts with other Greyhounds. - Tori interacts best with male Greyhounds. - She would need very slow, gradual introductions to any new dogs. ✅ Tori loves her toys! Watching her play is a joy in itself. Her evident fun and energy is contagious! - so both Tori and you can have a grand old time! Tori will need a fully fenced yard. Tori can sometimes Resource Guard her food, so it is best if she is fed separately and left alone to eat her dins. If having a devoted dame in your life sounds like a pretty picture, then Enquire or Apply to Adopt Tori (Rattlin' Style) to style up your home 😉 She may just improve your life and happiness too!","tori-4",""
"2018-04-01","Hunter Valley Mid Coast (Maitland/ Muswellbrook/Newcastle/Forster)","956000009589911","Bago","2025-07-10","MALE","","🐾 Meet Bago, the Stylish Black Greyhound in Search of His Perfect Home! 🐾 Hey there, awesome folks! I'm Bago, a fashionable black Greyhound with a heart full of love, on the lookout for my forever family. I'm all about cozying up on a couch to call my own. Just imagine me, the epitome of style, lounging in comfort, and enjoying every moment of relaxation. Having a spot to call mine would be a dream come true! When it comes to making new friends, I'm a social butterfly. Meeting new people brings me so much joy, and I can't wait to shower you with affection. Let's embark on incredible adventures together and create a bond that'll last a lifetime. Now, I'm eagerly waiting to find my forever home, where I can show off my impeccable fashion sense and bring endless love and warmth to your life. Are you ready to welcome Bago, the stylish black Greyhound boy, into your heart? 🐾 Bago is ready to bring love, style, and a whole lot of snuggles to your home sweet home! 🐾","bago",""
"2017-03-01","Central West (Bathurst/Dubbo/Coonabarabran)","956000004499510","Caeden","2025-07-10","MALE","","Hi everyone my name is Caeden. As you can see I'm a beautiful brindle boy looking for my perfect home. I am quite an active boy so my ideal home would be to someone who doesn't mind exercising me and spending a bit of time keeping me occupied. I am an alert boy and I like to know what is happening around me. I love socialising with my current family and am used to children and some other dogs. I am smart, well mannered and would love to join you in the adventures of life! I'd love to meet you and become your best mate.","caeden",""
"2017-11-01","Central West (Bathurst/Dubbo/Coonabarabran)","956000009461635","Scamp","2025-07-10","MALE","","Hi my name is Scamp! As my name suggests I am a mischievous but likeable boy (a big goof really). I am not naughty but just a bit of a character. I love playing and getting stirred up, I will run around and engage in play with you. I am a big boy with a big roman nose which may not appeal to everyone but I think I'm pretty handsome! I do enjoy a bit of exercise so someone a little active or an active family with older children would be perfect. I enjoy people and getting attention, am happy go lucky and would make a great companion, all I need is a chance! If you are interested in adopting or even fostering me apply and the team at GAP can organise a meet and greet.","scamp",""
"2017-12-01","Central West (Bathurst/Dubbo/Coonabarabran)","956000009591426","Rocky","2025-07-10","MALE","","Just like his namesake in the movies Rocky could be your favorite underdog! Rocky is outgoing and friendly, loves pats and being spoilt by his human companions. He would suit a home that is moderately active as he likes a bit of a run and zoom around the yard. Rocky will really bond with his new owner and become a loyal companion. He has been socialised with his little pug friend but does require a little time when meeting new friends. If you have a bit of time for a new friend and are looking for a diamond in the rough apply to meet Rocky today!","rocky-9",""
