"DATEOFBIRTH","LOCATION","MICROCHIPNUMBER","NAME","RECORDEDDATE","SEX","SPECIFICNEEDS","TEXT","URLNAME","WHATWEHAVENOTICED"
"2024-05-01","Riverina (Wagga, Temora, Gundagai, Griffith)","956000015662098","Billie","2026-07-23","FEMALE","","Meet Billie 💕A gentle, loving little girl who takes a little time to feel safe in new surroundings, but once she knows she's with kind people, she begins to relax and show her beautiful soul. Billie is happiest enjoying life's simple pleasures. Wandering around the backyard while you potter in the garden, following you from a distance just to be close, or heading out for a peaceful walk beside you on lead, taking everything in at her own gentle pace. Billie has a calm, easy-going nature and is relaxed around other Greyhounds as well as a pet Dachshund, making her a lovely companion both at home and out and about. Her perfect home could be with a single person, a young couple, or someone enjoying retirement who is looking for a faithful friend to share each day with. She would also be happy with a family that has older children (around 8–10 years and over) who understand that sometimes the kindest thing you can give a dog is patience. Billie is little girl with the biggest heart. All she needs is someone willing to let her settle in at her own pace, celebrate every little step forward, and show her that she is finally home. In return, she'll reward you with quiet companionship and unwavering loyalty.","billie-4",""
"2023-12-01","Western Sydney (Londonderry)","956000015733419","Ozzie","2026-07-23","MALE","","Meet Ozzie, Ozzie is a fun, larger-than-life Greyhound who loves being part of the action. He's full of energy, enjoys being around people, and isn't shy about showing his excitement. He's an affectionate boy with a playful nature and will thrive in a home that enjoys an active dog and is happy to continue building on his training. He is a playful dog who loves toys and is happiest when he has one to carry around. Ozzie can become quite excited during play and is enthusiastic when interacting with both people and his environment. He is affectionate and enjoys being with his people, although his excitement can sometimes lead to boisterous behaviour, so he will benefit from ongoing guidance to help him channel his energy appropriately. Ozzie will fit best with someone who enjoys a dog with plenty of personality and doesn't mind a bit of enthusiasm. He's a happy, playful boy who is ready to find a home that can give him the space, guidance and exercise he needs to really shine. Book in at Western Sydney","ozzie-2",""
"2021-11-01","Western Sydney (Londonderry)","956000013341855","Fred","2026-07-23","MALE","","*Hi I'm Fred, I have just gone to foster care in an apartment, updates to follow!* Fred is a loyal, intelligent boy looking for a calm home where he can truly thrive. ❤️ Fred is searching for an experienced and understanding owner. Once he builds trust, Fred forms strong bonds with his people and loves being included in daily life , especially if it involves attention, companionship, and a comfy place to relax nearby. While Fred can be social with medium to large dogs out and about, he would much prefer a home where he can soak up all the love and attention for himself as the only dog in the household. Fred can work up to being left alone for full-time hours with the right routine and settling period, making him a great companion for someone willing to give him time to adjust. Fred would be best suited to an adult-only home or one with older, dog-savvy children who understand how to respectfully interact with dogs and can help maintain a calm household environment. Meet Fred at Western Sydney Adoption Centre.","fred-8",""
"2017-01-01","Western Sydney (Londonderry)","956000005421452","Barbie","2026-07-23","FEMALE","","Barbie has just finished up her foster care placement in Sydney CBD in an apartment. She has nailed stairs, toilet training, can be left alone & is a complete cuddle bug! Update from foster: ""Barbie's been such a little love bug. She has been roaching absolutely everywhere, one of the quickest fosters we've had to get comfortable enough to sprawl out and relax, doing so in less than a week. She loves being close to her people and will happily follow you around the house throughout the day. Once she feels comfortable, she becomes incredibly affectionate, curling up beside you on the sofa, cuddling in close, and happily joining you for naps. Barbie is also a very curious girl. She wants to sniff everything, investigate everything, and always know what’s going on. She has a talent for accompanying you in task that doesn’t require a greyhound in the cutest possible way. She’s funny, outgoing, and full of personality. Whether she wants to go outside, have dinner, get some cuddles, or simply ask for attention, she'll happily let you know. I think Barbie would suit someone looking for a loving, affectionate companion with a personality who’ll make you laugh. She would likely thrive in a home where someone works from home, is around regularly, or is willing to continue building her confidence with being alone little by little. She's also doing very well with toilet training. She understands routines and timing well, and is generally very good at going outside when given regular opportunities."" Meet Barbie at Western Sydney by appointment.","barbie-5",""
"2020-08-01","Western Sydney (Londonderry)","956000011586352","Charlie","2026-07-23","MALE","","Charlie is a sweet, dog social boy with a sweet personality to match his handsome looks. His happy personality is hard not to fall in love with, and he would suit a home with respectful kids. He lights up every room he enters with his infectious energy and signature grin. Whether he’s heading out for a walk, playing with his favourite toys, or simply soaking up attention, Charlie approaches life with enthusiasm and charm. Charlie enjoys having company around him and would love a home where he can be part of the daily routine and included in family life. One of Charlie’s greatest joys is playtime, especially when squeaky toys are involved. With his good looks, playful spirit, and affectionate nature, he’s sure to make a wonderful addition to a lucky family. Meet Charlie at Western Sydney.","charlie-22",""
"2020-08-01","Western Sydney (Londonderry)","956000007437119","Matty","2026-07-23","MALE","","Matty may have the distinguished looks of an older gentleman, but he still has plenty of life and love to share. He is a calm, gentle soul with lovely manners and a relaxed approach to the world. He walks politely on lead, is friendly with new people and enjoys quietly exploring his surroundings. Matty is comfortable with handling and has a soft, easy-going nature that makes him a pleasure to spend time with. He also enjoys toys, particularly anything with a good squeaker. Matty has shown gentle and appropriate behaviour around smaller dogs and has previously lived alongside a Staffy. He has also met a Cavoodle and has been social with other greyhounds. He may be able to share his home with a another dog following suitable introductions and a successful meet and greet. Matty could suit a range of home environments, provided his family can offer patient introductions, ongoing guidance and the right support as he settles into pet life. With his calm nature and kind personality, he has the potential to become a wonderful companion.","matty-2",""
"2023-06-01","Western Sydney (Londonderry)","956000015747986","Cleo","2026-07-23","FEMALE","","Cleo is a sweet, confident and playful girl who takes new experiences in her stride. She enjoys exploring unfamiliar environments and quickly looks to the people around her for attention and connection. She is highly engaged by toys, enjoys her food and is eager to participate, which should make her a fun and rewarding dog to continue training. Cleo is affectionate with people and regularly seeks out pats and interaction, making her a lovely potential companion for family life. Cleo has shown confidence around other dogs and particularly enjoys playful interactions with fellow greyhounds. She has also shown polite social skills around smaller dogs and may be able to share her home with one following a successful meet and greet, with appropriate introductions and ongoing management. With the right support and routine, Cleo could suit a range of home environments. She would thrive with a family who can offer her companionship, enrichment, playtime and continued guidance as she settles into pet life.","cleo-6",""
"2021-03-01","Western Sydney (Londonderry)","956000012227448","Pebbles","2026-07-23","FEMALE","","Pebbles is a confident, playful greyhound who enjoys exploring her surroundings and being involved in whatever is happening around her. She loves playing fetch with toys and regularly checks back in with her handler, showing that she enjoys both independence and human connection. Pebbles may need a little encouragement when entering unfamiliar spaces, such as a crate or vehicle, but settles well once inside. She has previously lived around and socialised well with other greyhounds, although her play style can sometimes be enthusiastic and over the top. She may benefit from calm, well-matched canine companions and gradual introductions. Pebbles may even enjoy spending time with a smaller dog, pending a meet and greet first. Her playful nature means that any multi-dog home will need ongoing supervision and appropriate management as Pebbles settles into her new home. Pebbles would suit a home looking for a fun, confident and engaging companion who will enjoy playtime, enrichment and continuing to build her social skills.","pebbles-7",""
"2021-03-01","New England","956000007421965","Monnie","2026-07-23","FEMALE","","Monnie is a loving, affectionate greyhound with a playful spirit and a heart of gold. She adores spending time with her people and is always happy to be part of the family, whether that's joining in a game, going for a walk, or relaxing at home together. One of Monnie's favourite things in the world is playing ball. She loves chasing, retrieving, and showing off her playful side, making her a wonderful companion for anyone looking for a dog who enjoys a bit of fun and interaction. Her enthusiasm for play is balanced by her sweet and gentle nature, making her a joy to have around. Monnie is very affectionate and thrives on human companionship. She loves pats, attention, and being close to her favourite people. Her friendly personality and loving temperament make it easy for her to form strong bonds with those around her. Adding to her many wonderful qualities, Monnie is toilet trained and has experience with household routines, helping her transition smoothly into a new home. With her combination of playful energy, affectionate nature, and good manners, Monnie is ready to become a cherished member of a lucky family. If you're looking for a greyhound who will happily play ball one minute and cuddle up beside you the next, Monnie could be your perfect match. 🐾💕","monnie",""
"2021-06-01","New England","956000014486999","Tipsy","2026-07-23","FEMALE","","Tipsy is a fun-loving, happy greyhound who approaches life with enthusiasm and a wagging tail. Full of personality, she loves making the most of every day, whether she's splashing around in the water, playing with her friends, or spending time with her people. One of Tipsy's favourite things is water! If there's a chance to paddle, splash, or cool off, she's first in line. Her playful nature shines through in everything she does, and she brings a sense of joy and adventure wherever she goes. Tipsy is very social and loves the company of other dogs. She enjoys playing, exploring, and simply hanging out with her canine friends, making her a great companion for a home with another friendly dog. Her easy-going and friendly nature also means she enjoys meeting new people and is always happy to make new friends. Despite her playful side, Tipsy also appreciates time to relax after a day of fun. With her sweet temperament and cheerful outlook, she's a wonderful combination of affectionate companion and playful adventurer. If you're looking for a friendly, happy greyhound who loves water, enjoys other dogs, and brings plenty of fun and laughter to everyday life, Tipsy could be the perfect addition to your family. 🐾💕💦","tipsy-1",""
"2024-03-01","Western Sydney (Londonderry)","956000015766175","Sky","2026-07-23","FEMALE","","If you're looking for a happy, people-loving companion, I could be the perfect match! I have a fun, bouncy personality and absolutely love spending time with my humans. Once I'm settled inside, I'm calm and relaxed, and I could comfortably adjust to a home where my family works full-time. I get along well with other dogs and really enjoy their company. In fact, having a confident canine friend helps me feel more secure and brings out my best. Because of this, I'd love a home with another friendly dog, or one where I can continue having positive dog interactions. I'm looking for a home with a secure yard where I can stretch my legs, play, and enjoy spending time outdoors. I'd be best suited to a family with children aged 10 years and over who can understand my bouncy nature and give me the love and companionship I'm looking for. If you're looking for a sweet, social dog with lots of love to give, I'd love to meet you!","sky-9",""
"2023-02-01","New England","956000014890851","Buster","2026-07-23","MALE","","Buster is a handsome, friendly boy who has experience living indoors and understands the routines and comforts of home life. Having already enjoyed life as a pet, he is well placed to settle quickly into a new family environment. A gentle and affectionate boy, Buster is fantastic with children and enjoys being part of the family. He has a calm, easy-going nature and is happy spending time with his people, whether that's relaxing around the house, joining in family activities, or stretching out for a well-earned nap on a comfy bed. Buster would suit a home where he can continue to enjoy the comforts of indoor living and plenty of family interaction. However, he is not suitable for a home with small dogs, so any canine companions will need to be of a suitable size. With his loving personality, great manners, and wonderful nature around older children, Buster is ready to become a loyal and much-loved member of his forever family. 🐾💙","buster-14",""
"2021-06-01","New England","956000007364703","Sabrina","2026-07-23","FEMALE","","Sabrina is a happy, friendly greyhound who loves being part of the action. With her cheerful personality and interactive nature, she enjoys spending time with her people and is always keen to be involved in family life. Having lived indoors, Sabrina is already familiar with the comforts and routines of a home. She has settled beautifully into pet life and appreciates all the things that make a house a home, from cosy beds to quality time with her family. Sabrina is good with both children and other dogs, making her a wonderful companion for a variety of households. She is social, affectionate, and loves making new friends, whether they have two legs or four. Her gentle and easy-going temperament helps her fit in well with those around her. This lovely girl has a bright, positive outlook on life and brings plenty of joy wherever she goes. If you're looking for a sweet, well-rounded greyhound who enjoys companionship, gets along well with kids and dogs, and is ready to become a treasured member of the family, Sabrina could be the perfect match. 🐾💖","sabrina-1",""
"2019-12-01","New England","956000007466958","Benno","2026-07-23","MALE","","Benno is a relaxed, easy-going boy who has experience living in a home and spending time around children. Having already enjoyed the comforts and routines of family life, he has proven himself to be a well-mannered and adaptable companion. A fairly independent boy, Benno is happy to do his own thing and doesn't demand constant attention. He enjoys being part of the household but is equally content finding a comfortable spot to stretch out and watch the world go by. His calm, casual nature makes him an easy dog to have around. Benno is placid, taking most things in his stride. He is comfortable around children and appreciates a home where he can enjoy a balance of companionship and quiet time. While he may not be the centre of attention, he is a loyal and steady presence who enjoys being included in family life. If you're looking for a low-maintenance, laid-back greyhound who is already familiar with home living, Benno could be the perfect match. With his easy-going personality and gentle nature, he's ready to settle into his next forever home and enjoy all the comforts it has to offer. 🐾💙","benno",""
"2021-07-01","New England","956000011646579","Scarlet","2026-07-23","FEMALE","","Scarlet is a beautiful, sweet-natured girl who has spent the past 12 months living as a pet while recovering from a leg injury. Thanks to plenty of care, rest, and love, she has made a full recovery and is now ready to find her forever home. A placid and easy-going girl, Scarlet has settled wonderfully into home life and knows exactly how to enjoy the comforts of being a family companion. Her favourite places are the sofa or a cosy bed, where she is more than happy to spend her days relaxing and watching the world go by. Scarlet has a gentle, affectionate personality and is a delight to have around the house. She enjoys the company of her people and has a calm presence that makes her an easy fit into a relaxed household. Having already experienced life in a home, she understands the routine and comforts that come with being a much-loved pet. With her sweet nature, excellent manners, and fully recovered health, Scarlet is ready to bring companionship, warmth, and plenty of couch cuddles to her next family. She is proof that sometimes the best days are spent stretched out on a soft bed, sharing quiet moments with the people she loves. 🐾❤️","scarlet-2",""
"2024-01-01","New England","956000016775442","Dreamy","2026-07-23","FEMALE","","Dreamy is a gentle, shy greyhound with a heart full of sweetness. While she may take a little time to warm up to new people and unfamiliar situations, those lucky enough to earn her trust quickly discover a loving and loyal companion. With her soft eyes and quiet nature, Dreamy prefers calm surroundings where she can relax and observe the world at her own pace. She is wonderfully gentle, affectionate with those she knows, and happiest when curled up in a cosy bed or enjoying a peaceful stroll. Dreamy's sensitive and kind personality makes her a special friend. She may not be the first to seek attention, but her quiet nudges for pats and her content sighs when she's comfortable speak volumes. Once she feels safe, her playful side emerges, revealing a sweet and endearing greyhound who loves companionship and gentle affection. Elegant, thoughtful, and full of love, Dreamy is the perfect example of how the shyest dogs often have the biggest hearts. 🐾💕","dreamy-1",""
"2021-10-01","Western Sydney (Londonderry)","956000011552676","Ruby (Western Sydney)","2026-07-23","FEMALE","","I've just finished up my foster care! Foster Update: ""Ruby is a warm, affectionate and goofy doggy with beautiful manners. She is quick to learn from and love lucky humans. In her foster care, she overcame her fears to confidently and easily go up and down steps and learnt to sleep quietly through the night. She quickly picked up commands like ""no"", ""stop"" and ""go"", and she walks beautifully on lead, even with people she's just met. She charms everyone she meets with her adorable little noises, curious nature and sweet personality. Ruby loves time with people, being active on walks and investigating her world. She adores playing 'fetch' with her favourite toys. Ruby is the kind of companion who will excitedly join you on a morning walk, make you smile with her goofy antics, then settle beside you while you relax at home. She has so much love to give and is ready to become someone's loyal best friend. Ruby's respectful manners and gentle nature would make her a great fit for a family, or anyone who is looking for a companion that enjoys running and playing alongside relaxing. In foster care, she was regularly left alone for up to 5 hours per day with no issues."" ----------------- Ruby is a gentle, placid girl who is learning to be the best pet she can be in foster care. She fits perfectly into her new foster care home, conquering the staircases, showing off her perfect toilet training too! She’s very affectionate and enjoys being involved in whatever’s going on around her however she can be left alone successfully in her foster care home. She enjoys 3 walks a day and has shown great toilet training in foster care. She has also enjoyed being the GAP HQ office dog where she was perfectly behaved and charmed all the staff and visitors. She has continued this perfect behaviour in foster where she has never been destructive, or gotten into anything she shouldn't. She is a perfect office companion. She walks well on lead, has gone on bushwalks and street walks in foster, listens to cues & knows ""no"", too. Ruby is very food motivated and loves enrichment games and puzzle-style activities. She’s clever, confident, and enjoys figuring things out, especially if there’s food involved. With other dogs, Ruby prefers her own space and doesn’t tend to actively seek them out (but has paired nicely in the past). Older kids would be a great match for her affectionate side. Meet Ruby at Western Sydney!","ruby-17",""
"2020-03-01","Western Sydney (Londonderry)","956000007831124","Rusty (Western Sydney)","2026-07-23","MALE","","*I've just gone into a foster care home and I am available to adopt!* Foster Update: He's settling in beautifully and is an absolute sweetheart. He's incredibly calm, gentle and hardly ever barks. I've already done two short home-alone trials. He seems very comfortable around the house and spends most of his time resting, including beside me while I'm working. He's settling in so much faster than I expected, even played with one of his toys yesterday (!), and is proving to be a wonderful foster. ----------------- Rusty is a gentle soul with a quiet nature. He is settling in well in foster care. Once he settles into his home, Rusty becomes the ultimate companion. He loves being near his people and will happily follow you from room to room like your own loyal shadow. He has also been shown to settle well on his own. Rusty would thrive in a calm home with respectful children who can respect his gentle nature and give him the space he needs while settling in. He would also benefit from living with a calm medium large breed dog or another greyhound, as the company of a steady canine friend helps him feel more secure and confident. Behind his quiet exterior is a sweet, affectionate boy who simply wants to feel safe, loved, and included. For the right home, Rusty will become a devoted and loving companion who will be by your side every step of the way. Meet Rusty in Western Sydney.","rusty-14",""
"2024-08-01","Riverina (Wagga, Temora, Gundagai, Griffith)","956000015546369","Doc","2026-07-23","MALE","","Doc is a calm and friendly young boy. He has an affectionate nature and loves a pat but does not like water and will avoid mud puddles, unlike his siblings. He likes to keep himself clean! Doc enjoys a play in the yard with his brother and two mini fox terriers. They lie down and rest together, even eating with the little dogs. He is also not fazed about the pet ferrets in cages in the yard and aviary birds. He walks well on the lead and loves to trot out with the grandkids 10, 12 and 17 years old in the park, plus a 2-year-old supervised in a pram. When not having a walk or play, Doc enjoys a rest in the yard or in the laundry on a cooler day. He would make a wonderful, loving pet for many households, including a family with older kids or with another dog. A walk a day and yard play is enough for this lad as he is not over-energetic. Doc is a gorgeous boy who will bring you much love and joy. 🩵🐾","doc-3",""
"2024-08-01","Riverina (Wagga, Temora, Gundagai, Griffith)","956000015674295","Roo","2026-07-23","MALE","","Roo is a calm, gentle, and wonderfully easy-going handsome blue boy, equally happy joining in the fun or quietly relaxing by your side. Whether he's chasing a ball around the backyard, proudly carrying a fluffy toy, or snoozing on his comfy bed indoors, Roo approaches life with a relaxed and happy attitude. A true family dog, Roo adores his people and would love a home where he can be part of the daily action. He's a big fan of car rides and also great on lead, enjoying both farm and neighbourhood strolls, taking the world in with his calm and confident nature. Roo gets along well with a variety of dogs, including Jack Russells, Dachshunds, Kelpies, and fellow Greyhounds. He's a social boy who enjoys canine company but is just as content soaking up attention from his humans. While Roo is wonderfully chilled for most of the day, he does have a playful side with his love for toys. His gentle nature makes him a fantastic companion for families with children aged 7+, or for anyone searching for a dog who is equal parts couch companion, backyard playmate, walking buddy, and professional cuddle enthusiast. Is Roo the one for you? ❤️🐾","roo-4",""
"2022-01-01","Riverina (Wagga, Temora, Gundagai, Griffith)","956000014516919","Poppy","2026-07-23","FEMALE","","Meet Poppy! Poppy has been enjoying retirement for the past 12 months and, after experiencing the comforts of home, she's decided that the indoor lifestyle is definitely for her! This happy, affectionate girl is looking for a family who will enjoy sharing life's simple pleasures with her. Whether it's a daily walk around the neighbourhood, a short zoomie session in the backyard, a casual stroll through Bunnings, a coffee run, or simply supervising errands, Poppy is always happy to be by your side. Poppy travels beautifully in the car and is a relaxed companion for outings and adventures. She gets along well with cats and both small and large dogs, although she would be most suited to a home with a medium to larger-sized canine companion, or she would be equally happy soaking up all the attention as an only dog. With her gentle nature and easy-going personality, Poppy would be a perfect companion for singles, couples or families with children aged 9 years and over. She's the type of girl who enjoys being part of the family without demanding constant entertainment. Could Poppy be your perfect match? 🐾💕","poppy-13",""
"2024-12-01","Riverina (Wagga, Temora, Gundagai, Griffith)","956000015854591","Betty","2026-07-23","FEMALE","","Betty is a gorgeous young fawn girl who was not interested in racing and has been enjoying retired life to prepare for her next chapter as a family pet or companion. Betty is a very chilled, easy-going, friendly girl who is not fazed by much. She is great with cats, all dogs of any size, good with children 9+, gentle on lead and would enjoy life with a relaxed family or household. She enjoys a walk but isn't worried if it's not every day and is excellent in the car. She is a great one for new adventures! Betty is housetrained and an all-round loving, easy-maintenance girl who would be a perfect companion for any family or household. 🥰❤️ 🐶","betty-23",""
"2024-06-01","Riverina (Wagga, Temora, Gundagai, Griffith)","956000015995265","Orli","2026-07-23","FEMALE","","Orli is a sweet, quiet, and soft-natured girl who is looking for a loving home to call her own. Gentle and easy to be around, she has a calm personality that makes her a wonderful companion for family life. Orli is great with children aged 6 and over and she also gets along well with other dogs of all sizes, including little breeds like Jack Russells and Chihuahuas, plus the household cat, making her a lovely addition to a multi-pet household. This gentle girl enjoys the simple things in life – sleeping on her bed, going for calm walks, riding in the car, splashing around in her shell pool, and having a little play in the yard. Orli is not high energy; she would suit a couple or family where someone is around for part of the day or works from home. She doesn’t need daily walks, just pottering around is fine. With her gentle nature and easygoing personality, Orli will make a beautiful, loyal companion for a family with the time to settle her in and include her in daily life. 🐾 💘","orli",""
"2022-12-01","Western Sydney (Londonderry)","956000014943681","Chives","2026-07-23","FEMALE","","*I've just gone to foster care! Updates coming soon!* Sweet, happy, adaptable girl Chives is a friendly little lady ready to join your family! She is social, bubbly and friendly to all she meets. A house with a yard for zoomies, and a home who will include her in the daily goings on, eg walkies, naps indoors, and play time, would be great, as she loves to be a part of the action, but is also happy to watch the world go by. Shorter hours alone are best while she first settles in. We know this lovely lady will make a great pet! Meet Chives at Western Sydney.","chives",""
"2018-11-01","Western Sydney (Londonderry)","956000006355015","Louie (Western Sydney)","2026-07-23","MALE","","*Hi, I've just gone to foster care, check back for updates!* Louie is a gentle, low maintenance, laid back and quiet soul. If you're looking for a laid back senior greyhound, Louie might be perfect for you. Louie enjoys life in the slow lane and is looking for someone to spend quiet time with. Louie is a lovely greyhound who loves mingling with other dogs his size, settles well alone and would love a home with indoor outdoor access where he can independently alternate between exploring outside and resting on beds indoors. A solo pet home is best suited. He is suitable with older/respectful kids and dreams of a backyard/courtyard to snooze in. He would like a flat home without stairs, as he is still learning how to navigate staircases. Louie is a sweet gentleman and he hopes you come to meet him soon. Meet Louie at Western Sydney.","louie-3",""
"2023-03-01","Western Sydney (Londonderry)","956000015726911","Pino","2026-07-23","MALE","","Meet Pino! Pino is a fun-loving male Greyhound with a happy, playful personality. He loves being around people and is always ready to say hello with a wagging tail and relaxed body language. He really enjoys attention and can get quite excited when he's praised, making him a cheerful and engaging companion. Pino enjoys exploring his surroundings and is curious about what's going on around him. He also has a playful side and loves chasing toys, showing he enjoys having a bit of fun. When meeting other dogs, Pino can get a little bouncy and excited at first but can settle quickly. He could happily live with a medium to large dog and may also be able to live with a suitable small dog after slow, careful introductions. Meet at Western Sydney.","pino-2",""
"2022-04-01","Western Sydney (Londonderry)","956000011371729","Milo","2026-07-23","MALE","","Meet Milo, Milo is a happy, confident male Greyhound who loves being around people. He has a fun, bouncy personality and is always keen to say hello, happily leaning in for pats and attention. Even though he gets excited, he is able to settle himself and relax once he's had a chance to greet everyone. On walks, Milo is a strong boy and can pull on the lead, especially when he's excited. He will benefit from continued lead training to help him learn to walk more politely, but once he settled, he was much easier to handle. When meeting another dog, Milo was relaxed and friendly. He got a little overexcited during the first greeting and wasn't very aware of his size, but he settled quickly and was happy to move on. He showed more interest in people than the other dog. Milo is a friendly, affectionate Greyhound with a big personality and lots of love to give. He will suit a home that enjoys an active, social dog and is happy to continue helping him with his lead manners. Book a meeting with Milo at Western Sydney.","milo-14",""
"2022-04-01","Western Sydney (Londonderry)","956000011356808","Lilly","2026-07-23","FEMALE","","Meet Lilly, Lilly is a sweet female Greyhound with a gentle nature. She really enjoys being around people, especially women, and was happy to come over for a sniff, stay close, and spend time with her handler. She likes human company and has a calm, affectionate personality. Lilly would be well suited to a home with a medium to large dog that can help her continue to grow in confidence. She can be a little shy at times, so a patient home that allows her to settle in at her own pace will help her thrive. Overall, Lilly is a gentle, kind-hearted Greyhound who forms lovely connections with people she trusts. With a calm, understanding home, she has all the makings of a devoted and affectionate companion. Book in at Western Sydney.","lilly-18",""
"2021-05-01","Western Sydney (Londonderry)","956000009448174","Taz","2026-07-23","MALE","","Meet Taz, Taz is a handsome male Greyhound with a gentle, easygoing nature. He is a friendly boy who enjoys being around people, approaching with soft, relaxed body language and happily leaning in for affection. He has a calm, affectionate personality and is lovely to spend time with. Taz showed friendly social skills around another Greyhounds, greeting politely before easily moving on with light guidance. He would be well suited to living with a medium to large dog and may also be able to live with a small dog following slow, thoughtful introductions. Out on walks, Taz has lovely lead manners and walks nicely alongside his handler. Overall, he is a sweet, gentle Greyhound with a kind nature who enjoys people, takes new experiences in his stride, and is ready to become a wonderful companion. Meet Taz at Western Sydney.","taz-2",""
"2023-12-01","Western Sydney (Londonderry)","956000016295625","Maui","2026-07-23","MALE","","Maui is a super confident, playful, active boy who was born on Christmas Day! He is a couch potato, who loves spending time with other dogs. He suits either a house with a yard, or townhouse with outside access and tall/colorbond fencing. His best suited home has canine or human company, due to being in a multi-dog household with company in his foster home. Maui is a gorgeous confident boy who takes everything in his stride, including car travel, walking nicely on lead and being friendly to all humans and dogs he meets. He has lived in a foster care home and has learnt a lot of the basics of pet life making him a wonderful fit for a family with respectful kids or a fun, active life. Meet Maui at Western Sydney.","maui-1",""
"2020-01-01","","956000012206305","Lucy","2026-07-23","FEMALE","","Meet Lucy, Lucy is a confident, friendly Greyhound with a happy, easy-going nature. She enjoys being with people and is comfortable meeting new faces, responding well to gentle handling and happily checking in with her handler. She walks beautifully on lead and has a lovely balance of curiosity and calm, taking in her surroundings with a relaxed, wagging tail and soft expression. Lucy has a playful side that shines through when she's engaged with her people. She enjoys interactive games, happily chases toys, and is always ready for a burst of joyful zoomies. Lucy has shown polite manners around other dogs and may be able to live with another medium or large dog. She has also displayed calm, respectful interactions with small dogs and could potentially share a home with a suitable small-breed companion, provided introductions are slow and carefully managed. She may also be suited to a home with children where interactions are supervised and everyone respects her need for rest and personal space. Make a booking at Western Sydney.","lucy-29",""
"2022-04-01","Western Sydney (Londonderry)","956000011373422","Wave","2026-07-23","FEMALE","","Meet Wave, Wave is a gentle, affectionate Greyhound who loves spending time with people and thrives on kind attention. She is playful, enjoys learning, and responds beautifully to treats and positive reinforcement. She has a sweet nature, comes when called, and is happiest when sharing quiet moments with her people as well as having opportunities for fun and enrichment. Wave has shown lovely social skills with calm, respectful small dogs and may be able to live with a small-breed canine companion if they are a suitable match and introductions are gradual and carefully managed. She would suit a home that is happy to give new friendships time to develop at a comfortable pace. She may also be suitable for a home with children where interactions are appropriately supervised and everyone understands how to give her space when needed. With her affectionate personality, gentle nature, and willingness to connect with people, Wave has all the makings of a wonderful companion for a family or individual looking for a loving Greyhound to welcome into their home. Meet Wave at Western Sydney.","wave",""
"2023-01-01","Western Sydney (Londonderry)","956000014696298","Rocky","2026-07-23","MALE","","Meet Rocky, Rocky is a lovely male Greyhound with a gentle nature and an easy-going personality. He enjoys exploring his surroundings at his own pace and is happy to take in all the sights and smells during his walks. He has a calm approach on lead, making him an enjoyable companion for daily outings. Rocky would thrive in a home with a secure yard where he has room to stretch his legs and enjoy some outdoor time. He would suit a family with older children who understand how to respectfully interact with larger dogs. He has the potential to live with another Greyhound/medium to large dog, provided introductions are slow, positive, and carefully supervised to help everyone settle in comfortably. If you're looking for a relaxed, handsome Greyhound who enjoys life's simple pleasures and will make a wonderful companion, Rocky is ready to find his forever home. Book a meeting at Western Sydney.","rocky-21",""
"2022-12-01","Western Sydney (Londonderry)","956000015737390","Vaughn","2026-07-23","MALE","","Meet Vaughn, Vaughn is a handsome male Greyhound with a big personality! He is a confident, happy boy who enjoys getting out and about, taking in the world around him and sharing his enthusiasm with everyone he meets. His cheerful nature and playful energy make him a fun companion for someone who enjoys an active dog with plenty of character. Vaughn loves being involved in whatever is happening and is always keen to head out for a walk or spend time with his people. He can be very excited when meeting new people or dogs and wears his heart on his sleeve, but with calm guidance he settles in well and enjoys continuing on his way. He is a clever boy who responds well to positive encouragement and enjoys working with his handler. He would thrive in a home with a secure yard where he has space to stretch his legs and enjoy the outdoors. Vaughn is best suited to an owner who is comfortable with larger, stronger dogs and is happy to continue building his leash manners through positive, consistent training. Meet at Western Sydney.","vaughn-1",""
"2023-05-01","Western Sydney (Londonderry)","956000015744401","Jess","2026-07-23","FEMALE","","Jess is a sweet and affectionate girl with a shy side. A family without children is best suited to her friendly but sensitive temperament. She would be best suited to a quieter home environment where she can feel secure. She would also benefit from being the only animal in the home, allowing her to fully relax, build confidence, and focus her affectionate nature on her human companions. Some hours alone are suitable with a yard/courtyard to spend time in. She has shown good toilet training basics. Experienced greyhound owners are recommended to apply. With patience, understanding, and the companionship she clearly enjoys, Jess has all the qualities needed to become a devoted and affectionate family member. Meet Jess at Western Sydney.","jess-11",""
"2021-09-01","Northern Rivers (Grafton, Lismore, Casino)","956000014501745","Stacey","2026-07-23","FEMALE","","🐾 Meet… Stacey 🐾 Sweet Stacey is a beautiful black greyhound with a gentle soul and a quiet nature. This lovely girl is looking for a patient and understanding home where she can take her time discovering the joys of life as a much-loved pet. With kindness, consistency, and a little encouragement, Stacey has the opportunity to blossom into a wonderful companion. Stacey is a thoughtful girl who likes to take in her surroundings and understand the world around her before joining in. She may be a little reserved when meeting new people and experiencing new places, but beneath her cautious first impression is a soft-hearted dog who is waiting for someone special to share a life full of love. She enjoys gentle interactions and will benefit from a calm environment where she can explore at her own pace. A predictable routine, quiet encouragement, and plenty of positive experiences will help Stacey grow in confidence. Stacey travels well in the car and is comfortable with her everyday routines. She is good on lead and enjoys quiet walks where she can explore at her own pace. She would appreciate a family who understands that confidence grows through patience and allows her to take each new experience one step at a time. When it comes to other dogs, Stacey prefers gentle introductions. A calm, respectful canine companion may be a lovely support for her, especially one who understands a quieter personality and can help show her the ropes of home life. Perfect Home for Stacey Stacey would suit a calm and caring adopter or foster carer situation with people who enjoy helping a sweet dog find confidence. She would thrive with a patient family who can offer her time, reassurance, and a gentle routine while she settles in. A quieter household where she can relax, learn, and build a strong bond would be ideal. Watching Stacey’s confidence grow and seeing her true personality emerge will be a very special journey for the person who gives her that chance. Stacey is waiting for someone with a kind heart who will give her the time and support she needs to shine. With love, patience, and a safe place to call home, this beautiful girl has so much potential to become a treasured companion.","stacey-1",""
"2024-04-01","Northern Rivers (Grafton, Lismore, Casino)","956000015666718","Joy","2026-07-23","FEMALE","","🐾 Meet… Joy 🐾 Beautiful Joy is a sweet young greyhound with a gentle heart and a quiet charm that is waiting to shine. This lovely black girl is a little on the thoughtful side and takes her time getting comfortable with new experiences, but with patience, kindness, and a loving home, Joy has every chance to blossom into a wonderful companion. Joy is the type of dog who will appreciate a calm introduction to her new life. She enjoys having the time to observe her surroundings, build trust, and discover that home life is full of safe, happy moments. As her confidence grows, her gentle personality will continue to emerge, and her family will have the special joy of watching her become more relaxed, comfortable, watch her big smile grow and her loving tail wags. She has a soft and sensitive nature and enjoys the reassurance of a steady routine. Joy travels well in the car and is learning to enjoy the little adventures that come with being a much-loved pet. She is comfortable walking on lead and will benefit from continued positive experiences that help her feel secure and confident. Joy also takes comfort from other dogs and enjoys having friendly canine company. A calm, respectful companion could help her feel at ease as she learns about her new world. She has shown lovely manners around smaller dogs and is happy to share her space with gentle friends. Perfect Home for Joy Joy would suit a loving home with people who understand that some of the most rewarding friendships take a little time to grow. A quieter household, a predictable routine, and plenty of gentle encouragement would help Joy settle in beautifully. She would thrive with an adopter or a foster carer who are happy to give her the space and time she needs while celebrating each little step forward. A patient family with or without another friendly dog could be a wonderful match for this sweet girl. Joy is a beautiful reminder that the quiet ones often form the most special bonds. With a little time, love, and understanding, she could become a treasured companion and a much-loved member of the family.","joy-4",""
"2018-06-01","Northern Rivers (Grafton, Lismore, Casino)","956000006803021","Ari","2026-07-23","MALE","","🐾 Meet… Ari 🐾 If you're looking for a gentle giant with a heart full of love, Ari is ready to meet you! This handsome black greyhound is a friendly, confident boy who enjoys exploring the world before happily settling in for some well-earned pats. With his affectionate nature and soft, wagging tail, Ari has all the makings of a loyal best friend. Ari loves spending time with people and isn't shy about asking for affection. He's a classic greyhound ""leaner,"" happily pressing in for cuddles and enjoying pats all over. His warm, easy-going personality makes him a joy to be around, and he's equally happy simply sharing your company as you go about your day. Curious and confident, Ari enjoys getting out to sniff, explore, and discover new places. He travels beautifully in the car, happily hopping in and relaxing for the journey, making him a wonderful companion for road trips or everyday outings. On walks, Ari is enthusiastic and enjoys taking in all the sights and smells, so he'll appreciate a family who enjoys regular adventures together and can continue helping him polish his lead manners. Ari has lovely social manners with other greyhounds, greeting them politely before happily doing his own thing. He enjoys the company of dogs his own size and has a relaxed, friendly approach to canine companions. Perfect Home for Ari Ari would thrive in a home with people who enjoy an active companion and can continue building on his lead skills while giving him plenty of opportunities to explore. He would be happiest in a home without small pets, where he can relax and shine as the wonderful companion he is. With love, routine, and plenty of affection, Ari will reward his family with unwavering loyalty and lots of cuddles. Ari is ready to find a family who'll appreciate his loving heart, adventurous spirit, and gentle companionship. If you're looking for a loyal friend to share life's everyday moments, Ari would love to meet you.","ari-6",""
"2020-10-01","Mid North Coast","956000011585427","Bluebell","2026-07-23","FEMALE","","🐾 Meet... Bluebell 🐾 If you're looking for a gentle soul with a heart full of love, Bluebell could be your perfect match. This beautiful blue girl is calm, affectionate, and wonderfully easy-going, with a sweet nature that makes everyone she meets feel like an instant friend. Whether she's enjoying a leisurely stroll, soaking up pats, or simply relaxing by your side, Bluebell is happiest just being part of the moment. Bluebell is a lovely companion who adores human attention. She happily comes over when called for a cuddle, leans in for pats, and enjoys spending time close to her people. She has a quiet confidence about her and takes life's adventures in her stride, making her a delight to have around every day. Out and about, Bluebell is a pleasure to walk. She enjoys exploring at a relaxed pace, happily cruising along while checking back in with her person. Her calm, chilled outlook makes walks feel enjoyable and easy, whether you're wandering through the neighbourhood or taking in a peaceful park. Bluebell is also wonderfully social. She is comfortable spending time alongside other greyhounds and has shown a lovely, relaxed attitude around small dogs too, happily going about her day without fuss. Her friendly, easy-going personality shines through in every interaction. Bluebell has a naturally gentle presence and carries herself with quiet grace. 🏡 Bluebell's Perfect Home Bluebell would suit a wide range of homes, from a cosy apartment to a house with a yard, as long as she has loving people to share her days with. Her calm nature makes her an excellent companion for those who enjoy a relaxed lifestyle, while her confidence means she'll happily join you on daily outings and gentle adventures. She'd fit beautifully into a home looking for a loyal, affectionate friend who enjoys both quiet moments and quality time together. Bluebell is ready to fill her new home with love, gentle companionship, and plenty of happy tail wags. If you're searching for a sweet, easy-going best friend, Bluebell can't wait to meet you.","bluebell",""
"2021-07-01","Hunter Valley Mid Coast (Maitland/ Muswellbrook/Newcastle/Forster)","956000011662105","Ash","2026-07-23","FEMALE","","Meet Ash. Ash is a beautiful blue girl with a happy- go-lucky personality that's guaranteed to brighten your day. She loves being part of the action and is happiest when she's included in whatever her humans are up to. Give Ash a secure backyard and you'll see her true colours shine. She adores the freedom to run around with her tail wagging from pure excitement. Once she has had her fun, she's more than happy to sit back a relax alone or with her humans. She also loves heading out for walks, where she enjoys exploring the world by your side. Playful, affectionate and eager to interact, Ash loves spending time with her people. She comes when her name is called and is always keen to engage, whether it's for a game, a cuddle, or simply to see what you're doing. If you're looking for a fun loving, enthusiastic companion who will happily join in on life adventures and keep a smile on your face, Ash could be the perfect addition to your family","ash-5",""
"2023-02-01","Southern NSW/ACT (Bulli, Nowra, Goulburn, Canberra)","956000014878112","Myrtle","2026-07-23","FEMALE","","Myrtle is a gentle girl who is great company. She is playful, confident and calm. She comes when called upon in large areas and would make a great companion to anyone.","myrtle-2",""
"2022-11-01","Southern NSW/ACT (Bulli, Nowra, Goulburn, Canberra)","956000014915119","Katie","2026-07-23","FEMALE","","Katie is a very pretty and pleasant girl, she is extremely affectionate and inquisitive, easy to walk or spend time with in the yard. Is very social and easy around other hounds.","katie-13",""
"2020-02-01","Western Sydney (Londonderry)","956000012189492","Little Larry","2026-07-23","MALE","","*Hi, I have just gone into a foster home, check back for updates!* At just 26 kgs little Larry is just simply adorable! He is a professional nap enthusiast, soft bed connoisseur, and all-round good boy. 💤 Larry is the kind of dog who believes life is best enjoyed comfy, cozy, and preferably horizontal. Whether it’s a plush dog bed, a sunny patch on the carpet, or your couch if you’re feeling generous, Larry is happiest curled up enjoying one of his many daily snoozes. Don’t let his love of naps fool you though — Larry is also a social sweetheart who enjoys the company of other dogs, especially calm medium to large canine friends. He’s happy to make dog buddies, but he’s equally content flying solo and soaking up all the attention himself. Larry would suit an apartment lifestyle, provided there’s ground-floor living or lift access to make life easy and comfortable for him. He’s a calm companion who doesn’t need constant chaos or adventure, just a loving home, soft bedding, and humans who appreciate the finer things in life… like afternoon naps. Larry is also comfortable being left alone and can gradually work up to full-time hours with the right routine in place, making him a great option for people with busy schedules. Due to his gentle and relaxed nature, Larry would be best suited to a home with children aged 10 years and over. If you’re looking for a loyal couch buddy, champion sleeper, and expert snuggler, Larry may just be your perfect match. ❤️ Meet Larry at Western Sydney","little-larry",""
"2024-02-01","Western Sydney (Londonderry)","956000016777046","Lots","2026-07-23","MALE","","Hi, I'm Lots! And yes, I have lots of love to give! I have spent time around a 4 year old, and am described as a big lovable puppy. I am bouncy, goofy and have LOTS of charm. I've been known to be an energetic silly sausage! I travel well, walk nicely on the lead, love my play time and would love a backyard to get my energy out during the day. After play time I will have lots of snoozing after I've tuckered myself out. A home without another dog is best as I am simply a goofy puppy at heart. I guarantee lots of amazing memories if you adopt me, especially if you're a family with children and with a backyard, as I aim to please and definitely think of myself as a social butterfly. Meet me at Western Sydney!","lots",""
"2022-10-01","Mid North Coast","956000015733491","Bluey","2026-07-23","FEMALE","","🐾 Meet… Bluey 🐾 If sunshine could be wrapped up into a greyhound, it would be Bluey! This beautiful white and blue girl is cheerful, affectionate, and wonderfully easy-going. With her gentle nature, love of people, and adaptable personality, Bluey is the kind of companion who makes every day feel a little brighter. Bluey approaches life with quiet confidence and a curious spirit. She enjoys exploring new places with a happy sniff around before settling into whatever adventure comes next. Whether she's relaxing at home, heading out for a stroll, or enjoying a day by the water, Bluey takes it all in her stride with her calm and friendly outlook. People are high on Bluey's list of favourite things! She's always happy to wander over for a cuddle and enjoys being patted all over before contentedly heading off to do a little exploring of her own. She has a lovely balance of affection and independence, making her an easy companion to live with. One of Bluey's biggest loves is the beach—and if there's water nearby, you'll likely find her splashing happily! She enjoys getting out and about, and her relaxed nature makes outings together a pleasure. She travels beautifully in the car, quietly settling down for the ride, and she's a dream to walk on lead, happily taking in the world without fuss. Bluey has wonderful social manners with other dogs. She enjoys saying hello politely before happily doing her own thing, and she's known to enjoy playful outings with dogs of all shapes and sizes at the beach. Her gentle, respectful nature makes her an easy friend to have around. If there's one thing Bluey gets especially excited about, it's dinner time! She's a true foodie who knows when mealtime is approaching and isn't shy about sharing her enthusiasm. Despite her love of snacks, she's wonderfully relaxed and comfortable around her food. Perfect Home for Bluey Bluey's adaptable personality means she'll fit beautifully into many different homes. Whether you're looking for a walking companion, a beach buddy, or a friendly best friend to relax with at home, she'll happily settle into family life. Her friendly, easy-going nature makes her a lovely choice for first-time greyhound owners or anyone looking for a loyal and loving companion. Bluey is ready for a lifetime of love, adventures, and cosy naps. If you're searching for a sweet, adaptable girl with a heart as big as her smile, Bluey would love to become part of your family.","bluey-18",""
"2019-02-01","Mid North Coast","956000006812217","Cindy","2026-07-23","FEMALE","","🐾 Meet… Cindy 🐾 Looking for a happy-go-lucky best friend with a heart full of love? Meet Cindy! This gorgeous black greyhound is full of cheerful confidence, gentle affection, and a wonderfully easy-going nature. With her happy whole-body wiggles and bright enthusiasm for life, Cindy has a special way of bringing smiles wherever she goes. Cindy is the kind of girl who embraces each day with curiosity and joy. She loves heading out to explore, happily sniffing around and taking in all the exciting sights and smells before settling into a relaxed rhythm. Whether she's bounding around the yard or simply enjoying some quiet time nearby, Cindy is wonderfully balanced—always happy to join in but equally content doing her own thing. People are one of Cindy's favourite things! She's quick to wander over for a friendly pat and enjoys spending time with her humans, soaking up affection with her warm and loving personality. At the same time, she's independent enough to happily entertain herself, making her an easy companion to have around the home. Cindy travels beautifully in the car and settles in with ease, making adventures together a breeze. On walks, she can be a little enthusiastic at times, but she's very manageable on lead and enjoys getting out to explore the world alongside her people. She has lovely social manners with other dogs and enjoys polite introductions. Cindy happily walks alongside smaller dogs and isn't fazed if they become a little vocal, showing just how calm and friendly she can be. She's also comfortable around other greyhounds, making her a wonderful companion for homes with a respectful canine friend. Perfect Home for Cindy Cindy's adaptable nature means she'll fit into many different lifestyles. Whether you're looking for a walking buddy, a relaxed companion around the house, or a loyal friend to share everyday adventures, Cindy is ready to settle in and become part of the family. She'd be equally happy as the centre of attention or sharing her home with another friendly dog. Cindy is ready to fill her forever home with wagging tails, gentle cuddles, and endless love. If you're looking for a sweet, cheerful companion who's always happy to be by your side, Cindy would love to meet you.","cindy-9",""
"2024-02-01","Mid North Coast","956000017210570","Footsy","2026-07-23","FEMALE","","🐾 Meet… Footsy 🐾 If you're searching for a sweet soul with a playful sparkle, Footsy might just steal your heart. This beautiful blue girl is a gentle, thoughtful sweetheart who likes to take in the world at her own pace before letting her fun-loving personality shine. Once she feels at home, you'll discover a happy, affectionate companion with the cutest zoomies and an endearing charm that's impossible not to love. Footsy enjoys life's simple pleasures, whether it's exploring the backyard, stretching her legs for a playful run, or cooling off by standing in her water bucket—a quirky little habit that's guaranteed to make you smile! After a burst of fun, she's more than happy to relax by your side with her calm, easy-going nature. When meeting new people, Footsy can be a little reserved at first, but with a little kindness and patience, her affectionate side blossoms beautifully. Footsy is comfortable travelling in the car and settles beautifully, making her a lovely companion for outings. She's gentle on lead and enjoys exploring her surroundings, becoming more confident as she gets to know new places. She gets along well with other friendly, respectful dogs and is happy to share her space with canine companions who appreciate a gentle introduction. Footsy is interested in meeting smaller dogs and approaches them with curiosity and a polite, thoughtful nature. Perfect Home for Footsy Footsy would flourish in a calm, loving home where she can settle in at her own pace and continue growing in confidence. She'd enjoy a quieter lifestyle with people who appreciate the joy of watching a gentle dog come out of her shell. A friendly canine companion could be a lovely match, or she'd be equally happy soaking up all the love as your special girl. Footsy is ready to find a family who'll treasure her gentle heart and celebrate every little moment as she continues to bloom. If you're looking for a loyal, loving companion with a playful streak and plenty of sweetness to share, Footsy can't wait to meet you.","footsy",""
"2021-11-01","Northern Rivers (Grafton, Lismore, Casino)","956000013027098","Claire","2026-07-23","FEMALE","","Claire is a sweet, placid, and affectionate girl who loves spending time with her people. She has met some small dogs and was polite and friendly in her interactions. Claire has also been introduced to two cats and, surprisingly, was a bit of a scaredy-cat herself! Rather than showing too much interest, she was cautious and respectful around them. With the right introductions and a suitable home environment, Claire may be able to live successfully with a confident, cat-savvy feline companion. She would thrive in a loving home where she can continue to build her confidence and enjoy plenty of affection. ❤️🐾","claire-2",""
"2020-02-01","Western Sydney (Londonderry)","956000007839382","Carrie","2026-07-23","FEMALE","","Carrie is a sweet, shy girl who has such a cute friendly side! Carrie likes the simple things, being outdoors, the sunshine, playing with a ball or sunbaking. She also loves water. Carrie is a gentle, middle-aged girl with a calm, independent nature. She walks beautifully on lead and is generally easygoing, though she can be shy. She enjoys quietly exploring her surroundings and is happy doing her own thing, making her a great match for someone looking for a laid back, low maintenance type pet. Carrie is polite around other dogs. Meet Carrie at Western Sydney!","carrie-2",""
"2018-03-01","Western Sydney (Londonderry)","956000009461451","Jasper (Western Sydney)","2026-07-23","MALE","","Jasper has just finished up his successful foster care placement in a full-time apartment home! Jasper is your quintessential low maintenance kinda guy, playful, but shy, and can take time to warm up. An owner who enjoys helping a shy greyhound come out of their shell is the best fit for Jasper. He likes slow adventures, where he can take things in at his own pace. He likes his quiet time and down time, and enjoys settling down when things are chill, and will go to his crate when he wants some time out. A house with a yard, in a quiet part of town, with a low dog population when out and about would suit Jasper perfectly as he can become overwhelmed with too much happening out and about. He loves all things food and puzzle enrichment, so a home that will provide ongoing mental stimulation in lieu of walkies and adventures will be Jaspers best match. Jasper is polite with other dogs his size at the adoption centre, and could live with one, however not a requirement. Meet Jasper at Western Sydney.","jasper-western-sydney",""
"2021-12-01","New England","956000011659749","Dave","2026-07-23","MALE","","Dave is a lovely boy with a gentle nature and a heart full of love. While he can be a little shy when meeting new people or finding himself in unfamiliar situations, all he really needs is a bit of time and reassurance to feel comfortable. Once Dave starts to trust you, his affectionate personality truly shines. He becomes a devoted companion who loves spending time with his people, soaking up attention and enjoying all the comforts of home. His sweet and loving nature makes every moment with him rewarding, and the bond you build with him is something truly special. Dave is looking for a patient home that will allow him to settle in at his own pace and help him grow in confidence. In return, he will reward you with unwavering loyalty, gentle affection, and plenty of love. If you're looking for a kind-hearted boy who may be a little reserved at first but has so much love to give, Dave could be the perfect addition to your family. ❤️🐕","dave-7",""
"2021-12-01","","956000007429373","Ralph","2026-07-23","MALE","","Ralph is a calm and confident Greyhound with a wonderful nature and plenty of charm. He carries himself with quiet assurance and takes life's adventures in his stride, making him a relaxed and easygoing companion. With his friendly personality and gentle manners, Ralph has a way of winning hearts wherever he goes. He's happy to spend time with his people, whether that's joining you for a leisurely walk, relaxing at home, or simply enjoying your company. His steady temperament and adaptable nature make him a pleasure to have around. Ralph's charming character shines through in everything he does. He combines confidence with kindness, creating the perfect balance of independence and affection. If you're looking for a loyal companion with a calm presence and a whole lot of personality, Ralph could be the perfect match. Handsome, lovable, and full of charm, Ralph is ready to bring companionship and happiness to his forever home. ❤️🐕","ralph-6",""
"2022-04-01","","956000007429423","Grace","2026-07-23","FEMALE","","Grace is a beautiful Greyhound with a gentle soul and a sweet nature. She can be very shy when meeting new people and experiencing unfamiliar situations, but beneath her reserved exterior is a loving girl just waiting to blossom. Grace is looking for a patient and understanding home where she can settle in at her own pace. She will thrive with someone who can give her the time, reassurance, and gentle guidance she needs to build confidence and feel safe. As she learns to trust, her true personality begins to shine, revealing a loyal and affectionate companion who loves being close to her people. With kindness, consistency, and plenty of encouragement, Grace will continue to come out of her shell and grow into the wonderful dog she is meant to be. For the right person, watching Grace gain confidence and discover the world around her will be an incredibly rewarding journey. If you're looking for a sweet, sensitive girl who just needs a little extra patience and love, Grace could be the perfect addition to your family. ❤️🐕","grace-14",""
"2022-04-01","New England","956000007429281","Rory","2026-07-23","MALE","","Meet Rory 🐾 Rory is a handsome boy with a big heart. Fun, playful, and incredibly sweet, Rory brings joy wherever he goes. He loves spending his days zooming around the yard, playing with his favourite toys, and making new friends both human and canine. Despite his playful nature, Rory has a gentle and affectionate side. He enjoys cuddles, leans in for pats, and is always happy to be close to the people he loves. His friendly personality and easy going temperament make him a wonderful companion for families, couples, or anyone looking for a loyal best friend. Whether he's showing off his playful antics, relaxing on a comfy bed, or greeting everyone with a wagging tail, Rory's charming nature makes him impossible not to love. He is the perfect combination of fun-loving energy and sweet companionship, bringing smiles and happiness to every day.","rory-1",""
"2021-06-01","Western Sydney (Londonderry)","956000007469041","Zena","2026-07-23","FEMALE","","*Zena has just finished up in her foster care home & and is available to adopt! She had lived in foster with a Borzoi in an apartment - update below!* ""She is really improving and becoming less nervous as the days go by. We have started leaving her by herself a bit more and she can now manage 2-3 hours without problems. We are also exposing her to new situations regularly and she is much calmer than she used to be. I think she is ready for a family of her own, just not a very noisy one! Zena LOVES going for walks/outings and wants to join in every time someone leaves the house. She travels well in the car and walks perfectly on the lead. She ignores small dogs when walking. We have brought her along to various football matches without problem, but she needs a little time to observe from a distance before going closer. She gets on well with our dog and we haven't seen any problematic behaviour around other dogs. Zena is very playful and has started to pick up toys, although she doesn't quite know what to do with them once she's picked them up. She has managed to play tug-of-war with our dog a couple of times and they generally play well together. Overall, Zena is a very affectionate little dog (once she knows and trusts you) that would make a lovely pet, but perhaps in a quieter household."" ----------- Zena is a happy, friendly girl, who would suit a nurturing, calm household to really thrive into the cheeky, confident girl we've seen here at the adoption centre! She can take a little time to adapt and feel comfortable in new environments and requires understanding pawrents willing to take new things slow. A home without kids would support her confidence the best. Zena socialises well with other dogs around her size and she doesn't mind if it's dog or human, but she would love some company during the day. Zena's favourite activity is settling down in a cozy area while enjoying a Kong or a food puzzle, since treats are her favourite thing! She is phenomenal with her training here at GAP HQ - she has learned how to navigate stairs, responds to her name, knows ""down"", ""touch"" a hand target, ""shake"" and even ""sit"" which is a tricky one for most greyhounds! What a clever girl! Zena is available at the Western Sydney adoption centre so let us know if you are interested in taking her home!","zena-1",""
"2020-06-01","Northern Rivers (Grafton, Lismore, Casino)","956000007364086","Willow","2026-07-23","FEMALE","","Meet Willow 🐾 Willow is a beautiful, friendly greyhound with a heart full of love and a personality that will keep you smiling every day. Since spending time in a home environment, Willow has settled in wonderfully alongside other household greyhounds and has shown just how easily she can adapt to family life. She has also been socialised with small dogs and enjoys their company when introduced appropriately. Willow is convinced she's a lap dog and will happily seek out cuddles and affection whenever she gets the chance. She's an incredibly people-oriented girl who loves being involved in whatever her humans are doing. In fact, she's quite the office assistant and enjoys helping with paperwork, making her the perfect work-from-home companion and loyal desk buddy! This lovely girl is crate trained and sees her crate as a safe and comfortable place to relax. She also loves car rides and is always ready to jump in for an adventure. Willow has met a cat and showed appropriate interest. She could suit a home with a cat, provided the cat is confident and experienced with dogs, and that slow, careful introductions are followed to ensure everyone feels comfortable and safe. With her sweet nature, affectionate personality, and easy-going attitude, Willow is ready to find a family who will cherish her as much as she will cherish them. If you're looking for a loving companion who enjoys cuddles, companionship, and being part of daily life, Willow could be the perfect match. ❤️ Willow is ready to trade her kennel for a couch and become someone's much-loved best friend. 🐾","willow-16",""
"2025-02-01","Southern NSW/ACT (Bulli, Nowra, Goulburn, Canberra)","956000019611929","Keithy","2026-07-23","MALE","","Keithy is very social and sweet. He comes when called, loves to play and have a run around. Keithy gets along well with other dogs, has native birds and other animals around the property that he is not bothered by.","keithy",""
"2023-12-01","Riverina (Wagga, Temora, Gundagai, Griffith)","956000016763442","Helena","2026-07-23","FEMALE","","Meet Helena 💖 Helena is a gentle, calm girl who is ready to find a loving home of her own. Sweet-natured and affectionate, she loves nothing more than receiving pats, scratches, cuddles, and the occasional kiss from her favourite people. Helena is very friendly and easy-going, getting along well with other greyhounds and small dogs alike. She's a pleasure to walk, is good on lead, and enjoys relaxed strolls around the neighbourhood. She has also been around children and takes it all in her stride with her calm, gentle nature. Having spent time in a backyard environment, Helena has adapted well to pet life and is happiest simply being part of the family. She's not looking for anything fancy, just a comfy bed, plenty of love, and a home where she can enjoy being a cherished companion. 🐾","helena",""
"2024-02-01","Riverina (Wagga, Temora, Gundagai, Griffith)","956000015734443","Strike","2026-07-23","MALE","","Meet Strike, a very friendly, easy-going boy with a lovely nature and a happy outlook on life. He enjoys spending time with people and is always ready for a pat, some attention, and a bit of fun. How handsome he is with his tuxedo markings and white paws 🐾🐾🤍🖤 Strike has spent time playing in the backyard with children aged 9 and 12, and he loves joining in the fun. He'll happily have a burst of energy, enjoy a game or a zoom around the yard, and then settle down for a well-earned rest. He's the perfect mix of playful and relaxed, and gets along with small and big dogs alike. When he's not playing, Strike is content to potter around beside you, keeping you company as you go about your day. His calm, affectionate personality makes him an easy dog to have around and a wonderful companion to brighten your day.","slick",""
"2022-10-01","Riverina (Wagga, Temora, Gundagai, Griffith)","956000014942476","Em-Jay","2026-07-23","MALE","","Meet Em-Jay 🩵 a happy, smoochy boy with a gentle nature and a love for ear scratches and pats. He enjoys a good run around the backyard, but he’s mostly a quiet, easygoing companion who’s happiest relaxing nearby, playing in his shell pool, or simply enjoying the day with his people. Em-Jay loves his street walks and takes in the world at his own pace. He can be a little shy when meeting new people, but once he gets to know you, he’s very happy to soak up affection and attention. He enjoys inside time, happily relaxing on his bed, as you can see! Having lived a quiet life in a rural town, Em-Jay would suit a calm home where he can enjoy companionship, downtime, and being part of everyday life - whether that’s gardening, pottering around the yard, or relaxing at home together. He’s happy as an only dog or could live with a calm female dog, such as a Whippet. With his sweet nature, loving smooches, and gentle companionship, Em-Jay is ready to find a home where he can truly belong.","em-jay",""
"2022-02-01","Riverina (Wagga, Temora, Gundagai, Griffith)","956000007430281","Willow","2026-07-23","FEMALE","","Meet Willow – Your Happy, Playful Companion! 💗 Willow, affectionately known as ""Will,"" is a sweet, loving, and happy girl who is the perfect mix of playful and affectionate. She loves spending time with her people, especially when there's a game to play! Her favourite toy is her Kong, and she happily joins her two teenage human friends (aged 14 and 16) for afternoon exercise, making her an excellent companion for an active family. She's a pleasure to walk, is good on the lead, and responds well to her name. Willow is also a confident, curious girl around the home. She's comfortable with everyday household sounds and enjoys exploring her surroundings. One of Willow's greatest strengths is her loving, friendly nature. She enjoys meeting new people and gets along well with both male and female greyhounds. She has shown respectful manners when meeting small dogs and also travels well in the car, making outings and adventures easy. Willow would thrive in a family home with older children who can enjoy her playful side, or with a couple or individual who can give her the time and companionship she thrives on. All she asks for is love, a comfy bed, daily walks and someone to share life's adventures with. ❤️🐾","willow-15",""
"2023-05-01","Northern Rivers (Grafton, Lismore, Casino)","956000016307288","Alma","2026-07-23","FEMALE","","Alma may be small for a Greyhound at just 24kg, but she has a big heart and an even bigger capacity for love. This sweet and gentle girl has a calm, quiet nature that makes her a wonderful companion to have around the home. She is content to relax by your side and enjoys simply being part of the family. Alma is a friendly and social girl who enjoys spending time with people. She has shown herself to be affectionate and loving, happily accepting attention and companionship from those around her. She has also been polite and well-mannered with children, making her a lovely option for families with calm and respectful kids. While Alma is happy to enjoy the comforts of indoor life, she would love having a yard where she can stretch her legs, explore and soak up the sunshine. It doesn't need to be a large space—even a small yard would make this little lady very happy. If you're looking for a gentle, easy-going Greyhound with a sweet personality and plenty of affection to share, Alma could be the perfect addition to your family. 🩷🐾","alma",""
"2023-01-01","Northern Rivers (Grafton, Lismore, Casino)","956000015011809","Goofy","2026-07-23","MALE","","Meet Our Handsome Goofball! Looking for a best friend who will make you smile every day? This gorgeous black and white Greyhound might just be your perfect match. With his striking good looks, happy personality and lovable quirky nature, he's impossible not to adore. He’s a friendly and affectionate boy who loves being around people and is always ready for a cuddle, a pat, or simply to share your company. This charming gentleman has a wonderfully goofy side and is guaranteed to keep you entertained with his funny antics and endearing personality. He approaches life with enthusiasm and a wagging tail, always happy to make new friends wherever he goes. One of his favourite things in the world is water! He loves to dip his paws in water. Goofy is social and well mannered, but thinks he is a small dog so can be a little full on around his smaller friends, he would prefer a medium to large breed friend or if he has his own little back yard he may even prefer to be the centre of your attention and an only dog. Above all, he is a genuinely happy dog who wakes up every day ready to embrace life. If you're looking for a loving, fun-filled companion with a big heart, a quirky personality and plenty of affection to give, this handsome Greyhound is ready to steal your heart.","goofy-2",""
"2020-06-01","Western Sydney (Londonderry)","956000007826476","Emma","2026-07-23","FEMALE","","*I'm in foster in the Inner West in an apartment and I am available to adopt!* Foster update: ""She is doing sooo well, her toileting is so good! She'll hold it until we get downstairs and outside. She has slept on her bed all night with no issues, she's a huge cuddle bug and LOVES to be touching us at all times. She loves taking the lift, which she looks at herself in the mirror. She's been such a joy! Little Emma has been settling in to her foster home wonderfully. Her progress since day 1 vs now has been consistent and steady and we’ve been ticking off little milestones as she goes which is beautiful to see. She’s much more relaxed and confident in the home (roaching and sleep-groaning up a storm). We’ve noticed a big change in her comfort level, and she’s really starting to show her personality, particularly in these last 2-3 weeks. She’s lovin home life! She has recently started sleeping in until we wake up which has been a lovely sign that she’s feeling more secure in her routine. She also sleeps in her own bed in the bedroom, which is truly so polite of her. Given that we live in a 1 bedroom apartment this feels like great progress and she seems really good at settling herself. Emma is perfectly clean indoors and has been doing well with her toilet routine. She happily toilets outside during her regular walks and outings and sleeps throughout the night without any issues. She’s patient and lets you get her ready for walkies with no hassle. She’s very happy with moderate exercise and then spends the rest of the day relaxing. Emma is incredibly sweet, gentle and affectionate and has no problem making every person she meets fall in love with her. We’ve noticed her slowly starting to play with toys a little more (albeit short lived) and gets so shy when you catch her doing it, super cute. Emma thrives on predictable routine and gets a handle on it pretty quickly. While settling in she lets you set the pace while figuring out how to cuddle up to you as close as possible almost instantly. Continuing a consistent routine will likely help her settle quickly into her forever home. She’s responded really well to predictability, patience and tons of affection! She also is a really social dog so if matched with the right forever home, we really believe having a furry companion she gets along with would be beneficial for her. She is also great on car trips, she relaxes and settles almost instantly and half the time you forget she’s even there, a stress-free road trip buddy!"" Meet Emma at Western Sydney.","emma-9",""
"2021-06-01","Western Sydney (Londonderry)","956000007829030","Bobby","2026-07-23","MALE","","Bobby is a charming male Greyhound with a confident, playful personality and a zest for life. In environments he knows well, he is happy, outgoing, and loves to enjoy himself, bringing plenty of fun and character wherever he goes. His playful nature makes him a delight to spend time with, and he thrives when he has opportunities to engage with both his people and his surroundings. Bobby is comfortable around medium to large dogs and enjoys canine company. In fact, he would do best in a home with a compatible canine companion who can provide friendship, confidence, and help him settle into family life. Having another dog around would give Bobby the social connection he enjoys and help him feel more secure when his people are busy. While Bobby is learning the routines of home life, he has shown that he can settle nicely for short periods. With ongoing guidance, enrichment, and a suitable companion, Bobby has every opportunity to continue developing his independence and household manners. Bobby is ready to find a family who will embrace his playful charm, support his continued learning, and give him the companionship he craves. Book a meet at Western Sydney","bobby-16",""
"2022-01-01","Hunter Valley Mid Coast (Maitland/ Muswellbrook/Newcastle/Forster)","956000011646124","Onyx","2026-07-23","MALE","","This is Onyx! If you're looking for a fun-loving companion with a big personality, Onyx is ready to steal your heart. This handsome black boy is full of enthusiasm and greets every day with wagging tail and a smile. Onyx travels well in the car, making him an excellent companion for adventures both near and far. He always excited to meet new people and isn't shy about showing his affection- don't be surprised if he pops up for a few happy licks to say hello! Playful, social and bursting with confidence, Onyx loves stretching his legs with a round of zoomies before settling down to enjoy time with his people. His friendly nature and zest for life makes him a joy to have around, and he is always keen to be part of the action. If your after a loyal,affectionate greyhound with plenty of personality love to give, Onyx could be the perfect addition to your family.","onyx-2",""
"2022-03-01","Hunter Valley Mid Coast (Maitland/ Muswellbrook/Newcastle/Forster)","956000011659266","Crystal","2026-07-23","FEMALE","","Hello Crystal. Crystal is a stunning blue girl with a sparkling personality to match her looks. Full of confidence and charm, she loves meeting new people and is always ready to find a new friend. Affectionate, playful and people- focused, Crystal thrives on human companionship and is happiest when she is a apart of the action. She travels beautifully in the car and walks calmly on a lead, taking in the sights and surrounds of the world around her with curiosity. When its time to let loose, Crystals fun-loving nature shines. She absolutely adores the freedom to stretch her legs, racing around with joyful zoomies and bounding through the backyard with an infectious zest for life. Crystal would suit an active family or individual who can provide her with regular opportunities to play, explore and enjoy life to the fullest. With her friendly nature, loving personality and playful spirit, Crystal is ready to bring endless happiness to her forever home.","crystal-4",""
"2021-04-01","Hunter Valley Mid Coast (Maitland/ Muswellbrook/Newcastle/Forster)","956000011713350","Indy","2026-07-23","FEMALE","","Meet Indy! Indy is a beautiful blue girl with a gentle nature and a quiet charm that's impossible not to love. While she can be a little shy when meeting people, it doesn't take long for her sweet personality to shine through. Once she feels comfortable she will happily seek out your company and become a loyal companion. Indy travels beautifully in the car and is a dream to walk, making her an easy addition to any home that enjoys getting out and about. She loves letting loose with a few playfull zoomies in the backyard before settling down to relax and enjoy the comforts of home. With her calm temperament, kind heart and easy going nature, Indy is looking for a patient family who will give her time to blossom. In return, she will reward you with a quite companionship and plenty of love.","indy-2",""
"2021-09-01","Western Sydney (Londonderry)","956000007426586","Dove","2026-07-23","FEMALE","","*Dove has just gone to a foster care home* Just like her name suggests, Dove is ready to spread her wings and begin an exciting new chapter as a much-loved family pet. This beautiful Greyhound has a gentle soul and a heart full of affection. Dove is happiest when she's with her people, happily accepting pats, leaning in for cuddles, and enjoying the simple pleasure of your company. Her loving nature makes her an easy dog to adore. Dove is social with other Greyhounds and enjoys their company. She is also suitable to live with respectful children, thanks to her calm and gentle temperament. As Dove spreads her wings into pet life, she'll be looking for a family who can help her navigate this new world with patience and encouragement. Every new experience is another chance for her confidence to grow, and with a supportive home beside her, she's sure to flourish. A house with a secure yard will give Dove the perfect balance of space to explore and a cosy place to come back to for a well-earned snooze. If you're ready to help Dove spread her wings and watch her blossom into a cherished companion, she'd love to meet you. Dove is available through our Western Sydney Adoption Centre.","dove",""
"2023-01-01","Southern NSW/ACT (Bulli, Nowra, Goulburn, Canberra)","956000014914355","Charlotte","2026-07-23","FEMALE","","This beautiful blue girl is friendly and affectionate. She is happy to meet new people, new critters. Charlotte also enjoys a walk and is very easy to walk with on the lead. She would be a great addition to your life since she is such good company and easy going.","charlotte-2",""
"2023-02-01","Southern NSW/ACT (Bulli, Nowra, Goulburn, Canberra)","956000016000412","Ben","2026-07-23","MALE","","Meet Ben – Your Fun-Loving Foodie! If you’re looking for a happy, outgoing companion with plenty of personality, Ben could be your perfect match. Full of playful, puppy-like energy, Ben loves nothing more than stretching his legs, chasing toys, and making the most of every adventure. Like his brother Bill, Ben never raced and has spent his life living in an apartment with a differently abled owner alongside another dog, so he has experience as a much-loved companion in a home environment. He’s friendly, social, and enjoys being involved in whatever his people are doing. One thing you’ll quickly discover about Ben is his enthusiasm for food! He absolutely loves mealtimes and tasty treats, making him a delight to train and an eager participant in learning new things. With his affectionate nature, playful spirit, and love of life, Ben would thrive with an active family or individual who can give him plenty of exercise, enrichment, and, of course, a few delicious snacks along the way. If you’re after a cheerful best friend who will keep you smiling every day, Ben is ready to meet you.","ben-17",""
"2023-05-01","Hunter Valley Mid Coast (Maitland/ Muswellbrook/Newcastle/Forster)","956000015734781","Cherie","2026-07-23","FEMALE","","Meet Cherie, a sweet and gentle girl with a calm, easy going nature. While she may be a little shy when meeting new people, it doesn't take long for her confidence to shine through. Once she feels comfortable, Cherie is affectionate, playful and loves spending time with her people. She enjoys playtime, walks beautifully on lead and has a relaxed, no nonsense personality that makes her a delight to have around the home. Cherie would be well suited to a young family looking for a loyal and gentle companion who will reward a little patience with endless love and companionship.","cherie",""
"2023-04-01","Riverina (Wagga, Temora, Gundagai, Griffith)","956000014878547","Merle","2026-07-23","FEMALE","","Meet Merle 💛 Merle is a sweet, gentle girl with a kind nature who is looking for a calm, understanding home where she can truly blossom. While she may be a little shy when meeting new people, once you've earned her trust, she'll reward you with quiet loyalty and plenty of love. She loves spending time outdoors, whether she's playing with a ball, relaxing in the sunshine, or enjoying the company of her German Shepherd friend. Merle has also been enjoying her walks and is happy passing dogs of all sizes. Merle has been wonderful with visiting grandchildren aged 10 and over who understand how to give her space and let her come to them. A calm, predictable environment with gentle introductions to new experiences will help her continue to build confidence. Merle would thrive in a quieter home with patient adopters who are happy to let her settle in at her own pace. She enjoys a relaxed lifestyle and is perfectly content quietly exploring her surroundings or could happily share her home with a friendly medium-large canine companion. 🐾❤️","merle-1",""
"2022-01-01","Western Sydney (Londonderry)","956000007467139","Bear","2026-07-23","MALE","","Meet Bear, Bear is an adorable young Greyhound with a happy, friendly nature that's hard not to love. He's a real people dog and is always keen to come over for a hello, greeting everyone with loose, wiggly body and plenty of enthusiasm. Bear has a playful side and has a great time running around the yard with his toys. He enjoys exploring, having fun and making the most of his time outside before happily settling again. On walks, Bear is easy to handle and has lovely manners on lead. He enjoys taking in his surroundings with plenty of sniffing and exploring but stays polite and relaxed while doing so. Around other Greyhounds, Bear has shown calm, friendly social skills, offering gentle sniffs and interacting politely. Meet Bear at Western Sydney.","bear-25",""
"2023-03-01","Western Sydney (Londonderry)","956000014884002","Kelly","2026-07-23","FEMALE","","Meet Kelly, Kelly is a lovely girl with a fun, gentle nature. She loves people and really soaks up any attention she's given! Toys are one of Kelly's favourite things. She loves carrying them around, playing games and will often bring them back to you for another throw. She's confident, curious and enjoys being involved in whatever is going on. On lead, Kelly is polite and easy to handle. She moves calmly around other dogs and has shown appropriate social skills. When meeting other dogs, she has shown good manners, offering polite sniffs and responding well to gentle guidance to move on. If you're looking for a friendly, playful Greyhound with great manners, Kelly is an easy dog to fall in love with. She'll happily join you for a walk, enjoy a play with her toys, then settle down nearby, ready for the next bit of attention.","kelly-11",""
"2023-02-01","Southern NSW/ACT (Bulli, Nowra, Goulburn, Canberra)","956000015862090","Bill","2026-07-23","MALE","","Meet Bill – Your Adventure Buddy! If you’re looking for a fun-loving companion with a zest for life, Bill is ready to steal your heart. This handsome boy is full of playful, puppy-like energy and absolutely loves stretching his legs with a good run or chasing after his favourite toys. Bill is friendly, outgoing, and thrives on being part of the action. His confident, extroverted nature means he’s always keen to make new friends and join in on whatever you’re doing. Whether it’s an adventure outdoors or a game in the backyard, Bill is happiest when he’s active and spending time with his people. Unlike many greyhounds, Bill has never raced. He’s enjoyed life as a much-loved companion, living successfully in an apartment with a differently abled owner and another dog. This experience has given him excellent house manners and shown that he can adapt beautifully to home life. Bill would love a family who can match his enthusiasm for life and provide him with plenty of opportunities to play, explore, and, of course, chase a toy or two. In return, you’ll gain a loyal, affectionate companion who will bring endless fun and smiles to every day.","bill-25",""
"2022-04-01","Western Sydney (Londonderry)","956000011355133","Simon","2026-07-23","MALE","","Simon is in foster care & available to adopt! Our foster care superstar Simon is a beautifully natured greyhound who is currently living with 2 greyhounds and small dogs (cavoodles). Simon would love an adults only home, with a townhouse/backyard to enjoy. He requires a multi-dog household to keep his confidence growing. He is shy by nature, and would love a structured home, in a quiet area (he is currently in suburban South Sydney). A home with maximum 2 adults is required as a busier home with lots of humans is an overwhelming thing for Simon. Simon will take some time to trust you, as he took a few weeks to trust his foster carers. Simon has grown his confidence around busier areas while being on a dual lead with the other greyhound, so he definitely needs a doggie friend/s by his side. Simon still gets spooked by loud noises, but can shake it off and carry on now that he has spent longer in foster and has his dog friend with him. He seeks comfort from the other greyhounds, so a home with a greyhound (or a greyhound and other breeds) is the best match. His foster carers leave Simon with the other dogs for their full time working schedule. A word from the fosters: ""He understands that he needs to toilet outside, will take him outside after dinner, point down to the backyard and say “go toilet” and he will do it every night before we go to bed.. his toileting is excellent 10/10, can’t fault it (don’t think there’s been a single accident in the house since he first came to us.) He’s not afraid to approach Erin or myself for a pat, when we first had him here, he wouldn’t come near me when I would get home from work, would always be standing in the background while I gave love to Wanda, Finn & Coast.. now he’s trying to push through them all trying to get love from me and I love it!, sometimes he now even sleeps on the bed with us of a night. Simon has shown us that he’s fine around 2-3 people, but I feel he does find large groups of people overwhelming. Simon does get on perfectly fine with Wanda, Finn and Coast and has no problem sharing his space with them, has shown no signs of aggression whatsoever towards any of them. His new people will need to be patient with him, as he is on the shy side, he will take time to get comfortable in a new environment while he adjusts but once he comes out of his shell he will approach people for a pat/cuddle and is a very sweet/cute boy."" Simon is a beautiful boy who has really come out of his shell with us and has come a long way since he first came to us.. he doing so well! 😊 If you're a quiet, understanding home with greyhound experience, another greyhound/others, enquire to meet Simon by appointment (with his foster family) at Western Sydney.","simon-3",""
"2021-12-01","Western Sydney (Londonderry)","956000014800665","Rowdy","2026-07-23","MALE","","Meet Rowdy! The handsome social butterfly with a heart full of love and a nose for treats. He is a dog social boy - friendly with big and small dogs and would enjoy a home with a medium to large dog. This confident and friendly guy absolutely adores people and will charm his way into your heart (and maybe your snack stash) in no time. Rowdy is super trainable and eager to learn, especially if food or toys are involved – a home that is interested in furthering his training and development is ideal. He’d thrive in a home with a yard to explore. Rowdy is available through our Western Sydney Adoption Centre.","rowdy",""
"2023-03-01","Hunter Valley Mid Coast (Maitland/ Muswellbrook/Newcastle/Forster)","956000014887512","Bang Bang","2026-07-23","MALE","","Meet Bang Bang, don't let his name fool you- Bang Bang is a big, gentle soul and even bigger heart. This handsome black beauty is friendly, affectionate and loves spending time with his people. Bang Bang enjoys getting out for leisurely walks and is a pleasure to have on a lead, making him a wonderful companion for regular adventures. At home he just as happy stretching out in the backyard, soaking up the sunshine or relaxing after a stroll. He has interacted well with large dogs and older children, making him a great fit for a family looking for a calm, easy-going companion. with his gentle nature, handsome looks and a love for the simple things in life, Bang Bang is ready to become a much loved member of his forever family.","bang-bang",""
"2024-06-01","Riverina (Wagga, Temora, Gundagai, Griffith)","956000015671277","Microman","2026-07-23","MALE","","Meet Microman, a charming little greyhound with a gentle soul. Microman is a shy boy when meeting new people, but once he feels safe and settled, his sweet, funny nature shines through. He forms strong bonds with those he trusts and loves being close to his people, including gentle kids 7+, especially when he can relax indoors or curl up in the comfort of his crate with his soft toys, which is his happy place. Like many greyhounds, Microman enjoys short bursts of playful energy, and one of his favourite things is playing with his fellow retired greyhounds or chasing a ball. He's social with other greys and would thrive in a home with a confident greyhound companion to help him feel secure and show him the ropes. He doesn't like baths much! Microman is looking for a quiet, patient household that will give him the time he needs to settle in and build confidence at his own pace. In return, you'll be rewarded with a loyal, affectionate and quirky companion who will keep you smiling with his funny antics.💛🐾","microman",""
"2021-08-01","Northern Rivers (Grafton, Lismore, Casino)","956000011663572","Lizzy","2026-07-23","FEMALE","","Meet Lizzy! 🩷 Lizzy is a lovely greyhound with a sweet, easy-going personality that's sure to win hearts. She gets along wonderfully with other dogs and has been great with all of my dogs, making her a fantastic companion for a home with canine friends. She's relaxed and easy to walk on lead, enjoying gentle outings by your side without any fuss. Whether it's a stroll around the neighbourhood or a quiet day at home, Lizzy is happy just being with her people. Lizzy isn't suitable for a home with cats, so she'll need a feline-free family where she can thrive. If you're looking for a gentle, friendly Greyhound who is ready to settle into family life, Lizzy could be the perfect addition to your home.","lizzy-3",""
"2021-06-01","Western Sydney (Londonderry)","956000007838622","Jen","2026-07-23","FEMALE","","Meet Jen, Jen is a wonderfully affectionate girl who absolutely adores people. Once she gets to know you, she's happiest curled up on the couch, usually lying across your lap. She's very people-focused and enjoys being close, soaking up pats and spending time together. Jen is looking for a home where she can be the only pet to soak up all of the attention. In quieter environments, Jen truly shines. She is more relaxed, highly engaged with her handler, and readily offers positive interactions, making it easy to see her sweet and affectionate personality. For someone looking for a devoted companion who loves nothing more than sharing the couch and being close to her people, Jen has so much love to give. She will thrive in a calm home that understands her needs and will be rewarded with an incredibly loyal, affectionate best friend. Book a meet at Western Sydney!","jen-12",""
"2022-04-01","Riverina (Wagga, Temora, Gundagai, Griffith)","956000011312504","Britney","2026-07-23","FEMALE","","Meet Britney, a beautiful little girl with the sweetest, gentle nature. Calm, affectionate and easy-going, Britney is happiest enjoying the simple things in life - being inside, lounging in the yard with her greyhound friends, soaking up some sunshine, or heading out for a leisurely walk. Britney can be a little shy when meeting new people, but in a short time quickly blossoms into a loving companion who adores gentle pats and being around her people. She is friendly by nature and has been great with children 7-12 years who understand how to give her a little space while she settles in. While she has the occasional playful bursts of energy, Britney is mostly a quiet, relaxed girl. She walks beautifully on lead and especially enjoys outings with her Staffy friend, making her a lovely walking companion. Britney is both house-trained and crate-trained and would thrive in a calm household where someone is home more often than not, or with a friendly medium to large canine companion.","britney",""
"2022-08-01","Western Sydney (Londonderry)","956000011345478","Jack","2026-07-23","MALE","","If you're looking for a BFG (Big Friendly Giant), meet Jack. He is 40 something kgs of love and pure charm. He is super friendly, loves any and all humans, and would be great for families. Older kids would be best suited as he is large and might forget his size during zoomies! He can happily live alongside another medium to large size dog, another dog with large dog breed experience (or another greyhound) would be a great fit, as he can be silly and inappropriate (we think he hasn't learnt he's the biggest dog in his cohort yet). Jack can live in a house/townhouse and doesn't mind a few hours alone as a solo pet per day, and could work up to longer with a dog friend and structure. This happy chappy loves treats, training, and toys, and loves quiet moments of love with his humans. He has genuinely been a team favourite at the GAP HQ, because he will stand out in the crowd not only in size but with his handsome, charming nature. Meet Jack at Western Sydney.","jack-40",""
"2021-12-01","Mid North Coast","956000011580144","Chester","2026-07-23","MALE","","🐾 Meet… Chester 🐾 Chester is a handsome black Greyhound with a soft, gentle nature and a wonderfully easygoing presence. He’s the kind of boy who brings calm wherever he goes, happily trotting along through life with a relaxed outlook and a quietly affectionate heart. Sweet, sooky, and full of charm, Chester is a lovely companion who enjoys the simple pleasures in life. At home, Chester is a low-key, content boy who enjoys his downtime just as much as his little moments of activity. He’s known for his sweet quirks, like happily playing with his bowl after dinner, and he has a comforting, homely energy that makes him easy to be around. He even enjoys the background hum of a radio, adding to his cosy, relaxed lifestyle. Chester walks beautifully on lead and is naturally gentle, making him a pleasure to take out and about. He enjoys sniffing his surroundings, having a little trot and run, then settling back into an easy rhythm by your side. Travel is just as simple for him — he hops in, settles down, and takes everything in his stride. With people, Chester is affectionate and loving. He enjoys pats, leans in for attention, and has a soft, sooky way of connecting that makes him very endearing. He’s happiest when he’s close to his humans, sharing calm, relaxed moments together. When it comes to other dogs, Chester is a friendly boy who has experience walking alongside other Greyhounds and sharing space comfortably in familiar settings. On walks, he can be enthusiastic when meeting smaller dogs, and over time he settles nicely and is able to focus on his surroundings and enjoy his walk. In the home, he truly shines in a calm, steady environment where things feel predictable and peaceful. One of Chester’s lovely qualities is his gentle, easy nature combined with a playful spark showing his happy personality peeking through his calm exterior. 🏡 Chester’s Perfect Home Chester would love a calm, relaxed home where he can enjoy gentle walks, cosy downtime, and plenty of companionship with his people. He would thrive in a peaceful environment where life moves at an easy pace, whether with a couple, an individual, or a family with older, respectful children who enjoy a calm, affectionate dog. Chester would suit a home as the star of the show, or could also share his home with a calm, polite larger dog who matches his easygoing style. If you’re looking for a sweet, soft-hearted boy with a calm soul and a lot of love to give, Chester is ready to quietly steal your heart. 💛","chester-6",""
"2021-12-01","Mid North Coast","956000011723240","Suzie","2026-07-23","FEMALE","","🐾 Meet… Suzie 🐾 Suzie is a gorgeous red fawn Greyhound girl with a bright, joyful spirit and a heart that loves connection. She has a happy, easygoing nature and a beautiful way of leaning in for affection, soaking up pats, and greeting her favourite people with big smiles and lots of love. She’s the kind of girl who makes you feel instantly at ease with her warm, friendly presence. Confident and curious, Suzie enjoys exploring the world. She likes to take in her surroundings and sniff out new adventures. Her outlook on life is relaxed and positive, making her a lovely companion for everyday outings and quiet moments alike. Suzie walks beautifully on lead, shifting between a light, easy tension and a relaxed slack lead as she enjoys her strolls. She’s comfortable in new environments and travels like a pro, settling calmly and comfortably when it’s time to rest and relax. People are absolutely Suzie’s favourite. She adores attention, happily comes over for pats, and often leans in close to soak up every bit of affection she can get. Her warm, social personality makes her a truly delightful companion who thrives on human connection. Suzie is happy to walk alongside calm, polite canine companions and can enjoy seeing other dogs while out and about. In her home life, though, she truly shines when she has her own space and can relax as the only dog, where she can fully unwind and enjoy being the centre of her family’s world. This is where her affectionate, easygoing nature really blossoms. 🏡 Suzie’s Perfect Home Suzie would love a loving home where she can enjoy walks, plenty of affection, and quality time with her humans. She would thrive in a calm environment where she can truly relax and shine, whether that’s with a couple, an individual, or a family with older, respectful children. Suzie would be happiest as the only dog with a family who appreciates her happy, friendly style. If you’re looking for a sweet, affectionate girl with a sunny personality and a whole lot of love to give, Suzie is ready to fill your home with warmth and joy. 💛","suzie-6",""
"2022-11-01","Mid North Coast","956000015748268","Megs","2026-07-23","FEMALE","","🐾 Meet… Megs 🐾 If you're looking for a gentle soul with a heart full of love, Megs might just be your perfect match. This beautiful red fawn Greyhound is a sweet, soft-natured girl who enjoys taking life at her own pace. She may be a little reserved when meeting someone new, but once she feels comfortable, her affectionate and cuddly personality shines through, rewarding you with gentle pats, quiet companionship, and plenty of loving moments. Megs is the kind of dog who enjoys exploring the world with calm curiosity. She likes to take her time, having a good sniff and soaking up her surroundings before relaxing into new experiences. As her confidence grows, so does her happy, relaxed body language, making it a joy to watch her blossom. Around the people she knows and trusts, Megs is an absolute sweetheart. She's a gentle, ""sooky"" girl who loves affection and enjoys staying close to her favourite humans. Her calm nature makes her a lovely companion for peaceful days spent together. Walking with Megs is a pleasant experience, as she has lovely lead manners and is happy to stroll alongside you without pulling. She also travels beautifully, settling happily in the car or crate. When it comes to other dogs, Megs appreciates polite introductions and enjoys having the space to get to know new canine friends in her own time. She has experience walking alongside other Greyhounds and is comfortable sharing her space with familiar companions. Once she's had the chance to settle, she's happy to investigate and interact at a pace that suits her. Physically, Megs is a gorgeous red fawn girl with a graceful build and an irresistibly gentle expression that perfectly matches her kind personality. She is now ready to enjoy the next chapter of her life as a much-loved family member. A Home Made for Megs Megs would thrive in a calm, relaxed home where she can settle into a steady routine and continue building her confidence. She'd love a family or individual who enjoys peaceful walks, cosy evenings, and giving her the time to show just how affectionate she can be. A quieter household would suit her beautifully, allowing her sweet personality to flourish at her own comfortable pace. Megs has so much love to give and is ready to find a family who will cherish her gentle heart. If you're searching for a loyal, loving companion who will quietly become your very best friend, Megs can't wait to meet you.","megs-1",""
"2022-06-01","Southern NSW/ACT (Bulli, Nowra, Goulburn, Canberra)","956000007468167","Pablo","2026-07-23","MALE","","Pablo currently shares a yard with Missy without issue during the day, he walks great on the lead and is happy to meet new people and explore new places. He gets along with all dogs he meets and given his relaxed and laid back nature he could fit in to most living arrangments.","pablo-4",""
"2020-10-01","Southern NSW/ACT (Bulli, Nowra, Goulburn, Canberra)","956000007446356","Missy","2026-07-23","FEMALE","","This pretty girl is very sweet and affectionate. She is confident and inquisitive in new places and happy to make new friends. She currently lives well with Pablo in a residential yard.","missy-31",""
"2024-09-01","Southern NSW/ACT (Bulli, Nowra, Goulburn, Canberra)","956000016564878","Tammy Lynne","2026-07-23","FEMALE","","This charming girl has been destined for pet life given her beautiful playful and affectionate nature, she gets along well with all people and children. She does well on her own, and is confident and social.","tammy-lynne",""
"2016-08-01","Western Sydney (Londonderry)","956000005417124","Bindi","2026-07-23","FEMALE","","*I have just gone into a foster home, check back for updates!* Affectionate, kind-hearted & active girl Bindi is looking for her forever home. Despite her age, she is all the things a young dog is: outgoing, ultra friendly and always smiling ear to ear. Bindi is the ideal companion, proving age is no barrier to affection and fun. A true toy enthusiast, Bindi absolutely loves playing and keeping herself entertained. Because of her excitement around toys, we recommend a home with children aged 10 years and over, as she may mistake a child's toys for her own during playtime! Bindi is social with other medium to large dogs and enjoys making canine friends, making her a wonderful companion for outings and adventures. She could happily live with an owner who works full-time, provided she has appropriate outlets for her energy, such as enrichment activities, interactive toys, and regular exercise before and after work. She is also well suited to apartment living, provided there is lift access or the apartment is on the ground floor. Available at Western Sydney.","bindi-8",""
"2022-08-01","Hunter Valley Mid Coast (Maitland/ Muswellbrook/Newcastle/Forster)","956000007425375","Zippy","2026-07-23","MALE","","Meet Zippy, a fun loving-boy with a real zest for life! Whether he's stretching his legs with a burst of zoomies, heading out for a walk or simply relaxing by your side, Zippy embraces everyday with enthusiasm. He just as happy spending time indoors as he is enjoying the outdoors, and he loves being with his people. While Zippy can be a little shy when meeting new faces, don't let that fool you. With a little patience and kindness, his gentle affectionate nature quickly shines through, rewarding you with a loyal companion who forms strong bonds and with those he trust. If you're looking for an active yet sensitive greyhound who will thrive in a loving home willing to let him settle in at his own pace, Zippy could be the perfect addition to your family.","zippy-3",""
"2022-10-01","Southern NSW/ACT (Bulli, Nowra, Goulburn, Canberra)","956000014888260","Mack","2026-07-23","MALE","","Mack is a striking black and white gentleman who is ready to swap racing life for a loving home. After 24 starts on the track, he decided racing simply wasn’t for him anymore and is now looking forward to enjoying life at a much more relaxed pace. This sporty boy has a wonderful nature and is a pleasure to handle. He settles beautifully in his kennel, travels well in the car, and is comfortable being picked up and handled. Mack is friendly with people and loves to lean in for affection, making him a lovely companion to have by your side. On leash, Mack is calm and easy-going, enjoying his walks while staying attentive to his handler. He has lived and socialized well with other greyhounds and has shown sensible behavior around other dogs. When introduced through a fence to a barking Kelpie puppy, Mack calmly investigated, then chose to disengage and display appropriate calming behaviors rather than reacting. Mack does have a broken left canine tooth, but it doesn’t dampen his cheerful outlook on life. If you’re looking for a handsome, affectionate greyhound with excellent manners and a gentle temperament, consider adding Mack too your pack!","mac-9",""
"2022-12-01","Mid North Coast","956000014804602","Katie","2026-07-23","FEMALE","","🐾 Meet Katie 🐾 Sweet, gentle, and quietly endearing, Katie is a beautiful black greyhound with a soft presence and a loving heart that shines through once she feels comfortable. She has a delicate charm about her and a calm, steady way of moving through the world that makes her a lovely companion to be around. Katie is a sensitive sweetheart who enjoys connection with people at her own pace. While she may take a little time to settle into new surroundings, once she feels secure, she truly blossoms—showing her affectionate side, enjoying pats and cuddles, and leaning into the comfort of her humans with quiet trust. Out on walks, Katie is relaxed and easy-going. She enjoys sniffing, exploring, and taking in the world around her at a gentle pace. She walks nicely on lead and appreciates calm, reassuring guidance, making her a peaceful companion for everyday outings. Katie is happiest in environments where things feel calm and predictable, and she enjoys her space when meeting new dogs. She prefers gentle, respectful interactions and thrives best when she can take things slowly and feel secure in her surroundings. Travelling is no trouble for Katie—she settles well and relaxes comfortably, taking in new environments with quiet composure. Katie would suit a calm and caring home where she can continue to build confidence and enjoy gentle companionship. She would love a family who understands her need for a little time to settle, appreciates her soft and affectionate nature, and enjoys sharing quiet, peaceful moments together. A steady, supportive home will allow her loving personality to truly shine. With her gentle heart, sweet nature, and quiet charm, Katie is ready to find a home where she can feel safe, loved, and cherished. If you’re looking for a soft, affectionate companion to grow a beautiful bond with, Katie is ready to meet you.","katie-12",""
"2022-12-01","Mid North Coast","956000014851673","Theo","2026-07-23","MALE","","🐾 Meet Theo 🐾 Cool, confident, and effortlessly laid-back, Theo is a handsome fawn greyhound who takes life in his stride with an easygoing, low-fuss charm. He has a relaxed, steady presence and a quiet self-assurance that makes him a calm and grounding companion to be around. Theo is comfortable in his own company and enjoys life at a relaxed pace. He’s happy to get pats and enjoys attention, but he’s equally content to settle nearby and simply relax, making him a wonderfully easy companion to have around the home. Out on walks, Theo is a confident explorer. He walks with purpose at the end of the lead, enjoying sniffing, investigating, and taking in his surroundings at his own steady rhythm. He is relaxed and easy in new environments, making him a straightforward and enjoyable walking partner. Theo travels well and settles quickly, taking everything in with a calm and unbothered attitude. Whether at home or on the move, he brings a steady, easy presence wherever he goes. Theo would suit a home that appreciates his independent, relaxed personality and enjoys a dog who is happy to simply be part of the household. He would thrive as the only dog in the home, where he can enjoy all the love, attention, and companionship of his people. This setup allows his calm confidence and easygoing nature to shine, creating a strong and rewarding bond with his family. He’s a great match for someone looking for a peaceful, uncomplicated companion who enjoys a steady, predictable routine. With his laid-back nature, steady temperament, and easy charm, Theo is ready to find a home where he can settle in and enjoy life at his own pace. If you’re looking for a relaxed, independent companion, Theo is ready to meet you.","theo-3",""
"2024-12-01","Mid North Coast","956000019509645","Poppi","2026-07-23","FEMALE","","🐾 Meet Poppi 🐾 Soft, sweet, and quietly confident, Poppi is a young black greyhound with a gentle charm and an easy, relaxed way of moving through the world. She has a lovely balanced nature — affectionate and people-focused, with a calm confidence that makes her a pleasure to have around. Poppi is a friendly, loving girl who enjoys being part of whatever is happening. She happily comes up for pats, enjoys gentle attention, and is always pleased to see her people. Her sweet personality shines through naturally, and she connects with humans in a warm and easy-going way. When exploring, Poppi is calm, curious, and engaged with her environment. She enjoys sniffing, wandering, and taking in the world at a relaxed pace, moving confidently alongside her handler. She has a nice, steady presence on lead and is easy to guide on everyday outings. Poppi is polite and socially easy around other dogs. She is happy to exchange friendly greetings and then continue on her way, showing a relaxed and respectful social style. She fits comfortably into shared environments and takes everything in her stride. Travelling is no trouble for Poppi—she settles quickly and comfortably, happy to relax and take in her surroundings with ease. Poppi would suit a loving home where she can be included in daily life and enjoy plenty of companionship. She would thrive with a family who appreciates her gentle confidence, enjoys relaxed walks, and values a calm but social companion who is happy just being part of things. She is a beautiful mix of soft affection and easy self-assurance. With her warm personality, gentle confidence, and loving nature, Poppi is ready to find a home where she can be truly adored. If you’re looking for a sweet, steady companion to share life with, Poppi is ready to meet you.","poppi",""
"2021-08-01","Mid North Coast","956000006666744","Bluey","2026-07-23","MALE","","🐾 Meet Bluey - The Blue Marshmallow 🐾 Soft-hearted, affectionate, and full of easy charm, Bluey is a handsome blue gentleman who has perfected the art of relaxed companionship. With his gentle nature and love of life’s simple pleasures, he’s the kind of dog who quickly feels like he’s always been part of the family. Bluey is a true people-dog at heart. He adores human company, happily coming over for pats and leaning in for cuddles before settling comfortably by your side. Once he’s with his people, he enjoys staying close, soaking up affection and quietly enjoying the moment together. Out on walks, Bluey is a laid-back explorer who enjoys taking his time to sniff, wander, and investigate the world at a relaxed trot. He may be briefly enthusiastic about an interesting scent, but he quickly settles into an easy rhythm, making him a lovely companion for peaceful strolls. Bluey is also a social and friendly boy when it comes to other dogs. He can be a little excited at first greetings, but soon relaxes and is happy to share space, then go about his own thing. His easy-going nature shines through once he’s had a moment to say hello. Travelling and settling into new environments is no trouble for Bluey—he quickly relaxes and is content to rest and take in his surroundings, making him a wonderful companion both at home and on the move. Bluey would suit a home looking for a gentle, affectionate companion who enjoys being part of daily life. He would love a family who appreciates his cuddly nature, enjoys relaxed walks, and is happy to include him in everyday moments. Whether it’s lounging around the house or heading out for a sniff-filled stroll, Bluey is happiest simply being near his people. With his sweet temperament, loving personality, and calm presence, Bluey is ready to bring warmth and companionship to his forever home. If you’re looking for a loyal, affectionate friend to share life’s quiet moments with, Bluey is ready to meet you.","bluey-17",""
"2023-10-01","Mid North Coast","956000016264532","Utah","2026-07-23","FEMALE","","🐾 Meet Utah 🐾 Bright, bouncy, and full of joyful energy, Utah is a young brindle girl who brings a spark of happiness wherever she goes. With her wagging tail and happy outlook on life, she’s the kind of companion who makes every day feel a little lighter and more fun. Utah is a people-loving sweetheart who is always delighted to see her humans. She greets the world with enthusiasm, happily trotting over to say hello with a wag and a friendly curiosity. Her affectionate nature shines through in the way she enjoys being around people and sharing in everyday moments. When she’s out and about, Utah approaches life with a playful, exploratory spirit. She loves to sniff, investigate, and move through the world with joyful bounce and curiosity. While she can start off a little excited, she settles beautifully and enjoys taking her time to explore once she’s found her rhythm. Utah is also a gentle soul when it comes to other dogs. She is comfortable saying hello at her own pace and appreciates a bit of personal space, showing a soft and thoughtful approach to new canine friends. She’s happiest when interactions are calm and respectful, and she carries this polite nature into her everyday social style. Travelling is no trouble for Utah—she settles quickly and comfortably, ready to arrive at her destination with a relaxed attitude and a cheerful outlook for what comes next. Utah would suit a home that enjoys her bright, lively personality and can give her the space to express her joyful energy while also helping her settle into calm routines. She would love a family who appreciates her affectionate nature, enjoys gentle walks, and is happy to include her in daily life as a cherished companion. With her sweet temperament, happy heart, and playful charm, Utah is ready to find a loving home where she can shine. If you’re looking for a joyful companion to bring warmth and energy into your life, Utah is ready to meet you.","utah",""
"2023-01-01","Mid North Coast","956000014804864","Bruce","2026-07-23","MALE","","🐾 Meet Bruce 🐾 If there were an award for being effortlessly cool, Bruce would be a strong contender. This handsome blue greyhound has mastered the art of taking life at his own pace, combining a calm, easy-going nature with plenty of lovable quirks that make him impossible not to adore. Bruce is the definition of laid-back. Around the home, he's happiest enjoying the simple things in life—finding a comfy spot to relax, watching the world go by, and conserving his energy for the important things, like snack time and naps. His relaxed attitude makes him a wonderful companion for anyone looking for a gentle, low-fuss friend. Out and about, Bruce enjoys going for a walk anywhere he can sniff, explore, and take in his surroundings. He walks nicely on lead and approaches new environments with quiet confidence, happily trotting along and investigating interesting scents along the way. When it comes to people, Bruce is a sweet and affectionate boy who enjoys attention and is happy to soak up plenty of pats. He has a wonderfully independent streak too, balancing his affection with a relaxed confidence that allows him to comfortably do his own thing. Bruce is a confident, independent boy who enjoys being the centre of attention. He would likely thrive in a home where he can soak up all the love, affection, and comforts for himself, making him a wonderful companion for someone looking for a devoted best friend. One of Bruce's most endearing qualities is his collection of delightful quirks. He has a habit of carrying his favourite toys around with him, proudly parading them throughout the day, and he's known to add a little extra fun to daily life by occasionally rearranging water buckets to his liking. These playful touches only add to his charm and personality. Bruce would suit a variety of homes, particularly those looking for a calm and easy-going companion. He would especially enjoy being the only dog in the household, where he can soak up all the attention and form a close bond with his family. Whether it's a relaxed home, a family wanting a gentle dog to join them on daily walks, or someone seeking a loyal friend to share quiet evenings with, Bruce is ready to settle in and make himself at home. His laid-back nature, quirky personality, and affectionate spirit make him a delightful companion for those looking for a devoted best friend. With his handsome looks, gentle nature, and wonderfully quirky personality, Bruce is ready to find a family who will appreciate everything that makes him special. If you're looking for a relaxed companion with plenty of charm, Bruce would love to meet you.","bruce-7",""
"2023-06-01","Mid North Coast","956000016747428","Zari","2026-07-23","FEMALE","","🐾 Meet Zari 🐾 Bright, bubbly, and full of charm, Zari is a young greyhound with a playful spirit and a heart as sweet as they come. This lovely black girl brings together the perfect mix of affection, curiosity, and enthusiasm, making every day a little more fun. Zari is a people-loving sweetheart who absolutely adores attention. She is always happy to stop for a pat and enjoys spending time with her humans, soaking up affection whenever it's on offer. Her gentle nature and loving personality make her a delightful companion to have around the home. When out and about, Zari approaches life with excitement and curiosity. She loves following interesting scents, exploring her surroundings, and stretching her legs with joyful, bouncy energy. Whether she's investigating a new walking route or enjoying time outdoors, her enthusiasm for life is infectious. Zari is also wonderfully social with other dogs. She enjoys saying hello, sharing space comfortably, and then happily carrying on with her own adventures. Having lived alongside other greyhounds, she is familiar with canine company and enjoys being part of the group. Zari loves being part of the family and enjoys the company of both her people and canine friends. She's also a keen foodie who appreciates having her own cosy space to enjoy meals, treats, and special chews Travelling is something Zari takes in her stride once she's assisted in, relaxing comfortably and enjoying the journey. She is ready to accompany her future family on all sorts of adventures, big and small. Zari would thrive in a home that can enjoy her youthful energy and zest for life while also providing plenty of opportunities for affection, enrichment, and companionship. She would love a family who enjoys including their dog in daily activities and appreciates both her playful side and her sweet, affectionate nature. With her loving heart, social personality, and irresistible charm, Zari is ready to find a family to call her own. If you're looking for a fun, affectionate companion who will fill your days with smiles, Zari would love to meet you.","zari",""
"2022-03-01","Mid North Coast","956000007431523","Wally","2026-07-23","MALE","","🐾 Meet Wally 🐾 If you're looking for a laid-back companion with a heart full of love and a gentle, easy-going nature, Wally might just be your perfect match. This handsome black greyhound is a friendly, happy boy who enjoys life's simple pleasures—exploring new surroundings, soaking up affection, and spending time with his people. Wally loves a good pat and will happily wander over when his name is called, ready for some attention and companionship. Wally has a wonderfully relaxed outlook on life. He's comfortable travelling in the car, happily hops in when it's time for an adventure, and settles in with ease. On walks, he's a pleasure to have by your side, enjoying a leisurely sniff and explore while taking in the world around him. He occasionally finds something interesting to investigate, but his overall style is calm and easy-going. When it comes to other dogs, Wally is a social and well-mannered gentleman. He has lived alongside other breeds and is comfortable sharing space with fellow greyhounds. He enjoys saying hello to smaller dogs before happily carrying on with his own activities, making him a lovely companion for homes with canine friends. Food is definitely one of Wally's favourite things, and mealtimes are taken very seriously! He's always enthusiastic about a tasty snack and enjoys settling in to savour his treats. Like many dogs, he appreciates having his special chew items to himself, making him a dog who enjoys a little quiet time with his treasures. Wally would suit a variety of homes, from a relaxed household looking for a calm companion to a family wanting a gentle dog to join them on daily walks and outings. He would enjoy a home where he can be included in everyday life, receive plenty of affection, and have comfortable places to stretch out for his favourite pastime... a good snooze. With his sweet nature, charming personality, and easy-going approach to life, Wally is ready to bring warmth, companionship, and plenty of smiles to his forever home. If you're searching for a loyal friend with a gentle soul, Wally would love to meet you.","wally-13",""
"2019-07-01","Hunter Valley Mid Coast (Maitland/ Muswellbrook/Newcastle/Forster)","956000007827891","Diamond","2026-07-23","FEMALE","","This beautiful greyhound who is a bonded pair with Opal are ready to find a home where they can continue enjoying life together. Diamond is a kind ,self assured and devoted, love meeting new humans and always happy to be part of the action. Having lived comfortably around both large and small dogs, as well as children, they are well socialised and adaptable companions. Their easy going nature and love of human interaction makes them a pleasure to be around. Diamond walks softly on lead, responds well to commands and enjoys spending time with her people. Loves the opportunity to stretch legs in the backyard or for a casual walk. If you're looking for a pair of loyal companions, who are social, well mannered and full of love, this dynamic duo could be the perfect addition to any family.","diamond-7",""
"2019-07-01","Hunter Valley Mid Coast (Maitland/ Muswellbrook/Newcastle/Forster)","956000007847524","Opal","2026-07-23","FEMALE","","This beautiful greyhound who is a bonded pair with Diamond are ready to find a home where they can continue enjoying life together. Opal is friendly,confident and affectionate, love meeting new people and always happy to be part of the action. Having lived comfortably around both large and small dogs, as well as children, they are well socialised and adaptable companions. Their easy going nature and love of human interaction makes them a pleasure to be around. Opal walks beautifully on lead, responds well to commands and enjoys spending time with her people. Love the opportunity to stretch legs in the backyard or for a casual walk. If you're looking for a pair of loyal companions, who are social, well mannered and full of love, this dynamic duo could be the perfect addition to any family.","opal-9",""
"2022-02-01","Southern NSW/ACT (Bulli, Nowra, Goulburn, Canberra)","956000014817166","Rip","2026-07-23","MALE","","This charming gent is extremely relaxed and not bothered by much at all. He is a great companion and a good supervisor while you working in the yard. He could suit most lifestyles and would be a great addition to the family. Likes routine and suits regimented lifestyle.","rip-6",""
"2024-03-01","Southern NSW/ACT (Bulli, Nowra, Goulburn, Canberra)","956000017214428","Milly","2026-07-23","FEMALE","","Meet Milly! If you're looking for a fun-loving, affectionate companion with a zest for life, then Milly may be the perfect match for you! At just 2 years old, this beautiful brindle girl has a real spring in her step and approaches every day with enthusiasm. Bright, bubbly and full of personality, Milly loves spending time with her people and will happily soak up all the attention and affection you can offer. Milly is a playful social butterfly and enjoys the company of other dogs. She could potentially live with a medium to large canine companion following a successful meet and greet. She has also spent some brief time around smaller dogs while in foster care and has shown promising signs, however she would benefit from further positive exposure before being placed in a home with a smaller dog friend. Whilst Milly has had limited exposure to children, and as with any dog, children should be respectful of her space and boundaries, but she may be suited to a home with dog-savvy kids who understand how to interact appropriately with pets. This active young lady would love a secure yard where she can stretch her legs, zoom around and enjoy some playtime. Once she has settled into her new home, Milly is sure to become your loyal sidekick and best friend, always ready for an adventure or a Lazy day at home. With her sweet nature, playful spirit and loving personality, Milly is ready to find a family who will give her the forever home she deserves.","milly-14",""
"2022-11-01","Western Sydney (Londonderry)","956000011335490","Jax","2026-07-23","MALE","","Meet Jax, Jax is a handsome male Greyhound with a friendly nature and a zest for life. He is a confident, outgoing boy who enjoys exploring his surroundings and approaches new environments with curiosity and plenty of tail wags. Around people, Jax is an affectionate and social dog who genuinely enjoys human company. He is confident with handling, responds positively to interaction, and is happy to engage with those around him. When excited, Jax can become quite enthusiastic and energetic. For this reason, he would be best suited to a home without older children. Jax is looking for a home that will appreciate his fun-loving personality, provide ongoing guidance with his excitement levels, and enjoy the companionship of a friendly and engaging dog. Book a meet at Western Sydney.","jax-7",""
"2022-11-01","Western Sydney (Londonderry)","956000015732516","Jazzy","2026-07-23","FEMALE","","Meet Jazzy, Jazzy is a sweet and affectionate Greyhound who loves being around people. Friendly from the moment she meets you, she happily comes over for attention and enjoys pats, cuddles, and spending time with her humans. She has a gentle nature and a soft personality, making her a lovely companion for anyone looking for a dog that enjoys being part of the family. Jazzy walks nicely on lead and enjoys getting out and about to explore. She is curious about her surroundings and loves taking in new sights and smells. A happy girl at heart, she can often be seen wagging her tail and enjoying the occasional burst of zoomies when she's feeling playful. With her affectionate personality, happy outlook, and love of people, Jazzy is ready to become a wonderful addition to a lucky family looking for a loyal and loving Greyhound companion. Meet Jazzy at Western Sydney","jazzy-6",""
"2023-02-01","Western Sydney (Londonderry)","956000014883020","Rusty","2026-07-23","MALE","","Hi, I’m Rusty, I’m a sweet and affectionate young hound looking for a family who will love me forever. I am such a delightful, charming young boy with an affectionate, quiet nature. I am described as polite and nonchalant. I would enjoy a backyard or townhouse to enjoy indoor outdoor living. I am full of love and life, but the perfect blend of playful and calm, making me a perfect addition to a home with older kids looking for a loving companion. I've been around kids 11+. I am a little bit shy but I am an eager to please boy who loves treats - making me easy to train in your home. Like all greyhounds, I do have a little burst of energy and will zoom around and play with my toys, but don’t worry as soon as I’m finished you will find me in bed or laying in the sun. If you think this I could be suited to your home then apply to meet me today at our Londonderry site.","rusty-15",""
"2023-12-01","Western Sydney (Londonderry)","956000016776042","Wilbur","2026-07-23","MALE","","Meet Wilbur, Wilbur is a handsome Greyhound with a big heart and an even bigger love for people. Friendly, affectionate, and eager to be part of the action, he enjoys spending time with his humans and is happiest when receiving attention and praise. Wilbur greets people with a wagging tail and an enthusiastic attitude, making friends wherever he goes. Confident and curious, Wilbur enjoys exploring new environments and taking in all the interesting sights and smells around him. He travels well and settles comfortably when on the move, especially when encouraged with a few tasty treats. Walks are one of his favourite activities, and while he can be enthusiastic on lead, he approaches the world with confidence and interest. When it comes to canine company, Wilbur is most comfortable with calm, relaxed dogs who enjoy a peaceful friendship. He appreciates respectful introductions and enjoys taking the time to get to know his fellow four-legged companions. Meet Wilbur at Western Sydney.","wilbur-1",""
"2021-04-01","Mid North Coast","956000011712706","Brodie","2026-07-23","MALE","","🐾 Meet Brodie 🐾 If you're looking for a gentle soul with a sweet nature and a heart full of love, Brodie could be your perfect match. This handsome brindle boy is the definition of calm companionship, blending an easy-going personality with a playful appreciation for life's simple pleasures—especially beach adventures and splashing in the water! Brodie enjoys getting out and about and can be enthusiastic when heading off on an adventure, occasionally showing a bit of extra strength on the lead. He responds well to calm guidance and will make a wonderful walking companion for someone who enjoys sharing regular outings with their dog. Brodie is a people-focused gentleman who truly enjoys spending time with his humans. He loves a good pat and happily soaks up affection, forming lovely bonds with the people around him. With his calm, sweet temperament and relaxed outlook on life, he's the kind of dog who is simply happy being by your side. In everyday life, Brodie is an easy companion. He enjoys exploring new surroundings with a curious nose, taking in the sights and smells at his own pace. Whether he's out for a stroll, enjoying time at the beach, or relaxing at home, he carries himself with a gentle and settled nature. This lovely boy has experience socialising with other dogs and particularly enjoys running and playing with his greyhound friends. He is polite and friendly when meeting new canine companions and appreciates interactions that are calm and respectful. Brodie has a soft-hearted nature and tends to be a gentle participant in play, making him a wonderful friend for dogs with a similar style. Brodie is also wonderfully relaxed when travelling. He settles comfortably in the car and takes new experiences in stride, making him a great companion for outings and adventures. He is easy to handle and enjoys sharing life's moments with his family, whether that's a trip to the beach, a leisurely walk, or a quiet afternoon at home. One of Brodie's most charming qualities is his love of water. If there's a chance for a paddle, splash, or beach run, he'll be delighted to join in. Combined with his striking brindle coat and soulful expression, he's a boy who is sure to win hearts wherever he goes. Brodie would thrive in a loving home that appreciates his gentle nature and enjoys including him in daily life. He would suit a calm to moderately active household where he can enjoy regular walks, quality time with his people, and the occasional beach adventure. A home with friendly canine companions could be lovely fit for him, particularly those who share his relaxed approach to socialising. Brodie is a sweet, affectionate boy with so much love to give. If you're searching for a loyal friend to share life's adventures and quiet moments alike, Brodie is ready to meet you and start his next chapter.","brodie",""
"2019-10-01","Hunter Valley Mid Coast (Maitland/ Muswellbrook/Newcastle/Forster)","956000007828670","Cowboy","2026-07-23","MALE","","If you're looking for dog with a huge personality and even bigger zest for life look no further than Cowboy. This fun loving greyhound approaches everyday with enthusiasm, whether it's exploring the backyard with the occasional burst of zoomies, joining you on an adventure or simply being part of the family. Cowboy makes the perfect family addition","cowboy-2",""
"2022-06-01","New England","956000014846450","Nancy","2026-07-23","FEMALE","","Nancy is the very picture of calm and kindness, a sweet, placid dog with a truly gentle nature. She moves through life at her own peaceful pace, bringing a quiet sense of comfort to everyone around her. Whether she’s resting in a sunny spot or padding softly beside her favourite people, Nancy’s presence is soothing and reassuring. A true foodie at heart, Nancy absolutely loves her meals and never misses an opportunity to enjoy a tasty treat. The sound of a food bowl or a rustling packet is enough to bring a spark of excitement to her otherwise serene demeanor. Nancy is wonderfully social in the calmest way. She gets along beautifully with other dogs, greeting them with friendly curiosity and an easygoing temperament. She’s not one for fuss or drama, just gentle companionship and shared moments. With her loving personality and relaxed spirit, Nancy is the kind of dog who effortlessly wins hearts and makes every day feel a little softer. 💛","nancy-5",""
"2023-09-01","Southern NSW/ACT (Bulli, Nowra, Goulburn, Canberra)","956000015740605","Lemme","2026-07-23","MALE","","Lemme – A Character-Filled Gentleman Ready for Retirement Lemme is a handsome, easy-going boy looking for a loving home to enjoy his well-earned retirement. Full of personality, he isn’t afraid to let you know his opinions and can be quite vocal when he has something to say, adding plenty of character and charm to everyday life. He has been assessed around children and has shown himself to be good with kids, making him a wonderful family companion. Lemme walks beautifully on leash and enjoys getting out and about with his people. He has also been tested with a small dog (a whippet) and showed appropriate, friendly behaviour. Having been raised around livestock, including cattle, Lemme has experience around farm environments and has been observed around cows alongside a cattle dog. His trainer was confident enough in his temperament and wellbeing to allow him to decide when it was time to retire from racing, a testament to his sensible nature. Lemme is now ready to swap kennel life for a comfortable couch, daily walks, and a family of his own. If you’re looking for a loyal companion with plenty of personality and a heart of gold, Lemme could be the perfect addition to your home.","lemme",""
"2020-04-01","Northern Rivers (Grafton, Lismore, Casino)","956000007363815","Gumby","2026-07-23","MALE","","Meet Gumby Gumby is a gorgeous black greyhound with a heart of gold and the sweetest, easy‑going nature. He earned his adorable name thanks to one very special feature — he doesn’t have a single tooth in his head! While it gives him a wonderfully unique smile, it certainly doesn’t slow him down from enjoying life to the fullest. This gentle boy is all about the simple pleasures. He loves a good pat, happily leaning in for affection, and you’ll often find him stretched out soaking up the sunshine like a true relaxation expert. Gumby has a calm, laid‑back temperament that makes him a lovely companion in a peaceful home. He gets along beautifully with large and small dogs and has even met a cat, showing very little interest. His easygoing nature suggests he could settle nicely into a home with other pets following appropriate introductions. As a bonus, Gumby is delightfully low‑maintenance — with no teeth, he won’t ever need a dental, and he enjoys soft meals that are easy for him to manage. If you’re looking for a gentle, affectionate companion who will happily share your quiet moments and sunny afternoons, Gumby could be the perfect addition to your family.","gumby",""
"2024-03-01","Riverina (Wagga, Temora, Gundagai, Griffith)","956000016301842","Darcie","2026-07-23","FEMALE","","Darcie is a sweet-natured girl who can be a bit shy at first, but once you've earned her trust she is loving and affectionate. A few treats and a little chat go a long way with this young lady. She loves her morning zoomies and playtime with her retired greyhound friends, then settles in for some chill time in the yard. Darcie walks well on lead in quiet streets with one or two of her greyhound friends and loves a gentle pat and attention from her trusted people. Darcie would make a lovely companion in a quiet home with a dog friend with someone patient to allow her true personality to shine. ❤️","darcie",""
"2023-08-01","Northern Rivers (Grafton, Lismore, Casino)","956000015735151","Indie","2026-07-23","FEMALE","","Meet Indie 🐾 Indie is a beautiful female greyhound with a gentle nature and a happy, easy-going personality. She’s a social girl who loves her people and thrives on companionship. Indie walks beautifully on lead, making her a pleasure to take out and about. She enjoys getting out and about, especially when there’s plenty to sniff and explore—she’s a curious girl who loves taking in her surroundings at her own pace. She’s friendly with other dogs, enjoys playing with her canine friends, and has done well with small dogs, showing polite and calm manners. If you’re looking for a sweet, well-mannered companion who enjoys both adventures and downtime, Indie could be the perfect addition to your family.","indie-1",""
"2020-11-01","Western Sydney (Londonderry)","956000011580153","Shayla","2026-07-23","FEMALE","","My Shayla! Shayla is an affectionate girl who would love some human company to be by her side. She is learning to settle on her own and would do best with structure and someone home more often than not. A quiet, calm home with no children or other dogs would see Shayla settle in the best. Kids aged 16+ with greyhound experience would be the best fit, or experienced greyhound owners who can support a high energy dog who loves activity. She is a highly affectionate girl who loves her toys and treats. She walks perfectly on the lead for adventures, and is the bubbly, happy easy going type girl around people. She mingles nicely with other dogs but would prefer not to live with one. She'd love a home with a yard for zoomies and her random fun outburts of energy. She has experience travelling well in cars as well. My Shayla.... Meet her today at Western Sydney!","shayla",""
"2022-10-01","Northern Rivers (Grafton, Lismore, Casino)","956000014702293","Affie","2026-07-23","FEMALE","","Meet Affie 💕 Affie is a beautiful female greyhound with a heart as gentle as her nature. She’s the kind of girl who instantly makes you feel at ease — friendly, sweet-tempered, and always happy to be by your side. Affie is wonderfully laid back and easy to live with. She enjoys the simple things in life: a comfy bed, a quiet home, and the company of her people. Loyal to the core, she forms strong bonds and truly thrives when she’s included in everyday life, whether that’s relaxing at home or joining you for a leisurely outing. One of Affie’s most endearing qualities is her calm and peaceful presence. She’s a quiet companion who doesn’t demand much, making her a perfect fit for someone looking for a low-maintenance yet deeply affectionate friend. If you’re searching for a devoted companion who will bring warmth, calm, and unconditional love into your home, Affie could be your perfect match.","affie",""
"2021-11-01","Western Sydney (Londonderry)","956000007432475","Gibbs","2026-07-23","MALE","","Hi, I'm Gibbs! I've been around kids, dogs and have some in home experience. You might be wondering what I've been getting up to? I have spent some time in a foster care home getting ready to meet you, have met livestock, children, a cattle dog, too. I am a sweet boy, a toy lover, and also a people lover! I would love my family to be home more often than not. I promise to walk perfectly on lead for our adventures, but let's make them short and sweet while I'm settling in as I haven't seen a lot of the world yet. I would suit a home with older kids, and my best suited home is one with another doggie to keep me company, especially if you're out of the home more often than not. I have shown I can work up to longer hours alone though so some practise and patience will see me thrive! Come and meet me at Londonderry's Adoption Centre.","gibbs",""
"2023-11-01","Western Sydney (Londonderry)","991003002285095","Neptune","2026-07-23","MALE","","*I am in foster care* Introducing our special, beautiful blue boy Neptune, also known as Nepi, Nippy and Good Boy! Neptune has been in foster care for a few months. When Neptune first came home, he was very shy. He has come out of his shell slowly, and requires ongoing confidence building and an owner who will be his champion, protector and advocate. We are looking for a home with another dog for Neptune and a family who can love Neptune for the journey of confidence building that he is on. He would suit a house with a yard/outdoor space so he can flee the scene when needed. He is now coping with all things pet life, and growing everyday. He can be left for full time hours outdoors, he prefers now to sleep indoors, after initially being too scared to come inside. He doesn't bark and loves to be inside - only if you are with him. He was quite reluctant to be touched, but now loves pats, and stands next to you for back scratches. When he meets new people, his foster carer asks Neptune to decide whether he wants them to pat him. In everything, his foster carer allows it to be his decision and at his pace. Neptune loves food, prefers to eat outside on his own, and loves his after breakfast treat every morning of chicken fillet jerky. He knows the word “treat”! He also loves brisket bones. He gets a lot of confidence from other greyhounds and even smaller dogs. Loves being around them. He is very sweet and gentle natured. If you are someone loving, compassionate, who shows empathy, patience and understanding, who will love our very special boy, we know he will make the most loving and loyal companion. His foster carer has loved him unconditionally and he loves her back. If you are an experienced greyhound/experienced shy dog owner, with another doggie companion for Neptune to thrive with, please get in touch! You can meet Neptune and his foster carer at Western Sydney.","neptune-1",""
"2023-10-01","Western Sydney (Londonderry)","956000014887556","Bingo","2026-07-23","MALE","","Bingo is a male greyhound with a calm and independent nature who enjoys taking in the world around him. He is naturally curious about his environment and tends to spend his time exploring, observing, and investigating new surroundings. While he may not immediately seek out human interaction, he becomes increasingly relaxed as he settles and gains confidence in his environment. Around small dogs, Bingo has shown appropriate social skills and good self-control. He may initially display curiosity and interest, particularly when first noticing a smaller dog, but he settles quickly as he gathers information. Bingo also displays polite manners around medium and large dogs. He is capable of offering gentle greetings and then moving on without lingering, demonstrating a balanced and respectful social style. Overall, Bingo is a thoughtful, easy-going greyhound who combines quiet independence with gentle social skills. As he becomes comfortable in new situations, his relaxed and steady temperament shines through. He would suit a home that appreciates his calm nature and allows him the freedom to explore, observe, and settle into family life at his own pace. With time and patience, Bingo is likely to become a loyal and rewarding companion. Meet Bingo in Western Sydney.","bingo-5",""
"2021-03-01","Western Sydney (Londonderry)","956000011704257","Jade","2026-07-23","FEMALE","","Jade is a polite, social, affectionate and loving girl. She shows off her beautiful personality around new people, greeting everyone with a happy smile. She is friendly around other dogs and is best suited to a home with medium or large size dogs. She is a confident girl who would enjoy a home with respectful kids and a backyard to play in. Jade is a beautiful, happy and engaged girl who can't wait to meet you! Available at Western Sydney.","jade-6",""
"2021-12-01","Western Sydney (Londonderry)","956000011659419","Rana","2026-07-23","FEMALE","","Meet Rana! Rana is a gentle and sensitive female greyhound who approaches the world with a quiet and thoughtful nature. She can be cautious in unfamiliar situations and prefers to take her time becoming comfortable with new environments, people, and experiences. Rather than rushing into things, Rana carefully observes her surroundings and gains confidence gradually as she feels safe and supported. She enjoys exploring at her own pace, often taking in her environment through calm investigation and sniffing. While initially reserved, Rana remains close to her handler and appears to take comfort from having a familiar person nearby. Her gentle demeanour and soft nature suggest she will benefit from a patient home that allows her to settle in and build trust on her own terms. Rana is a kind-hearted and sensitive greyhound who will thrive in a calm and understanding home. With patience, gentle guidance, and time to settle, she is likely to develop into a loyal and affectionate companion. Her polite nature, gentle social skills, and quiet presence make her a lovely candidate for a family seeking a sweet and thoughtful greyhound to welcome into their lives. Meet Rana at Western Sydney","rana",""
"2021-08-01","Western Sydney (Londonderry)","956000012869166","Bear","2026-07-23","MALE","","Meet Bear! Bear is a gentle and thoughtful nature boy who is gradually learning to navigate new environments with confidence. He is a little shy when meeting new people but warms up quickly and will approached when called, as he becomes more familiar with those around him, his confidence grows and his relaxed, easy-going nature begins to shine through. He has demonstrated lovely manners around other dogs and appears to enjoy canine company. Bear is polite in his interactions, showing interest without being overbearing, and is able to move on calmly after greeting. His body language is generally relaxed and appropriate, particularly around larger dogs and other greyhounds. Overall, Bear is a sweet, gentle companion with a calm temperament and polite social skills. He would be well suited to a home that understands his sensitive nature and provides him with the time and encouragement to build confidence. In return, Bear offers a quiet, affectionate presence and all the makings of a wonderful family companion. Meet Bear at Western Sydney","bear-23",""
"2022-10-01","Riverina (Wagga, Temora, Gundagai, Griffith)","956000014805547","Harper","2026-07-23","FEMALE","","Harper is a friendly, affectionate girl who loves people, pats, and being part of family life. After spending the past year living as a much-loved pet on a farm, she's ready to find her forever home. She enjoys walks with the family, including outings with young children, and is equally happy joining Mum for a run. Harper has great manners around livestock and can calmly walk past chickens and ducks on lead without becoming over-excited. Harper gets along well with other dogs, including a retired greyhound, a Blue Heeler and a Mini Schnauzer. She loves toys, backyard playtime, visitors, and car trips. With her gentle nature, playful spirit, and love of companionship, Harper is ready to become a family favourite or someone's perfect best friend. ❤️🐾","harper-4",""
"2024-03-01","Riverina (Wagga, Temora, Gundagai, Griffith)","956000016769566","May","2026-07-23","FEMALE","","May is a happy, affectionate girl who loves people and will happily come up to you for pats and cuddles. She enjoys spending time with her family and her sweet nature makes her a wonderful companion and a joy to have around. May loves playing in the backyard, especially when there's a ball involved! She has enjoyed spending time with grandchildren aged 10–12 years and has also been around a 2-year-old child with supervision. She would fit beautifully into a family environment or make a loyal companion for someone looking for a loving friend, on her own or with another grey or small dog, getting along nicely with Mini Schnauzer. May travels well, walks nicely on lead, and takes life's adventures in her stride. With her affectionate personality and easy-going nature, May is ready to bring happiness and companionship to her new home.","may-4",""
"2021-09-01","Hunter Valley Mid Coast (Maitland/ Muswellbrook/Newcastle/Forster)","956000012863232","Dot","2026-07-23","FEMALE","","🤍 Meet Dot! Dot is a gentle soul with a sweet and thoughtful nature. She can be a little reserved when faced with new environments or unfamiliar people, preferring to quietly observe before her confidence begins to shine through. With patience and understanding, Dot forms strong bonds and becomes a loyal companion. She absolutely loves her walks and enjoys spending time exploring alongside her people. Dot would be best suited to a calm, quiet home with a patient family who can give her the time and reassurance she needs to settle in and flourish. 🐾","dot-6",""
"2022-11-01","Hunter Valley Mid Coast (Maitland/ Muswellbrook/Newcastle/Forster)","956000014943573","Frog","2026-07-23","MALE","","🐸 Meet Frog! Frog is a playful, interactive boy who loves being involved in whatever his humans are doing. Incredibly people-oriented, he's happiest spending time by your side—whether that's heading out on an adventure or leaning in for a cuddle. Affectionate by nature, Frog isn't shy about handing out plenty of loving licks! With his friendly personality and adaptable nature, he would fit well into a variety of home environments and is ready to become a devoted companion.","frog-1",""
"2020-02-01","Hunter Valley Mid Coast (Maitland/ Muswellbrook/Newcastle/Forster)","956000007826327","Princess","2026-07-23","FEMALE","","👑 Meet Princess! Princess is a fun-loving girl with a bubbly personality and a heart full of affection. A true social butterfly, she loves making new friends and thrives on human companionship. Confident and outgoing, she's comfortable navigating stairs and enjoys exploring her surroundings. Princess would be best suited to an active home with a backyard where she can stretch her legs, play, and be part of the family adventures. With her sweet nature and zest for life, she's sure to bring plenty of joy to her new home.","princess-7",""
"2022-12-01","Hunter Valley Mid Coast (Maitland/ Muswellbrook/Newcastle/Forster)","956000014801673","Cliff","2026-07-23","MALE","","Meet Cliff! 🐾 Cliff is a playful, fun-loving boy who brings plenty of joy wherever he goes. Curious and social, he loves engaging with both people and toys and is always keen to be part of the action. He enjoys his walks, exploring new surroundings, and having a good run around when given the chance. The backyard is Cliff's little oasis, where he can play, sniff, and enjoy the outdoors. After the fun is done, he's just as happy to kick back, relax, and enjoy a well-earned snooze. With his friendly personality and balanced nature, Cliff would make a wonderful companion for a lucky family.","cliff",""
"2022-10-01","Hunter Valley Mid Coast (Maitland/ Muswellbrook/Newcastle/Forster)","956000014889142","Rhys","2026-07-23","MALE","","Meet Rhys! 🐾 Rhys is a sweet-natured boy who is looking for a patient and understanding home where he can settle in at his own pace. While he may take a little time to find his feet, once he's comfortable you'll discover a loyal companion who loves being part of the family. Rhys will do best with older kids. With kindness, patience, and plenty of reassurance, Rhys will blossom into your very best mate, rewarding you with his gentle nature and unwavering companionship.","rhys-1",""
"2020-11-01","Hunter Valley Mid Coast (Maitland/ Muswellbrook/Newcastle/Forster)","956000011723377","Darcy","2026-07-23","MALE","","Meet Darcy! 🐾 Darcy is a happy, easy-going boy who loves nothing more than spending time with his people. He's great on walks, making him a wonderful companion for daily adventures, and he's always happiest when he's by your side. Darcy is a clever lad who comes when called by name and enjoys being involved in whatever you're up to. With his friendly nature and loyal personality, he's ready to find a home where he can share plenty of love, companionship, and happy moments.","darcy-7",""
"2020-10-01","Hunter Valley Mid Coast (Maitland/ Muswellbrook/Newcastle/Forster)","956000007442021","Timmy","2026-07-23","MALE","","Meet Timmy! 🐾 Timmy is a playful, happy boy who loves being involved in whatever you're doing. He enjoys sticking by your side and makes a wonderful companion, whether you're heading out for a stroll or relaxing at home. Easy to walk on the lead,, Timmy has a cheerful nature that's sure to bring a smile to your face. With his friendly personality and loyal spirit, he's ready to become someone's very best mate🐶","timmy-9",""
"2021-02-01","Western Sydney (Londonderry)","956000011661850","Obi Wan Kenobi","2026-07-23","MALE","","This is Obi-Wan Kenobi — a brave Jedi knight using the Force to steal hearts across the adoption centre. Obi-Wan Kenobi loves his walkies and might even do a little happy dance when he sees his lead! Loves an adventure, making him a great fit for an active family who enjoy long walks through the galaxy. He is perfectly behaved indoors at the adoption centre. Gentle, affectionate, and loves chilling out, Obi has the quintessential greyhound personality — laid back with moments of playfulness. Obi-Wan Kenobi seeks a family who will respect his Jedi calmness but also embrace his playful side. He’s suited for homes with a peaceful vibe and a little space to run around. Apply for our special boy Obi — and may the peace, paws, and happiness be with you! 🌟🐾","obi-wan-kenobi",""
"2020-09-01","Western Sydney (Londonderry)","956000007821199","Timmy","2026-07-23","MALE","","Timmy is a handsome, charismatic blue brindle guy! Timmy has spent a short amout of time in a home and his carers have said he is a big cuddly teddy bear of a dog with a goofy side! He is a dream to walk on the lead, loves to collect his toys on his bed, is a quick learner and is hilarious when he plays with his squeaky toys. They found he loves to nap and relax and didn't mind being left alone up to 3 hours if he gets a nice sniffy walk beforehand, but would propably prefer a home where someone is around fairly often to keep him company. Timmy would be suitable to live with older/experienced kids, as Timmy can get excited and forget his size in the heat of the moment. He can live with another dog his size however he doesn't need the companionship. We have also noticed Timmy is a smart boy here at GAP HQ and loves his food. He can even do stairs! So come and meet Timmy at the Western Sydney adoption centre. He can't wait to meet you!","timmy-8",""
"2021-08-01","Western Sydney (Londonderry)","956000011653017","Bruce","2026-07-23","MALE","","With a name like Bruce, you'd expect a true-blue Aussie character and this handsome greyhound doesn't disappoint. Easy-going, friendly, and always up for a stroll, Bruce has the kind of laid-back attitude that would fit right in at a backyard barbie or a lazy Sunday arvo. Bruce travels well in the car, walks beautifully on lead, and takes new experiences in his stride. He enjoys meeting people, happily stopping for a pat and a chat, and is especially social with other greyhounds and larger dogs, greeting them with enthusiastic tail wags. If you're looking for a loyal mate with a relaxed ""she'll be right"" outlook on life, Bruce could be the perfect addition to your family. Bruce is available at Western Sydney","bruce-6",""
"2021-06-01","Western Sydney (Londonderry)","956000007466485","Uno","2026-07-23","MALE","","Uno is a unique and sensitive Greyhound looking for a special home that can appreciate him for exactly who he is. He is a quirky boy with a gentle nature who takes a little time to feel safe and comfortable in new environments and around unfamiliar people. While he may initially come across as shy and reserved, Uno begins to show his sweet personality once trust has been built at his own pace. Uno is searching for a calm, patient, and understanding home that can support his individual needs and allow him the time he requires to settle in and gain confidence. He thrives with gentle handling, consistency, and a quiet environment where he feels secure. Uno would be best suited to an adult-only household where life is calm and predictable. He is happy to coexist with other Greyhounds and may enjoy the quiet companionship of another calm canine friend. Uno may not be the kind of dog who rushes into new friendships, but for the right person willing to give him time and understanding, he has the potential to form a deeply rewarding bond. He is a truly special boy looking for someone who will see the beauty in his quiet and quirky nature. Find Uno at Western Sydney.","uno-2",""
"2017-10-01","Western Sydney (Londonderry)","956000009416605","Rex","2026-07-23","MALE","","Rex is a people-loving greyhound who thrives on attention and connection. If you’re looking for a companion who enjoys being part of your day and happily soaks up affection, Rex will be right by your side. He’s highly motivated by food, which makes him responsive and engaged, and he settles beautifully in his crate when it’s time to relax. While toys aren’t really his thing, human company certainly is. Rex has socialised well with other greyhounds and could share his home with a compatible medium to large canine friend, though he would be just as happy as the only dog. He would be suitable for a family with respectful children and has shown a calm and affectionate nature in his interactions with people. Rex has demonstrated that he settles best indoors and enjoys the comfort of home life. A townhouse with at least a small courtyard would be ideal, giving him a bit of outdoor space to stretch his legs and unwind. Initially, Rex may be best suited to a home where he has someone home more often than not, while he adjusts, but he has shown an encouraging ability to self-settle. With gradual progression and routine, his capacity can continue to build. Rex is a warm, affectionate boy who is ready to enjoy the comforts of pet life. With structure, guidance and plenty of love, he will make a devoted and rewarding companion.","rex-6",""
"2021-04-01","Hunter Valley Mid Coast (Maitland/ Muswellbrook/Newcastle/Forster)","956000007835028","Oaklee","2026-07-23","MALE","","Oaklee is a happy, outgoing Greyhound with a playful spirit and a real zest for life. He loves spending time with people and thrives on interactive games, adventures, and new experiences. Wherever he goes, Oaklee brings fun, enthusiasm, and positive energy. While he enjoys staying active and making the most of every day, he also appreciates quiet moments to relax and unwind. With his friendly nature and balanced temperament, Oaklee is the perfect mix of playful companion and laid-back friend.","oakley-2",""
"2021-09-01","Western Sydney (Londonderry)","956000014508389","Vince","2026-07-23","MALE","","Vince is a handsome male Greyhound with a confident and easy-going personality. He settles well into new environments and enjoys exploring his surroundings, taking everything in with curiosity and confidence. Whether he’s out on a walk or meeting new people, Vince carries himself with calm and polite manners. He walks beautifully on lead and is a pleasure to have by your side. Vince enjoys human interaction and happily approaches people for attention, often leaning in gently for a scratch and some affection. His friendly and relaxed nature makes him a lovely companion to spend time with. Vince would be best suited as the only animal in the home, where he can enjoy all the love, attention, and comfort for himself. He would thrive in a home that can continue providing him with companionship, routine, and opportunities to explore the world around him. With his confident personality, lovely manners, and affectionate nature, Vince is ready to become a loyal and cherished companion for a very lucky home. Meet Vince at Western Sydney.","vince-2",""
"2021-10-01","Mid North Coast","956000011712994","Ritchie","2026-07-23","MALE","","🐾 Meet Ritchie 🐾 If you're looking for a gentle soul with a heart of gold, Ritchie may just be your perfect match. This handsome fawn Greyhound is a sweet, thoughtful boy who likes to take in the world at his own pace. With his calm nature and quiet charm, Ritchie has a lovely way of winning people over once he feels comfortable. Ritchie is the kind of dog who enjoys getting to know his people first. He's a gentle and sensitive companion who appreciates a kind approach, and once he's settled in, he happily leans into affection. There's something incredibly special about a dog like Ritchie, and watching his personality shine through. While Ritchie is a calm and sometimes reserved boy, he's definitely not a couch potato. He enjoys his walks and likes to explore his surroundings, taking in all the interesting sights and smells along the way. Every now and then, he'll delight you with a joyful burst of zoomies, showing off his playful side before settling back into his easy-going rhythm. Ritchie walks beautifully on lead and travels well in the car, making him a wonderful companion for outings. Whether it's a stroll through the neighbourhood or a drive to a favourite walking spot, he's happiest simply spending time with his people. He has lovely manners around other dogs, greeting small dogs politely before happily continuing on his way, and he's comfortable sharing space with other Greyhounds. His relaxed, respectful nature makes him a pleasure to have around. At around four and a half years old, Ritchie is at a wonderful stage of life where he enjoys a balance of activity and relaxation. He appreciates the chance for an occasional zoom around a secure yard, and is equally happy unwinding at home afterwards. His handsome fawn coat and gentle personality make him an easy dog to fall in love with. Ritchie's ideal home is one that appreciates his thoughtful nature and enjoys sharing life's simple moments together. He'd love a family who enjoys regular walks or a yard to zoom around in and a relaxed home environment. If you're looking for a gentle, loyal Greyhound with a playful streak and a heart of gold, Ritchie would love to meet you and become part of your family. 🐾💛","ritchie",""
"2023-03-01","Southern NSW/ACT (Bulli, Nowra, Goulburn, Canberra)","956000015726899","Rodger","2026-07-23","MALE","","Rodger is a typical boy who likes his time looking after the yard, chasing balls and going on walks. He is also a sucker for a cuddle and some affection. He would also make a good supervisor for when you are in the yard.","rodger-1",""
"2022-09-01","Southern NSW/ACT (Bulli, Nowra, Goulburn, Canberra)","956000015733957","Atlas","2026-07-23","MALE","","Atlas is a handsome boy with a gentle nature and a heart that’s ready to bond deeply with his future family. While he can be a little nervous when meeting new people and situations, he is willing to engage and quickly shows his sweet personality once he feels comfortable. An owner-centred dog, Atlas loves having his people nearby and will thrive in a home where he can build a close connection with his new family. He is crate trained, enjoys the comfort of his own space, and settles well with a little patience and routine. Like many hounds, he can be a bit awkward at times, which only adds to his charm and lovable character. Atlas enjoys playtime, especially when a squeaky toy is involved, and has shown himself to be friendly and appropriate around a whippet. He is in good condition, travels well, and is ready to leave his racing days behind in search of a loving forever home. If you’re looking for a loyal companion who will reward your patience with unwavering affection and companionship, Atlas could be the perfect addition to your family.","atlas",""
"2022-05-01","Western Sydney (Londonderry)","956000011358321","Frank","2026-07-23","MALE","","Frank is a happy, friendly boy who is ready to find a family of his very own. With his good-natured personality and affectionate nature, he's sure to bring plenty of love and laughter to his future home. Frank enjoys spending time with people and is always happy to be part of the action. Whether it's joining you for outdoor adventures, relaxing in the yard, or simply hanging out with his family, Frank is happiest when he's included. Frank is medium to large dog friendly, pending a successful meet and greet. Frank would be best suited to a home with children aged 10 years and older who can respectfully interact with him and understand his boundaries. A home with a secure yard would be ideal for Frank, giving him space to stretch his legs, play, and enjoy the outdoors. He would thrive with a family that can provide regular exercise, companionship, and plenty of opportunities to be involved in daily life. Meet Frank at Western Sydney adoption centre","frank-17",""
"2022-12-01","Western Sydney (Londonderry)","956000014914973","Hudson","2026-07-23","MALE","","*I've just gone into a foster care home and I am available to adopt!* Notes from foster: ""Just a quick update to let you know that Hudson is doing well. We have been keeping things very low-key and allowing him to settle in at his own pace. He is such a good boy with his toileting. He is also very keen for breakfast and dinner and eats everything in his bowl, so he definitely has a good appetite! He showed us his playful side and had a lovely play with the toys, including doing a couple of zoomies, which was great to see. He is a lovely, gentle boy, and we are looking forward to seeing more of his personality emerge."" Hudson is a handsome boy who is ready to find a patient and understanding family to call his own. While he's still learning the ropes of pet life, Hudson is making great progress and would thrive in a home that can help him continue building his confidence. Hudson is M-L dog-friendly and would greatly benefit from having a calm, well-adjusted canine companion in the home. A friendly dog buddy can help show him the way, provide reassurance, and make settling into family life much easier. He would be best suited to a home with a secure yard where he can stretch his legs, enjoy some outdoor time, and explore his surroundings safely. A house with space to move around will help him feel comfortable and give him opportunities to exercise and unwind. In his new home, Hudson will benefit from a gradual settling-in period and a consistent routine. Initially, he'd do best with shorter periods alone while he adjusts to his surroundings. As his confidence grows and he becomes comfortable in his new environment, Hudson should be able to work up to spending longer periods on his own. If you're looking for a sweet dog who just needs a little guidance and a chance to shine, Hudson could be the perfect addition to your family.","hudson-3",""
"2021-11-01","Northern Rivers (Grafton, Lismore, Casino)","956000013020855","Fran","2026-07-23","FEMALE","","Meet Fran 🐾 Fran is a sweet, friendly, and very pretty greyhound who absolutely loves people. She has a warm, social nature and enjoys spending time with her humans as well as getting along nicely with small dogs. This lovely girl is a big fan of treats, which makes her a great candidate for ongoing training—and she may even enjoy learning a few fun tricks! Fran walks beautifully on the lead, making outings together a pleasure. She’s also a clean and quiet housemate, settling in nicely and bringing a calm, gentle presence to the home. With her affectionate personality and easygoing nature, Fran would make a wonderful companion for someone looking for a loving and well-mannered friend 💕","fran-18",""
"2022-01-01","Northern Rivers (Grafton, Lismore, Casino)","956000013031038","Dash","2026-07-23","MALE","","Meet Dash 🐾 Dash is a handsome blue male greyhound and, quite simply, a very good boy. He has a playful and cheerful nature, always ready for some fun—especially when toys are involved! One of Dash’s cutest quirks is his love of carrying his bed around 😊 He likes to take it with him during the day, always very carefully, making sure he has the perfect spot ready for a cosy sleep at night. Dash is friendly and social, getting along well with both small dogs and other large dogs. He loves human company just as much and is always happy to soak up plenty of pats and attention. With his playful spirit, gentle heart, and easygoing nature, Dash would make a wonderful companion for a home looking for a fun and affectionate addition.","dash-2",""
"2021-11-01","Northern Rivers (Grafton, Lismore, Casino)","956000013024025","Min Min","2026-07-23","FEMALE","","Meet Minnie (Min Min) 🐾 Minnie—affectionately known as Min Min—is a sweet and gentle girl who may be a little shy at first, but she quickly warms up to those who show her kindness and patience. Once she feels safe, her lovely personality shines through. She’s been living in an apartment-style environment and is a clean, easy housemate, making her a wonderful fit for indoor living. Minnie enjoys a little burst of zoomies to stretch her legs, then is more than happy to curl up in her bed and relax. She loves her walks, and Min Min loves a trip to the beach, where she can take in all the sights and smells. Minnie would thrive in a quiet home where she can feel secure and spend time with her people. With a bit of ongoing training and routine, Minnie has the potential to be comfortably left alone for a few hours at a time. If you’re looking for a gentle, loving companion who enjoys both a little fun and plenty of relaxation, Minnie could be the perfect match 💕","min-min",""
"2018-10-01","Northern Rivers (Grafton, Lismore, Casino)","956000006671232","Boots","2026-07-23","FEMALE","","Meet Boots 🐾 Boots is a slightly older and wiser female greyhound with a calm, gentle nature. She’s at a lovely stage of life where she’s settled, easygoing, and ready to enjoy the quiet comforts of a loving home. Boots would thrive in a peaceful environment and may be happiest as an only dog, where she can truly relax and enjoy her surroundings. She would make wonderful company for a retired single person or couple looking for a loyal, low-key companion. Affectionate and loving, Boots enjoys her downtime and would prefer a home without small, busy dogs who might disturb her well-earned rest. Don’t let her age fool you — Boots still has many years of love to share. If you’re looking for a sweet, settled girl to share your days with, Boots could be the perfect match 💜","boots-5",""
"2022-09-01","Northern Rivers (Grafton, Lismore, Casino)","956000014889334","Red","2026-07-23","MALE","","Meet Red 🐾 Red is a beautiful blue male greyhound with a gentle heart. He can be a little shy at first, but with some patience and kindness, his sweet nature truly shines. Once he feels safe and comfortable, Red becomes a loyal and loving companion. He absolutely loves the company of other greyhounds and enjoys spending time with his favourite stuffed toy. While he’s very social with his own kind, small, yappy dogs can feel a bit overwhelming for him, so slow, thoughtful introductions are important. Red is looking for a calm, patient foster carer or adopter who can give him the time he needs to adjust to family life. With the right support and understanding, he will flourish into a devoted and affectionate friend. If you have a gentle home and a kind heart, Red would love to meet you 💙","red-14",""
"2017-07-01","Riverina (Wagga, Temora, Gundagai, Griffith)","956000009520004","Bub","2026-07-23","FEMALE","","Meet Bub! Say hello to Bub, a sweet-natured older girl who’s ready to enjoy the simple pleasures of retirement. Bub is looking for a quiet, peaceful home where she can soak up the sun, enjoy some gentle pats, and claim a soft, cosy bed as her own. With her graceful charm and soft eyes, Bub has a spring in her step, but she’s very low-maintenance when it comes to exercise – a short burst of energy in the yard, a few short strolls and a bit of backyard sunbathing are all she needs to be content. She would thrive as an only dog, but she’s also happy to share her space with a male greyhound companion. Bub is a great match for full-time workers if there’s a secure backyard where she can relax during the day. She would also suit a calm household with older children who respect her quiet nature. If you're after a gentle soul who’s past the puppy chaos and just wants to be your loyal companion, Bub might just be the girl you’ve been waiting for. ☀️ Loves: Sunbaking, soft beds, peaceful vibes 🏡 Best home: Quiet environment, backyard, solo or with a male greyhound 💙 Personality: Calm, sweet, gentle, quietly affectionate 🦴 Exercise needs: Minimal – a yard for a quick zoom, a gentle stroll, she’s more nap than zoom Let Bub bring serenity, love, and a little sparkle into your life.","bub-6",""
"2019-09-01","Western Sydney (Londonderry)","956000007830548","Jasper","2026-07-23","MALE","","Jasper is a friendly and confident Greyhound who absolutely loves being around people. He thrives on affection and human interaction and is happiest when he’s included in everyday life with his family. Jasper enjoys being part of the action and will happily seek out attention and cuddles from his favourite humans whenever he gets the chance. With his social and outgoing nature, Jasper is a lovely companion to have around the home. He enjoys company and brings a warm, affectionate presence wherever he goes. His confidence and friendly personality make him an easy dog to bond with, and he loves feeling connected to the people around him. Jasper is social with other Greyhounds and would likely enjoy the companionship of another calm canine friend. He would benefit from a home with a secure backyard where he can stretch his legs, relax outdoors, and enjoy time with his family. Sweet, affectionate, and full of personality, Jasper is ready to find a loving home where he can continue being included, adored, and spoiled with all the attention he deserves. Meet Jasper at Western Sydney.","jasper-8",""
"2022-12-01","Western Sydney (Londonderry)","956000015617416","Bear","2026-07-23","MALE","","Bear is a beautiful 3-year-old Greyhound with a calm, gentle nature. Bear is social around other dogs and could happily live with other Greyhounds or medium-sized dogs. He may also be able to live with smaller breed dogs if the match is right and introductions are handled slowly and thoughtfully. He walks very well on lead and enjoys getting out for daily strolls before returning home for a long nap and some quiet time with his family. A home with older children would suit Bear best, as he would appreciate a calm and respectful environment where he can feel comfortable and settled. He would also love a home with a secure backyard where he can stretch his legs, relax in the sunshine, and enjoy some outdoor time. Bear is a sweet, adaptable boy who has so much love to give. With his gentle temperament and lovely manners, he is ready to become a cherished member of a lucky family. Meet Bear by appointment at Western Sydney.","bear-22",""
"2017-12-01","Central West (Bathurst/Dubbo/Coonabarabran)","956000009591500","Azzi","2026-07-23","MALE","","🤍 Meet Azzi Azzi is a beautiful older gentleman with the sweetest soul and a gentle nature that’s impossible not to love. He’s calm, affectionate and happiest simply spending time with his people, making him the perfect loyal companion to share your days with. Great with small dogs, Azzi has a kind and easy-going personality that would suit a home looking for a relaxed best friend. With his soft eyes and loving nature, this lovely boy is ready to enjoy the retired life full of comfort, companionship and plenty of love.","azzi-1",""
"2021-08-01","Southern NSW/ACT (Bulli, Nowra, Goulburn, Canberra)","956000012931680","Jake","2026-07-23","MALE","","Jake, also known as “Taw Commander,” is a striking young boy bursting with personality, enthusiasm, and charm. Extremely social with people, Jake thrives on human interaction and forms strong bonds with his handlers, listening well and loving being part of the action. A playful and energetic lad, Jake would suit an active home that can keep up with his zest for life. While he absolutely adores playtime, he can be a little unaware of his own size and strength, so he would be best matched with medium to large canine companions. He’s already proven himself capable of making great doggy friendships — his best mate is a Rottweiler! Jake has been acclimated to life inside the home and is looking for a family who will include him in their daily adventures, whether that’s walks, outings, or relaxing together after a fun-filled day. With his stunning looks, affectionate nature, and larger-than-life personality, Jake is sure to make an unforgettable companion.","jake-9",""
"2024-02-01","New England","956000017145953","Arlo","2026-07-23","MALE","","Arlo is an affectionate boy with a beautiful brindle coat. He’s a soft, social soul who adores being around people and thrives on gentle attention. At almost two years old, he’s in that perfect stage—playful and curious but already calm and well‑mannered. This sweet boy has a patient, gentle nature that makes him well-suited to families with children. He enjoys being involved in family life and loves soaking up pats, ear scratches, and cuddles from little humans. He also loves to play with other medium to large dogs. 🏡 Ideal Home Arlo would thrive in a home that: Enjoys daily walks, playtime, and plenty of affection Understands the needs of a young greyhound—soft beds, gentle routines, and occasional goofy antics ❤️ Why You’ll Love Him Arlo is all heart. He’s the kind of dog who bonds deeply, follows you with those big soulful eyes. Whether he’s snoozing in the sun, trotting happily beside a dog buddy, or leaning in for a cuddle, Arlo brings warmth and joy everywhere he goes.","arlo-4",""
"2023-02-01","Riverina (Wagga, Temora, Gundagai, Griffith)","956000015946227","Foxy","2026-07-23","MALE","","Foxy is a happy, playful and handsome blue boy with a big heart and an even bigger love for pats and cuddles. He enjoys his walks and is great on the lead, making him a lovely companion for an active family. Foxy has spent time both indoors and outdoors and been around the family children aged 9 and 12 years daily, as well as the 2.5-year-old under supervision. He’s friendly and social with other dogs too, getting along well with a pet dachshund, a pointer, and other greyhounds. Tigress has been his yard mate. With his affectionate nature, playful personality, and easy-going temperament, Foxy would suit a family looking for a fun, loving companion to include in everyday life.","foxy-5",""
"2022-09-01","","956000014888279","Tokyo","2026-07-23","FEMALE","","Tokyo is a stunning girl with a gentle soul. Initially shy, once she learns to trust you she forms a beautiful bond and looks to her favourite person for comfort and companionship. She loves stretching her legs and zooming around open spaces, but is equally happy curling up on the couch for a peaceful afternoon. Tokyo would thrive in a calm, quiet home with someone patient enough to let her blossom at her own pace. In return, she’ll reward you with loyalty, affection, and her striking good looks.","tokyo",""
"2021-08-01","Western Sydney (Londonderry)","956000007424877","Eddy","2026-07-23","MALE","","Eddy is a sweet, gentle and quiet boy looking for a family to thrive in. He might be going a little grey in the face but he is full of cuddles, life and happiness and can't wait to have a family to share his life with. He warms up with those he's confident with and would do best with a backyard/courtyard for sunbaking and sniffing the breeze with the occasional zoomie. He would suit a home with respectful/quiet kids and even a doggie friend or two! Eddy hasn't seen a lot of the world yet and would thrive with a home who is looking to show him all things pet life. He is very eager to please, friendly and sweet... Eddy can't wait to meet you and become a beloved family pet! Eddy is available at the Western Sydney adoption centre.","eddy-6",""
"2022-11-01","Central West (Bathurst/Dubbo/Coonabarabran)","956000014887050","Jackson","2026-07-23","MALE","","Meet Jackson🐾 A joyful boy with a big personality and an even bigger smile! Full of life and always ready to brighten your day, Jackson has a fun-loving nature that will keep you smiling. Whether he’s being goofy, bouncing around happily, or just enjoying the moment by your side, this sweet guy brings a whole lot of happiness wherever he goes.","jackson-1",""
"2022-12-01","Central West (Bathurst/Dubbo/Coonabarabran)","956000014881925","Mumbles","2026-07-23","MALE","","Meet Mumbles 😄 A happy, friendly boy with the funniest personality and plenty of charm. While he loves being around his people and making you smile with his goofy nature, he’s just as happy relaxing by your side and enjoying the quieter moments too. Mumbles is the perfect mix of fun companion and goofy best friend.","mumbles",""
"2023-05-01","Central West (Bathurst/Dubbo/Coonabarabran)","956000015744107","Freddy","2026-07-23","MALE","","Meet Freddy 😄 The fun-loving goofball guaranteed to keep you smiling. With his cheeky personality and playful nature, Freddy loves being by your side and getting involved in whatever you’re doing. Whether he’s making you laugh with his silly antics or soaking up attention from his humans, this happy boy brings plenty of personality wherever he goes. Freddy is the kind of companion who will quickly become your shadow and your daily dose of entertainment.","freddy-2",""
"2023-02-01","Central West (Bathurst/Dubbo/Coonabarabran)","956000015033198","Chubbs","2026-07-23","MALE","","Meet Chubbs 💙 Chubbs is a gentle soul with a beautiful smile and an even sweeter personality to match. This lovely boy is happiest simply being by your side, whether it’s joining you for a stroll, relaxing at home, or soaking up affection from his humans. With his calm nature and companionable personality, Chubbs is the kind of dog who will quickly become your loyal best friend.","chubbs",""
"2023-09-01","Central West (Bathurst/Dubbo/Coonabarabran)","956000016760806","Achilles","2026-07-23","MALE","","Meet Achilles Achilles is a fun-loving boy who brings the perfect mix of playful energy and laid-back charm 💙 He loves soaking up pats, spending time with his people and having a bit of fun, but he’s just as happy stretching out for a nap and enjoying the quiet life afterwards. With his sweet nature and easy-going personality, Achilles would make a wonderful companion and could also live with small dogs.","achilles",""
"2021-01-01","Western Sydney (Londonderry)","956000011717189","Umar","2026-07-23","MALE","","Umar is a confident and outgoing greyhound with a fun-loving personality and a zest for life. He enjoys being part of the action and is always eager to explore his surroundings, making him a wonderful companion for an active household. As a strong and enthusiastic walker, Umar will benefit from a family who can continue guiding him on lead and enjoy getting out and about with him. He thrives in environments where he has space to move, so a home with secure yard access would suit him perfectly. Whether he’s stretching his legs outdoors or taking in the world around him, Umar enjoys keeping busy and being involved in daily life. Umar is social and comfortable around people, happily spending time alongside his humans, although he tends to show his affection in a more independent and relaxed way. He enjoys companionship without being overly demanding and would suit a home that appreciates his easy-going nature. With his bright personality, confident outlook, and active spirit, Umar is looking for a home that will enjoy all the wonderful qualities he has to offer while giving him the space and lifestyle where he can truly thrive. You can meet Umar in Western Sydney.","umar-1",""
"2021-01-01","Western Sydney (Londonderry)","956000007466971","Alvin","2026-07-23","MALE","","Alvin is a gentle and sensitive greyhound looking for a quiet and calm household where he can relax and feel safe. With his quiet nature and sweet personality, Alvin would thrive in a peaceful household with a family who appreciates the softer side of life. He would be best suited to a home with a secure yard where he can stretch his legs, lounge in the sunshine, and enjoy his own space. Alvin enjoys relaxing and is happiest in an environment that is calm and predictable. While Alvin can be a little shy when meeting new people, with patience and kindness he gradually warms up and shows his affectionate and gentle nature. He is a quiet, timid boy initially, but once he feels comfortable, he becomes a lovely companion who enjoys simply being near his people. Because Alvin can be shy around young children, he would be best matched with a household with older children or adults only. A quieter home environment will help him continue to build confidence and feel secure. If you are looking for a calm, sweet-natured companion who enjoys a relaxed lifestyle and just needs a little time to blossom, Alvin could be the perfect addition to your family. Alvin is at Western Sydney.","alvin-2",""
"2024-03-01","Southern NSW/ACT (Bulli, Nowra, Goulburn, Canberra)","956000015761225","Dua","2026-07-23","FEMALE","","Meet Dua — a sweet, sensitive soul with a goofy streak that will keep you smiling every day. Initially a little shy, Dua quickly shows her true colours once she feels safe: affectionate, funny, playful, and always ready for a cuddle with her favourite human. Too slow for the racing world but perfectly suited to family life, Dua still loves to zoom around the yard and entertain everyone with her silly energy and lovable personality. She enjoys exploring new environments with a trusted companion by her side and is a very clever girl who likes to keep herself busy. Dua is searching for a calm, quiet home where she can truly relax and enjoy the simple things in life. She would thrive with another calm dog for company and companionship. Due to her impressive problem-solving skills and history of finding creative escape routes just to visit her hound friends, Dua will require a secure, fully fenced yard. If you’re looking for a loyal best friend who will make you laugh, snuggle close on the couch, and bring endless love into your life, Dua may just be your perfect match.","dua",""
"2020-08-01","Western Sydney (Londonderry)","956000011586352","Charlie","2026-07-23","MALE","","Charlie is a sweet, dog social boy with a sweet personality to match his handsome looks. His happy personality is hard not to fall in love with, and he would suit a home with respectful kids. He lights up every room he enters with his infectious energy and signature grin. Whether he’s heading out for a walk, playing with his favourite toys, or simply soaking up attention, Charlie approaches life with enthusiasm and charm. Charlie enjoys having company around him and would love a home where he can be part of the daily routine and included in family life. One of Charlie’s greatest joys is playtime, especially when squeaky toys are involved. With his good looks, playful spirit, and affectionate nature, he’s sure to make a wonderful addition to a lucky family. Meet Charlie at Western Sydney.","charlie-22",""
"2023-12-01","Western Sydney (Londonderry)","956000013251181","Henry","2026-07-23","MALE","","Henry is a confident, goofy greyhound with a big personality and an even bigger love for people and has spent time around children and small dogs and would be happy mingling with them but not living along side. He’s friendly, affectionate, and always keen for pats, sniffy walks, and hanging out with his humans. He travels beautifully in the car, settles calmly in a crate, and is generally an easy-going lad. He’s social, gentle and full of cheeky charm. Henry is ready to find a home full of comfy couches, snacks, and a family to adore him. Meet Henry at Western Sydney.","henry-11",""
"2021-12-01","Western Sydney (Londonderry)","956000007429012","Bolt","2026-07-23","MALE","","Bolt is a gentle, sweet-natured greyhound with a soft soul and plenty of love to give. While he can be a little reserved when first meeting new people, it doesn’t take long for his affectionate side to come through once he feels comfortable. He’s the kind of dog who builds strong bonds with his people and absolutely blossoms in a calm, supportive environment. He would thrive in a home with a calm medium to large breed dog to keep him company and to build his confidence. Bolt is wonderful to walk and has lovely lead manners, making outings together an easy and enjoyable part of the day. He would be happiest in a home with older children who can respect his gentle nature and give him the space he needs to settle in at his own pace. For someone willing to give him a little time and reassurance, Bolt will reward them with trust, loyalty, and the quiet kind of love that feels extra special because it’s earned. Available at Western Sydney.","bolt-1",""
"2022-11-01","Hunter Valley Mid Coast (Maitland/ Muswellbrook/Newcastle/Forster)","956000015618876","Kermit","2026-07-23","MALE","","Meet Kermit — a loving and affectionate grey with a big personality and an adventurous spirit. Kermit loves exploring the world around him and would thrive with a family who enjoys an active lifestyle and can include him in plenty of fun and daily activities. Curious, social, and full of enthusiasm, he’s always ready to see what’s happening next. Kermit is incredibly people-focused and absolutely adores affection. He can get a little over the top with his excitement, often jumping up for cuddles, kisses, and attention because he simply loves being close to his humans. His playful and affectionate nature makes him a wonderfully entertaining companion who brings plenty of energy and joy into a home. Because of his enthusiastic personality and lively approach to affection, Kermit would be best suited to a family or active household rather than an older adopter. With the right home, he’ll make a loyal, fun-loving companion who will happily shower his people with love every single day.","kermit",""
"2018-10-01","Hunter Valley Mid Coast (Maitland/ Muswellbrook/Newcastle/Forster)","956000006170070","Chewy","2026-07-23","FEMALE","","Meet Chewy — a confident and engaging grey who navigates the world with calm curiosity and an easygoing nature. Chewy enjoys taking in her surroundings and approaches new experiences with quiet confidence, making her a relaxed and enjoyable companion to have by your side. She’s a social girl who likes being involved in family life and forms lovely connections with the people around her. Whether she’s joining in on daily activities, exploring the backyard, or simply relaxing close to her family, Chewy brings a calm and steady presence wherever she goes. Chewy would be well suited to a family home with a yard where she can enjoy space to wander, explore, and unwind. With her confident temperament, gentle curiosity, and engaging personality, Chewy is sure to make a wonderful companion for a family looking for a loyal and easygoing grey to share life with.","chewy",""
"2022-07-01","Hunter Valley Mid Coast (Maitland/ Muswellbrook/Newcastle/Forster)","956000007467013","Jane","2026-07-23","FEMALE","","Meet Jane — a shy but absolutely adorable girl with a gentle nature and a calm, sweet personality. While she may take a little time to feel comfortable in new surroundings, Jane has all the makings of a loving and loyal companion for a family willing to give her patience, kindness, and reassurance. Jane is a very chilled girl who enjoys a peaceful environment and would thrive in a home where she can settle in at her own pace and gradually build confidence. With a loving and caring family by her side, she is sure to blossom and show more of her affectionate personality as she learns to feel safe and secure. Her relaxed and easygoing temperament makes her well suited to a variety of living situations, whether that’s a house with a yard to enjoy or a quieter unit complex lifestyle. Jane would make a wonderful companion for someone looking for a gentle, low-key grey to share life’s quieter moments with.","jane-6",""
"2022-04-01","Hunter Valley Mid Coast (Maitland/ Muswellbrook/Newcastle/Forster)","991003001973599","Duke","2026-07-23","MALE","","Meet this gentle boy — a sweet and sensitive grey who is looking for a patient and caring adopter to help him feel safe and settled in his new home. While he may be shy at first, with a little time and understanding he begins to build trust and show his lovely personality. Once he gets to know someone, his confidence grows and he becomes a much more relaxed and engaging companion. As he settles in, his playful side starts to shine through, and he enjoys having fun and interacting with those he feels comfortable around. Watching him come out of his shell and gain confidence is incredibly rewarding, and he forms strong bonds with the people who give him the time and reassurance he needs. He has also handled stairs well, showing he can adapt confidently to different home environments. This lovely boy would thrive in a calm, supportive home where he can continue building his confidence at his own pace and enjoy the companionship and security of a loving family.","duke-14",""
"2023-05-01","Hunter Valley Mid Coast (Maitland/ Muswellbrook/Newcastle/Forster)","956000015756336","Adrian","2026-07-23","MALE","","Meet Adrian — a very social and engaging grey with a confident, easygoing nature that makes him a pleasure to be around. Adrian enjoys interacting with people and naturally draws others in with his friendly personality and calm confidence. He’s the kind of companion who settles in quickly and enjoys being included in everyday life. Adrian has shown himself to be very confident in different situations, including being comfortable and capable with stairs, which makes him adaptable to a wide range of living environments. Whether in a busy family home, a quieter household, or a unit setting, Adrian’s relaxed and adaptable temperament means he is likely to thrive wherever he goes. He has also been exposed to younger children and has shown himself to be comfortable around them, making him a lovely option for families looking for a gentle and social companion. With his affectionate nature, confidence, and ability to fit easily into different lifestyles, Adrian is ready to bring companionship, warmth, and plenty of happy moments to his future home.","adrian",""
"2021-01-01","Hunter Valley Mid Coast (Maitland/ Muswellbrook/Newcastle/Forster)","956000007446623","Blaze","2026-07-23","MALE","","Meet Blaze — a confident, outgoing boy with a fun-loving spirit and a heart full of adventure. Blaze loves exploring the world around him and is always eager to see what’s happening, whether it’s heading out for a walk, discovering new places, or joining in on family activities. He’s a social and engaging companion who enjoys being around people and quickly wins everyone over with his friendly nature and charming personality. One of Blaze’s favorite things is playing fetch, and he’ll happily spend time chasing after toys and bringing them back with enthusiasm. He’s playful without being over the top and knows how to enjoy both active moments and relaxed downtime. Blaze also gets along beautifully with other greys, making him a wonderful addition to a home with canine companions or regular doggy playdates. With his confident nature, affectionate personality, and easygoing social skills, Blaze is the kind of dog who brings warmth, fun, and companionship wherever he goes.","blaze-9",""
"2022-04-01","Western Sydney (Londonderry)","956000011330719","Ernie","2026-07-23","MALE","","*Ernie has just got to foster - stay tuned for updates!* Meet Ernie! a sweet and quiet boy who is looking for a calm home where he can truly flourish. This handsome lad loves all the important things in life – tasty treats, fun toys, spending time with other dogs, and forming strong bonds with his favourite people. Once he feels comfortable, he enjoys being close to those he trusts and will reward your patience with plenty of affection and goofiness Ernie is looking for a family to call his own and would best suit an adult only family or a family with teens aged 16 and over. A home with a yard is preferrable so that he can he can have the space he needs to settle in He can be a little shy when meeting new people or experiencing unfamiliar situations, so he'll need a quiet, understanding home where he can settle in at his own pace. His ideal family will be willing to help build his confidence through gentle encouragement, positive experiences, and lots of reassurance. Ernie has shown that he can use stairs, loooves his bed and will even start to get the zoomies when he starts to show his personality. It will be a highly rewarding journey for whoever adopts our special boy Ernie. He loves lying on blankets in the garden, sitting in his shell pool and cuddling you once he knows you. Meet Ernie by appointment at Western Sydney.","ernie-7",""
"2023-01-01","Southern NSW/ACT (Bulli, Nowra, Goulburn, Canberra)","956000014914471","Tilly","2026-07-23","FEMALE","","Tilly is a sweet and affectionate greyhound with a calm nature and a love for family life. A true water baby, she absolutely loves swimming in the dam and would thrive in a home where she can enjoy outdoor adventures and plenty of companionship. Tilly is polite and relaxed around other dogs, both big and small, and has experience living around farm animals, puppies, and children. Her gentle temperament and adaptable personality make her a wonderful candidate for a variety of homes. She loves affection, enjoys being close to her people, and responds well to her name when called. Tilly’s loving and easy-going nature shines through in everything she does, making her a beautiful companion both at home and out exploring. Tilly is now searching for a caring forever family who will cherish her kind heart, playful spirit, and love of life.","tilly-8",""
"2021-02-01","New England","956000007464935","Nugget","2026-07-23","MALE","","Nugget is an absolute goofball who is guaranteed to keep you smiling every single day! This fun-loving greyhound has a big personality and an even bigger love for life, he’s always ready to be right in the middle of whatever’s going on. Full of playful energy, Nugget thrives on interaction and loves being part of the action. Whether it’s a game, a walk, or just hanging out with his people, he’s happiest when he’s included. His silly antics and cheeky charm make him endlessly entertaining, and he’s always finding new ways to make you laugh. Despite his playful nature, Nugget also has a sweet side and enjoys spending time with his humans, soaking up attention and companionship. He’s the kind of dog who brings joy, laughter, and a whole lot of personality into the home. If you’re looking for a fun, lively companion who will keep life exciting and full of love, Nugget is your guy","nugget-4",""
"2022-10-01","New England","956000007428543","Betty","2026-07-23","FEMALE","","True to her name, Beautiful Betty is an absolute delight, inside and out. This gorgeous greyhound is bursting with love, joy, and a personality that lights up every room she enters. Betty has a zest for life that’s simply infectious. Whether she’s doing happy zoomies, exploring her surroundings, or soaking up attention from her favorite humans, she approaches each day with enthusiasm and charm. Her affectionate nature means she’s always ready for cuddles, leaning gently in for pats and sharing her sweet, loving presence. She thrives on connection and will quickly become the heart of any home. Betty’s warmth, playful spirit, and gentle soul make her the perfect companion for someone looking for a dog who brings both fun and comfort in equal measure.","betty-22",""
"2020-01-01","Western Sydney (Londonderry)","956000012179419","Sue","2026-07-23","FEMALE","","Meet Sue, a gorgeous 6-year-old black greyhound with a gentle soul and the sweetest little tail wag. This lovely middle-aged lady enjoys quiet exploring, friendly sniffs with other greyhounds, and slowly warming up to her people once she feels comfortable. Sue walks beautifully on lead and has a calm, easy-going nature, though loud environments can make her a little unsure. She’s friendly with other greyhounds and has shown manageable behaviour around small dogs, but she is not suitable for a home with cats. Sue is currently uncomfortable with crates and may need patience and reassurance with transport and confinement. With her soft nature and adorable personality, she’ll make a lovely companion for someone looking for a sweet and gentle best friend. Meet Sue at Western Sydney.","sue-5",""
"2022-01-01","Western Sydney (Londonderry)","956000007424484","Fin","2026-07-23","FEMALE","","Fin is a gorgeous girl looking for a calm, secure home to call her own. She can be quite shy when she first meets you but she responds beautifully to gentle encouragement, comes when called, and gradually relaxes over time. Fin is friendly with big and small dogs, walks lightly on lead, enjoying a sniff around gently and quietly. Once she warms up she likes to do zoomies and likes toys and treats. She is affectionate with other dogs big and small, greeting them softly and politely. Her best suited doggie pal is a medium to large breed. Due to her sensitive nature, she would be best suited to a quieter home without young children. With patience and reassurance, this lovely girl has all the makings of a gentle, perfect greyhound to be your new best friend. Meet Fin at Western Sydney.","fin-5",""
"2019-04-01","Western Sydney (Londonderry)","956000006697306","Wanda","2026-07-23","FEMALE","","Wanda is a gorgeous girl full of plenty of excitement. Pretty girl Wanda is friendly with other greyhounds, though a calm and tolerant companion would suit her best as she has a vibrant streak when around other dogs. She just wants to have fun with them! Being middle aged she is a perfect blend of calm, perky, but laid back when she needs to be. She is also suitable as a solo pet with shorter hours alone at the start of her pet journey. This gorgeous girl is full of love and can't wait to become a pet. If you have a small fully fenced garden, another dog her size, or older fun loving kids for this playful outgoing girl, get in touch with Western Sydney!","wanda-3",""
"2023-12-01","Hunter Valley Mid Coast (Maitland/ Muswellbrook/Newcastle/Forster)","956000017182640","Bullet","2026-07-23","MALE","","Meet Bullet — a very social greyhound with a friendly, easygoing nature and a love for being part of the action. With medium energy levels, he’s well suited to an active lifestyle, happily joining in on daily walks, outings, and family routines while still knowing how to relax at home. Bullet has been living in a house environment over the past two months and has adapted well to home life. He’s also been interacting with children, showing a comfortable and sociable temperament that makes him a great candidate for a family setting. With his outgoing personality and balanced energy, Bullet is a wonderful companion for those looking for a dog who can keep up with an active routine while also enjoying downtime surrounded by his people.","bullet",""
"2022-11-01","Hunter Valley Mid Coast (Maitland/ Muswellbrook/Newcastle/Forster)","956000011300682","Kirra","2026-07-23","FEMALE","","Meet Kirra — a gentle, small black greyhound with a quietly curious soul. At first, she can be a little reserved, taking her time to understand new surroundings and build trust. Kirra would benefit from some continued training and patient guidance to help her grow in confidence and truly come out of her shell. Once she feels safe and comfortable, though, Kirra’s personality begins to shine. She reveals a playful, fun-loving side that’s full of charm and warmth. Whether it’s engaging in a game, exploring her environment, or simply sharing a moment with her person, Kirra brings a sweet and joyful energy that makes her incredibly special. With the right support and a loving home, Kirra has all the makings of a loyal, affectionate companion who will reward patience with endless moments of connection and delight.","kirra",""
"2020-11-01","Western Sydney (Londonderry)","956000011710034","Bob (Western Sydney)","2026-07-23","MALE","","Not only is this blue fawn boy an absolute stunner, but he has an incredible personality to match! Meet Bob the 5-year-old greyhound! Bob is an outgoing and confident boy who would be a great match for someone looking for an adventure buddy. He loves a good walk and is amazing at walking on the longline, making him a fantastic and easy walking partner. Bob also LOVES his toys and will gladly trade out a walk for a play session in the backyard if you don't feel like going out some days! He is a very intelligent and food-driven boy and has picked up early training quickly, having already mastered longline recall, ""down"", ""off"" and is working on a few more fun cues! Bob is quite happy to spend the day alone and is suitable for full-time workers, as long as you are willing to spend some quality time with him and make up some enrichment activities before heading off for the day. Bob is friendly with other medium-large dogs and would be suitable for hanging out regularly with canine friends, but would prefer to live as the only dog in the home so he can have all the treats, toys and love to himself. Older kids/teens are also suitable, but a home without young children is best. We just know Bob is going to make the best companion! He is waiting for you at our Western Sydney Kennels.","bob-19",""
"2022-03-01","Southern NSW/ACT (Bulli, Nowra, Goulburn, Canberra)","956000011345499","Pete","2026-07-23","MALE","","Pete is a gentle boy who is social and fun. He plays well with young kids, he knows his name and comes when called. Pete can do stairs and likes playing with toys. You would never feel lonely with Pete in your life.","pete-8",""
"2022-09-01","Hunter Valley Mid Coast (Maitland/ Muswellbrook/Newcastle/Forster)","956000015732535","Poppy","2026-07-23","FEMALE","","** Poppy is currently in foster-care** Poppy is a gentle, goofy girl who’s stealing hearts while living her best foster life with a golden retriever buddy. She’s incredibly well-mannered, toilet trained, and even knows her basic commands – she’ll sit, lay down, and patiently wait for the go-ahead before eating. What a superstar! This gorgeous girl loves snuggles, going for walks, and being around her people. She’s got a curious nature and thrives on companionship, both human and canine. Poppy would do best in a home with another friendly dog to keep her company and help her continue building confidence. She has no problems with resource guarding and doesn't mind sharing her food and toys. While she’s mostly chill, Poppy does get a little sooky when you leave the house – but she settles down pretty quickly. Ideal Home: A secure backyard with fencing (a must for this curious girl!) Another friendly dog would be a bonus No cats or staffys, please An active lifestyle – she loves walks and adventures A home where someone is around a bit more often than not","betsy-1",""
"2023-01-01","Western Sydney (Londonderry)","956000014911054","Shadow (Western Sydney)","2026-07-23","FEMALE","","*Hello, I have just gone to foster care! I'll have some updates soon!* Little 3 year old girl Shadow can't wait to meet you! This adorable, 3-year-old girl is new to pet life and can be a little nervous at first. She is an active and curious greyhound who is learning about the world around her. Out and about, she enjoys exploring her surroundings, happily sniffing, investigating, and showing an interest in everything going on around her. A house with a backyard would be a great fit so she can retreat if needed. A home with another medium/large dog would suit her too. She has a fun, playful side and will happily chase after toys, showing off her light, bouncy side when she’s feeling excited. With people, she is shy but friendly and we are sure she will blossom into a perfect pet. A home with older kids is best as she has her shy moments. She is most relaxed around other greyhounds, happy to move along without fuss. With her playful energy, curiosity, and friendly nature, this girl is ready to become a fun and engaging companion in her new home. Meet sweet little Shadow at Western Sydney.","shadow-western-sydney",""
"2022-04-01","Western Sydney (Londonderry)","956000011309268","Jack (Western Sydney)","2026-07-23","MALE","","Jack is a gentle, shy and thoughtful greyhound. He will meet you with a gentle wagging tail, with polite manners and will lean in for love. Once he knows you he warms up quickly. He’s been seen carrying toys around and is happy to explore what’s around him which we think is so sweet. He would suit a house with a courtyard to backyard size outdoor area to roam around. Jack has previously been around children aged 12 and 7 and has also spent time around a Labrador, showing he can live alongside kids and other dogs when interactions are calm and respectful. With other greyhounds he’s easygoing with a quick sniff and move on, he responds well to recall and could improve further with training and exposure. Jack is a sweet gentle boy who would love to meet you. Ps did we mention he has an adorable overbite?! Available at Western Sydney.","jack-western-sydney-3",""
"2021-05-01","Western Sydney (Londonderry)","956000011580558","Benny (Western Sydney)","2026-07-23","MALE","","Whether it's posing for photos or playing with toys, Benny has an amazing personality he can't wait to share with you. He has continued to embrace training, responding very well to positive reinforcement techniques. His ideal home would be one who enjoys an active dog, who enjoys engaging in play (eg toys!) and structured routines. His food drive is high which makes him easily motivated but boundaries around human items is best. Overall, he is a lovely, resilient, and confident boy who always gets the excited wiggles whenever he sees staff at the centre. He loves food BUT! He loves toys more, and is a very motivated and eager to please type boy. He engages with enrichment like a champ, showing off his skills as he works through puzzle toys and snuffle mats, keeping him entertained while you're gone. He can coexist nicely with other greyhounds and can be rehomed along side one, but doesn't seem to need a dog friend in his life and would be comfortable as a solo pet. A home without young kids would suit Benny as he does like to check out what treats or toys might be in your hands! A quieter suburb with space for him to run around would be perfect. Benny dreams of a townhouse/backyard with an outdoor area, and would be happy to show you his skills on staircases if you have stair access. As a solo pet, shorter hours alone at the start are best as he learns resilience. Meet this handsome boy at Western Sydney.","benny-12",""
"2020-12-01","Hunter Valley Mid Coast (Maitland/ Muswellbrook/Newcastle/Forster)","956000007444094","Pb","2026-07-23","MALE","","PB is a distinguished gentleman with a wonderful zest for life. He carries himself with a calm confidence but still has plenty of enthusiasm for getting out and about, making him a great match for someone who enjoys an active lifestyle. He would be best suited to a home with a yard where he can stretch his legs and enjoy the outdoors, balanced with time spent relaxing alongside his people. PB brings a lovely mix of maturity and energy—happy to join in on adventures, then settle in like the true gentleman he is. If you’re looking for a loyal companion who appreciates both activity and downtime, PB could be the perfect addition to your home.","pb",""
"2018-10-01","Hunter Valley Mid Coast (Maitland/ Muswellbrook/Newcastle/Forster)","956000006675911","Polly","2026-07-23","FEMALE","","Polly is a gentle greyhound who just needs a little time and patience to show her true self. She can feel unsure around new people and unfamiliar surroundings, so she’ll do best with an understanding adopter who’s willing to let her settle in at her own pace. With kindness and consistency, Polly gradually builds her confidence—and when she does, it’s incredibly rewarding to see her personality shine. She becomes engaging, affectionate, and enjoys connecting with her people in her own sweet way. For someone willing to give her that extra time and reassurance, Polly will blossom into a loyal and loving companion.","polly-13",""
"2021-05-01","Hunter Valley Mid Coast (Maitland/ Muswellbrook/Newcastle/Forster)","956000007425086","Star","2026-07-23","MALE","","Star is a bright, playful greyhound with a confident and social nature that makes him an instant favourite wherever he goes. He thrives on interaction and enjoys being part of the action, whether that’s playtime, walks, or simply hanging out with his people. Adaptable and easygoing, Star would fit well into just about any home environment. His confidence helps him settle in quickly, and his friendly personality means he’s always ready to make new friends. He also knows his own name and responds well, which is a great foundation for further training. With his cheerful energy and affectionate side, Star is the kind of companion who brings fun, warmth, and loyalty into everyday life.","star-12",""
"2022-08-01","Southern NSW/ACT (Bulli, Nowra, Goulburn, Canberra)","956000015731511","Albatross","2026-07-23","MALE","","Albo is a charming boy who likes to stretch his legs in the yard, he has been living in a rural environment surrounded by native and domestic animals. He is happy to be left alone and plays well with children. Intelligent and active he would make the perfect training partner. He is not only handsome but is eager to please and would excel in a dog sport such as sprint dogs, agility or even fly ball with the correct training and acclimation.","albo",""
"2021-04-01","Mid North Coast","956000012226369","Guthro","2026-07-23","MALE","","Meet Guthro 🐾 Guthro is a handsome black greyhound with a gentle, affectionate nature and a wonderfully endearing personality. At five years old, he is a calm, people-focused boy who thrives on connection and companionship. Guthro walks nicely on lead and is easy to go along with, happily moving with you while also taking time to follow interesting scents and explore his surroundings. He enjoys a good sniff and has a playful side, occasionally enjoying little bursts of energy and zoomies. He is very human-oriented and loves affection, often leaning in for pats and happily soaking up attention. Guthro forms strong bonds with his people and enjoys being close, showing a soft and trusting nature. He is also comfortable being handled and is easy to interact with in a calm, gentle way. Guthro is social and relaxed around other greyhounds, particularly enjoying the company of calm dogs. He is also known to enjoy the company of female dogs and generally settles well in social settings when things are calm and balanced. He would suit a home where he can form a close bond with his people, ideally with someone who enjoys a loyal, affectionate companion. Guthro is well suited to a relaxed household where he can enjoy both cuddle time and gentle daily walks, and he will thrive with someone looking for a true “one-person style” bond. With his loving nature, soft personality, and playful charm, Guthro is a very special boy ready to become a deeply devoted companion.","guthro",""
"2023-01-01","Hunter Valley Mid Coast (Maitland/ Muswellbrook/Newcastle/Forster)","956000014891144","Penny","2026-07-23","FEMALE","","Meet Penny 🐾 Penny is a beautiful black greyhound with a bright, friendly personality and a lovely zest for life. At just over three years old, she is a confident and social girl who brings warmth and enthusiasm wherever she goes. Penny is very comfortable on lead and enjoys her walks, moving along with a happy, wagging tail as she explores the world around her. She is curious and engaged in new environments, happily sniffing and taking everything in while remaining relaxed and easygoing. She is highly people-oriented and loves human interaction, happily soaking up pats, cuddles, and attention. Penny has a very affectionate and engaging nature, making her a joyful companion who thrives on connection. Penny is social with other greyhounds and travels well alongside them. She has a generally easygoing approach to her surroundings and is a confident, adaptable young dog. She would suit a loving and active home that can enjoy her friendly, outgoing nature and include her as part of daily life. Penny is well suited to family environments and has experience being handled by children. She will thrive with people who appreciate a sociable, affectionate dog who enjoys being part of the action. With her sweet temperament, confidence, and love of people, Penny is a truly delightful companion ready to bring happiness and energy to her new home.","penny-15",""
"2022-09-01","Hunter Valley Mid Coast (Maitland/ Muswellbrook/Newcastle/Forster)","956000014886772","Spud","2026-07-23","MALE","","Meet Spud 🐾 Spud is a striking black greyhound with a big heart and an even bigger zest for life. At just over three and a half years old, he is an energetic, confident, and affectionate boy who brings enthusiasm and joy wherever he goes. Spud is a very social and people-focused dog who loves interaction and is always excited to say hello. He is bouncy, engaging, and full of personality, often greeting people with happy enthusiasm and a wagging tail. On lead, he is strong and lively, enjoying his walks with plenty of energy and curiosity, and will thrive with someone who enjoys an active lifestyle. He is highly confident in new environments, happily sniffing, exploring, and taking everything in stride. Spud also travels well and enjoys the company of other greyhounds, showing friendly and social behaviour when out and about with his peers. Spud has a skin sensitivity that may require occasional management, particularly during wetter seasons, but he is otherwise in good health with a lovely coat and bright, clear eyes. He will suit an active home that can match his energy and enthusiasm, where he can enjoy plenty of exercise, structure, and positive engagement. Spud may be too enthusiastic for smaller animals, so a pet-free home or one experienced with managing high-energy dogs would be ideal. With his affectionate nature, playful spirit, and boundless enthusiasm, Spud is a truly lovable companion who will bring fun, energy, and plenty of personality to the right home.","spud-5",""
"2022-09-01","Hunter Valley Mid Coast (Maitland/ Muswellbrook/Newcastle/Forster)","956000014886938","Apple","2026-07-23","FEMALE","","Apple 🐾 is a vibrant black greyhound with a big personality and an even bigger love for life. At just over three and a half years old, she is full of energy, confidence, and enthusiasm, bringing a fun and lively presence wherever she goes. Apple is an outgoing and social girl who absolutely adores people. She greets the world with a wagging tail and a joyful, bouncy attitude, always ready to say hello and be part of the action. On lead, she is confident and eager, enjoying her walks with plenty of excitement and curiosity as she takes in her surroundings. She thrives in new environments, happily exploring, sniffing, and engaging with everything around her. Apple also gets along well with other greyhounds and larger dogs, travelling comfortably alongside them and showing relaxed, friendly behaviour. She has shown a positive, manageable interest in smaller dogs, responding well and remaining engaged and happy. At home, Apple will suit an active household that can embrace her zest for life and continue to guide her as she channels her enthusiasm. She would love owners who enjoy getting out and about and can provide both physical activity and mental enrichment to keep her happy and fulfilled. With her confident nature, affectionate personality, and playful spirit, Apple is a wonderfully engaging companion who will bring energy, fun, and plenty of smiles to the right home.","apple-1",""
"2022-05-01","Hunter Valley Mid Coast (Maitland/ Muswellbrook/Newcastle/Forster)","956000011309440","Jett","2026-07-23","MALE","","Meet Jett 🐾 Jett is a striking black greyhound with a sensitive nature and a gentle soul. At nearly four years old, Jett is still building his confidence and will truly flourish in the right supportive home. Jett is a thoughtful boy who is very aware of his surroundings and benefits from a calm, predictable environment. Once he has time to settle, he shows his softer side and begins to relax, taking comfort in routine and familiarity. He travels well and has lovely manners around food and his belongings, making him an easy companion in day-to-day life. He enjoys the company of other greyhounds and larger dogs, where he feels comfortable and at ease. Jett would benefit from a confident canine companion or a home that can continue to gently build his confidence at his own pace. With patience and understanding, he will continue to grow into a more relaxed and secure dog. Jett would be best suited to a quiet, low-traffic home with owners who can provide a calm and consistent environment. He will thrive with people who are happy to give him the time and space he needs to settle in and feel safe. A home without small pets or young children is recommended. With kindness, patience, and a steady routine, Jett has all the potential to become a deeply loyal and rewarding companion.","jett-6",""
"2022-02-01","Hunter Valley Mid Coast (Maitland/ Muswellbrook/Newcastle/Forster)","956000011354513","Boof","2026-07-23","MALE","","🐾Meet Boof 🐾 A handsome black greyhound with a calm, gentle presence and an independent streak. At just over four years old, he has settled into a relaxed and confident nature, taking life in stride and enjoying things at his own easy pace. Boof is a lovely walking companion, moving beautifully on lead and taking in the world with quiet curiosity. He enjoys a gentle sniff and explore, all while remaining composed and unbothered by his surroundings. At home, Boof is very comfortable in his own company and is happiest simply sharing space with you, making him a wonderful match for those who appreciate a more laid-back, undemanding companion. He adapts well to new situations, travels comfortably, and shows lovely manners around food. Boof also socialises nicely with other greyhounds and larger dogs, displaying relaxed and easygoing behaviour. Boof would be well suited to a calm household, including apartment living, where he can enjoy a peaceful routine of short walks and plenty of rest. He’ll thrive with owners who value a low-maintenance, independent dog. With a little guidance around smaller pets, Boof will make a gentle, quietly rewarding companion.","boof-4",""
"2024-04-01","Southern NSW/ACT (Bulli, Nowra, Goulburn, Canberra)","956000015662141","Kaique","2026-07-23","MALE","","This young boy is very handsome, extremely friendly and affectionate. He is great company, good around young kids and social with other hounds. He would make a great family addition.","kaique",""
"2023-10-01","Southern NSW/ACT (Bulli, Nowra, Goulburn, Canberra)","956000015735119","Ned","2026-07-23","MALE","","Ned is a pleasant young hound. He did not race and has always been destined for pet life. He may come across shy at first however he warms up quickly and is great company. Ned has previously displayed some signs of not enjoying being on his own without other dogs or people for company and thus would suit a home with another medium to large sized dog to play with. Some of his favorite activities include playing with Kongs and Licky matts, puzzle toys, munching on frozen carrots and being with his friends.","ned-3",""
"2020-12-01","Northern Rivers (Grafton, Lismore, Casino)","956000007374945","Gus","2026-07-23","FEMALE","","Meet Gus – a laid-back, affectionate greyhound with a love for the simple pleasures in life. Gus is a friendly, easy-going boy who takes everything in his stride. He has a calm, chilled nature and is happiest when he’s by your side, soaking up attention and enjoying a good pat. His affectionate personality makes him a wonderful companion for someone looking for a loyal and loving friend. One of Gus’s favourite things is a car ride – he’s always keen to hop in and join you on an adventure, whether it’s a quick trip or a longer outing. At home, he’d love nothing more than his own comfy couch to stretch out on, along with a yard where he can have a play and enjoy some fresh air. Gus is the kind of dog who fits easily into a home, bringing a relaxed and loving presence wherever he goes. If you’re looking for a gentle, affectionate boy to share your days with, Gus could be just the one.","gus-13",""
"2020-05-01","","956000007358382","Harvey","2026-07-23","MALE","","Harvey is a handsome male greyhound who is nearly 6 years old and has a wonderfully cruisy, easy-going nature. He takes life in his stride and settles quickly into new environments, making him a very adaptable companion. Harvey is polite and relaxed around small dogs, showing a calm and easy-going attitude when meeting them. He enjoys getting out and about, especially if it involves a car ride, which he absolutely loves. On warmer days, Harvey likes to cool down by dipping his paws in water – a simple pleasure that suits his laid-back personality. At home, he’s happiest relaxing on his bed and enjoying the comforts of a quiet space. With his gentle nature and relaxed outlook, Harvey would make a wonderful addition to a home looking for a calm, easy companion to share life’s everyday moments.","harvey-4",""
"2022-07-01","Northern Rivers (Grafton, Lismore, Casino)","956000007840890","Boondy","2026-07-23","MALE","","Boondy is a calm, cuddly boy who has been described as an all-round great dog and a lovely companion. He thrives on human connection and would much rather spend his time with his people than anything else. He enjoys the water and isn’t one to pass up the chance for a dip in a pool, making him a fun addition to a home that enjoys relaxed outdoor time. Boondy has been socialised with small dogs and, while he was happy to say hello, he showed little interest beyond that, preferring the company of humans. He loves getting out for a walk, though he can be a little strong on the lead at times, so he would suit a confident person who can continue to guide him. With his gentle nature and affectionate personality, Boondy is ready to find a home where he can be loved, included, and enjoy the simple things in life.","boondy",""
"2023-10-01","","956000015766934","Flynn","2026-07-23","MALE","","Meet Flynn 🐾 Flynn is a handsome young blue greyhound with a gentle nature and a big love for people. At just over two years old, he’s at a wonderful stage of life where he’s ready to leave his racing days behind and settle into a relaxed, loving home. He’s a happy, smoochy and social boy who truly enjoys human company, happily leaning in for pats and attention whenever he gets the chance. Flynn is a confident and easygoing dog who enjoys exploring his surroundings and having the occasional burst of playful zoomies before settling down again. He has a lovely balance of playfulness and calm, making him an easy companion to have around the home. He also travels very well, remaining relaxed and content in both the car and crate, which will make outings and trips with him an enjoyable experience. He can be a little strong on the lead to begin with, but he settles quickly and walks along well, and with some ongoing guidance and consistency he will continue to improve. Flynn gets along well with other greyhounds and would likely do well either as an only dog soaking up all the attention, or in a home with another medium to large, calm canine companion. Flynn would thrive in a loving home where he can be part of the family, with access to a secure yard for the occasional zoomies and owners who can continue to guide him as he transitions into pet life. With his affectionate personality, relaxed nature and willingness to engage, Flynn is a lovely young greyhound who will make a loyal and rewarding companion.","flynn-2",""
"2022-01-01","Southern NSW/ACT (Bulli, Nowra, Goulburn, Canberra)","956000007431256","Amber","2026-07-23","FEMALE","","Amber is a stunning quiet girl, she is sweet and affectionate, has lived around kids and has also had exposure to domestic and native animals. She also shares her space well with the other hounds.","amber-8",""
"2021-12-01","Central West (Bathurst/Dubbo/Coonabarabran)","956000012899081","Hanno","2026-07-23","MALE","","Meet Hanno - your gentle giant with the softest soul 💛 Hanno is a big, beautiful boy with an even bigger heart. True to his gentle nature, he absolutely adores people and will happily rest his head on your lap for pats, cuddles, and all the love you can give. He has a sweet, easygoing temperament and is just as happy playing with his toys as he is lounging around and soaking up a quiet moment with you. Whether it’s a little playtime or a lazy afternoon on the couch, Hanno is simply content being by your side. If you’re looking for a calm, affectionate companion Hanno might just be your perfect match 🐾","hanno",""
"2022-01-01","Hunter Valley Mid Coast (Maitland/ Muswellbrook/Newcastle/Forster)","956000007468142","Archie","2026-07-23","MALE","","🐾 Meet Archie Archie is a confident and curious greyhound who enjoys getting out and exploring the world around him. On walks, he is easy to handle, happily moving along at a relaxed pace while taking in all the sights and smells. He’s a friendly boy who will say hello and enjoys attention, though he’s just as content following his nose and exploring his surroundings. Archie has a more independent nature, making him a great match for someone who appreciates a dog that enjoys both company and doing his own thing. Archie travels calmly and has shown himself to be relaxed in new environments, taking everything in stride. Archie would be best suited to a home without small dogs or cats, where he can feel comfortable and focus on his walks and daily routine. If you’re looking for a laid-back, independent greyhound who enjoys exploring and living life at his own pace, Archie could be a great addition to your home.","archie-15",""
"2022-11-01","Hunter Valley Mid Coast (Maitland/ Muswellbrook/Newcastle/Forster)","956000015030611","Elvis","2026-07-23","MALE","","🐾 Meet Elvis Elvis is a happy, confident greyhound who brings a fun and enthusiastic energy to everything he does. He enjoys getting out and about, approaching the world with curiosity and excitement, always keen to explore what’s around him. On walks, Elvis can be strong on lead at times, especially when something catches his interest, but he settles into the outing and enjoys a good wander. He’s an engaging companion who likes to be part of the action and see what’s going on. Elvis is very people-friendly and loves affection. He’ll happily come up for pats, wagging his tail and staying close to soak up the attention. He’s also been around children and has shown a positive, social nature. He travels calmly and is comfortable in new environments, taking things in stride while still enjoying the excitement of getting out and about. Elvis would benefit from a home that can continue to guide him on lead and support his enthusiasm. Elvis would be best suited to a home without small dogs or cats, where he can comfortably enjoy his surroundings and focus on his adventures. If you’re looking for a fun, affectionate greyhound who enjoys being out and about and loves a good cuddle, Elvis could be a great match.","elvis-4",""
"2021-10-01","Hunter Valley Mid Coast (Maitland/ Muswellbrook/Newcastle/Forster)","956000013025440","Rhino","2026-07-23","MALE","","🐾 Meet Rhino Rhino is a confident and independent greyhound with a calm, relaxed demeanour. On walks, he enjoys exploring at his own pace and can be a little strong on lead, showing his enthusiasm for new sights and smells. He approaches the world with curiosity, sniffing and investigating everything around him with quiet confidence. Rhino is an independent thinker who loves to explore and take in his surroundings. He enjoys pats and attention when it’s offered, and is happiest when allowed to discover the world at his own pace. Rhino is a calm and easy-going companion who adjusts well to new environments. He’s happy to share space with small dogs, giving them plenty of room while he goes about his own relaxed explorations. If you’re looking for an independent, confident greyhound who enjoys gentle walks, quiet exploration, and a relaxed lifestyle, Rhino could be a great companion to share your home and adventures with.","rhino-1",""
"2020-09-01","New England","956000011719419","Libby","2026-07-23","FEMALE","","Libby is a gorgeous girl with a playful spirit and the sweetest nature. She loves having fun, whether that’s zooming around the yard or sharing gentle moments with her people. Libby is especially comfortable around other medium to large dogs and enjoys their company, making her a great match for a home with larger canine friends. True to her cheerful personality, Libby has a cheeky habit of jumping up when she gets excited, it’s her way of saying hello and showing how happy she is to see you. With a little guidance, this enthusiasm will easily turn into beautifully polite greetings. Affectionate, lively, and full of charm, Libby is sure to bring laughter, love, and plenty of tail wags to her forever home.","libby-1",""
"2022-06-01","Northern Rivers (Grafton, Lismore, Casino)","956000014886527","Hunter","2026-07-23","MALE","","🐾 Meet Hunter 🐾 Hunter is a lovely, easy‑going greyhound who is ready to find his forever home. He has been well socialised with children as young as 2 years old and would suit a home with polite, dog‑savvy kids who understand how to interact respectfully with dogs. Hunter loves getting out and about and enjoys his daily walks. He walks nicely on lead and is inquisitive without being overwhelming, making him a pleasure to handle. He also has a fun side — especially when water is involved — and happily splashes around whenever he gets the chance! He gets along well with other dogs and would be happy living with a canine companion or as an only dog with regular social interaction. Overall, Hunter is an adaptable, relaxed, and friendly boy who will settle easily into a range of home environments. Hunter is looking for a home where he can enjoy his walks, spend time with his people, and be included as part of the family.","hunter-10",""
"2020-12-01","Hunter Valley Mid Coast (Maitland/ Muswellbrook/Newcastle/Forster)","956000007442925","Digger","2026-07-23","MALE","","Meet Digger, a playful and confident 5-year-old greyhound who loves being part of the action. Digger is an energetic and friendly boy who enjoys exploring his surroundings and having fun while staying responsive and easy to manage. He’s confident, playful, and happy to come when called. He’s affectionate and loves a pat, often seeking out attention from his humans. On lead, Digger is excitable but controllable, making walks enjoyable for those who like a happy, lively companion. He travels well in the car and is relaxed during outings. Digger gets along well with other greyhounds and has been exposed to small dogs on his property, showing no interest in them. With his confident, playful nature and love for pats, Digger is ready to join a loving home and bring joy every day.","digger-5",""
"2021-01-01","Hunter Valley Mid Coast (Maitland/ Muswellbrook/Newcastle/Forster)","956000007469216","Dixon","2026-07-23","MALE","","Meet Dixon, a sweet black greyhound with a calm and gentle personality. Dixon is a relaxed and easygoing boy who enjoys exploring his surroundings at his own pace. He’s confident but calm, taking new environments in stride and happy to sniff around while staying composed. He’s affectionate and approachable, happily coming over when called and enjoying quiet attention. Dixon gets along well with other greyhounds and shows no interest in small dogs, preferring to keep his own space. On lead, Dixon is well-mannered and relaxed, making walks enjoyable. He also travels calmly in the car. Dixon would thrive in a home where he can enjoy a calm, stable environment, with people who appreciate his gentle and easygoing nature.","dixon",""
"2021-01-01","Northern Rivers (Grafton, Lismore, Casino)","956000011710750","Duke","2026-07-23","MALE","","Meet Duke, a stand out greyhound with a laid-back personality and a heart of gold. Duke is the definition of an easygoing companion. Often described as a bit of a “dude,” he takes life in stride with a relaxed, happy attitude. He enjoys having a sniff and a wander but is just as content to cruise along and take things slow. He’s friendly and approachable, happily coming up for pats and enjoying quiet affection. Duke has a calm, gentle presence that makes him a lovely dog to have around the home. On lead, Duke is relaxed and easy to handle, walking along without fuss. He travels well and remains calm in the car, making outings simple and stress-free. Duke is social with other greyhounds and truly stands out for his incredibly calm nature around small dogs, making him a great candidate for homes with smaller canine companions. If you’re looking for a chilled, low-maintenance companion with a sweet and gentle nature, Duke could be your perfect match.","duke-13",""
"2019-01-01","Hunter Valley Mid Coast (Maitland/ Muswellbrook/Newcastle/Forster)","956000006794248","Cracker","2026-07-23","MALE","","Meet Cracker, a handsome 7-year-old greyhound with a big personality and a love for people. Cracker is a confident and cheerful boy who enjoys getting out and about, happily exploring his surroundings with a wagging tail and a bouncy, upbeat attitude. He brings a fun energy to his walks and loves being part of the action. He’s incredibly people-focused and engaging, often approaching for pats and happily sticking around to soak up the attention. Cracker thrives on interaction and would make a wonderful companion for someone who enjoys a social and affectionate dog. Cracker walks well on lead and travels nicely in the car, making him an easy addition to day-to-day life. He’s confident in new environments and takes everything in stride. He gets along well with other big dogs and has previously been around small dogs in a home environment. However, he can become very overexcited, so he would be best suited to a home without small pets where he can remain calm and comfortable. If you’re looking for a confident, affectionate, and fun-loving companion who will keep you company and bring a bit of joy to your day, Cracker could be the perfect match.","cracker-1",""
"2022-01-01","Hunter Valley Mid Coast (Maitland/ Muswellbrook/Newcastle/Forster)","956000007374639","Frankie","2026-07-23","MALE","","Meet Frankie, a fun-loving greyhound with a happy personality and a playful spark. Frankie is a confident and easygoing boy who enjoys exploring his surroundings, happily sniffing and taking everything in. While he’s generally calm and relaxed, he also has a playful side and loves the occasional burst of zoomies, adding a bit of joy and energy to his day. He’s a friendly and approachable dog who will come over with a wagging tail to say hello and enjoy a pat. Frankie has a lovely nature and strikes a great balance between being affectionate and independent. On lead, Frankie is confident and responsive, walking nicely without pulling and happy to slip straight into a walk. He travels well and remains calm in the car, making him an easy companion for outings. Frankie gets along well with other greyhounds and shows calm, friendly behaviour around small dogs. If you’re looking for a cheerful, well-mannered companion with a playful streak and a friendly nature, Frankie could be the perfect addition to your home.","frankie-16",""
"2020-12-01","Hunter Valley Mid Coast (Maitland/ Muswellbrook/Newcastle/Forster)","956000007455038","Dave","2026-07-23","MALE","","Meet Dave, a handsome greyhound with a confident nature and a friendly, easygoing personality. Dave is a relaxed and happy boy who enjoys getting out and about, exploring his surroundings with a wagging tail and curious nose. He takes new environments in his stride and brings a calm confidence to everything he does. He’s an affectionate companion who will happily come over for pats and enjoys spending time with his people. Dave has a lovely balance of independence and friendliness, making him an easy dog to have around. On lead, Dave is confident and can be strong at times, but he responds well to guidance and settles nicely with consistent handling. He travels well and is relaxed in the car, making him a great companion for outings and adventures. Dave has great social skills and gets along well with other big dogs. He has also lived with small dogs and showed calm, friendly behaviour during assessment, making him a fantastic option for homes with smaller canine companions. If you’re looking for a confident, friendly, and well-rounded companion who will enjoy both exploring the world and relaxing by your side, Dave could be the perfect match.","dave-6",""
"2022-06-01","Hunter Valley Mid Coast (Maitland/ Muswellbrook/Newcastle/Forster)","956000011363215","Holly","2026-07-23","FEMALE","","Meet Holly, a beautiful 3.5-year-old greyhound with a bright, happy personality and a love for life. Holly is a confident and cheerful girl who approaches everything with enthusiasm. She loves to explore her surroundings, happily sniffing and taking it all in, while remaining calm and self-assured in new environments. She is incredibly people-focused and full of joy, when you call her name, she’ll come bounding over with a wagging tail, ready for pats and attention. Her affectionate and playful nature makes her a wonderful companion for someone looking for a loving and interactive dog. Holly walks well on lead with a confident, happy attitude and travels beautifully, even hopping into the car on her own. She’s an easy dog to take along on outings and will happily join in whatever you’re doing. She gets along well with other greyhounds and shows curiosity in small dogs. If you’re looking for a fun, affectionate, and confident companion who will greet you with excitement and brighten your day, Holly could be the perfect match.","holly-6",""
"2022-03-01","Mid North Coast","956000014808463","Albert","2026-07-23","MALE","","Meet Albert, a gentle and people-loving greyhound who is ready to settle into a relaxed home life. Albert has already had a taste of home living and absolutely thrives in it. He enjoys trips to the beach, loves a splash in the water, and is happiest when he’s close to his people. Affection is his favourite thing, he’ll happily come over for pats, respond to his name, and stay nearby to soak up all the attention he can get. He is a calm and easygoing boy who travels well and walks beautifully on lead without pulling. In new environments, Albert is relaxed and confident, enjoying a quiet explore but always happiest when he can check back in with his humans. Albert gets along well with other greyhounds and shows good general manners. He can be unsure around small dogs, particularly if they enter his personal space. He would be best in a home where he gets to soak up all the attention. If you’re looking for a loyal, affectionate companion who will stick by your side, join you on outings, and happily relax with you at home, Albert could be the perfect match.","albert-3",""
"2022-09-01","Hunter Valley Mid Coast (Maitland/ Muswellbrook/Newcastle/Forster)","956000014689324","Sean","2026-07-23","MALE","","Meet Sean, a handsome 3.5-year-old greyhound with a calm, confident nature and a quietly affectionate personality. Sean is an easygoing boy who enjoys exploring his surroundings at a relaxed pace. He’s confident in new environments and takes everything in stride, happily sniffing and observing the world around him without becoming overwhelmed. While he may not be overly demanding of attention, Sean will happily come up for a pat and enjoys gentle affection. He has a lovely, independent streak balanced with a sweet, approachable nature. On lead, Sean can be a little eager at first, but he settles quickly and walks along nicely once he’s into the rhythm. He travels well and remains calm, making him a good companion for everyday life. Sean is relaxed around both large and small dogs and is happy to quietly go about his own business. If you’re looking for a relaxed, low-maintenance companion with a gentle nature and a quiet confidence, Sean could be the perfect addition to your home.","sean",""
"2020-11-01","Southern NSW/ACT (Bulli, Nowra, Goulburn, Canberra)","956000011781303","Johnny","2026-07-23","MALE","","This boy is inquisitive and affectionate, great with young kids and social with other hounds. Lives around farm animals and wasn't bothered by the cat living on the property.","johnny-10",""
"2021-12-01","Southern NSW/ACT (Bulli, Nowra, Goulburn, Canberra)","956000007421884","Ace","2026-07-23","MALE","","This pretty boy is confident and inquisitive, he likes playing in the yard and going on walks. He has been with small kids his whole life and is very gentle and obedient with them. He has had exposure to farm animals and some natives.","ace-10",""
"2020-06-01","Southern NSW/ACT (Bulli, Nowra, Goulburn, Canberra)","956000007833520","Marley","2026-07-23","MALE","","This young gent has grown up around farm animals with visits from local natives. Has small children around daily helping with his daily routine. Gorgeous boy.","marley-9",""
"2022-01-01","Southern NSW/ACT (Bulli, Nowra, Goulburn, Canberra)","956000007425971","Yazzi","2026-07-23","FEMALE","","This dynamic girl is very social and confident, she has had exposure to farm animals and the odd visit from the local native critters. Since she is so confident and social she would adjust to many different lifestyles.","yazzi",""
"2021-01-01","Hunter Valley Mid Coast (Maitland/ Muswellbrook/Newcastle/Forster)","956000007365487","Lucy","2026-07-23","FEMALE","","Meet Lucy, a joyful and affectionate 5-year-old greyhound who is ready to find her forever home. Lucy is full of personality and absolutely adores people. She thrives on human interaction and will happily seek out attention, often greeting you with excited little jumps and a constantly wagging tail. Her enthusiasm for life is contagious, she truly “loves everything” and brings a bright, happy energy wherever she goes. She travels beautifully, showing a relaxed and positive attitude around vehicles, and walks well on lead with manageable excitement. Lucy is confident in new environments and takes everything in stride, making her an easy companion to bring along on daily adventures. Lucy would suit a home where she has plenty of company, as she forms strong bonds with her people and doesn’t enjoy being left alone for long periods. She will thrive in a household that can give her the attention and companionship she craves. While Lucy is friendly with other greyhounds and larger dogs, her excitement can be a bit much for smaller dogs, so she would be best suited to a home without small pets. She’s a loving, lively girl who just needs the right family to share her big heart with. If you’re looking for a happy, people-loving companion who will greet you like you’re the best part of her day, Lucy might be your perfect match.","lucy-26",""
"2020-01-01","New England","956000012246993","Skippy","2026-07-23","MALE","","Meet Skippy, the greyhound who never quite figured out he isn’t a kangaroo. With springs for legs and joy in his heart, Skippy bounds everywhere he goes, whether he’s leaping across the yard, bouncing into your arms, or boinging from room to room just to say hello. This super-friendly boy is the embodiment of good vibes. He greets every human like a long‑lost friend, every dog like a potential playmate, and every day like the Best Day Ever. Skippy's tail wags with such enthusiasm it could almost power a small wind farm. Skippy brings sunshine, silliness, and a whole lot of love wherever he goes. If you're lucky enough to share life with him, get ready for bouncy greetings, warm snuggles, and endless joy.","skippy-1",""
"2021-08-01","Southern NSW/ACT (Bulli, Nowra, Goulburn, Canberra)","956000011552652","Bart","2026-07-23","MALE","","Bart is a handsome confident boy who prefers being a lone ranger. He is confident and happy on his own and not big on sharing his space with other animals. He is loyal and would make a perfect companion for someone who needs a low maintenance mate to keep them company at home.","bart-4",""
"2021-12-01","Western Sydney (Londonderry)","956000011656048","Sandra","2026-07-23","FEMALE","","Sandra is a sweet girl looking for a patient and understanding family to help her settle into life as a cherished pet. While she may need a little time to adjust to new surroundings and experiences, Sandra has all the potential to become a wonderful companion. Sandra is medium to large dog friendly and would benefit greatly from having a calm, confident canine companion in the home. A friendly resident dog could help show her the ropes and provide reassurance as she learns about family life. A quiet, calm home environment would suit Sandra best, allowing her to settle at her own pace. She would thrive in a home with a secure yard where she can stretch her legs, enjoy her favourite zoomies, and safely explore her surroundings. While the yard doesn't need to be large, Sandra enjoys having space to play and burn off energy. She thrives on companionship and would love a home where her family is around regularly to include her in daily life. Sandra will be happiest with adopters who can provide plenty of company, and are home often to provide affection, and opportunities to spend quality time together. As Sandra continues to navigate pet life, she would be best suited to a home with older, respectful children who can understand her need for patience and gentle interactions while she settles in. With kindness, consistency, and plenty of encouragement, Sandra is sure to blossom into a loyal and loving companion. If you're looking for a deserving dog to welcome into your family and help discover the joys of pet life, Sandra may be the perfect match. Come meet Sandra at Western Sydney Adoption Centre","sandra",""
"2021-05-01","Central West (Bathurst/Dubbo/Coonabarabran)","956000011722552","Max","2026-07-23","MALE","","Meet Max 🐾 Max is an energetic, fun-loving boy who’s always ready for action! He absolutely loves playtime and will happily keep himself (and you!) entertained with his toys and zoomies. Full of life and personality, Max brings a playful spark to every moment, but he also has a sweet, affectionate side and enjoys spending time with his humans. Max is the perfect mix of outgoing and loving. If you’re looking for a happycompanion who will keep you smiling, Max is your guy!","max-18",""
"2021-02-01","Central West (Bathurst/Dubbo/Coonabarabran)","956000012226114","Jett","2026-07-23","MALE","","Meet Jett 🖤 Jett is a confident, fun-loving boy with a big personality and an even bigger heart. He absolutely adores being around his humans and will happily follow you wherever you go, just to be part of the action. This cheeky boy loves his toys and is always up for a play, bringing a playful and energetic vibe into the home. Jett’s loving nature makes him a wonderful companion, whether it’s playtime or just relaxing by your side. If you’re looking for a loyal, affectionate, and entertaining best mate, Jett is your guy!","jett-5",""
"2021-05-01","Central West (Bathurst/Dubbo/Coonabarabran)","956000012792024","Hank","2026-07-23","MALE","","Hank is a bold and spirited boy who brings a fun, lively energy wherever he goes. Full of personality, he loves to stretch his legs and show off his playful side with a good burst of zoomies. He’s a strong, active boy who will thrive in a home that enjoys getting out and about. Hank would suit someone who can match his enthusiasm. Behind his energetic nature is a sweet, loyal companion who enjoys being around his people and settling in once he’s had his fun. With the right home, Hank will be a rewarding and entertaining addition to the family 🐾","hank-9",""
"2021-02-01","Central West (Bathurst/Dubbo/Coonabarabran)","956000012227767","Phoenix","2026-07-23","MALE","","Phoenix 🐾 Meet Phoenix, a confident and fun-loving boy with a big personality to match! This clever lad comes straight over when called, always eager to be part of the action. He absolutely loves his toys and brings a playful, energetic vibe wherever he goes. Phoenix is full of life but equally full of love - he thrives on attention and will happily soak up pats and affection from his people. With his bright nature and loyal heart, Phoenix would make a wonderful companion for someone looking for a happy, active, and devoted best mate.","phoenix-2",""
"2022-11-01","Central West (Bathurst/Dubbo/Coonabarabran)","956000015727490","Gemma","2026-07-23","FEMALE","","Meet Gemma Gemma is a sweet little girl with a beautiful nature and a cheeky personality to match. This lovely lady has a gentle heart but also a playful, fun side that will keep you smiling. Gemma loves being around people, though is also fine being on own. With her gorgeous looks and lovable personality, Gemma is sure to steal hearts wherever she goes. She would make a wonderful companion for someone looking for a beautiful girl with a mix of sweetness and cheeky charm. 🐾","gemma-6",""
"2021-02-01","Central West (Bathurst/Dubbo/Coonabarabran)","956000012258823","Chester","2026-07-23","MALE","","Meet Chester a sweet and gentle boy who is looking for a loving home where he can truly shine. Chester has a calm and affectionate nature and enjoys being close to his people. He’s the kind of companion who will happily sit by your side, enjoying quiet moments and soaking up all the attention you can give. With his kind personality and loving heart, Chester would make a wonderful companion for someone looking for a loyal friend to share their days with. All he needs is a caring home where he can feel safe, loved, and part of the family.","chester-5",""
"2021-08-01","New England","956000011713619","Jess","2026-07-23","FEMALE","","Jess is a lively and affectionate dog who loves getting out and about. She’s great on the lead and enjoys exploring with her people. Jess has a playful personality and absolutely loves to run around and have her zoomies when the mood strikes. She can be a little skittish around new or loud noises, so she would do best with a patient and experienced owner who can help her build confidence and feel secure. Jess has had good socialisation with a cattle dog and enjoys canine company when introductions are done properly. With the right home, guidance, and plenty of love, Jess will make a loyal and entertaining companion.","jess-10",""
"2022-03-01","Northern Rivers (Grafton, Lismore, Casino)","956000011301539","Muza","2026-07-23","FEMALE","","Maza is a sweet and gentle girl . She can be a little shy at first and prefers to stick close to her favourite humans, but once she feels comfortable, her affectionate and playful side shines through. She gets along well with other dogs, both small and large, and enjoys joining in on gentle play. Maza travels well in the car and is very food-motivated, which makes training and bonding with her easy. Once she opens up, she’s full of fun and love, making her a loyal and delightful companion.","muza",""
"2021-11-01","Western Sydney (Londonderry)","956000012930673","Ace (Western Sydney)","2026-07-23","MALE","","Hi, I'm Ace! I walk nicely on the lead and warm up after I get to know you. I like toys, and am described as friendly and calm. I would be happy to live with another dog after a meet and greet with them. As I can be shy, a dog who can help me come out of my shell could be a good match for me! As I have not experienced much of pet life yet, a home willing to take it nice and slow with me is best suited. A home with older/respectful kids would suit me best, as well as a house with a backyard for me to spend time in. Meet me at Western Sydney.","ace-western-sydney",""
"2023-09-01","Western Sydney (Londonderry)","956000015734329","Thunder","2026-07-23","MALE","","Thunder is a playful, funny, confident and friendly boy. He has an upbeat personality, and would love a home with toys, fun, and adventures! In his preperation to become a pet, he has learnt crate training, swimming in pools and dams, seen things like mowers, vehicles, and has been around kids 2-6 years old. He can be eager to get going on walks so a family who can walk a stronger dog is best suited. He could live with another doggie his size, however not a requirement. He is bouncy, friendly, and fun loving. A home with a backyard and shorter hours alone when he first settles in would be a great fit for Thunder. Meet Thunder at Western Sydney!","thunder-2",""
"2024-03-01","Western Sydney (Londonderry)","956000015564790","Patchy","2026-07-23","MALE","","Hi, I’m Patchy — a young, gentle boy looking for a calm, nurturing home. I’d love a backyard where I can relax and have some quiet time, in a peaceful neighbourhood with a family who understands that I may take a little time to settle in. I’m naturally quiet and curious, and once I feel safe my sweet personality begins to shine. Because I’m a sensitive soul, a home without children or lots of hustle and bustle would suit me best. Meet me by appointment in Western Sydney. 🐾","patchy-1",""
"2020-03-01","New England","956000007829839","Georgia","2026-07-23","FEMALE","","Georgia is currently in foster care and has been for a couple of months, a message from her carer: Affectionately known as Scratty Snootles, Georgia is a gentle, sweet-natured greyhound who has spent the past eight weeks discovering all the best parts of pet life – comfy sofas, cosy snuggles, interesting sniffy walks, tasty sardines, and long naps in sunny spots. When Georgia first arrived in foster care, she was a very timid girl who found the big world a little overwhelming. With patience, kindness, and plenty of reassurance, she has slowly begun to blossom, revealing glimpses of her wonderfully quirky and endearing personality. Every day brings a little more confidence, and it has been a joy to watch her come out of her shell. Georgia will thrive with a family who understands that building trust takes time. She is looking for a calm, patient home where she can continue her journey at her own pace, supported by people who will celebrate the small wins along the way. Once she feels safe, her affectionate and playful side shines through. She has done well with her canine foster siblings following careful introductions and enjoys a quick burst of zoomies around the garden before settling in for a well-earned snooze. Curious and intelligent, Georgia loves exploring new places and walks beautifully on lead. She is also a big fan of car rides and is always happy to hop in for an adventure. Georgia would be best suited to a quiet, relaxed household where her people are home for much of the day. She is not suitable for a home with cats or chickens and would be happiest with respectful older children. Sweet, sensitive, and full of potential, Georgia is a truly special girl who is ready to find a family willing to give her the time and love she needs. In return, they'll gain the most loyal of companions and the privilege of watching this beautiful girl continue to flourish. 🩷🐾","georgia-4",""
"2020-12-01","Central West (Bathurst/Dubbo/Coonabarabran)","956000011710830","Ferrari","2026-07-23","FEMALE","","Don’t let her name fool you - Ferrari is a gentle, quiet girl with a soft and reserved nature. She may take a little time to come out of her shell, but with patience and love, her sweet personality truly begins to shine. Ferrari has a stunning black and white coat that makes her just as beautiful on the outside as she is on the inside. She would suit a calm home where she can settle at her own pace and build confidence in a safe, loving environment. With the right home Ferrari will be a loyal and affectionate companion who will quietly steal your heart 🐾","ferrari-1",""
"2021-01-01","Hunter Valley Mid Coast (Maitland/ Muswellbrook/Newcastle/Forster)","956000012804663","Stewy","2026-07-23","MALE","","Stewy is a happy, excited boy who brings fun and energy wherever he goes! He’s playful, full of personality, and absolutely loves a good round of zoomies to burn off his enthusiasm. This lively lad enjoys engaging with his people and will happily come over for pats, attention, and of course — cuddles. After a burst of play, he’s more than ready to snuggle up and soak in the affection. Stewy would suit a home that enjoys an interactive, playful companion and is ready to embrace his joyful spirit. If you’re looking for a dog who will make you smile every single day, Stewy might just be your perfect match. 💙","stewy",""
"2022-11-01","Hunter Valley Mid Coast (Maitland/ Muswellbrook/Newcastle/Forster)","956000011647032","Licorice","2026-07-23","MALE","","Licorice is a big, sooky boy with an even bigger heart. He absolutely loves being around his people and thrives on companionship, affection, and attention. If you’re looking for a loyal shadow who wants to be part of everything you do, Licorice is your guy. He enjoys an active lifestyle and will happily join you for walks and playtime, but his new family will need to be mindful of his leg and ensure his exercise is appropriate and not overly strenuous. A balanced routine that keeps him engaged without overdoing it will suit him best. Licorice can be prone to separation anxiety, so he would do best in a home where someone works from home or is around for much of the day. Alternatively, a well-matched female dog friend could help keep him company and build his confidence when left alone. Due to his size and excitability, Licorice would be best suited to a home with older children who can handle his enthusiasm and help maintain calm, consistent boundaries.","licorice",""
"2017-12-01","Hunter Valley Mid Coast (Maitland/ Muswellbrook/Newcastle/Forster)","956000009592212","Tilly","2026-07-23","FEMALE","","Meet Tilly Sweet 💕 Tilly Sweet is a placid, gentle girl with a heart as soft as her name. She has a calm and loving nature, making her a wonderful companion for a family looking for a sweet and steady presence in their home. While Tilly may be a little timid when first meeting new people or entering a new environment, she warms up beautifully when given a calm, reassuring space to settle in. Once she feels comfortable, her playful side shines through — she absolutely loves a good zoomie around the yard and enjoys spending time playing with her favourite toys. Tilly would suit a semi-active household where she can enjoy both relaxed downtime and some fun bursts of activity. She’s treat motivated, which makes training a rewarding experience and a great way to continue building her confidence. She could be workable with a small dog companion and would do best with a slow, gentle introduction to a cat. Tilly is suitable for a home with children of all ages, especially in an environment where interactions are calm and respectful as she continues to grow in confidence.","tilly-7",""
"2022-04-01","Western Sydney (Londonderry)","956000011352250","Messi","2026-07-23","MALE","","Messi is a confident, excitable and friendly boy. He would love a home with a yard where he can explore and smell all the interesting things in his new world. He enjoys time with people and would love a home that is willing to share adventures with him and continue teaching him about the best things in life. Messi would be happy to live with another dog who is happy to play and explore but also relax together. He enjoys going out for walks and would love to get some nice treats from a family ready to share their life with him. Available by appointment at Western Sydney","messi",""
"2021-01-01","Western Sydney (Londonderry)","956000011710398","Rocco","2026-07-23","MALE","","*I have just gone into a foster home - stay tuned for updates* Update from Foster: ""Overall, Rocco is doing really well and has settled in nicely. He is a very quiet, gentle and well-behaved boy. He enjoys being around people, especially my father, and always greets us when we come home. We’ve started taking him for a walk every morning and evening, he has settled into that routine really well. He enjoys spending time in the backyard and sometimes has a little run around. We left him at home for about two and a half hours for an appointment. He stayed inside the house and was fine. He was very happy to see us when we got home and came to greet us at the front door. Since he discovered treats, he waits very patiently on his bed until we give him one."" Rocco is a sweet and affectionate gentleman who can be a little shy at first but quickly decides he wants to be your cuddle buddy. He is a gentle middle-aged boy who has spent time with children and other dogs who respectfully shared space with him. Rocco has been getting used to the daily grind, walking in busy park areas meeting people and seeing dogs but he would also love a quiet yard to laze around in the sun. Rocco would be best suited to a canine companion who is quiet and calm like he is and also would prefer to live with calm, older children. He would love someone home to settle him in and spend time with him getting him used to your world and helping him grow his confidence and show his sweet, affectionate nature. Available by appointment at Western Sydney","rocco-2",""
"2021-07-01","Western Sydney (Londonderry)","956000007465988","Barney","2026-07-23","MALE","","*Barney has just gone into a foster home - stay tuned for updates!* Updates from foster: ""It’s only been a few days but Barney has settled in really well and is making great progress. Some of the things we’ve observed include: He is good with other dogs and respects their boundaries. He is initially shy and hesitant when meeting new people or in new environments, but he becomes comfortable quite quickly once given a little time. He is food motivated. He is learning to use stairs and is picking it up quickly. He is comfortable using a lift. He is a real velcro dog and loves affection and being close to his people. He sleeps well through the night. He walks well on lead when accompanied by another dog and appears to follow our greyhound Millie around a far bit. He loves playing with toys and enjoys chasing after them. He is a very good boy and super gentle. Having another greyhound I believe has been really helpful for him. He has been alone for 5 hours with another greyhound in the home and is becoming more comfortable and playful."" If Barney's sweet and soulful eyes have caught your attention, keep reading to find out if you could be the perfect fit for our special guy, Barney. Barney is available to a home who can nurture a shy greyhound out of their shell. Barney requires a special home with a quiet lifestyle and a backyard with secure fencing where he can retreat to and enjoy the peace and quiet away from people when he needs it. A home without children is a must for our shy Barney, however a calm, wise and understanding dog of any size (small or large) would be a lovely companion to help him build his pet skills and help him adapt to his new life with his forever family. If you are someone who can provide a shy dog the structure, support, and ongoing confidence training that he needs to thrive as a pet, we'd love to hear from you. Barney is available for fostering or adoption by discussion with GAP team. We can't wait to hear from Barney's perfect family!","barney-6",""
"2021-03-01","Southern NSW/ACT (Bulli, Nowra, Goulburn, Canberra)","956000007432560","Leggy","2026-07-23","MALE","","This handsome fellow is currently sharing a yard with another greyhound and spending time playing with a little Italian greyhound. He is very sweet and affectionate, loves to play and loves affection. Would be an excellent supervisor while your working in the yard.","leggy-1",""
"2019-08-01","Southern NSW/ACT (Bulli, Nowra, Goulburn, Canberra)","956000011103512","Luna","2026-07-23","FEMALE","","Luna is an energetic girl that enjoys a yard where she can cut loose in the morning and bust out some zoomies. Then like most greyhounds she's done, finished gone for the day and happy to cuddle up and relax. She shares a yard with Bubba and good left alone.","luna-15",""
"2021-02-01","Western Sydney (Londonderry)","956000011563768","Malley","2026-07-23","MALE","","Hi, I'm Malley! I've been learning lots of things about the world while I wait to be adopted. I am super friendly and will make a sensational first impression, if I do say so myself! I am very charming and think you will just love me! I know what a lounge is, how to navigate those weird things called ""stairs"", and have enjoyed spending time in an open crate, and spending time indoors, too. I'm a good traveller, I also love toys and treats and my handlers call me a big softie! I would prefer short hours alone as a solo pet and a slow intro to the big wide world as my horizons slowly expand as a pet with you. If you thought you might like a big affectionate softie like me simply reach out to the Western Sydney adoption centre :)","malley",""
"2021-08-01","Southern NSW/ACT (Bulli, Nowra, Goulburn, Canberra)","956000007421604","Max","2026-07-23","MALE","","Max is a beautiful active boy who loves to go on adventures max is suited to full time workers max loves older kids as he loves to play with toys and can sometimes forget his size with younger children. despite his energy max walks very well on lead max requires a larger fenced area to ensure he stays in the backyard all day as he can sometimes want to go and hang out around the neighbourhood. max is a clean and healthy boy and would suit your more active lifestyle","max-17",""
"2019-01-01","Southern NSW/ACT (Bulli, Nowra, Goulburn, Canberra)","956000006676985","Lilo","2026-07-23","FEMALE","","Lilo loves to feel the earth under her feet and be in the yard but she does also like affection and being close the ones she loves. She likes the water and cooling down on hot days. She will inspect new people she meets and will come around once she approves.","lilo-3",""
"2020-03-01","Southern NSW/ACT (Bulli, Nowra, Goulburn, Canberra)","956000007833551","Stitch","2026-07-23","FEMALE","","Stitch has lived around farm animals and native animals most of her life so she is unbothered by a lot of things. She may get excited but she calms down quite quickly. She is very confident and happy and would love a yard to look after.","stitch-3",""
"2019-01-01","Southern NSW/ACT (Bulli, Nowra, Goulburn, Canberra)","956000006804085","Rapunzel","2026-07-23","FEMALE","","Rapunzel loves any form of affection. She will come to you when called, she is confident and not bothered by much in life.","rapunzel",""
"2022-12-01","Northern Rivers (Grafton, Lismore, Casino)","956000015031593","Geno","2026-07-23","MALE","","Meet Geno, a sweet and happy boy who's sure to steal your heart with his wagging tail and bright eyes, as he loves nothing more than receiving pats from everyone he meets. Geno is a sociable pup who revels in the company of other dogs. His friendly demeanor means he'll quickly become a beloved member of any dog-friendly household. He's a fan of good meals and thoroughly enjoys his food. One of Geno's most endearing qualities is his love for the water. Geno loves to splash in his paddle pool and Geno is the perfect companion for those who appreciate a mix of play and relaxation. If you're looking for a sweet, happy dog who's as charming as he is friendly, Geno could be the perfect match for you. With Geno, every day is an opportunity for fun, affection, and shared experiences.","geno",""
"2021-04-01","Northern Rivers (Grafton, Lismore, Casino)","956000011704804","Dex","2026-07-23","MALE","","Meet Dex, the strikingly handsome and robust canine companion who loves for water and has a zest for life, Dex is the ideal pet for those who appreciate an adventurous soul . Dex exudes strength and charm, preferring the company of larger dogs who match his playful energy and enthusiasm. Whether he's splashing around in a pool, pond, or simply enjoying a sunny day outdoors, Dex is happiest when he's with his big-sized friends. Toys are another passion of Dex's; he enjoys the simple pleasures of tug-of-war or a good game of fetch. His playful antics with his toys will surely keep you entertained. While he adores the companionship of big dogs, he prefers a home without small dogs to ensure everyone's comfort and harmony. Dex's energetic nature would thrive in a home with an active lifestyle, spacious yard, or access to dog-friendly outings. Embrace the adventure and heartwarming fun that Dex brings to every day. Are you ready to welcome a strong, water-loving, toy-enthusiast into your life.","dex-3",""
"2022-06-01","New England","956000014850536","Kota","2026-07-23","FEMALE","","🌸 Meet Kota - A Gentle Soul Looking for a Patient, Loving Home Kota is a very special girl with a soft heart and a sensitive spirit. She may take a little while to warm up, but once she trusts you, she forms deep, meaningful bonds that make every moment worth the wait. 💗 A Sensitive, Quiet Beauty Kota can feel a bit unsure in new environments, and she prefers to take things slowly. She’s not the kind of dog who rushes into new situations, she observes, thinks, and opens up at her own pace. But beneath that initial shyness is a truly affectionate, loyal companion. 🏡 Needs a Calm, Patient Home Kota will thrive in a warm, gentle, and patient household where she can feel safe and loved. She’ll do best with people who understand that trust takes time, and who are happy to give her the space and reassurance she needs to blossom.","kota",""
"2020-12-01","Mid North Coast","956000012806301","Rodney","2026-07-23","MALE","","🐾 Meet… Rodney 🐾 Rodney is a stunning black Greyhound with a cheeky sparkle in his eye, and a playful personality that's impossible to resist. Full of enthusiasm and always ready for his next adventure, Rodney brings plenty of joy wherever he goes. Behind all that playful energy is an affectionate boy who absolutely melts for pats and loves spending time with his favourite people. Confident and friendly, Rodney settles into new places with ease and is always happy to make new human friends. He greets people with a wagging tail and enjoys being close, whether it's joining you on a walk, exploring somewhere new, or relaxing together after a day of fun. Rodney loves getting out and about, making him a wonderful companion for someone who enjoys daily walks and sharing life's adventures. He can be a little eager when something exciting catches his attention, but he's quick to settle and is a delight to have by your side. He also travels beautifully, happily hopping into the car before settling down for the ride. Rodney dreams of being your one and only! While he's familiar with spending time around other Greyhounds, he'd be happiest in a home where he can enjoy all the love, cuddles, and attention for himself. He's ready to become your loyal shadow, best friend, and favourite adventure buddy. One of Rodney's unique little features is a slightly extended toe on one of his back feet from an old ligament injury. It doesn't slow him down one bit, and he happily enjoys walks, playtime, and all the comforts of pet life. 🏡 Rodney's Perfect Home Rodney would love a relaxed home where he can enjoy daily walks, fun adventures, and plenty of quality time with his people. As the only dog, he'll soak up every bit of love and attention while building a wonderful bond with his family. He'll thrive in a quieter household, whether that's with adults or a family with older, respectful children who will enjoy including him in their day-to-day adventures and giving him plenty of affection. If you're searching for a fun-loving companion with a big heart, a playful streak, and endless affection to share, Rodney might just be your perfect match. 💛","rodney-1",""
"2023-12-01","Hunter Valley Mid Coast (Maitland/ Muswellbrook/Newcastle/Forster)","956000016770827","Shelby","2026-07-23","FEMALE","","Shelby is a very energetic greyhound who’s always ready to go. She’s best suited to an active lifestyle with plenty of opportunities to burn off her energy and enjoy structured play. If Shelby is rehomed with another dog, she’ll need an experienced owner and a canine companion who can truly match her energetic play style. She plays hard and would do best with a confident, compatible dog who enjoys the same level of activity. A secure backyard is a must for Shelby, giving her the space she needs to run, play, and unwind. In the right home, Shelby will thrive as a fun, lively companion for someone who loves an active dog.","shelby-4",""
"2020-11-01","Hunter Valley Mid Coast (Maitland/ Muswellbrook/Newcastle/Forster)","Microchip Number 956000007807685","Lenny","2026-07-23","MALE","","Lenny is a beautiful male greyhound who knows exactly what he likes—and he likes his own space. He’d be happiest as a solo dog, where he can fully relax and enjoy being the center of attention. Out and about, Lenny is perfectly fine around other dogs and handles public settings well, but he’s not a fan of other dogs getting too close in his personal bubble. Because of this, he’s best suited to a home where he can have his space respected. Lenny would thrive in a semi-active household and is accustomed to being handled by kids, making him a great option for a family that understands dog boundaries. He’s a lovely boy with lots to offer the right home.","lenny-13",""
"2021-05-01","Hunter Valley Mid Coast (Maitland/ Muswellbrook/Newcastle/Forster)","956000011704931","Roger","2026-07-23","MALE","","Roger is a handsome black greyhound with a calm, easygoing vibe. He’s a pretty chill dude who enjoys a relaxed lifestyle and doesn’t ask for much beyond comfort, kindness, and a good routine. Roger would do best as a solo dog or with a female canine companion. He can be workable with small dogs and even cats, given the right introductions and management. His laid-back nature makes him a great match for full-time workers or a family looking for a low-key, affectionate dog. If you’re after a gentle, uncomplicated companion who’s happy to go with the flow, Roger might just be your guy.","roger-3",""
"2021-11-01","Northern Rivers (Grafton, Lismore, Casino)","956000013022342","Fang","2026-07-23","MALE","","Fang is a striking white and red brindle male greyhound with a gentle, sensitive nature. He walks nicely on lead and enjoys getting out for calm, relaxed strolls. When first meeting new people, Fang can be a little nervous and appreciates a slow, patient approach. He will come over for pats, but prefers things to be taken at his pace — once he feels safe, he settles beautifully and shows his sweet, trusting side. Fang had a calm interaction with a small dog, enjoying a polite sniff before disengaging, and he showed lovely manners around other greyhounds during his assessment. He would do best in a home that understands shy dogs and is happy to let him build confidence in his own time.","fang",""
"2023-02-01","Western Sydney (Londonderry)","956000014914658","Romeo","2026-07-23","MALE","","*Romeo is in a foster care home in the Inner West and he is available to adopt! Foster Update: Romeo is super happy, affectionate and playful pup (no resource guarding or sleep startle observed). He is quite confident and outgoing at home. When he’s asleep he is angelic and when he is awake, he is effervescent. He has settled in quickly, he knows where his beds are and has a sleep bed and a play bed, he figured out very quickly where his toys live and how to dig the goat horn his favourite toy out of the basket. Romeo is a quick learner and has now mastered indoor and outdoor steps. He is responding to his name most of the time. His playful antics make us laugh to no end. He is happy to pass dogs on a footpath without much notice. Favourite things about him: His beautiful soulful eyes, his stunning looks, his mischievous personality, his independence and his affectionate behaviour. *Romeo is available from the Western Sydney adoption centre via appointment with his foster carer*","romeo-1",""
"2018-09-01","Western Sydney (Londonderry)","956000009417122","Lou","2026-07-23","MALE","","If you're looking for a friendly and outgoing companion, check out Lou! Lou has recently spent time in foster care where he mastered going to markets and meeting all the stall holders. Lou is a sweet, people-focused boy who enjoys routine, gentle companionship, and having his humans within eyesight. He walks beautifully on lead, took inner-city living in stride during foster care, and happily relaxed at cafés, pubs, and markets. He’s polite with other dogs on walks, enjoys calm play with other greyhounds, and absolutely adores squeaky toys and fetch. Lou is independent but affectionate, active in the mornings, and a cosy snoozer by evening when he has a comfortable spot to unwind. He will do best in a house with yard access, as smaller apartments made it difficult for him to fully settle and find his own space. When sharing a home with a medium–large dog, he benefits from structure around resting places and clear routines to keep everyone comfortable. Lou is a loving, joyful companion who thrives when given room to relax, predictable guidance, and a household that enjoys his mix of active playtime and peaceful downtime. Read below to see what Lou's foster carers had to say about him! ""Lou is a beautiful boy with a lot of love to give. He walks very very well on the lead, ignores most birds and bush turkeys. He is not very interested in saying hi to other dogs and will respectfully walk straight past them. He loves squeaky toys with a passion and plays fetch with them with so much joy. He is a master of stairs. He would benefit from living in a house with a backyard, as our small apartment was a bit tight for him (he likes a safe space). In saying that he still wants to be within eyesight of you. He’s an independent but people loving doggie. He would benefit from an active owner - he is full of beans and loves longer walks and play time. He is most active in the mornings and is up for cuddles and play time, in the evening he likes to curl up and snooze independently."" Apply now to meet Lou from our Western Sydney program.","lou-5",""
"2016-02-01","Northern Rivers (Grafton, Lismore, Casino)","956000004253160","Keith","2026-07-23","MALE","","Keith is a handsome black greyhound with a touch of grey that only adds to his character — and don’t let it fool you, he’s still as active as ever. He’s social with smaller dogs and has a very easy-going, engaging nature that makes him a joy to be around. Keith loves company and would likely benefit from having a canine friend at home to share his days with. With his relaxed attitude and friendly personality, Keith would make a wonderful, loyal companion.","keith-4",""
"2021-11-01","Northern Rivers (Grafton, Lismore, Casino)","956000012864888","Lukey","2026-07-23","MALE","","Lukey is a gorgeous brindle greyhound with a friendly, easygoing nature. He’s social with smaller dogs and enjoys getting out and about with nice walking manners. Lukey is very engaging with people and absolutely loves his cuddles, happily leaning in for affection. He also has a playful side that comes out once he’s comfortable, making him a lovely mix of fun and calm. Lukey would make a wonderful companion for someone looking for a sweet, affectionate greyhound with a bit of sparkle.","lukey-1",""
"2022-10-01","Northern Rivers (Grafton, Lismore, Casino)","956000011362476","Arrow","2026-07-23","MALE","","Arrow is a striking black male greyhound with loads of energy and a playful spirit. He’s still building his confidence and engagement with people, but once he feels comfortable, he really enjoys pats and quiet affection. Arrow is a very active boy who loves to play and would suit a home ready to match his enthusiasm. At this stage, he’s not suitable to live with small dogs. On lead, Arrow can become excited and will benefit from some initial training and guidance to help him settle into walks. With patience, structure, and a bit of fun, Arrow has all the potential to shine.","arrow-2",""
"2022-09-01","Northern Rivers (Grafton, Lismore, Casino)","956000014887343","Streak","2026-07-23","MALE","","Streak is a handsome black male greyhound with a gentle, charming nature. He offers a polite introduction to new situations and is very workable, including being comfortable around small dogs. Streak travels well and settles easily, making him a great companion for outings or adventures. He enjoys a good burst of zoomies when the mood strikes, but he’s just as happy to slow down for cuddles afterward. Very engaging with people, Streak loves human attention and forms sweet connections with those around him. He’s a wonderful mix of playful energy and affectionate calm.","streak",""
"2021-11-01","Western Sydney (Londonderry)","956000011647263","Maestro","2026-07-23","MALE","","Foster Update ""He is so affectionate and loving and a bit goofy, all around a lovable boy!"" and more below: - He loves to be near you or see where you are. I have left him at home for short stretches and a couple of times for longer stretches, but I haven't left him for a full workday. I think he could work up to this over time, but he would prefer to be in a home where people are around more frequently. He's not fussed about who is home, just likes any human being there. - He is friendly towards everyone and fine with meeting new people. - He doesn't really like walks right now. I have been working with him on this consistently. He will do okay in quiet areas and is good on the lead. - Huuuuuge couch potato. I usually can't get him out of bed until the afternoon, not even for breakfast! I think it's because he's a bit of a night owl; he has been more active late at night. - Super unphased by all animals. Not fussed about dogs coming up to him, barely flinches when he walks past houses with reactive dogs in them. ---------------- Maestro is a happy, big-hearted dog who knows how to enjoy the good things in life. His three greatest loves are food, affection, and toys, and he approaches all of them with pure enthusiasm. Treats are the fastest way to his heart, but cuddles and playtime come in a very close second. Maestro prefers shorter hours alone while he settles in and would prefer human companionship at the start of his adoption journey. He has shown within a fortnight in foster he can already settle for 6 hours on his own. Maestro is a friendly, social guy who does well with other dogs and enjoys their company. Whether it’s a shared walk, a play session, or just hanging out together, he’s comfortable having canine friends around. Come meet Maestro and see if he’s ready to make beautiful music with your family. 💛🐾","maestro",""
"2020-07-01","Hunter Valley Mid Coast (Maitland/ Muswellbrook/Newcastle/Forster)","956000011711970","Louie","2026-07-23","MALE","","Louie is a happy boy who strikes the perfect balance between playful and laid-back. He loves zoomies and playing with toys, but he’s just as content relaxing and doing his own thing when it’s time to unwind. Louie is food motivated, which makes him a fun and rewarding boy to work with. He’s small-dog workable and enjoys human connection, while also being perfectly fine spending time independently. Due to his enthusiastic spirit, Louie would be best suited to a family with older children. A semi-active lifestyle will suit Louie well — one that includes playtime, daily outings, and plenty of chill time at home. If you’re looking for a greyhound with a great mix of fun and flexibility, Louie could be a wonderful addition to your family. 🐾","louie-2",""
"2020-12-01","Northern Rivers (Grafton, Lismore, Casino)","956000011585892","Ace","2026-07-23","MALE","","Ace is a handsome black male greyhound who may be a little shy at first, but with a few gentle cuddles and some reassurance, he quickly comes out of his shell. Once settled, his sweet and affectionate nature really shines. Ace walks beautifully on lead, making daily outings calm and enjoyable. He also has a playful side and loves spending time with his toys, happily entertaining himself or joining in for a game. He’s a well-mannered boy around other dogs and is good with larger breed dogs. A big plus is Ace’s excellent disengagement skills, making him small-dog and cat workable with appropriate introductions and management. His thoughtful, responsive nature shows just how well he listens and adapts to his environment. Ace would thrive in a patient, loving home that understands he just needs a little time to feel safe—once he does, you’ll be rewarded with a loyal, cuddly companion. If you’re looking for a gentle greyhound who blossoms with kindness and affection, Ace could be your perfect match 🐾","ace-9",""
"2022-02-01","Hunter Valley Mid Coast (Maitland/ Muswellbrook/Newcastle/Forster)","956000011658305","Nosey","2026-07-23","MALE","","Nosey is a gorgeous black greyhound with a big heart and a happy-go-lucky personality. He’s a confident, cheerful boy who brings a lovely balance of playful energy and laid-back chill to everyday life. Suited to a semi-active lifestyle, Nosey enjoys his walks and playtime but is just as content relaxing at home. He’s confident on lead, making outings easy and enjoyable, and he absolutely loves his toys. Add food into the mix and you’ve got his full attention—Nosey is very food motivated, which makes training a breeze. Nosey would do well with a full-time worker or as a solo dog, as he’s comfortable spending time on his own once settled. He’s adaptable and would suit a variety of adopters looking for a friendly, easygoing companion. Due to his prey drive, Nosey is not suited to living with smaller dogs or cats, but he more than makes up for it with his affectionate nature and joyful spirit. If you’re looking for a confident, fun-loving greyhound who knows how to switch between play mode and relaxation, Nosey might just be your perfect match 💛","nosey-3",""
"2020-12-01","Northern Rivers (Grafton, Lismore, Casino)","956000011576219","Solly","2026-07-23","MALE","","Solly is a striking young man with a personality that’s equal parts energetic and laid-back. He thrives on an active lifestyle—think brisk walks, playtime, and the occasional burst of zoomies to burn off his youthful energy. After he’s had his exercise, Solly transforms into a mellow cuddle enthusiast, always ready to relax with a wagging tail and plenty of affection. His gentle nature would likely fit well into a family environment, and he also might be suited for homes with full-time workers as long as he gets his daily dose of activity. If you’re looking for a loyal companion who can keep up on walks and then happily settle down for some quality downtime, Solly might be the perfect match for you!","solly",""
"2021-09-01","Northern Rivers (Grafton, Lismore, Casino)","956000014500559","Charlie","2026-07-23","MALE","","Charlie is a friendly, playful, and affectionate male greyhound who enjoys being part of everyday life. He loves cooling off with a paddle in the pool on warm days and is always happy to jump in the car for an outing. Charlie thrives on spending time with his people and would suit a family who can include him in adventures, playtime, and fun activities. Charlie walks very well on a lead and is calm and reliable when out and about. He has confidently been walked by children aged nine years and older, making him a lovely option for a family with older kids. With his easy-going nature and love of companionship, Charlie would make a wonderful addition to the right home.","charlie-21",""
"2019-10-01","Northern Rivers (Grafton, Lismore, Casino)","956000007462010","Dan","2026-07-23","MALE","","Dan is a handsome 6-year-old male greyhound with a need for speed—he’s very fast and loves to run! When he’s not showing off his racing skills, Dan enjoys taking it easy and lazing around. He’s great with other dogs and relaxed around children, making him a wonderful companion for families. If you’re looking for a gentle, friendly boy who loves both adventure and chill time, Dan is your guy!","dan-6",""
"2019-05-01","New England","956000006804151","Ollie","2026-07-23","MALE","","Friendly, playful, and full of charm! Ollie is a sweet and sociable greyhound who loves making new friends—both human and canine! He’s playful without being over-the-top, and his gentle nature makes him a joy to be around. One of Ollie’s cutest quirks? When he gets excited, he likes to “nibble” your hands with his nose—a little affectionate nudge that will melt your heart. He’s looking for a loving home where he can enjoy cozy naps, fun play sessions, and plenty of attention. Ollie would thrive with someone who appreciates his affectionate personality and is ready to share lots of cuddles. Why you’ll love Ollie: Calm yet playful temperament Loves people and enjoys gentle interaction Unique and adorable habit of nudging hands when happy If you’re ready to welcome a loyal companion who will brighten your days, Ollie is waiting to meet you!","ollie-5",""
"2021-06-01","Southern NSW/ACT (Bulli, Nowra, Goulburn, Canberra)","956000012896329","Bev","2026-07-23","FEMALE","","Bev is a lovely girl who lives in a rural setting. She lives amongst domestic animals and has no shortage of roos, wombats, echidnas and birds coming past.","bev-1",""
"2020-03-01","Southern NSW/ACT (Bulli, Nowra, Goulburn, Canberra)","956000007834471","Fiama","2026-07-23","FEMALE","","This special girl loves getting outside just so she can soak up the sun. She knows her name well and is good when left alone in the yard. She has grown up around kids and plays well with the other greyhounds.","fiama",""
"2021-05-01","Western Sydney (Londonderry)","956000011552559","Hamish","2026-07-23","MALE","","*On adoption trial* Hi, I'm Hamish, a gorgeous blue fawn boy. I can walk up and down stairs, and loves a snuggle once I get to know you! I have been described as calm and well behaved, with a lovely nature. I'm a great traveller and would be happy to settle in the car for road trips. I'm calm and a bit playful around other dogs and would suit a home with another dog my size/medium to large size. Meet me at Western Sydney by appointment.","hamish",""
"2021-07-01","Northern Rivers (Grafton, Lismore, Casino)","956000013032808","Astro","2026-07-23","MALE","","Astro is a heart-melting, affectionate boy looking for a forever home full of love, snuggles, and good company. While he's great with dogs of all sizes, he requires a home without another dog in the home but would thrive with doggy play dates and group walkies. He settles well in a crate and has shown to know his name and learning recall. This sweet soul is very cuddly and affectionate – a true Velcro dog who wants to be near his people. Whether it's curling up on the couch, following you around the house, or gently resting his head on your lap, Astro’s love knows no bounds. He’s a great inside dog with lovely house manners, making him a perfect match for someone who is home more often than not. If you’re looking for a loyal best friend who gives as much love as he gets, Astro is your guy. Astro is available at the Western Sydney adoption centre.","astro",""
"2021-08-01","Southern NSW/ACT (Bulli, Nowra, Goulburn, Canberra)","956000007420083","Panda","2026-07-23","MALE","","Panda is a very tidy dog who is easy to train and fit in. He is confident and very affectionate. He loves to play and loves to wipe out and relax by your side. He is comfortable on his own which would make him suitable for fulltime workers or a busy family. Panda can do stairs and is very gentle and friendly boy.","panda-3",""
"2020-09-01","Northern Rivers (Grafton, Lismore, Casino)","956000007842773","Benny","2026-07-23","MALE","","Meet Benny🐾 Say hello to Benny, our big-hearted greyhound with an even bigger personality! This handsome lad is full of life, energy, and affection — the perfect mix of fun and love. Benny absolutely adores people and thrives on human company. Whether he’s greeting you with a wagging tail or leaning in for pats, he’s sure to win you over in seconds. Benny would love a family with a backyard where he can stretch his long legs, zoom around, and play to his heart’s content. After playtime, he’s more than happy to flop down and relax, enjoying some quiet time — he’s quite independent when he wants to be! When it comes to other dogs, Benny can be a bit selective with male dogs, so he’d likely be happiest as the only dog in his new home (as long as he has that backyard and plenty of human love, he’ll be in heaven!). If you’re looking for a big, goofy, affectionate companion who’ll make you smile every day, Benny is your boy. He’s ready to fill your home with love, laughter, and a few joyful zoomies!","benny-10",""
"2022-02-01","Northern Rivers (Grafton, Lismore, Casino)","956000011652693","Stella","2026-07-23","FEMALE","","Meet Stella🌟 Say hello to Stella, a gorgeous greyhound with a heart as big as her smile! This social butterfly absolutely adores her canine friends and loves nothing more than a good play session with her doggy pals. Stella isn’t fazed by much — she takes everything in her stride with her calm, easy-going nature. Whether she’s out on an adventure or lounging at home, Stella is simply happy to be part of the fun. She’s a big fan of her humans too! Pats, ear rubs, and cuddles are always on her wish list, and she’ll happily follow you around or curl up at your feet once playtime is over. When she’s not making friends, Stella enjoys playing with her toys or just relaxing in a comfy spot nearby. With her affectionate personality and playful charm, she’s the perfect all-round companion. Stella’s dream home is one where she can share her days with loving humans (and maybe a furry friend or two) who will give her the love and attention she so happily returns.","stella-7",""
"2019-12-01","Western Sydney (Londonderry)","956000007833840","Vern","2026-07-23","MALE","","Vern is a gentleman who walks nicely on the lead, who is confident and happy around new people and happy to go gentle walks around the block everyday. A fenced backyard and a home who will include him in daily activities would be a great fit for him. Vern has a positive and welcoming nature which would see him suit a family with children. Meet Vern by appointment at the Western Sydney adoption centre.","vern",""
"2021-06-01","Western Sydney (Londonderry)","956000012867205","Teddy","2026-07-23","MALE","","Affectionate boy Teddy is a sweet boy who walks gently on the lead and will greet you with a gentle tail wag. He is a calm, loving and sooky boy looking for someone to dote on him. He's easy to walk and has an easy going nature. He is friendly around other greyhounds and would suit a home with another dog. This cutie is available by appointment at the Western Sydney adoption centre!","teddy-9",""
"2021-01-01","Northern Rivers (Grafton, Lismore, Casino)","956000011711698","Jack","2026-07-23","MALE","","Meet Jack🐾 Say hello to Jack, a cheerful and affectionate greyhound who’s ready to find his forever family! Jack has grown up around children and is wonderfully gentle and patient with them — he loves being part of family life and joins in with whatever’s going on, always making sure everyone is happy and safe. This lovely boy gets along brilliantly with other large dogs and enjoys having a playmate who can keep up with his energy. He can be a little unsure around smaller dogs at times, so he’d benefit from some calm, positive socialisation to help him feel more confident with them. Jack’s playful side really shines when he’s surrounded by his toys. He loves tossing them around, chasing after them, and showing off his collection to anyone who’ll watch! Between play sessions, Jack takes his role as “family supervisor” very seriously, checking in regularly with his people to make sure all is well before settling down again with a big grin and wagging tail. With his happy, affectionate nature and gentle heart, Jack would make a wonderful companion for a family looking for a fun, loving dog to share their days with. He’s full of character, always up for a bit of play, and even happier just to be near his humans. If you’re searching for a loyal, joyful friend who’ll bring laughter and love into your home, Jack is your guy. He’s ready to meet his forever family — and he can’t wait to check in with you! 💛🐶","jack-36",""
"2021-11-01","Northern Rivers (Grafton, Lismore, Casino)","956000013017828","Keith","2026-07-23","MALE","","Meet Keith🐾 💛 Say hello to Keith, a stunning boy with a big personality and an even bigger heart. This charming boy has grown up surrounded by children, so he’s used to family life and all the noise, laughter, and cuddles that come with it. He’s gentle and patient with kids, always happy to join in on playtime or relax nearby while they do their thing. Keith is an excellent traveller, he hops into the car with ease and settles down quietly for the ride. Whether it’s a trip to the countryside or a quick run to the shops, he’s the perfect co-pilot who loves to be part of the action. When it comes to other dogs, Keith gets along beautifully with larger breeds and enjoys having a playmate of similar size and energy. He can be a little unsure around smaller dogs and would benefit from some gentle, supervised socialisation. True to his greyhound nature, Keith is a lovely mix of playful and laid-back. He adores his bursts of energy in the garden or at the park — chasing toys, stretching those long legs, and showing off his zoomies, but he’s just as happy curling up for a snooze on the sofa afterwards. He’s got the balance just right! Keith would suit most family environments, especially those looking for a single dog who can be the centre of attention. He thrives on affection and companionship and will reward his new family with endless loyalty, love, and plenty of cuddles.","keith-3",""
"2022-05-01","Northern Rivers (Grafton, Lismore, Casino)","956000014529171","Bj","2026-07-23","MALE","","Meet BJ🐾 BJ is a wonderful male greyhound who’s great with all dogs and would fit perfectly into a home with children. He’s had positive experiences around kids before, making him a calm and gentle companion for family life. This affectionate boy absolutely loves pats and cuddles — he’s always ready to lean in for some extra love and attention. BJ also enjoys a splash in shallow water, happily cooling off and having fun when the chance arises. With his friendly nature, love for affection, and easy going temperament, BJ is a fantastic all-rounder who will bring warmth and happiness to any household. If you’re looking for a sweet, sociable greyhound who thrives in a family environment and gets along with everyone, BJ could be the perfect match for you.","bj-2",""
"2021-02-01","Hunter Valley Mid Coast (Maitland/ Muswellbrook/Newcastle/Forster)","956000007421962","Jack","2026-07-23","MALE","","Jack is a playful, sweet-natured boy with a cheeky streak and a big heart. He’s lived with a young cattle dog puppy and showed plenty of patience, and he currently shares his life with a couple of toddlers who climb all over him—he doesn’t mind a bit! Jack LOVES his toys (especially fetch!) and is super treat-motivated, which makes training and bonding a breeze. He’s all about having a good play, then flopping onto a comfy bed for a well-earned nap. Jack’s also been known to “reorganise” shoes around the house—just his way of helping with interior design! If you’re after a fun-loving, kid-friendly companion with a mischievous grin and a heart of gold, Jack’s your guy.","jack-34",""
"2021-12-01","Hunter Valley Mid Coast (Maitland/ Muswellbrook/Newcastle/Forster)","956000011658719","Burt","2026-07-23","MALE","","Burt is a total character who thrives on human attention and isn’t shy about making sure you notice him! He can pull like a pro at first on walks, but give him a little time and he settles right down. Burt gets along with other greyhounds at home but prefers to be the king of his castle—he’s got a strong “mine” vibe when it comes to his food and toys. He’s great with kids of all ages and has plenty of experience being a patient, lovable buddy. Burt’s looking for someone who’s home most of the time to keep him company and soak up all his charm. Cats aren’t really his cup of tea, so a feline-free home would suit him best. Ready for a lively, loyal companion? Burt’s your guy!","burt",""
"2019-12-01","Hunter Valley Mid Coast (Maitland/ Muswellbrook/Newcastle/Forster)","956000012255310","Bertha","2026-07-23","FEMALE","","Bertha is a calm and quiet lady who walks well on lead and prefers a relaxed lifestyle—perfect for someone looking for a low-key companion. She enjoys a little play with toys now and then, plus the occasional zoomie to remind you she’s still got some pep in her step. Bertha is best suited as a solo dog and would be a wonderful match for someone who wants a peaceful friend to share their days with—especially if you work from home and can keep her company. While she’s not a fan of cats, Bertha’s easy-going nature makes her a sweet and steady companion for the right home.","bertha-2",""
"2018-10-01","Hunter Valley Mid Coast (Maitland/ Muswellbrook/Newcastle/Forster)","956000006809967","Jimmy","2026-07-23","MALE","","Jimmy is a confident, energetic guy who walks beautifully on lead and loves to bound around with enthusiasm. He’s super engaging with people and thrives on treats—perfect for training and bonding! While Jimmy enjoys playing with other greyhounds during his outings, he prefers to be the only dog in the home to keep things calm and comfortable. Jimmy requires a cat-free home/small animal home. All-in-all Jimmy will require an experienced greyhound owner. Jimmy would shine in an active household where he can join in on plenty of adventures and daily fun. If you’re looking for a lively, loyal, Jimmy is your guy!","jimmy-11",""
"2020-05-01","Northern Rivers (Grafton, Lismore, Casino)","956000007466484","Hammer","2026-07-23","MALE","","Ready to nail the perfect companion? Meet Hammer 🐾 Hammer is the ultimate all-rounder—a friendly, happy-go-lucky greyhound who gets along famously with other dogs of all shapes and sizes. Whether it’s a tiny terrier or a big labrador, Hammer’s easy going nature means he’s ready to make friends wherever he goes. This lively boy absolutely loves his zoomies and would thrive in a home with a backyard where he can race around and let loose to his heart’s content. When he’s not zooming, Hammer is a wonderful family dog—gentle, affectionate, and great with people of all ages. He’s equally happy as a solo dog or as the perfect companion for a young couple looking for a loving, energetic friend. Hammer is a cuddler at heart and enjoys spending quiet moments snuggled up with his humans after a day of fun and play. His engaging personality and happy disposition make him a joy to be around, always eager to say hello and share some love. If you’re searching for a playful, affectionate, and well-rounded greyhound who’s ready to bring energy and warmth into your home, Hammer might just be the perfect match!","hammer",""
"2019-05-01","Northern Rivers (Grafton, Lismore, Casino)","956000006793938","Big Boy","2026-07-23","MALE","","Say hello to Big Boy 🐾 Big Boy is a gentle giant with a heart as big as his name! This confident and max relaxer greyhound is a true people pleaser who adores everyone—from dogs and cats to children of all ages. He’s got a warm, friendly nature that makes him an instant hit wherever he goes. While Big Boy loves socializing, he prefers to be the king of his castle and would do best as a solo dog in his forever home. That said, he’s always up for a fun doggy playdate to stretch his legs and enjoy some furry friendship time. He knows how to keep things chill and relaxed, so his play dates tend to be happy and harmonious affairs. Big Boy would thrive in a home with a backyard where he can soak up the sunshine, lounge on the grass, or explore at his own leisurely pace. He’s happiest when a family member is working from home or part-time, as he enjoys company but is also perfectly content to kick back and chill solo when needed. Whether he’s snoozing quietly or spending quality time cuddling with his humans, Big Boy’s laid-back vibe brings calm and comfort to any household. On walks, Big Boy is a star walker, calm and confident on the lead, making every outing a peaceful pleasure for both dog and human. If you’re looking for a lovable, relaxed companion who’s a true social butterfly with a preference for solo living and fun play dates, Big Boy could be your perfect match. Ready to settle in and steal your heart, he’s waiting to become the gentle giant of your family!","big-boy-1",""
"2019-05-01","Western Sydney (Londonderry)","956000006795720","Cindy","2026-07-23","FEMALE","","Cindy is a sweet, quiet girl, who is lovely and soft with other dogs. She warms up well once you get to know her and becomes very sweet and affectionate. Cindy would suit a nurturing home where they can take things slow, but we're sure she will come out of her shell! A quiet home with a backyard to retreat to would be a perfect match for Cindy as she settles into pet life. A home without little kids is best suited as she is on the shy side. Available at Western Sydney!","cindy-6",""
"2024-01-01","Northern Rivers (Grafton, Lismore, Casino)","956000017173454","Tails","2026-07-23","FEMALE","","Meet Tails 🐕‍🦺 Tails has been in foster care with a wonderful family and their 2 greyhounds now for a few months. 💕 Tails has flourished in foster with Winnie and Potato teaching her the ropes. She loves going for walks and enjoys the beach. Tails is a collector of all things, she has learnt to clean up her toys and take them to her bed at night. She also collects many other things and looks after them. Tails would benefit from another confident playful greyhound friend like Potato to teach her the ropes and continue to bring out her confidence. Tails loves to play and run with her friend Potato in the yard while Winnie supervises watching fromt he sidelines ready to be the fun police if required.","tails-1",""
"2019-01-01","Western Sydney (Londonderry)","956000006169035","Wooly","2026-07-23","MALE","","Hey, I'm Wooly! I'm a quiet guy, looking for a quiet home. I warm up to new people but would prefer a nurturing chilled out place to call my own. I'd love my own backyard and don't mind mingling with other dogs big or small. I love food and will enjoy learning new tricks in my forever home. A home without children is best for me. I can't wait to meet you! Available at Western Sydney.","wooly",""
"2019-01-01","Northern Rivers (Grafton, Lismore, Casino)","956000006803507","Jill","2026-07-23","FEMALE","","Jill is a confident, friendly and affectionate girl described as 'wonderful' by her trainers here at the adoption centre. If you're looking for a super smart and focused girl, Jill's known cues are: name/recall, 'on your bed', off, down, touch, shake, chin rest, and drop (a toy). Jill loves toys & will play fetch with you. Her ideal home is a house with a backyard with colorbond fencing with shorter hours alone while she settles in. Jill requires a home without exposure to other dogs and requires an owner who lives in a low small dog populated area. She would thrive with an experienced greyhound owner who can continue her human engagement, training, focus training, and things like stationing on a bed, performing cues and recalling. She is happy to entertain herself in the yard during the day making her a good fit for those who work full-time and want a loving companion welcome them home everyday. Meet Jill at Western Sydney!","jill-8",""
"2017-08-01","Northern Rivers (Grafton, Lismore, Casino)","956000009574469","Spring","2026-07-23","FEMALE","","Meet Spring! 🌼 Spring is a sweet-natured girl with a heart as soft as her gorgeous greyhound coat. She’s one of those dogs who makes life easier just by being around – relaxed, gentle, and incredibly easy to handle. Whether you’re an experienced dog owner or new to life with pups, Spring fits in effortlessly. She’s a real social butterfly, getting along brilliantly with all other dogs and loving the company of people. If you’ve got visitors, expect Spring to be first in line for a gentle hello and a little tail wag. She's a friendly soul who just wants to be included in the love. Spring would be a great fit for a family home, including one with respectful children. Her calm and steady personality makes her a safe and lovely companion for little ones. While she’s a joy in almost every way, Spring is still working on perfecting her lead manners – nothing too tricky, just a bit of ongoing training and consistency, and she’ll have it down in no time. If you're looking for a sweet, low-maintenance, and loving dog who enjoys companionship and will bring a peaceful energy to your home, Spring could be your perfect match.","spring-1",""
"2019-11-01","Northern Rivers (Grafton, Lismore, Casino)","956000012226511","Belle","2026-07-23","FEMALE","","Belle is a happy, vibrant and energetic girl who is affectionate and social! She loves all the fun things in pet life - treats, zoomies, attention and play! She would love a fun active home to keep her stimulated and meet her training and enrichment needs. She is very friendly, and would suit a home with another dog big or small. She would suit kids experienced with large breed dogs. A fully fenced yard with somewhere for her to romp around and sunbake would be ideal for Belle! Available via Northern Rivers.","belle-5",""
"2021-11-01","Northern Rivers (Grafton, Lismore, Casino)","956000013018423","Gem","2026-07-23","FEMALE","","Meet Gem 💎! This gorgeous girl has a heart full of love and a gentle, shy nature that takes a little time to come out of her shell. At first, Gem might feel a bit reserved as she gets used to new surroundings and people, but with patience and a calm environment, she quickly settles in and reveals her true, loving self. Gem would thrive best in a household where someone is usually around—whether working from home, part-time, or just a steady presence—so she never feels alone and can build her confidence at her own pace. One of Gem’s greatest joys is spending time with her doggy friends. She loves to play and interact with other dogs, showing her friendly and sociable side once she feels comfortable. Gem also adores children and enjoys their playful energy, making her a wonderful companion for families with kids who can engage her in gentle games and fun activities. Though she may start off a little shy, once Gem has warmed up to you, she’s a total cuddle queen. She loves curling up close, soaking in affection, and sharing those quiet, cozy moments that truly bond a dog and their human. Her sweet, gentle spirit shines through in these calm times, reminding you just how special she is. If you’re looking for a patient, loving, and devoted friend who will blossom beautifully in a supportive and caring home, Gem is waiting to meet you. With time, love, and consistency, this gentle girl will become a treasured member of your family, bringing warmth and happiness every day.","gem-9",""
"2016-11-01","Northern Rivers (Grafton, Lismore, Casino)","956000004482938","Lonnie","2026-07-23","FEMALE","","Hey, I'm Lonnie! With my big happy smile, I hope I catch your eye! I'm a friendly girl to people and dogs alike, making me a wonderful family pet. I walk perfectly on the lead, and I have a lovely gentle personality. I like car rides, adventures and having fun with my people. I would love a home who will show me all about the big wide world and include me in daily activities. I have a soft, gentle personality and would love to meet you! Available in Northern Rivers.","lonnie",""
"2018-11-01","Northern Rivers (Grafton, Lismore, Casino)","956000006672042","Angel","2026-07-23","FEMALE","","Hi, I'm angel, a gentle mannered quiet girl looking for a forever home. I'm middle aged, making me sweet and calm and ready to snooze by your side. I can take a little time to warm up but I promise to be your best friend once I get to know you. Another dog does give me some more confidence so maybe you have a confident doggie for me to be friends with? I'd love a courtyard or backyard to call my own, as I love being outside in the sunshine. Available in Northern Rivers.","angel-9",""
"2020-11-01","Hunter Valley Mid Coast (Maitland/ Muswellbrook/Newcastle/Forster)","956000011576753","Danny","2026-07-23","MALE","","Meet Danny 🐕 Danny is a charming and affectionate boy with a big heart and a friendly soul. He absolutely adores other greyhounds and thrives in their company. Although he hasn’t been tested around smaller dogs yet, his gentle and calm nature suggests he could adapt well with the right introduction. Danny has lived happily with young children and has proven to be a patient and loving friend to the little ones in his life. He’s used to the hustle and bustle of a busy home and enjoys being part of a family environment where he can share lots of love and attention. One of Danny’s standout qualities is how beautifully he walks on the lead — calm, polite, and well-mannered, he makes every walk a pleasant experience. He’s also very trainable and responds well to crate training, which helps him settle and feel secure when needed. Danny would do best in a home that has a backyard or safe outdoor space where he can stretch his legs, enjoy some fresh air, and have the freedom to relax and play. He’s not just an energetic pup; he’s a true people-lover who thrives on companionship and bonds closely with his humans. If you’re looking for a gentle, friendly, and devoted greyhound who will fit seamlessly into a loving home, Danny could be your perfect match. He’s ready to share his heart and make new memories with a family that can give him the care and affection he deserves.","danny-4",""
"2021-01-01","New England","956000014510438","Jimmy","2026-07-23","MALE","","Jimmy is the sweetest boy a heart full of love and legs built for adventure. This playful boy is looking for his forever home where he can shine as either your one-and-only or alongside another medium to large dog who matches his energy and style. 🐾 Personality & Temperament: Playful & affectionate – Jimmy loves to play and thrives on human interaction. Walk enthusiast – Walks are his favorite part of the day, and he’ll happily trot beside you rain or shine. Kid-friendly – Best suited to homes with older children who understand gentle dog manners. 🏡 Ideal Home: Jimmy would do best in a home where he’s either the only pet or paired with another dog of similar size. He’s not suited to living with small dogs or cats, but he’s got plenty of love to give to his human family.","jimmy-10",""
"2020-09-01","Northern Rivers (Grafton, Lismore, Casino)","956000012805487","Zara","2026-07-23","FEMALE","","Zara is a chilled and easy going girl Zara would like a quiet home where she can chill with her family and perhaps go on a short walk every few days Zara has been living in a home and is quiet and easy to live with Zara has been socialised with small dogs and would be fine with a relaxed quiet small friend","zara-6",""
"2019-11-01","Northern Rivers (Grafton, Lismore, Casino)","956000012226511","Royal","2026-07-23","FEMALE","","Meet Royal 👑🐾 Royal is a delightful girl who truly lives up to her name. She’s a playful and affectionate sweetheart who adores making friends—especially with other dogs, no matter their size! Royal’s favourite thing in the world is playing with her furry pals, and she’ll happily invite any dog she meets to join in on the fun. Whether it’s a game of chase, tug, or just a joyful romp, Royal is always ready to play. This gentle lady would make a wonderful family pet. She’s calm and confident, not easily stressed by new people or environments, which makes her adaptable and easygoing in all kinds of settings. Royal loves her toys and can spend hours happily entertaining herself or sharing playtime with her favourite humans. When she’s not busy playing or making new friends, Royal is a cuddle bug who loves to snuggle up and soak in all the love and attention she can get. She’s a perfect balance of lively and laid-back—a true joy to have around. If you’re looking for a loving, playful, and incredibly social companion who will bring laughter and warmth into your home, Royal is ready to steal your heart and become your family’s new best friend.","royal-2",""
"2020-02-01","Hunter Valley Mid Coast (Maitland/ Muswellbrook/Newcastle/Forster)","956000007842710","T Rex","2026-07-23","MALE","","Meet T-Rex 🦕 Dog Friendly: Yes – best with medium to large dogs Child Friendly: Yes – best suited to a home with older children Ideal Home: A family with a secure backyard and an active lifestyle Don’t let the name fool you – T-Rex is all heart and happiness! This big, bouncy boy is bursting with personality and ready to find a family who’ll love his enthusiastic, affectionate nature. T-Rex is a social butterfly through and through. He’s currently living with other greyhounds and thrives in their company, especially those who can match his playful energy. He’s also friendly with medium and large dogs, and loves being part of a pack. This boy lives for his people – always close by, always ready to join in. Whether you're moving around the house or heading out for an adventure, expect T-Rex to be your loyal shadow. He’s interactive, affectionate, and happiest when included. T-Rex would do best in a home with older children who can enjoy his energy and help guide his big personality. A backyard is a must – he’s got some serious zoomie skills and needs space to stretch those long legs. While he’s eager to get out and explore, T-Rex can be strong on the lead, so he’ll need confident handlers who can continue his training and help him channel his excitement on walks. He will be your super social and loyal shadow and sidekick If you’re ready for a fun, affectionate, and outgoing greyhound who will bring non-stop joy and energy into your life, T-Rex is your guy.","t-rex",""
"2021-03-01","Northern Rivers (Grafton, Lismore, Casino)","956000014517931","Zippa","2026-07-23","MALE","","Meet Zippa!🐾 Zippa is a charming, affectionate boy who’s never met a dog he didn’t want to be friends with—especially if they’re fellow greyhounds! He thrives on canine company and is always the first to say hello with a happy wag and a gentle nuzzle. This social superstar settles quickly into new environments and brings calm confidence wherever he goes. Whether it’s a bustling park or a cozy home, Zippa makes himself right at home in no time. He absolutely adores human affection and will happily lean in for cuddles, neck scritches, and all the love you’re willing to give. With his friendly nature and easy-going personality, Zippa is a joy to have around and will make a wonderful companion for a home with other dogs—or just humans ready to shower him with love.","zippa",""
"2022-11-01","Western Sydney (Londonderry)","956000015729131","Son","2026-07-23","MALE","","*Son has spent some time in a foster home* His foster carer shared that: ""He's been doing well on walks, slowly getting better each day walking on the leash without too much pulling, eating well, and enjoying playing with toys."" Hi, I'm Son! I've been described as calm, loving, sociable, and easy-going. I enjoy spending time with my people and thrive on human companionship. Once I've gotten to know you, I'm more than happy to snuggle in for some attention and pats. I'm comfortable travelling in the car, snoozing in a crate, and relaxing around the home. I have a charming nature and a zest for life, and I'd love a backyard where I can search for my toys and find the perfect sunny spot for an afternoon nap. I would suit a home where I can have quiet spaces to relax while I settle in and learn all about my new surroundings. I'd also love a family who can be around more often than not while I continue building confidence being left alone. I may enjoy living with another medium to large breed dog as a companion, provided introductions are managed appropriately. I would also be best suited to a home with mature-aged children who can understand and respect my boundaries. If you're looking for a gentle, affectionate companion who enjoys both adventure and relaxation, I could be the perfect match for you. You can meet me at the Western Sydney Adoption Centre!","son-7",""
"2021-09-01","New England","956000012790590","Diesel","2026-07-23","MALE","","With his sweet little undershot jaw, Diesel oozes character both on the outside and on the inside! This sweet dog is good with children and other dogs, he is ready to slot right into family life and find a sofa to call his own. Whist he loves to play ball and goof around, Diesel is also happy to curl up next to his person for a cuddle and a snooze!","diesel-6",""
"2021-09-01","Hunter Valley Mid Coast (Maitland/ Muswellbrook/Newcastle/Forster)","956000007432818","Boris","2026-07-23","MALE","","Meet Boris! 🐕 Boris is a high-energy, fun-loving boy with a big personality and an even bigger heart. With his confident nature and bouncy enthusiasm, he’s always ready to play, explore, and soak up all the affection he can get. Boris gets along great with medium to large dogs and would thrive in an active home where he can be part of the action. Whether it’s going on adventures, playing in the yard, or just enjoying time with his people, Boris is all in. He would also love a friend at home to keep him company and is happy to play with him. If you’re an energetic family looking for a lively, loving companion who brings joy wherever he goes, Boris is your guy!","boris-4",""
"2019-12-01","Western Sydney (Londonderry)","956000012257986","Gazza","2026-07-23","MALE","","Gazza is a sweet boy who travels well in vans, cars and trailer, also walks well on lead on adventures out and about. Gazza has shown polite manners with children ranging from 20 months to 9 years old, showing a gentle & polite indifference. Gazza has spent time mingling with big and small dogs and would suit a home looking for a laid back boy happy to go with the flow. Gazza dreams of a little backyard to spend his days in and kids to keep him entertained during the day. He can be adopted at the Western Sydney adoption centre.","gazza-1",""
"2019-08-01","Southern NSW/ACT (Bulli, Nowra, Goulburn, Canberra)","956000006794477","Sooky","2026-07-23","FEMALE","","walks well on lead Confident and social. higher energy dog for someone thats looking for adventure and likes fitness jumps up and down playful and jumps up to give cuddles likes to go off and explore would love a big backyard good for fulltime working hours enjoys a zoomie","sooky",""
"2022-03-01","Northern Rivers (Grafton, Lismore, Casino)","956000011646777","Zane","2026-07-23","MALE","","Say hello to Zane! 🐾 Say hi to Zane, a lovable boy with a bright personality and a constantly wagging tail! Zane is the kind of dog who takes life in stride—always happy, always friendly, and ready to make new friends wherever he goes. Zane gets along beautifully with dogs of all shapes and sizes. Whether he’s meeting other Greyhounds or mingling with different breeds, he’s calm, polite, and loves being part of the action. Busy environments? No problem for Zane! He takes everything in with a relaxed attitude and copes well with new places, people, and experiences. He’s curious, confident, and always up for a new adventure—especially if there are treats involved (his favourite!). Zane would thrive in a home where he gets to be part of the fun and share his joy with others. If you’re after a gentle, friendly companion who brings sunshine wherever he goes, Zane might just be your perfect match.","zane",""
"2020-01-01","Hunter Valley Mid Coast (Maitland/ Muswellbrook/Newcastle/Forster)","956000007357256","Garth","2026-07-23","MALE","","Introducing Garth… 🐾✨ Garth is a clever, confident greyhound who is happy to sniff out the world around him. 🌍👃 Whether it’s a leafy park, a busy street, or a quiet trail, Garth’s nose is always on a mission. He’s got a serious sniff game going on, taking in all in. But don’t let his independent streak fool you — when it’s time to wind down, Garth transforms into a total cuddle champ. 🥰 He’s a pro at snuggling up close, giving the best warm, cozy vibes after a long day of exploring. 🐕❤️ On walks, Garth is the perfect gentleman: calm, focused, and walking nicely on the lead. 🐕‍🦺 He’s happy to take the lead on where to sniff next, but always by your side. If you’re after a smart, easy-going companion who loves his independence but knows how to share the love, Garth is your guy and he can’t wait to meet you! 💙","garth",""
"2020-12-01","Hunter Valley Mid Coast (Maitland/ Muswellbrook/Newcastle/Forster)","956000007449362","Shakey","2026-07-23","FEMALE","","Meet Shakey! 🐾 Shakey is a lovable greyhound with a heart full of affection for humans and fellow dogs alike❤️. Always the initiator of cuddles and belly rubs, Shakey thrives on connection and companionship. Curious and adventurous, he loves exploring new surroundings and enjoys every walk — especially because he’s such a pro on the lead! 🚶‍♂️ He’d be happiest in a busy, lively home where there’s plenty going on and would be more than happy with another furry friend to share the fun 🐕🎉. If you’re looking for a gentle, sociable, and well-mannered greyhound to brighten your days, Shakey might just shake her way into being your perfect match!","shakey",""
"2022-08-01","Central West (Bathurst/Dubbo/Coonabarabran)","956000015731404","Tommy","2026-07-23","MALE","","Meet Tommy – The Tail-Wagging Bundle of Joy! 🐾🎉 Tommy is a happy greyhound whose tail never stops wagging! He’s a lovable guy who thrives on cuddles, pats, and playtime—always ready to share his infectious enthusiasm with everyone he meets. Tommy loves exploring new places and sniffing out adventures, making every walk an exciting journey. His joyful spirit and affectionate nature make him the perfect companion for anyone looking for a fun-loving, loving friend. If you want a happy, playful pal who’s always up for a cuddle and a romp, Tommy’s your guy!","tommy-18",""
"2020-02-01","Hunter Valley Mid Coast (Maitland/ Muswellbrook/Newcastle/Forster)","956000007837824","Bruiser","2026-07-23","MALE","","Meet Bruiser – Big Heart, Bigger Tail Wags! 🐶💕 Don’t let the name fool you – Bruiser is a total softie! This happy-go-lucky boy is bursting with love and has a tail that never stops wagging. He’s always ready to greet you with a smile and a nuzzle, and he thrives on affection from his human friends. Bruiser is full of energy and enjoys his playtime, walks, and any chance to explore the world by your side. He’s been around children aged 8 and up and would do well in a home where he can continue building those bonds – he loves being part of the action! Whether it’s zoomies in the yard or cuddles on the couch, Bruiser brings a joyful spark to every moment. He’d be a wonderful match for an active family or anyone looking for a loyal, loving companion. Ready to meet your new best friend? Bruiser can’t wait to wag his way into your heart!","bruiser-4",""
"2020-08-01","Central West (Bathurst/Dubbo/Coonabarabran)","956000011574597","Sonny","2026-07-23","MALE","","Sonny is a gentle, easy-going boy with a calm and placid nature. He loves a good snuggle but is just as happy doing his own thing or spending time with his people. With a slow introduction, he may get along well with smaller dogs. Sonny is a relaxed companion ready to bring quiet joy to a loving home.","sonny-5",""
"2021-05-01","Northern Rivers (Grafton, Lismore, Casino)","956000007430419","Charlie","2026-07-23","MALE","","Meet Charlie! 🐾 Charlie is a social butterfly who loves spending time with people and gets along great with other dogs. He’s full of energy and can be a bit strong on the lead at first, but he quickly settles into a calm and well-mannered walker once he gets going. Charlie is also a pro traveller—he enjoys van rides and is comfortable on the road, making him a great adventure buddy. If you’re looking for a friendly, outgoing greyhound who’s ready to join you on walks and trips, Charlie is your guy!","charlie-15",""
"2022-10-01","Northern Rivers (Grafton, Lismore, Casino)","956000011349543","Jack","2026-07-23","MALE","","Jack is a calm, easygoing greyhound who’s as lovely on the inside as he is on the outside. With his gentle nature and relaxed attitude, he settles into new environments quickly and takes everything in his stride. Jack is fantastic with children and other dogs, making him a wonderful family companion. He’s always polite, friendly, and happy to be part of the group – whether it’s a quiet day at home or a walk around the neighbourhood. He walks beautifully on the lead, never pulling or fussing, and is more than happy to stroll along at your side. Jack’s chilled-out personality and kind soul make him a joy to have around.","jack-32",""
"2019-06-01","Northern Rivers (Grafton, Lismore, Casino)","956000007829359","Greg","2026-07-23","MALE","","Meet Greg – A Gentle Soul Ready to Bloom 🌟🐾 Greg is a sweet and sensitive greyhound with a quietly charming personality. He can be a little shy at first, but it doesn’t take long for him to warm up – and once he does, you’ll see a loving and loyal companion who enjoys being part of the action in his own gentle way. Greg gets along well with other dogs and enjoys their company. He walks beautifully on the lead and is a dream to take out and about, always calm and well-mannered. He also travels well in the car, making adventures easy and stress-free. With a little patience and a lot of love, Greg will continue to come out of his shell and show you just how affectionate and easy going he really is. He’s a quiet star who’s just waiting for the right person or family to help him shine.","greg-1",""
"2019-06-01","Northern Rivers (Grafton, Lismore, Casino)","956000007857162","Sheila","2026-07-23","FEMALE","","Meet Sheila – A Sweet Soul with a Playful Heart 🐾💖 Sheila is a beautiful greyhound with a gentle nature and a heart full of love. She can be a little shy when meeting new people or exploring new places, but give her a bit of time and patience, and you’ll see her blossom into a joyful, playful girl with the happiest little tail wags. Once Sheila feels safe and settled, her playful side shines through. She loves to run, bounce around, and enjoy the company of her doggy friends – she gets along wonderfully with other dogs and thrives in their company. Sheila would do best in a calm and supportive home where she’s given the space to build her confidence. In return, she’ll reward you with sweet affection, gentle playfulness, and a loyal heart.","sheila-2",""
"2019-06-01","Northern Rivers (Grafton, Lismore, Casino)","956000007853681","Penny","2026-07-23","FEMALE","","Meet Penny🎾🐾 Penny is a bright, bubbly greyhound with a zest for life and a serious love for fetch! Toss a ball and watch her light up with joy – she could play all day if you let her. Her playful spirit and happy nature make her an absolute delight to be around. Always cheerful and full of personality, Penny brings positive energy wherever she goes. She travels well in the car, making her a great companion for outings and adventures, and she’s perfectly content relaxing in her crate when it’s time to wind down. Penny is the perfect mix of fun and easy going. Whether she’s chasing a ball, enjoying a ride, or snoozing in her crate after a busy day, she does it all with a wagging tail and a happy heart.","penny-11",""
"2019-06-01","Northern Rivers (Grafton, Lismore, Casino)","956000007856122","Glen","2026-07-23","MALE","","Meet Glen – The Ultimate Companion with a Heart of Gold 💛🐾 Glen is a handsome greyhound with a big heart and an even bigger love for life. Friendly, affectionate, and full of charm, Glen adores people and never misses an opportunity for a cuddle or a kind word. His tail is always wagging, especially when he's surrounded by his favourite humans. Glen gets along wonderfully with other dogs and is a real social butterfly. Whether he's playing with his pals or just chilling nearby, he brings calm, friendly energy wherever he goes. A big fan of toys, Glen loves a bit of playtime and will happily keep himself entertained with a squeaky or two. He also travels like a dream in the car, making him the perfect buddy for road trips, weekend getaways, or even just a quick drive to the park.","glen-2",""
"2019-06-01","Northern Rivers (Grafton, Lismore, Casino)","956000007855335","Donnie","2026-07-23","MALE","","Meet Donnie – The Social Butterfly with a Love for Fun! 🐶🎾 Donnie is a happy-go-lucky greyhound who’s always up for a good time! Whether he’s heading out on a road trip or making new doggy friends at the park, Donnie takes it all in stride. He travels like a pro – calm, relaxed, and ready for the next stop on the journey. This playful boy has a soft spot for toys and will happily entertain himself with a squeaky or a tug toy, bringing a smile to everyone around him. He gets along wonderfully with other dogs and thrives in social settings, making him a great fit for families with existing canine companions. Donnie walks beautifully on the lead and loves exploring the world at a comfortable pace by your side. His friendly nature, confidence, and zest for life make him a joy to have around.","donnie",""
"2019-06-01","Northern Rivers (Grafton, Lismore, Casino)","956000007853642","Dougall","2026-07-23","MALE","","Meet Dougall🚗🐾 Dougall is a charming greyhound with a heart as big as his love for car rides. This gentle soul is always ready to hop in the car and join you on your next adventure – whether it’s a weekend getaway or just a trip to the shops, Dougall’s happy place is right by your side. With excellent leash manners, Dougall walks beautifully on the lead, making strolls a breeze. He’s polite and friendly around other dogs, and his calm nature makes him a wonderful companion in a variety of settings. Dougall also has a soft spot for affection. He’ll happily lean in for a cuddle or nuzzle up for some ear scratches – he may be sleek and speedy, but he’s really just a big softie at heart.","dougall",""
"2019-04-01","Western Sydney (Londonderry)","956000006677803","Henry","2026-07-23","MALE","","Henry has lived his life surrounded by children, and would suit a home with a family of children who are eager to give him lots of love. Henry is a social butterfly who loves a bit of attention! He would suit a home with another medium to large dog who is on the chill side like him. His previous owners have summed him up as a big goof ball, who is placid, even a little bit clumsy! He settles well on his bed and is happy to watch the world go by with you by his side. Henry is available at the Western Sydney adoption centre.","henry-9",""
"2020-04-01","Central West (Bathurst/Dubbo/Coonabarabran)","956000012114782","Chief","2026-07-23","MALE","","Meet Chief – a handsome, easy-going boy with a heart of gold. This laid-back fella is happy entertaining himself or just chillin' solo 😎. Patient and gentle, Chief is great with small children and gets along well with other animals. He grew up around a cattle dog and has been exposed to goats, so farm life is nothing new to him. Whether he's playing or relaxing in the sun, Chief brings a calm, loyal energy to any home 🐾.","chief-6",""
"2021-08-01","Central West (Bathurst/Dubbo/Coonabarabran)","956000012863585","Flow","2026-07-23","FEMALE","","🐾 Meet Flow! 🌸 Flow is a very sweet girl with a heart full of potential. 💕 She's ready to learn, grow, and succeed with the help of a loving, supportive home. With a little training and plenty of encouragement, she’ll blossom into an amazing companion. She’d do best with older, understanding children and could be a great match for a calm, medium-large dog friend. If you're looking for a kind soul to grow with, Flow is ready to start her journey with you! 🐶💫","flow-1",""
"2021-11-01","Central West (Bathurst/Dubbo/Coonabarabran)","956000012861144","Jasper","2026-07-23","MALE","","🐾 Meet Jasper! 💙 Jasper is an affectionate, sweet, and kind-hearted boy who just wants to be loved. 🐶 He’s playful and gentle, with so much potential to shine in the right home. He’s still learning and will need a supportive family to continue his training and help build his confidence. Jasper would do best with older, understanding children and could get along well with a compatible medium-large dog. If you're ready to open your heart to a truly lovable companion, Jasper is waiting for you! 💕","jasper-5",""
"2022-03-01","Central West (Bathurst/Dubbo/Coonabarabran)","956000012917914","Reggie","2026-07-23","MALE","","🐾 Meet Reggie! 🐶 Reggie is an active, playful, and seriously handsome boy! 😍 He's full of energy and would love a yard where he can run, play, and burn off that puppy spirit. Still working on his manners, Reggie needs a patient, understanding family ready to guide him with love and consistency. He’d do best with older kids and could be a great match for a friendly medium-large dog buddy. If you’re looking for a fun-loving companion to grow with, Reggie’s your guy! 💙","reggie-7",""
"2021-11-01","Central West (Bathurst/Dubbo/Coonabarabran)","956000013022670","Emma","2026-07-23","FEMALE","","🐾 Meet Emma! 💖 Emma is a gentle soul with so much love to give. She may be a little shy at first, but with patience and kindness, her sweet personality shines through. 💕 She’s looking for a calm, supportive family to help her grow in confidence with continued training and socialisation. Emma enjoys the company of well-mannered dogs (especially larger ones!) and would do best with older, understanding children. A secure yard to play and explore would be the cherry on top for this lovely girl. 🐶🌿","emma-3",""
"2021-11-01","Central West (Bathurst/Dubbo/Coonabarabran)","956000012861951","Goofy","2026-07-23","MALE","","Meet Goofy – A Special Boy Looking for His Special Home 🐶💛 Goofy is a sweet male with a quirky charm and a heart ready to bond. He’s looking for a quiet, patient home where he can take things at his own pace. Goofy needs someone who understands that dogs like him need time, gentle guidance, and a whole lot of love to build trust. He’s still learning about the world, so training and socialization will be key to helping him grow into his best self. Goofy would do best as the only dog in the home, with older, understanding children who can respect his boundaries. With the right people, Goofy will shine – could that be you?","goofy",""
"2021-02-01","Central West (Bathurst/Dubbo/Coonabarabran)","956000013017722","Sofia","2026-07-23","FEMALE","","Meet Sofia – A Loving Blue Beauty Looking for Her Forever Home 💙🐾 Sofia is a beautiful blue female with a gentle soul and a heart full of potential. She's looking for a home that can offer her support, understanding, and time—someone patient and committed to helping her grow with continued training and care. Sofia has an old injury to her front leg, so she’ll need a family that understands her physical needs and can help her feel safe and comfortable. She thrives best as a single dog in the household and would be happiest with older, dog-savvy children who can respect her space and needs. If you’re ready to offer a calm, loving home where Sofia can continue her journey, she’s ready to meet you. 💙","sofia",""
"2017-11-01","Northern Rivers (Grafton, Lismore, Casino)","956000009463034","Tylah","2026-07-23","FEMALE","","Tylah is a beautiful, gentle soul who’s mastered the art of relaxing. She’s a laid-back lady who loves her naps and cozy spots, but don’t let that fool you—she still has her zoomie moments! Short bursts of energy are her specialty, followed by lots of lounging and cuddles. She’s happiest when she’s with her people, always close by and ready to share her calm, loving presence. Loyal, sweet, and full of quiet charm, Tylah is the kind of companion who makes every day feel a little more peaceful. If you're looking for a loyal, low-maintenance best friend who will love being by your side (especially on the couch), Tylah might just be the perfect match. 💕","tylah",""
"2019-12-01","Central West (Bathurst/Dubbo/Coonabarabran)","956000007831473","Digger","2026-07-23","MALE","","Digger is a curious, affectionate boy who loves to learn and be involved in whatever you're doing. He’s attentive, enjoys playing with his toys, and thrives on interaction. Digger would do best as the only dog in the home and would love having older children to play and bond with.","digger-4",""
"2018-12-01","Central West (Bathurst/Dubbo/Coonabarabran)","956000006812686","Brad","2026-07-23","MALE","","Brad is a lively, energetic boy once he feels at home. He enjoys playtime, especially in a backyard where he can stretch his legs and have fun. Brad is good with smaller dogs and would do well in a home with older children. A sweet, active companion ready for his next adventure!","brad-3",""
"2022-11-01","Central West (Bathurst/Dubbo/Coonabarabran)","956000011345375","Dempsey","2026-07-23","MALE","","Dempsey is a fun-loving, affectionate boy with a big personality and an even bigger love for his toys. He's interactive, silly, and always ready to make you laugh with his goofy antics. Dempsey does well with smaller dogs after a slow, safe introduction. A joyful companion who’s all about play, cuddles, and good vibes!","dempsey",""
"2021-10-01","Northern Rivers (Grafton, Lismore, Casino)","956000012864402","Bruce","2026-07-23","MALE","","Meet Bruce! 🖤 Bruce is a sweet, laid-back boy with a charming personality. He gets along well with small dogs and is always happy to spend time with his human friends. Bruce does have pannus, a condition that affects his eyes. While it's not curable, it’s easily managed with treatment to keep him comfortable. If you’re looking for a friendly, easy-going companion with a big heart, Bruce is ready to bring his charm into your life!","bruce-4",""
"2019-08-01","Central West (Bathurst/Dubbo/Coonabarabran)","956000009589667","Blaze","2026-07-23","MALE","","Meet this laid-back, placid boy—our sweet male Blaze! He's the definition of a ""dopey"" cuddle bug who loves nothing more than a good snuggle. As a single dog household pup, he's very content with his quiet life in the backyard, and he's happy to share his space with older children who understand his calm nature. Experienced owners will appreciate his lazy demeanor and gentle temperament. He’s all about relaxing and enjoying the simple things in life!","blaze-7",""
"2021-04-01","Central West (Bathurst/Dubbo/Coonabarabran)","956000012917728","Bertha","2026-07-23","FEMALE","","Bertha is a playful, cheeky, and energetic female greyhound who loves people and is very social. She’s curious and full of fun, always ready for an adventure. With the right introduction, she might get along with smaller dogs, making her a great addition to an active and engaging home.","bertha-1",""
"2020-12-01","Central West (Bathurst/Dubbo/Coonabarabran)","956000012805049","Dare","2026-07-23","MALE","","Dare is a big, gentle giant with a very sweet and playful nature. He’s fun-loving yet shows a patient and calm side when needed. Confident and happy, Dare is the perfect mix of energy and tranquility, making him an affectionate companion for any home.","dare-1",""
"2022-05-01","Central West (Bathurst/Dubbo/Coonabarabran)","956000011351882","Windy","2026-07-23","MALE","","Windy is a very sweet-natured male dog who can be a little shy at first but quickly comes out of his shell, especially when playing with toys. Confident on his own, he gets along well with smaller breeds of dogs and is sure to bring joy and warmth once he settles in.","windy-1",""
"2020-12-01","Central West (Bathurst/Dubbo/Coonabarabran)","956000011710299","Hank","2026-07-23","MALE","","Hank is a calm, easy-going, and very friendly dog with an affectionate and interactive nature. He loves to connect with others and is great with smaller breeds of dogs. Hank’s gentle personality makes him a wonderful companion for any home looking for a sweet and sociable pet.","hank-6",""
"2021-04-01","Central West (Bathurst/Dubbo/Coonabarabran)","956000012861460","Tom","2026-07-23","MALE","","Tom is a happy boy who thrives on his own in a single-dog household. He needs a supportive home where he can grow and learn. With patience and encouragement, Tom will blossom into a loving and confident companion.","tom-18",""
"2020-12-01","Central West (Bathurst/Dubbo/Coonabarabran)","956000011711067","Scotch","2026-07-23","MALE","","🐾 Meet Scotch! 🖤 Scotch is a happy, confident greyhound with a heart full of joy. Due to a past leg injury, he enjoys a slower-paced home and shorter walks—but don’t worry, he can still move around and play just fine! 🐾 Engaging, affectionate, and full of love, Scotch thrives in a calm environment where he can relax and enjoy life at his own pace. If you're looking for a gentle, loyal companion, Scotch is ready to win your heart. 💕","scotch",""
"2018-01-01","Central West (Bathurst/Dubbo/Coonabarabran)","956000009589973","Uno","2026-07-23","FEMALE","","🐾 Meet Uno! 🌟 Uno is a lovely older lady with a confident, engaging personality and a heart full of love. 💕 She’s sweet, kind, and always happy—bringing a warm, joyful presence wherever she goes. With her calm nature and affectionate spirit, Uno makes the perfect companion for a caring, loving family ready to share their home with a gentle soul. 🐶💫 If you’re looking for a steady, loving friend, Uno is ready to make your heart her home.","uno",""
"2020-12-01","Central West (Bathurst/Dubbo/Coonabarabran)","956000007436627","Dozer","2026-07-23","MALE","","Dozer, or ""Little D,"" is a sweet boy who needs time and patience to learn and grow. He’ll thrive in a quiet home where he can feel safe and supported as he blossoms into his best self. With the right care, he’s sure to become a loving companion.","dozer-2",""
"2020-03-01","Central West (Bathurst/Dubbo/Coonabarabran)","956000007827233","Lexi","2026-07-23","FEMALE","","Lexi is a sweet and placid female greyhound with a calm demeanor. Eager to learn, she needs room to grow and thrive, along with patience and understanding. A single-dog household would be ideal, providing her with the space and care she needs to flourish.","lexi-7",""
"2019-12-01","Central West (Bathurst/Dubbo/Coonabarabran)","956000012179623","Aggi","2026-07-23","FEMALE","","Aggi is a pretty female greyhound who can be a little shy at first. She needs encouragement, support, love, and time to grow. A single-dog household would be ideal, where she can feel secure and receive the attention she needs. Aggi is eager to learn and thrive with the right care and patience.","aggi-2",""
"2021-12-01","Central West (Bathurst/Dubbo/Coonabarabran)","956000007431437","Micha","2026-07-23","FEMALE","","🐾 Meet Micha! 💖 Micha is a sweet and sensitive female greyhound looking for a calm, loving home to help her blossom. With the right support and encouragement, she’s eager to learn and grow into a confident companion. She’ll thrive in a quiet environment where she feels safe and secure. Micha would do best as the only dog to start with, giving her the space and attention she needs to adjust and build trust. If you have a gentle heart and a peaceful home, Micha is ready to find comfort by your side. 🐶💕","micha-1",""
"2021-06-01","Central West (Bathurst/Dubbo/Coonabarabran)","956000007424531","Tubby","2026-07-23","FEMALE","","🐾 Meet Tubby! 💗 Tubby is a sweet girl who just needs a little time and patience to truly shine. 🌸 She can be a bit unsure at times, but with the right support and encouragement, she’ll blossom into a loving, confident companion. She’d do best in a calm, single-dog household where she can feel safe and truly be herself. With your love and guidance, Tubby is sure to thrive. 🐶💕","tubby",""
"2021-06-01","Central West (Bathurst/Dubbo/Coonabarabran)","956000011552057","Sassy","2026-07-23","FEMALE","","Sassy is a female greyhound looking for a quiet, supportive, and loving home. She needs room to grow, learn, and thrive, along with the encouragement and patience to help her blossom. A single-dog household would be ideal, where she can receive all the attention and care she deserves.","sassy-1",""
"2021-06-01","Central West (Bathurst/Dubbo/Coonabarabran)","956000007428296","Molly","2026-07-23","FEMALE","","Molly is a sweet female greyhound who can be a little shy and unsure at first, but she’ll open up with time and patience. She needs space, encouragement, and room to grow in a supportive environment. Molly thrives in a single-dog household where she can receive the love and attention she needs to feel comfortable and secure.","molly-11",""
"2016-02-01","Central West (Bathurst/Dubbo/Coonabarabran)","956000004489012","Minni","2026-07-23","FEMALE","","Minni is a laid-back, easy-going older gal with a calm and confident demeanor. She’s curious and independent, but also affectionate and loves a good snuggle. Minni is the perfect companion for someone looking for a relaxed and loving pet.","minni-6",""
"2018-05-01","Central West (Bathurst/Dubbo/Coonabarabran)","956000006810145","Lucy","2026-07-23","FEMALE","","Lucy is a very friendly and affectionate older girl who loves to give and receive cuddles. She can be relaxed and easy-going, but also has a cheeky, playful side that adds fun to her personality. Good with smaller breeds of dogs, Lucy makes a sweet and loving companion for any home.","lucy-21",""
"2021-10-01","Central West (Bathurst/Dubbo/Coonabarabran)","956000013039547","Lucy","2026-07-23","FEMALE","","Beautiful Lucy is lady who needs to find a supportive, patient & kind family. Lucy shows interest in wanting to be a part of a family, grow, learn how to be confident & playful, she just needs that support & encouragement to do so. A quiet home at first would be ideal. Lucy has spent time indoors, around children & a smaller breed of dog. With the correct introduction & supervision, Lucy may become best friends with your smaller fluff's. Please reach out if you would like to meet Lucy :)","lucy-20",""
"2018-06-01","Hunter Valley Mid Coast (Maitland/ Muswellbrook/Newcastle/Forster)","956000009589443","Red","2026-07-23","MALE","","This is our boy Red. Say hello to this charming boy who is looking for his forever home. Red is relaxed on lead, great to handle, making your daily walks very enjoyable. He has had frequent exposure to leisurely strolls in town and enjoys the slow paced lifestyle. He is very friendly and will stop for pats or to say hello. At times Red can be apprehensive in new environments. Once he has found his feet, he takes the world in his stride and settles into a happy pace of life. He would suit a quieter home with any humans, big or small, that are willing to give him all of the love in the world.","red-8",""
"2021-09-01","Central West (Bathurst/Dubbo/Coonabarabran)","956000007430066","Paddy","2026-07-23","MALE","","Mr Paddy! This gentle giant is such an easy-going, laid-back goof ball! He is always down to clown or just take it easy and rest his feet. He gets on well with smaller breeds of dogs- there's a Yorkie always saying hello :) Paddy interacts positively with new people, even younger children. He would love to have yard where he can run about, chasing toys thrown by his new best friends :)","paddy-2",""
"2019-08-01","Central West (Bathurst/Dubbo/Coonabarabran)","956000006702904","Millie","2026-07-23","FEMALE","","Looking for a sweetheart that loves children, engaging in fun play & snuggling? Then Millie is the girl for you! Millie is very excitable & playful! Loves to run around being a little silly & cheeky. Quick to jump in a body of water.... even on picture day hehe :)","millie-4",""
"2017-04-01","Central West (Bathurst/Dubbo/Coonabarabran)","956000009435360","Chucky","2026-07-23","FEMALE","","Sweet & adorable older gal. Independant & confident. Will adpat to full time workers. Has spent time around young grandchildren. Relaxed in new spaces & around new people. Sister to Storm! Would you consider welcoming both into your family?","chucky-2",""
"2018-03-01","Northern Rivers (Grafton, Lismore, Casino)","956000009464574","Garnet","2026-07-23","FEMALE","","**Garnet has lived in a foster home in the city CBD with full time workers, is affectionate and intelligent, and loves long walkies and would enjoy an active family to keep fit and go on daily adventures with** She's been a joy to foster! Here's a glimpse into Garnet's wonderful traits: - Garnet is an early bird who enjoys morning naps after joining you in bed. - A fearless adventurer, she's unbothered by much and walks in loud, busy city streets. - Walks in the rain without hesitation. - Patiently waits outside shops while you run quick errands. - Curious by nature, Garnet follows you around, eager to be part of your activities. - Loves to relax and roach on the couch. - Enjoys chasing Frisbees, balls, and playing with squeaky toys. - An exceptional office companion and assistant. - Incredibly friendly and affectionate, she welcomes pats from everyone she meets. - Gentle with children she meets. - Gets super excited about snacks, especially denta sticks! - Loves to taste a variety of foods, from peanut butter, hot chips, and banana. - Garnet has accompanied professional dog walkers, who have consistently praised how well she walks on the lead. Garnet has been a delight in the home, and I'm sure she'll make an excellent addition to a loving family. We’ll certainly miss her! If you're looking for a dog to fill your home with love and joy then apply to adopt the gorgeous Garnet today!","garnet",""
"2020-09-01","Southern NSW/ACT (Bulli, Nowra, Goulburn, Canberra)","956000007466509","Katie","2026-07-23","FEMALE","","Quote from foster career, We have loved getting to know Katie and giving her the opportunity to enjoy her new life as a pet. Being the older sister, she is very independent and settles very easily. She is very happy to sit on her bed whilst you work or go about your day. She is toilet trained and has fallen into her new routine very easily. She gets so excited to see us, as exemplified with her happy, whipping tail (duck for cover!). She tends to jump up on you when she’s very excited, but this is something we are working on and have already seen great improvements on. Katie walks well on a leash and doesn’t react negatively to other dogs, big or small. She has done well approaching small dogs and children and saying hello. Katie would be a great pet for a someone looking for an independent dog that will also shower you will love and affection. __________________________________________________________________________ Katie is a lovely hound. She is happy and confident, very playful. Does appreciate a good lay down also. Has been living in a rural setting is no stranger to native animals and is now in suburban foster care enjoying cuddly toys, living out the back and coming in the home for the evening.","katie-9",""
"2020-01-01","Western Sydney (Londonderry)","956000012252567","Flash (Western Sydney)","2026-07-23","MALE","","Flash is a lovable boy with a heart as big as his appetite! If you’re looking for a sweet companion who knows how to enjoy the simple things in life, Flash might just be your perfect match. This handsome pup is a fan of food (treats are definitely the way to his heart 🍖), and he never says no to a fun toy. But his true specialty? Mastering the art of relaxation. Flash absolutely thrives when he’s stretched out on the couch, soaking up the good life. Flash has experience in a foster home and has shown that he could be left alone for multiple hours as long as he somewhere comfy to stretch out and relax Flash is currently learning all sorts of new tricks at the adoption centre. He is a fast learner and with a little time and practice, he's shown he can do amazing things. A large yard where Flash can stretch his legs and zoom around is a must! He loves a good run, and a big space is perfect for his energy. Flash would prefer a home where this is no small children or other animals as he prefers to be a solo guy. Flash is available at the Western Sydney adoption centre. Watch Flash here: https://youtu.be/a4Vk92SvmEY?si=qwlyZhvy56Jmp_Oa **Flash is on daily medication - enquire with GAP for more info**","flash-8",""
"2014-01-01","Northern Rivers (Grafton, Lismore, Casino)","956000003031937","Spot","2026-07-23","MALE","","Meet Spot, our distinguished older gentleman who is looking for the perfect match. Spot isn't just any dog; he carries himself with the grace and ease that only a seasoned greyhound can. Spot has had the pleasure of living in the serene setting of a granny flat, making him an expert in enjoying the quieter side of life. However, don’t let his age fool you; thanks to a thorough training program, Spot is sharp and responsive. He comes eagerly when his name is called and possesses a well-mannered set of tricks, including ""touch"" and ""paws up,"" that make him a delight to teach and interact with. His training, combined with his naturally loyal temperament, makes Spot an excellent fit for a single person looking for a true companion. He understands the comforting routine of a single household and offers unwavering loyalty in return. Spot embodies the best qualities of an older dog. Devoted and endearing, he is ready to join someone who values thoughtful companionship and has room in their heart for a truly dignified and loving friend.","spot-6",""
"2021-08-01","","956000012866851","Raffa","2026-07-23","MALE","","This bundle of joy loves human interaction and adventure. Raffa loves to run around his big yard area and shows you how fast he can be. Raffa gets very excited for the first five minutes you meet him before settling down. After getting his morning energy out and jumping around Raffa settles down and loves to lay in the sun. Raffa is fine around older kids and would make a great pet for a family with a big yard or a young couple who are fit and active.","raffa",""
"2018-06-01","Western Sydney (Londonderry)","956000009518190","Ronald","2026-07-23","MALE","","Ronald is a cheerful, confident and friendly lad looking to bounce straight into your home. We know Ronald to be a charismatic, charming and affectionate boy. With these qualities in mind, we think he'd suit a family with children and preferably shorter hours alone while he begins to settle in. This beautiful boy is at the magical age of 7 where he has his lazy side but has moments of playfulness, too. A perfect blend for many family types! Did we mention he currently lives with another greyhound? He'd love it if you had another hound for a play mate and nap buddy. Get in touch with the Western Sydney centre to meet Ronald.","ronald",""
"2020-01-01","Western Sydney (Londonderry)","956000007467933","Baby","2026-07-23","FEMALE","","Nobody puts baby in the corner! This little lady is looking to learn all about the world with you! She would suit short hours alone as a solo girl, or longer hours with a canine companion. Polite with dogs big or small, beautiful Baby has so much love to give and is searching for the right place to call home. If this Baby girl sounds like the perfect addition to your family, apply to take her home from the Western Sydney adoption centre.","baby-2",""
"2020-09-01","Hunter Valley Mid Coast (Maitland/ Muswellbrook/Newcastle/Forster)","956000011722890","Irena","2026-07-23","FEMALE","","Are you ready to be laughing with your newest furry friend? Well, Irena will have you cackling. She is a true definition of a family favorite. She is relaxed, chilled and loves giving/receiving attention confident she is in doing so. Irena enjoys spending time with her humans or basking in the sunshine. She loves to have someone's full-attention so is best suited to being an only dog. Irena knows her name well and with a little bit of getting used to your voice she will come (running) straight back. Irena has had experience living inside a family home, is great on a lead and easy to live with.","irena",""
"2019-12-01","Hunter Valley Mid Coast (Maitland/ Muswellbrook/Newcastle/Forster)","956000012226004","Moses","2026-07-23","MALE","","Are you after a dog to be totally besotted by you? Well meet Moses, a quirky and loveable boy whose after his forever home. Moses boasts confidence and is extremely gentle in his approach. He has been around children 4+ and will request frequent pats. He has been brought up with a jack russel at home, but would benefit from a meet and greet prior to being adopted. Moses will be attending our Adoption Day at Glandore Wines on the 5th of October.","moses",""
"2019-02-01","Hunter Valley Mid Coast (Maitland/ Muswellbrook/Newcastle/Forster)","956000008235593","Spot","2026-07-23","FEMALE","","Spot is independent and enjoys spending time roaming around. Spot would suit a family who is after a companion to cruise around the backyard with. At times Spot can be weary and a bit timid in new environments but with the right re-assurance, she recovers really well. If you're interested in meeting our darling Spot, please apply now.","spot-4",""
"2019-12-01","","956000007837203","Julian","2026-07-23","MALE","","Julian is best described as a distinguished gentleman. He is calm, friendly and an easy-going boy who just goes about his day without a fuss. He's walked around busy streets, schools, shopping centres as well as farms and paddocks. Nothing much fazes Julian, including other large dogs, small dogs and children. He loves people and pats and loves a walk, rarely pulling. Julian would suit most households and make a very special and loving companion who wants to be with you.","julian",""
"2020-05-01","Central West (Bathurst/Dubbo/Coonabarabran)","956000012195521","Gus","2026-07-23","MALE","","Meet Gus: The Gentle Soul Gus is a serene and soft-natured Greyhound who thrives in a calm and loving environment. His gentle demeanor and shy personality make him a unique and endearing companion for the right home. Gus may be a bit reserved at first, but his gentle nature shines through once he feels comfortable. He’s the kind of dog who appreciates a quiet and patient approach, revealing his sweet personality in a calm and loving setting. Gus thrives in a peaceful environment where he can feel secure and relaxed. He’s not a fan of loud noises or bustling activities, so a tranquil home is ideal for him. Despite his shy nature, Gus is friendly and gets along well with other dogs. He enjoys their company and can be a great addition to a home with existing canine companions. If you’re looking for a sweet, soft-natured Greyhound who will flourish in a calm, loving home, Gus is the perfect match. He’s ready to bring his gentle presence and quiet companionship into your life.","gus-8",""
"2021-06-01","Central West (Bathurst/Dubbo/Coonabarabran)","956000014506260","Sub","2026-07-23","FEMALE","","Sub is a joyful greyhound whose enthusiasm and positive energy are truly contagious. She approaches each day with a wagging tail and a bright smile, spreading happiness wherever she goes. She is a high-energy girl who thrives on regular physical activity. Her zest for life is evident in her love for playtime and her eagerness to engage in various activities. Sub absolutely adores zoomies! She loves to let loose and sprint around her playful bursts of speed are a sight to behold. Sub is a vibrant and spirited greyhound looking for an energetic home where her zest for life can shine. If you’re ready to embrace her joyful nature and provide a dynamic environment, Sub is eager to become your new best friend!","sub-1",""
"2019-12-01","Central West (Bathurst/Dubbo/Coonabarabran)","956000006807059","Corene","2026-07-23","FEMALE","","Corene carries herself with a natural poise and assurance. She navigates new environments and situations with a calm self-assuredness that makes her a standout companion. Corene loves to stay on the move. Whether it’s a brisk walk, a run in the park, or playtime in the backyard, she’s always ready for an adventure. Corene’s curiosity knows no bounds. She’s always exploring her surroundings with an eager eye, making sure she’s aware of all that’s happening around her. Corene gets along well with medium and large dogs. She’s confident and social, but her interactions are best suited for companions of similar size and energy levels. Smaller dogs may find her enthusiasm overwhelming. Corene is a spirited and delightful greyhound ready to bring her energy and enthusiasm into a loving home. If you’re looking for a confident and active companion, Corene might be the perfect match for you!","corene",""
"2020-02-01","Hunter Valley Mid Coast (Maitland/ Muswellbrook/Newcastle/Forster)","956000007828567","Bailey","2026-07-23","MALE","","Are you looking for a new furry companion to help bring out of their shell? Bailey would be the ideal companion for you! Bailey is our beautiful nervous nelly, he loves his routine and the people he is around all the time, but new people can make him revert into his greyhound bubble. Bailey is searching for home that is quiet and will allow him the time to really show off his personality. He would suit an avid Knights fan as he enjoys spending his Sunday afternoons by the TV, Bailey enjoys basking in the sunshine and having a splash at the beach. He is currently living inside/outside and is quiet and relaxed, he is okay to be left alone so long as he is in his safe spot.","bailey-3",""
"2022-01-01","Southern NSW/ACT (Bulli, Nowra, Goulburn, Canberra)","956000014504887","Billy","2026-07-23","MALE","","Due to Billy's young age he is inquisitive and active. This can be a great age to bring a beautiful hound like Billy into your life so you can grow and create good memories together.","billy-14",""
"2022-02-01","Central West (Bathurst/Dubbo/Coonabarabran)","956000007423998","Zarva","2026-07-23","MALE","","Meet Zavra! Zarva is a very sweet natured boy. He is very curious & interested in the world. He positively interacts with those around him; children & smaller dogs :) Zarva wants to be involved. He'll be happy doing almost about anything. Whether it's a family movie day or spending a day outside going on adventures :) Enquire now & arrange to meet Zarva!","zarva",""
"2016-08-01","Central West (Bathurst/Dubbo/Coonabarabran)","956000005412613","Maisie","2026-07-23","FEMALE","","Meet Maisie! She might have the age of a senior lady, but definitely doesn't show it! Maisie is sweet curious girl. Eager to explore & learn. She might take a little while to warm up but once she does, she is full of character. Maisie would be best suited to a home with bigger dogs only, or a single dog home. Older kids to play with her preferred. Maisie would become a very loyal part of your home once settled & feeling comfortable :)","maisie",""
"2019-05-01","Hunter Valley Mid Coast (Maitland/ Muswellbrook/Newcastle/Forster)","956000006792942","Meg","2026-07-23","MALE","","Meg is the epitome of gentle charm, with a touch of bashfulness that adds to his irresistible appeal. This shy guy isn't just looking for any home; he's on a quest for his own private sanctuary, where he can be the star of the show without any pesky co-stars stealing his spotlight. Meg's motto? ""One dog, one throne!"" He's not one for sharing his kingdom, but he'll gladly share his love with respectful children who understand the art of giving him space but love when he likes. With Meg around, every day is an adventure filled with quiet moments of contemplation, punctuated by bursts of zoomies when no one's looking. So, if you're ready to welcome a regal greyhound into your castle and bask in the glory of his majestic presence then Meg is the dashing companion you've been searching for. Contact our Western Sydney facility to arrange a meet and greet and get ready to embark on a journey of laughter, love, and endless tail wags with this shy but lovable boy!","meg-1",""
"2018-11-01","Central West (Bathurst/Dubbo/Coonabarabran)","956000009482074","Sandy","2026-07-23","FEMALE","","Introducing Sandy, a beautiful and gentle girl who is ready to bring a ton of joy into your life! Known for her soft and gentle demeanor, Sandy possesses the ability to fill any room with calmness and love. Sandy is not just a dog; she's a friend and companion. Her kind and loving nature ensures that she gets along beautifully with both children and other dogs. She is known for her soft, soulful eyes that seem to look straight into your heart. What Sandy would love the most is a family that showers her with the same affection that she effortlessly gives to others. In her new home, Sandy would enjoy a cozy corner to curl up in, a safe garden to explore, and a family that she can love and be loved by. Sandy is just waiting to create numerous wonderful memories with a family who adores her. She promises a lifetime of love and dedication to those who welcome her into their heart.","sandy-6",""
"2019-01-01","Hunter Valley Mid Coast (Maitland/ Muswellbrook/Newcastle/Forster)","956000006671930","Wighton","2026-07-23","MALE","","Hello! My name is Wighton. I was known as Four Five on the racing tracks, but I hung up my racing collar late last year. I'm a courteous fellow, though I may take a little time to open up. Once I'm comfortable, I love to display my energetic zoomies. I've encountered several small dogs and they don't pique my interest much. I'm looking for a home with a backyard where I can have some space to myself from time to time. And, if you could take me on walks, that would be wonderful. I am looking forward to meeting my new human companions, so be sure to hit the 'apply' button when you can.","wighton",""
"2014-07-01","Northern Rivers (Grafton, Lismore, Casino)","956000004096731","Miss Ling","2026-07-23","FEMALE","","Miss Ling is a big snuggle bunny. She is sweet and affectionate and will seek out affection Described as a happy girl she will bring a ray of sunshine to your life and be happy to be by your side through thick and thin. Miss Ling may be on the other side of 9 but she still has a lot of love to share and is looking for the right person to shower her love on","miss-ling",""
"2017-12-01","","956000009568225","Luna","2026-07-23","FEMALE","","Say hello to Luna, a sociable and friendly female dog who is sure to win your heart. Luna's radiant persona lights up every room she enters, and her charming nature has a contagious effect that brightens up everyone around her. Luna's love for people is truly one of her fine characteristics. She adores being in the company of humans and is a strong advocate for endless belly rubs, cuddles, and ear scratches. She thrives off attention and relishes in making every moment delightful for you, and herself of course. Interactive playtime is Luna's favorite! She gets immense joy out of chasing toys, whether it's a game of fetch or squeaky toys that catch her attention. This playful activity helps Luna stimulate her mind and use her attentive nature to the best of her abilities. In a dog community, Luna prefers the companionship of medium to large breed dogs. She blends well with her fellow canine mates, her easygoing nature allowing her to adapt quickly to their play style. This adaptability makes her the perfect addition to a family with a medium to large breed dog. In stepping into Luna's life, be prepared for an overflow of love and memorable moments. Luna is ready to love her new family wholeheartedly, and promises to bring with her a bundle of joy, laughter, and playful adventures.","luna-7",""
"2019-04-01","Northern Rivers (Grafton, Lismore, Casino)","956000006810672","Tori","2026-07-23","FEMALE","","Looking to spruce up your abode? We have some styling tips: Simply add the stunning Tori aka ""Rattlin' Style"" into your house! You'll be all the fashion and talk of the town! This strikingly elegant and beautiful girl has other lovely qualities too: ✅ Very affectionate little lady who thrives on human companionship. ✅ Good with older children: - Tori currently interacts with children aged 6+years old - She is relaxed and calm around older kids. She recognizes their gentle and caring presence, and her natural instincts guide her to be extra gentle and patient. - Tori is the kind of dog who will offer a warm nuzzle or a gentle paw to her young humans, ensuring an unbreakable bond. ✅ Tori is a good, polite girl in her kennel. ✅ This clever lass has an understanding of appropriate conduct and is respectful of boundaries. ✅ Good with Medium-Large breed dogs: - Regularly interacts with other Greyhounds. - Tori interacts best with male Greyhounds. - She would need very slow, gradual introductions to any new dogs. ✅ Tori loves her toys! Watching her play is a joy in itself. Her evident fun and energy is contagious! - so both Tori and you can have a grand old time! Tori will need a fully fenced yard. Tori can sometimes Resource Guard her food, so it is best if she is fed separately and left alone to eat her dins. If having a devoted dame in your life sounds like a pretty picture, then Enquire or Apply to Adopt Tori (Rattlin' Style) to style up your home 😉 She may just improve your life and happiness too!","tori-4",""
"2019-02-01","Northern Rivers (Grafton, Lismore, Casino)","956000009597274","Jeremy","2026-07-23","MALE","","Meet Jeremy – A True Distinguished Gentleman 🐾 Jeremy is a handsome, older gentleman who perfectly embodies the calm and graceful nature of a classic Greyhound. With his gentle manners and relaxed personality, he’s the kind of companion who brings a quiet, comforting presence into any home. He walks beautifully on lead, making outings with him an easy and enjoyable experience. At heart, Jeremy is a laid-back boy who much prefers lounging around and taking life at his own relaxed pace—he’s truly earned his title as a “distinguished gentleman.” Jeremy is very social and gets along well with both small dogs and larger breeds, making him a great addition to a multi-dog household. His easygoing nature also means he settles in nicely and enjoys simply being around his people. If you’re looking for a calm, affectionate companion who is past the busy puppy stage and ready to enjoy the quieter side of life, Jeremy could be the perfect match.","jeremy",""
